[
  {
    "author": "Sia - Dusk Till Dawn",
    "bpm": 850,
    "songNotes": [
      {
        "key": "1Key0",
        "time": 1120
      },
      {
        "key": "1Key2",
        "time": 1120
      },
      {
        "key": "1Key5",
        "time": 1120
      },
      {
        "key": "1Key0",
        "time": 3360
      },
      {
        "key": "1Key3",
        "time": 3360
      },
      {
        "key": "1Key5",
        "time": 3360
      },
      {
        "key": "1Key0",
        "time": 5600
      },
      {
        "key": "1Key2",
        "time": 5600
      },
      {
        "key": "1Key4",
        "time": 5600
      },
      {
        "key": "1Key2",
        "time": 7840
      },
      {
        "key": "1Key4",
        "time": 7840
      },
      {
        "key": "1Key6",
        "time": 7840
      },
      {
        "key": "1Key9",
        "time": 9520
      },
      {
        "key": "1Key9",
        "time": 9800
      },
      {
        "key": "1Key8",
        "time": 10010
      },
      {
        "key": "1Key9",
        "time": 10080
      },
      {
        "key": "1Key0",
        "time": 10360
      },
      {
        "key": "1Key2",
        "time": 10360
      },
      {
        "key": "1Key5",
        "time": 10360
      },
      {
        "key": "1Key9",
        "time": 10360
      },
      {
        "key": "1Key8",
        "time": 10640
      },
      {
        "key": "1Key9",
        "time": 11760
      },
      {
        "key": "1Key9",
        "time": 12040
      },
      {
        "key": "1Key8",
        "time": 12250
      },
      {
        "key": "1Key9",
        "time": 12320
      },
      {
        "key": "1Key0",
        "time": 12600
      },
      {
        "key": "1Key3",
        "time": 12600
      },
      {
        "key": "1Key5",
        "time": 12600
      },
      {
        "key": "1Key9",
        "time": 12600
      },
      {
        "key": "1Key8",
        "time": 12740
      },
      {
        "key": "1Key9",
        "time": 14000
      },
      {
        "key": "1Key9",
        "time": 14280
      },
      {
        "key": "1Key8",
        "time": 14490
      },
      {
        "key": "1Key9",
        "time": 14560
      },
      {
        "key": "1Key0",
        "time": 14840
      },
      {
        "key": "1Key2",
        "time": 14840
      },
      {
        "key": "1Key4",
        "time": 14840
      },
      {
        "key": "1Key9",
        "time": 14840
      },
      {
        "key": "1Key8",
        "time": 15120
      },
      {
        "key": "1Key8",
        "time": 16240
      },
      {
        "key": "1Key7",
        "time": 16380
      },
      {
        "key": "1Key8",
        "time": 16520
      },
      {
        "key": "1Key9",
        "time": 16800
      },
      {
        "key": "1Key1",
        "time": 17080
      },
      {
        "key": "1Key4",
        "time": 17080
      },
      {
        "key": "1Key5",
        "time": 17080
      },
      {
        "key": "1Key6",
        "time": 17080
      },
      {
        "key": "1Key4",
        "time": 17220
      },
      {
        "key": "1Key9",
        "time": 18480
      },
      {
        "key": "1Key8",
        "time": 18620
      },
      {
        "key": "1Key9",
        "time": 18760
      },
      {
        "key": "1Key9",
        "time": 19040
      },
      {
        "key": "1Key8",
        "time": 19180
      },
      {
        "key": "1Key0",
        "time": 19320
      },
      {
        "key": "1Key2",
        "time": 19320
      },
      {
        "key": "1Key5",
        "time": 19320
      },
      {
        "key": "1Key9",
        "time": 19320
      },
      {
        "key": "1Key11",
        "time": 19600
      },
      {
        "key": "1Key9",
        "time": 20720
      },
      {
        "key": "1Key8",
        "time": 20860
      },
      {
        "key": "1Key9",
        "time": 21000
      },
      {
        "key": "1Key9",
        "time": 21280
      },
      {
        "key": "1Key0",
        "time": 21560
      },
      {
        "key": "1Key3",
        "time": 21560
      },
      {
        "key": "1Key5",
        "time": 21560
      },
      {
        "key": "1Key8",
        "time": 21560
      },
      {
        "key": "1Key9",
        "time": 23240
      },
      {
        "key": "1Key9",
        "time": 23520
      },
      {
        "key": "1Key8",
        "time": 23660
      },
      {
        "key": "1Key0",
        "time": 23800
      },
      {
        "key": "1Key2",
        "time": 23800
      },
      {
        "key": "1Key4",
        "time": 23800
      },
      {
        "key": "1Key9",
        "time": 23800
      },
      {
        "key": "1Key11",
        "time": 24080
      },
      {
        "key": "1Key9",
        "time": 25200
      },
      {
        "key": "1Key9",
        "time": 25480
      },
      {
        "key": "1Key8",
        "time": 25760
      },
      {
        "key": "1Key1",
        "time": 26040
      },
      {
        "key": "1Key4",
        "time": 26040
      },
      {
        "key": "1Key6",
        "time": 26040
      },
      {
        "key": "1Key8",
        "time": 26040
      },
      {
        "key": "1Key7",
        "time": 28140
      },
      {
        "key": "1Key0",
        "time": 28280
      },
      {
        "key": "1Key2",
        "time": 28280
      },
      {
        "key": "1Key5",
        "time": 28280
      },
      {
        "key": "1Key7",
        "time": 28280
      },
      {
        "key": "1Key8",
        "time": 28490
      },
      {
        "key": "1Key9",
        "time": 28700
      },
      {
        "key": "1Key11",
        "time": 28910
      },
      {
        "key": "1Key0",
        "time": 29190
      },
      {
        "key": "1Key2",
        "time": 29190
      },
      {
        "key": "1Key5",
        "time": 29190
      },
      {
        "key": "1Key7",
        "time": 29330
      },
      {
        "key": "1Key8",
        "time": 29470
      },
      {
        "key": "1Key8",
        "time": 29820
      },
      {
        "key": "1Key0",
        "time": 29960
      },
      {
        "key": "1Key2",
        "time": 29960
      },
      {
        "key": "1Key5",
        "time": 29960
      },
      {
        "key": "1Key7",
        "time": 30310
      },
      {
        "key": "1Key0",
        "time": 30450
      },
      {
        "key": "1Key3",
        "time": 30450
      },
      {
        "key": "1Key5",
        "time": 30450
      },
      {
        "key": "1Key7",
        "time": 30450
      },
      {
        "key": "1Key8",
        "time": 30660
      },
      {
        "key": "1Key9",
        "time": 30870
      },
      {
        "key": "1Key11",
        "time": 31080
      },
      {
        "key": "1Key0",
        "time": 31430
      },
      {
        "key": "1Key3",
        "time": 31430
      },
      {
        "key": "1Key5",
        "time": 31430
      },
      {
        "key": "1Key7",
        "time": 31570
      },
      {
        "key": "1Key8",
        "time": 31710
      },
      {
        "key": "1Key0",
        "time": 32200
      },
      {
        "key": "1Key3",
        "time": 32200
      },
      {
        "key": "1Key5",
        "time": 32200
      },
      {
        "key": "1Key0",
        "time": 32760
      },
      {
        "key": "1Key2",
        "time": 32760
      },
      {
        "key": "1Key4",
        "time": 32760
      },
      {
        "key": "1Key7",
        "time": 32760
      },
      {
        "key": "1Key8",
        "time": 32970
      },
      {
        "key": "1Key9",
        "time": 33180
      },
      {
        "key": "1Key11",
        "time": 33390
      },
      {
        "key": "1Key0",
        "time": 33670
      },
      {
        "key": "1Key2",
        "time": 33670
      },
      {
        "key": "1Key4",
        "time": 33670
      },
      {
        "key": "1Key7",
        "time": 33810
      },
      {
        "key": "1Key8",
        "time": 33950
      },
      {
        "key": "1Key8",
        "time": 34230
      },
      {
        "key": "1Key0",
        "time": 34510
      },
      {
        "key": "1Key2",
        "time": 34510
      },
      {
        "key": "1Key4",
        "time": 34510
      },
      {
        "key": "1Key7",
        "time": 34650
      },
      {
        "key": "1Key8",
        "time": 34790
      },
      {
        "key": "1Key1",
        "time": 35070
      },
      {
        "key": "1Key4",
        "time": 35070
      },
      {
        "key": "1Key6",
        "time": 35070
      },
      {
        "key": "1Key8",
        "time": 35070
      },
      {
        "key": "1Key8",
        "time": 35350
      },
      {
        "key": "1Key1",
        "time": 35910
      },
      {
        "key": "1Key4",
        "time": 35910
      },
      {
        "key": "1Key6",
        "time": 35910
      },
      {
        "key": "1Key8",
        "time": 36190
      },
      {
        "key": "1Key9",
        "time": 36330
      },
      {
        "key": "1Key9",
        "time": 36470
      },
      {
        "key": "1Key1",
        "time": 36750
      },
      {
        "key": "1Key4",
        "time": 36750
      },
      {
        "key": "1Key6",
        "time": 36750
      },
      {
        "key": "1Key0",
        "time": 37240
      },
      {
        "key": "1Key2",
        "time": 37240
      },
      {
        "key": "1Key5",
        "time": 37240
      },
      {
        "key": "1Key10",
        "time": 37240
      },
      {
        "key": "1Key9",
        "time": 37660
      },
      {
        "key": "1Key5",
        "time": 38080
      },
      {
        "key": "1Key0",
        "time": 39480
      },
      {
        "key": "1Key3",
        "time": 39480
      },
      {
        "key": "1Key5",
        "time": 39480
      },
      {
        "key": "1Key10",
        "time": 39480
      },
      {
        "key": "1Key9",
        "time": 39900
      },
      {
        "key": "1Key9",
        "time": 40320
      },
      {
        "key": "1Key0",
        "time": 41720
      },
      {
        "key": "1Key2",
        "time": 41720
      },
      {
        "key": "1Key4",
        "time": 41720
      },
      {
        "key": "1Key10",
        "time": 41720
      },
      {
        "key": "1Key9",
        "time": 42140
      },
      {
        "key": "1Key5",
        "time": 42560
      },
      {
        "key": "1Key8",
        "time": 43400
      },
      {
        "key": "1Key8",
        "time": 43680
      },
      {
        "key": "1Key2",
        "time": 43960
      },
      {
        "key": "1Key4",
        "time": 43960
      },
      {
        "key": "1Key6",
        "time": 43960
      },
      {
        "key": "1Key0",
        "time": 46200
      },
      {
        "key": "1Key2",
        "time": 46200
      },
      {
        "key": "1Key5",
        "time": 46200
      },
      {
        "key": "1Key10",
        "time": 46200
      },
      {
        "key": "1Key9",
        "time": 46620
      },
      {
        "key": "1Key9",
        "time": 47040
      },
      {
        "key": "1Key0",
        "time": 48160
      },
      {
        "key": "1Key3",
        "time": 48160
      },
      {
        "key": "1Key5",
        "time": 48160
      },
      {
        "key": "1Key10",
        "time": 48160
      },
      {
        "key": "1Key9",
        "time": 48580
      },
      {
        "key": "1Key9",
        "time": 49000
      },
      {
        "key": "1Key11",
        "time": 49140
      },
      {
        "key": "1Key0",
        "time": 50400
      },
      {
        "key": "1Key2",
        "time": 50400
      },
      {
        "key": "1Key4",
        "time": 50400
      },
      {
        "key": "1Key7",
        "time": 50400
      },
      {
        "key": "1Key8",
        "time": 50820
      },
      {
        "key": "1Key9",
        "time": 52080
      },
      {
        "key": "1Key8",
        "time": 52290
      },
      {
        "key": "1Key9",
        "time": 52360
      },
      {
        "key": "1Key2",
        "time": 52640
      },
      {
        "key": "1Key4",
        "time": 52640
      },
      {
        "key": "1Key6",
        "time": 52640
      },
      {
        "key": "1Key9",
        "time": 52640
      },
      {
        "key": "1Key9",
        "time": 52920
      },
      {
        "key": "1Key0",
        "time": 54880
      },
      {
        "key": "1Key2",
        "time": 54880
      },
      {
        "key": "1Key5",
        "time": 54880
      },
      {
        "key": "1Key0",
        "time": 55720
      },
      {
        "key": "1Key2",
        "time": 55720
      },
      {
        "key": "1Key5",
        "time": 55720
      },
      {
        "key": "1Key5",
        "time": 55860
      },
      {
        "key": "1Key12",
        "time": 56000
      },
      {
        "key": "1Key12",
        "time": 56210
      },
      {
        "key": "1Key12",
        "time": 56420
      },
      {
        "key": "1Key0",
        "time": 56560
      },
      {
        "key": "1Key2",
        "time": 56560
      },
      {
        "key": "1Key5",
        "time": 56560
      },
      {
        "key": "1Key9",
        "time": 56560
      },
      {
        "key": "1Key9",
        "time": 56840
      },
      {
        "key": "1Key11",
        "time": 56980
      },
      {
        "key": "1Key0",
        "time": 57120
      },
      {
        "key": "1Key3",
        "time": 57120
      },
      {
        "key": "1Key5",
        "time": 57120
      },
      {
        "key": "1Key0",
        "time": 57960
      },
      {
        "key": "1Key3",
        "time": 57960
      },
      {
        "key": "1Key5",
        "time": 57960
      },
      {
        "key": "1Key7",
        "time": 57960
      },
      {
        "key": "1Key7",
        "time": 58100
      },
      {
        "key": "1Key11",
        "time": 58240
      },
      {
        "key": "1Key11",
        "time": 58450
      },
      {
        "key": "1Key11",
        "time": 58660
      },
      {
        "key": "1Key0",
        "time": 58800
      },
      {
        "key": "1Key3",
        "time": 58800
      },
      {
        "key": "1Key5",
        "time": 58800
      },
      {
        "key": "1Key10",
        "time": 58800
      },
      {
        "key": "1Key9",
        "time": 59080
      },
      {
        "key": "1Key0",
        "time": 59360
      },
      {
        "key": "1Key2",
        "time": 59360
      },
      {
        "key": "1Key4",
        "time": 59360
      },
      {
        "key": "1Key9",
        "time": 59360
      },
      {
        "key": "1Key0",
        "time": 60200
      },
      {
        "key": "1Key2",
        "time": 60200
      },
      {
        "key": "1Key4",
        "time": 60200
      },
      {
        "key": "1Key7",
        "time": 60200
      },
      {
        "key": "1Key7",
        "time": 60340
      },
      {
        "key": "1Key11",
        "time": 60480
      },
      {
        "key": "1Key11",
        "time": 60690
      },
      {
        "key": "1Key11",
        "time": 60900
      },
      {
        "key": "1Key0",
        "time": 61040
      },
      {
        "key": "1Key2",
        "time": 61040
      },
      {
        "key": "1Key4",
        "time": 61040
      },
      {
        "key": "1Key10",
        "time": 61040
      },
      {
        "key": "1Key9",
        "time": 61320
      },
      {
        "key": "1Key2",
        "time": 61600
      },
      {
        "key": "1Key4",
        "time": 61600
      },
      {
        "key": "1Key6",
        "time": 61600
      },
      {
        "key": "1Key9",
        "time": 61600
      },
      {
        "key": "1Key2",
        "time": 62440
      },
      {
        "key": "1Key4",
        "time": 62440
      },
      {
        "key": "1Key6",
        "time": 62440
      },
      {
        "key": "1Key9",
        "time": 62720
      },
      {
        "key": "1Key8",
        "time": 62930
      },
      {
        "key": "1Key9",
        "time": 63000
      },
      {
        "key": "1Key2",
        "time": 63280
      },
      {
        "key": "1Key4",
        "time": 63280
      },
      {
        "key": "1Key6",
        "time": 63280
      },
      {
        "key": "1Key9",
        "time": 63280
      },
      {
        "key": "1Key5",
        "time": 63560
      },
      {
        "key": "1Key0",
        "time": 63840
      },
      {
        "key": "1Key2",
        "time": 63840
      },
      {
        "key": "1Key5",
        "time": 63840
      },
      {
        "key": "1Key0",
        "time": 64680
      },
      {
        "key": "1Key2",
        "time": 64680
      },
      {
        "key": "1Key5",
        "time": 64680
      },
      {
        "key": "1Key5",
        "time": 64820
      },
      {
        "key": "1Key12",
        "time": 64960
      },
      {
        "key": "1Key12",
        "time": 65170
      },
      {
        "key": "1Key12",
        "time": 65380
      },
      {
        "key": "1Key0",
        "time": 65520
      },
      {
        "key": "1Key2",
        "time": 65520
      },
      {
        "key": "1Key5",
        "time": 65520
      },
      {
        "key": "1Key9",
        "time": 65520
      },
      {
        "key": "1Key9",
        "time": 65800
      },
      {
        "key": "1Key0",
        "time": 66080
      },
      {
        "key": "1Key3",
        "time": 66080
      },
      {
        "key": "1Key5",
        "time": 66080
      },
      {
        "key": "1Key11",
        "time": 66080
      },
      {
        "key": "1Key0",
        "time": 66920
      },
      {
        "key": "1Key3",
        "time": 66920
      },
      {
        "key": "1Key5",
        "time": 66920
      },
      {
        "key": "1Key7",
        "time": 66920
      },
      {
        "key": "1Key7",
        "time": 67060
      },
      {
        "key": "1Key11",
        "time": 67200
      },
      {
        "key": "1Key11",
        "time": 67410
      },
      {
        "key": "1Key11",
        "time": 67620
      },
      {
        "key": "1Key0",
        "time": 67760
      },
      {
        "key": "1Key3",
        "time": 67760
      },
      {
        "key": "1Key5",
        "time": 67760
      },
      {
        "key": "1Key10",
        "time": 67760
      },
      {
        "key": "1Key9",
        "time": 68040
      },
      {
        "key": "1Key0",
        "time": 68320
      },
      {
        "key": "1Key2",
        "time": 68320
      },
      {
        "key": "1Key4",
        "time": 68320
      },
      {
        "key": "1Key9",
        "time": 68320
      },
      {
        "key": "1Key0",
        "time": 69160
      },
      {
        "key": "1Key2",
        "time": 69160
      },
      {
        "key": "1Key4",
        "time": 69160
      },
      {
        "key": "1Key7",
        "time": 69160
      },
      {
        "key": "1Key7",
        "time": 69300
      },
      {
        "key": "1Key11",
        "time": 69440
      },
      {
        "key": "1Key11",
        "time": 69650
      },
      {
        "key": "1Key11",
        "time": 69860
      },
      {
        "key": "1Key0",
        "time": 70000
      },
      {
        "key": "1Key2",
        "time": 70000
      },
      {
        "key": "1Key4",
        "time": 70000
      },
      {
        "key": "1Key10",
        "time": 70000
      },
      {
        "key": "1Key9",
        "time": 70280
      },
      {
        "key": "1Key2",
        "time": 70560
      },
      {
        "key": "1Key4",
        "time": 70560
      },
      {
        "key": "1Key6",
        "time": 70560
      },
      {
        "key": "1Key9",
        "time": 70560
      },
      {
        "key": "1Key2",
        "time": 71400
      },
      {
        "key": "1Key4",
        "time": 71400
      },
      {
        "key": "1Key6",
        "time": 71400
      },
      {
        "key": "1Key13",
        "time": 71680
      },
      {
        "key": "1Key12",
        "time": 71890
      },
      {
        "key": "1Key13",
        "time": 71960
      },
      {
        "key": "1Key2",
        "time": 72240
      },
      {
        "key": "1Key4",
        "time": 72240
      },
      {
        "key": "1Key6",
        "time": 72240
      },
      {
        "key": "1Key13",
        "time": 72240
      },
      {
        "key": "1Key12",
        "time": 72520
      },
      {
        "key": "1Key0",
        "time": 72800
      },
      {
        "key": "1Key2",
        "time": 72800
      },
      {
        "key": "1Key5",
        "time": 72800
      },
      {
        "key": "1Key12",
        "time": 72800
      },
      {
        "key": "1Key11",
        "time": 73010
      },
      {
        "key": "1Key9",
        "time": 73080
      },
      {
        "key": "1Key11",
        "time": 73290
      },
      {
        "key": "1Key12",
        "time": 73360
      },
      {
        "key": "1Key0",
        "time": 73640
      },
      {
        "key": "1Key2",
        "time": 73640
      },
      {
        "key": "1Key5",
        "time": 73640
      },
      {
        "key": "1Key11",
        "time": 73780
      },
      {
        "key": "1Key12",
        "time": 73920
      },
      {
        "key": "1Key11",
        "time": 74130
      },
      {
        "key": "1Key9",
        "time": 74200
      },
      {
        "key": "1Key11",
        "time": 74410
      },
      {
        "key": "1Key0",
        "time": 74480
      },
      {
        "key": "1Key2",
        "time": 74480
      },
      {
        "key": "1Key5",
        "time": 74480
      },
      {
        "key": "1Key12",
        "time": 74480
      },
      {
        "key": "1Key11",
        "time": 74760
      },
      {
        "key": "1Key0",
        "time": 75040
      },
      {
        "key": "1Key3",
        "time": 75040
      },
      {
        "key": "1Key5",
        "time": 75040
      },
      {
        "key": "1Key12",
        "time": 75040
      },
      {
        "key": "1Key11",
        "time": 75250
      },
      {
        "key": "1Key10",
        "time": 75320
      },
      {
        "key": "1Key11",
        "time": 75530
      },
      {
        "key": "1Key12",
        "time": 75600
      },
      {
        "key": "1Key0",
        "time": 75880
      },
      {
        "key": "1Key3",
        "time": 75880
      },
      {
        "key": "1Key5",
        "time": 75880
      },
      {
        "key": "1Key12",
        "time": 76160
      },
      {
        "key": "1Key11",
        "time": 76370
      },
      {
        "key": "1Key10",
        "time": 76440
      },
      {
        "key": "1Key11",
        "time": 76650
      },
      {
        "key": "1Key0",
        "time": 76720
      },
      {
        "key": "1Key3",
        "time": 76720
      },
      {
        "key": "1Key5",
        "time": 76720
      },
      {
        "key": "1Key12",
        "time": 76720
      },
      {
        "key": "1Key11",
        "time": 77000
      },
      {
        "key": "1Key0",
        "time": 77280
      },
      {
        "key": "1Key2",
        "time": 77280
      },
      {
        "key": "1Key4",
        "time": 77280
      },
      {
        "key": "1Key9",
        "time": 77280
      },
      {
        "key": "1Key0",
        "time": 78120
      },
      {
        "key": "1Key2",
        "time": 78120
      },
      {
        "key": "1Key4",
        "time": 78120
      },
      {
        "key": "1Key9",
        "time": 78120
      },
      {
        "key": "1Key9",
        "time": 78260
      },
      {
        "key": "1Key14",
        "time": 78400
      },
      {
        "key": "1Key14",
        "time": 78610
      },
      {
        "key": "1Key14",
        "time": 78820
      },
      {
        "key": "1Key0",
        "time": 78960
      },
      {
        "key": "1Key2",
        "time": 78960
      },
      {
        "key": "1Key4",
        "time": 78960
      },
      {
        "key": "1Key14",
        "time": 78960
      },
      {
        "key": "1Key13",
        "time": 79240
      },
      {
        "key": "1Key2",
        "time": 79520
      },
      {
        "key": "1Key4",
        "time": 79520
      },
      {
        "key": "1Key6",
        "time": 79520
      },
      {
        "key": "1Key13",
        "time": 79520
      },
      {
        "key": "1Key2",
        "time": 80360
      },
      {
        "key": "1Key4",
        "time": 80360
      },
      {
        "key": "1Key6",
        "time": 80360
      },
      {
        "key": "1Key13",
        "time": 80640
      },
      {
        "key": "1Key12",
        "time": 80850
      },
      {
        "key": "1Key13",
        "time": 80920
      },
      {
        "key": "1Key2",
        "time": 81200
      },
      {
        "key": "1Key4",
        "time": 81200
      },
      {
        "key": "1Key6",
        "time": 81200
      },
      {
        "key": "1Key13",
        "time": 81200
      },
      {
        "key": "1Key12",
        "time": 81480
      },
      {
        "key": "1Key0",
        "time": 81760
      },
      {
        "key": "1Key2",
        "time": 81760
      },
      {
        "key": "1Key5",
        "time": 81760
      },
      {
        "key": "1Key9",
        "time": 82880
      },
      {
        "key": "1Key8",
        "time": 83090
      },
      {
        "key": "1Key9",
        "time": 83160
      },
      {
        "key": "1Key9",
        "time": 83440
      },
      {
        "key": "1Key8",
        "time": 83580
      },
      {
        "key": "1Key0",
        "time": 83720
      },
      {
        "key": "1Key2",
        "time": 83720
      },
      {
        "key": "1Key5",
        "time": 83720
      },
      {
        "key": "1Key9",
        "time": 83720
      },
      {
        "key": "1Key8",
        "time": 84000
      },
      {
        "key": "1Key8",
        "time": 85120
      },
      {
        "key": "1Key8",
        "time": 85400
      },
      {
        "key": "1Key9",
        "time": 85680
      },
      {
        "key": "1Key0",
        "time": 85960
      },
      {
        "key": "1Key3",
        "time": 85960
      },
      {
        "key": "1Key5",
        "time": 85960
      },
      {
        "key": "1Key7",
        "time": 85960
      },
      {
        "key": "1Key4",
        "time": 86100
      },
      {
        "key": "1Key9",
        "time": 87360
      },
      {
        "key": "1Key8",
        "time": 87570
      },
      {
        "key": "1Key9",
        "time": 87640
      },
      {
        "key": "1Key9",
        "time": 87920
      },
      {
        "key": "1Key8",
        "time": 88060
      },
      {
        "key": "1Key0",
        "time": 88200
      },
      {
        "key": "1Key2",
        "time": 88200
      },
      {
        "key": "1Key4",
        "time": 88200
      },
      {
        "key": "1Key9",
        "time": 88200
      },
      {
        "key": "1Key8",
        "time": 88480
      },
      {
        "key": "1Key11",
        "time": 89460
      },
      {
        "key": "1Key11",
        "time": 89600
      },
      {
        "key": "1Key11",
        "time": 89740
      },
      {
        "key": "1Key12",
        "time": 89880
      },
      {
        "key": "1Key9",
        "time": 90300
      },
      {
        "key": "1Key2",
        "time": 90440
      },
      {
        "key": "1Key4",
        "time": 90440
      },
      {
        "key": "1Key6",
        "time": 90440
      },
      {
        "key": "1Key9",
        "time": 90440
      },
      {
        "key": "1Key6",
        "time": 91560
      },
      {
        "key": "1Key6",
        "time": 91700
      },
      {
        "key": "1Key6",
        "time": 91840
      },
      {
        "key": "1Key6",
        "time": 92120
      },
      {
        "key": "1Key6",
        "time": 92260
      },
      {
        "key": "1Key0",
        "time": 92400
      },
      {
        "key": "1Key2",
        "time": 92400
      },
      {
        "key": "1Key5",
        "time": 92400
      },
      {
        "key": "1Key7",
        "time": 92400
      },
      {
        "key": "1Key8",
        "time": 92680
      },
      {
        "key": "1Key7",
        "time": 93100
      },
      {
        "key": "1Key5",
        "time": 93240
      },
      {
        "key": "1Key5",
        "time": 93800
      },
      {
        "key": "1Key5",
        "time": 93940
      },
      {
        "key": "1Key7",
        "time": 94080
      },
      {
        "key": "1Key9",
        "time": 94360
      },
      {
        "key": "1Key0",
        "time": 94640
      },
      {
        "key": "1Key3",
        "time": 94640
      },
      {
        "key": "1Key5",
        "time": 94640
      },
      {
        "key": "1Key8",
        "time": 94640
      },
      {
        "key": "1Key11",
        "time": 96320
      },
      {
        "key": "1Key0",
        "time": 96600
      },
      {
        "key": "1Key2",
        "time": 96600
      },
      {
        "key": "1Key4",
        "time": 96600
      },
      {
        "key": "1Key11",
        "time": 96880
      },
      {
        "key": "1Key11",
        "time": 97020
      },
      {
        "key": "1Key12",
        "time": 97160
      },
      {
        "key": "1Key11",
        "time": 97440
      },
      {
        "key": "1Key6",
        "time": 98140
      },
      {
        "key": "1Key6",
        "time": 98280
      },
      {
        "key": "1Key6",
        "time": 98700
      },
      {
        "key": "1Key2",
        "time": 98840
      },
      {
        "key": "1Key4",
        "time": 98840
      },
      {
        "key": "1Key6",
        "time": 98840
      },
      {
        "key": "1Key2",
        "time": 100520
      },
      {
        "key": "1Key4",
        "time": 100520
      },
      {
        "key": "1Key6",
        "time": 100520
      },
      {
        "key": "1Key7",
        "time": 100940
      },
      {
        "key": "1Key0",
        "time": 101080
      },
      {
        "key": "1Key2",
        "time": 101080
      },
      {
        "key": "1Key5",
        "time": 101080
      },
      {
        "key": "1Key7",
        "time": 101080
      },
      {
        "key": "1Key8",
        "time": 101290
      },
      {
        "key": "1Key9",
        "time": 101500
      },
      {
        "key": "1Key11",
        "time": 101710
      },
      {
        "key": "1Key0",
        "time": 101990
      },
      {
        "key": "1Key2",
        "time": 101990
      },
      {
        "key": "1Key5",
        "time": 101990
      },
      {
        "key": "1Key7",
        "time": 102130
      },
      {
        "key": "1Key8",
        "time": 102270
      },
      {
        "key": "1Key8",
        "time": 102620
      },
      {
        "key": "1Key0",
        "time": 102760
      },
      {
        "key": "1Key2",
        "time": 102760
      },
      {
        "key": "1Key5",
        "time": 102760
      },
      {
        "key": "1Key7",
        "time": 103180
      },
      {
        "key": "1Key0",
        "time": 103320
      },
      {
        "key": "1Key3",
        "time": 103320
      },
      {
        "key": "1Key5",
        "time": 103320
      },
      {
        "key": "1Key7",
        "time": 103320
      },
      {
        "key": "1Key8",
        "time": 103530
      },
      {
        "key": "1Key9",
        "time": 103740
      },
      {
        "key": "1Key11",
        "time": 103950
      },
      {
        "key": "1Key0",
        "time": 104230
      },
      {
        "key": "1Key3",
        "time": 104230
      },
      {
        "key": "1Key5",
        "time": 104230
      },
      {
        "key": "1Key7",
        "time": 104370
      },
      {
        "key": "1Key8",
        "time": 104510
      },
      {
        "key": "1Key0",
        "time": 105070
      },
      {
        "key": "1Key3",
        "time": 105070
      },
      {
        "key": "1Key5",
        "time": 105070
      },
      {
        "key": "1Key0",
        "time": 105560
      },
      {
        "key": "1Key2",
        "time": 105560
      },
      {
        "key": "1Key4",
        "time": 105560
      },
      {
        "key": "1Key7",
        "time": 105560
      },
      {
        "key": "1Key8",
        "time": 105770
      },
      {
        "key": "1Key9",
        "time": 105980
      },
      {
        "key": "1Key11",
        "time": 106190
      },
      {
        "key": "1Key0",
        "time": 106470
      },
      {
        "key": "1Key2",
        "time": 106470
      },
      {
        "key": "1Key4",
        "time": 106470
      },
      {
        "key": "1Key7",
        "time": 106610
      },
      {
        "key": "1Key8",
        "time": 106750
      },
      {
        "key": "1Key8",
        "time": 107030
      },
      {
        "key": "1Key0",
        "time": 107310
      },
      {
        "key": "1Key2",
        "time": 107310
      },
      {
        "key": "1Key4",
        "time": 107310
      },
      {
        "key": "1Key7",
        "time": 107450
      },
      {
        "key": "1Key8",
        "time": 107590
      },
      {
        "key": "1Key1",
        "time": 107870
      },
      {
        "key": "1Key4",
        "time": 107870
      },
      {
        "key": "1Key6",
        "time": 107870
      },
      {
        "key": "1Key8",
        "time": 107870
      },
      {
        "key": "1Key8",
        "time": 108150
      },
      {
        "key": "1Key8",
        "time": 108430
      },
      {
        "key": "1Key1",
        "time": 108710
      },
      {
        "key": "1Key4",
        "time": 108710
      },
      {
        "key": "1Key6",
        "time": 108710
      },
      {
        "key": "1Key9",
        "time": 108710
      },
      {
        "key": "1Key5",
        "time": 109340
      },
      {
        "key": "1Key1",
        "time": 109620
      },
      {
        "key": "1Key4",
        "time": 109620
      },
      {
        "key": "1Key6",
        "time": 109620
      },
      {
        "key": "1Key0",
        "time": 110180
      },
      {
        "key": "1Key2",
        "time": 110180
      },
      {
        "key": "1Key5",
        "time": 110180
      },
      {
        "key": "1Key10",
        "time": 110180
      },
      {
        "key": "1Key9",
        "time": 110600
      },
      {
        "key": "1Key5",
        "time": 111020
      },
      {
        "key": "1Key0",
        "time": 112420
      },
      {
        "key": "1Key3",
        "time": 112420
      },
      {
        "key": "1Key5",
        "time": 112420
      },
      {
        "key": "1Key10",
        "time": 112420
      },
      {
        "key": "1Key9",
        "time": 112840
      },
      {
        "key": "1Key9",
        "time": 113260
      },
      {
        "key": "1Key0",
        "time": 114520
      },
      {
        "key": "1Key2",
        "time": 114520
      },
      {
        "key": "1Key4",
        "time": 114520
      },
      {
        "key": "1Key10",
        "time": 114520
      },
      {
        "key": "1Key9",
        "time": 114940
      },
      {
        "key": "1Key5",
        "time": 115360
      },
      {
        "key": "1Key8",
        "time": 116200
      },
      {
        "key": "1Key8",
        "time": 116480
      },
      {
        "key": "1Key2",
        "time": 116760
      },
      {
        "key": "1Key4",
        "time": 116760
      },
      {
        "key": "1Key6",
        "time": 116760
      },
      {
        "key": "1Key0",
        "time": 119000
      },
      {
        "key": "1Key2",
        "time": 119000
      },
      {
        "key": "1Key5",
        "time": 119000
      },
      {
        "key": "1Key10",
        "time": 119000
      },
      {
        "key": "1Key9",
        "time": 119420
      },
      {
        "key": "1Key9",
        "time": 119840
      },
      {
        "key": "1Key0",
        "time": 121240
      },
      {
        "key": "1Key3",
        "time": 121240
      },
      {
        "key": "1Key5",
        "time": 121240
      },
      {
        "key": "1Key10",
        "time": 121240
      },
      {
        "key": "1Key9",
        "time": 121660
      },
      {
        "key": "1Key9",
        "time": 122080
      },
      {
        "key": "1Key11",
        "time": 122220
      },
      {
        "key": "1Key0",
        "time": 123480
      },
      {
        "key": "1Key2",
        "time": 123480
      },
      {
        "key": "1Key4",
        "time": 123480
      },
      {
        "key": "1Key7",
        "time": 123480
      },
      {
        "key": "1Key8",
        "time": 123900
      },
      {
        "key": "1Key9",
        "time": 125160
      },
      {
        "key": "1Key8",
        "time": 125370
      },
      {
        "key": "1Key9",
        "time": 125440
      },
      {
        "key": "1Key2",
        "time": 125720
      },
      {
        "key": "1Key4",
        "time": 125720
      },
      {
        "key": "1Key6",
        "time": 125720
      },
      {
        "key": "1Key9",
        "time": 125720
      },
      {
        "key": "1Key9",
        "time": 126000
      },
      {
        "key": "1Key2",
        "time": 127400
      },
      {
        "key": "1Key4",
        "time": 127400
      },
      {
        "key": "1Key6",
        "time": 127400
      },
      {
        "key": "1Key0",
        "time": 127960
      },
      {
        "key": "1Key2",
        "time": 127960
      },
      {
        "key": "1Key5",
        "time": 127960
      },
      {
        "key": "1Key0",
        "time": 128800
      },
      {
        "key": "1Key2",
        "time": 128800
      },
      {
        "key": "1Key5",
        "time": 128800
      },
      {
        "key": "1Key5",
        "time": 128940
      },
      {
        "key": "1Key12",
        "time": 129080
      },
      {
        "key": "1Key12",
        "time": 129290
      },
      {
        "key": "1Key12",
        "time": 129500
      },
      {
        "key": "1Key0",
        "time": 129640
      },
      {
        "key": "1Key2",
        "time": 129640
      },
      {
        "key": "1Key5",
        "time": 129640
      },
      {
        "key": "1Key9",
        "time": 129640
      },
      {
        "key": "1Key9",
        "time": 129920
      },
      {
        "key": "1Key11",
        "time": 130060
      },
      {
        "key": "1Key0",
        "time": 130200
      },
      {
        "key": "1Key3",
        "time": 130200
      },
      {
        "key": "1Key5",
        "time": 130200
      },
      {
        "key": "1Key0",
        "time": 131040
      },
      {
        "key": "1Key3",
        "time": 131040
      },
      {
        "key": "1Key5",
        "time": 131040
      },
      {
        "key": "1Key7",
        "time": 131040
      },
      {
        "key": "1Key7",
        "time": 131180
      },
      {
        "key": "1Key11",
        "time": 131320
      },
      {
        "key": "1Key11",
        "time": 131530
      },
      {
        "key": "1Key11",
        "time": 131740
      },
      {
        "key": "1Key0",
        "time": 131880
      },
      {
        "key": "1Key3",
        "time": 131880
      },
      {
        "key": "1Key5",
        "time": 131880
      },
      {
        "key": "1Key10",
        "time": 131880
      },
      {
        "key": "1Key9",
        "time": 132160
      },
      {
        "key": "1Key0",
        "time": 132440
      },
      {
        "key": "1Key2",
        "time": 132440
      },
      {
        "key": "1Key4",
        "time": 132440
      },
      {
        "key": "1Key9",
        "time": 132440
      },
      {
        "key": "1Key0",
        "time": 133280
      },
      {
        "key": "1Key2",
        "time": 133280
      },
      {
        "key": "1Key4",
        "time": 133280
      },
      {
        "key": "1Key7",
        "time": 133280
      },
      {
        "key": "1Key7",
        "time": 133420
      },
      {
        "key": "1Key11",
        "time": 133560
      },
      {
        "key": "1Key11",
        "time": 133770
      },
      {
        "key": "1Key11",
        "time": 133980
      },
      {
        "key": "1Key0",
        "time": 134120
      },
      {
        "key": "1Key2",
        "time": 134120
      },
      {
        "key": "1Key4",
        "time": 134120
      },
      {
        "key": "1Key10",
        "time": 134120
      },
      {
        "key": "1Key9",
        "time": 134400
      },
      {
        "key": "1Key2",
        "time": 134680
      },
      {
        "key": "1Key4",
        "time": 134680
      },
      {
        "key": "1Key6",
        "time": 134680
      },
      {
        "key": "1Key9",
        "time": 134680
      },
      {
        "key": "1Key2",
        "time": 135520
      },
      {
        "key": "1Key4",
        "time": 135520
      },
      {
        "key": "1Key6",
        "time": 135520
      },
      {
        "key": "1Key9",
        "time": 135800
      },
      {
        "key": "1Key8",
        "time": 136010
      },
      {
        "key": "1Key9",
        "time": 136080
      },
      {
        "key": "1Key2",
        "time": 136360
      },
      {
        "key": "1Key4",
        "time": 136360
      },
      {
        "key": "1Key6",
        "time": 136360
      },
      {
        "key": "1Key9",
        "time": 136360
      },
      {
        "key": "1Key5",
        "time": 136640
      },
      {
        "key": "1Key0",
        "time": 136920
      },
      {
        "key": "1Key2",
        "time": 136920
      },
      {
        "key": "1Key5",
        "time": 136920
      },
      {
        "key": "1Key0",
        "time": 137760
      },
      {
        "key": "1Key2",
        "time": 137760
      },
      {
        "key": "1Key5",
        "time": 137760
      },
      {
        "key": "1Key5",
        "time": 137900
      },
      {
        "key": "1Key12",
        "time": 138040
      },
      {
        "key": "1Key12",
        "time": 138250
      },
      {
        "key": "1Key12",
        "time": 138460
      },
      {
        "key": "1Key0",
        "time": 138600
      },
      {
        "key": "1Key2",
        "time": 138600
      },
      {
        "key": "1Key5",
        "time": 138600
      },
      {
        "key": "1Key9",
        "time": 138600
      },
      {
        "key": "1Key9",
        "time": 138880
      },
      {
        "key": "1Key0",
        "time": 139160
      },
      {
        "key": "1Key3",
        "time": 139160
      },
      {
        "key": "1Key5",
        "time": 139160
      },
      {
        "key": "1Key11",
        "time": 139160
      },
      {
        "key": "1Key0",
        "time": 140000
      },
      {
        "key": "1Key3",
        "time": 140000
      },
      {
        "key": "1Key5",
        "time": 140000
      },
      {
        "key": "1Key7",
        "time": 140000
      },
      {
        "key": "1Key7",
        "time": 140140
      },
      {
        "key": "1Key11",
        "time": 140280
      },
      {
        "key": "1Key11",
        "time": 140490
      },
      {
        "key": "1Key11",
        "time": 140700
      },
      {
        "key": "1Key0",
        "time": 140840
      },
      {
        "key": "1Key3",
        "time": 140840
      },
      {
        "key": "1Key5",
        "time": 140840
      },
      {
        "key": "1Key10",
        "time": 140840
      },
      {
        "key": "1Key9",
        "time": 141120
      },
      {
        "key": "1Key0",
        "time": 141400
      },
      {
        "key": "1Key2",
        "time": 141400
      },
      {
        "key": "1Key4",
        "time": 141400
      },
      {
        "key": "1Key9",
        "time": 141400
      },
      {
        "key": "1Key0",
        "time": 142240
      },
      {
        "key": "1Key2",
        "time": 142240
      },
      {
        "key": "1Key4",
        "time": 142240
      },
      {
        "key": "1Key7",
        "time": 142240
      },
      {
        "key": "1Key7",
        "time": 142380
      },
      {
        "key": "1Key11",
        "time": 142520
      },
      {
        "key": "1Key11",
        "time": 142730
      },
      {
        "key": "1Key11",
        "time": 142940
      },
      {
        "key": "1Key0",
        "time": 143080
      },
      {
        "key": "1Key2",
        "time": 143080
      },
      {
        "key": "1Key4",
        "time": 143080
      },
      {
        "key": "1Key10",
        "time": 143080
      },
      {
        "key": "1Key9",
        "time": 143360
      },
      {
        "key": "1Key2",
        "time": 143640
      },
      {
        "key": "1Key4",
        "time": 143640
      },
      {
        "key": "1Key6",
        "time": 143640
      },
      {
        "key": "1Key9",
        "time": 143640
      },
      {
        "key": "1Key2",
        "time": 144480
      },
      {
        "key": "1Key4",
        "time": 144480
      },
      {
        "key": "1Key6",
        "time": 144480
      },
      {
        "key": "1Key13",
        "time": 144760
      },
      {
        "key": "1Key12",
        "time": 144970
      },
      {
        "key": "1Key13",
        "time": 145040
      },
      {
        "key": "1Key2",
        "time": 145320
      },
      {
        "key": "1Key4",
        "time": 145320
      },
      {
        "key": "1Key6",
        "time": 145320
      },
      {
        "key": "1Key13",
        "time": 145320
      },
      {
        "key": "1Key12",
        "time": 145600
      },
      {
        "key": "1Key0",
        "time": 145880
      },
      {
        "key": "1Key2",
        "time": 145880
      },
      {
        "key": "1Key5",
        "time": 145880
      },
      {
        "key": "1Key12",
        "time": 145880
      },
      {
        "key": "1Key11",
        "time": 146090
      },
      {
        "key": "1Key9",
        "time": 146160
      },
      {
        "key": "1Key11",
        "time": 146370
      },
      {
        "key": "1Key12",
        "time": 146440
      },
      {
        "key": "1Key0",
        "time": 146720
      },
      {
        "key": "1Key2",
        "time": 146720
      },
      {
        "key": "1Key5",
        "time": 146720
      },
      {
        "key": "1Key11",
        "time": 146860
      },
      {
        "key": "1Key12",
        "time": 147000
      },
      {
        "key": "1Key11",
        "time": 147210
      },
      {
        "key": "1Key9",
        "time": 147280
      },
      {
        "key": "1Key11",
        "time": 147490
      },
      {
        "key": "1Key0",
        "time": 147560
      },
      {
        "key": "1Key2",
        "time": 147560
      },
      {
        "key": "1Key5",
        "time": 147560
      },
      {
        "key": "1Key12",
        "time": 147560
      },
      {
        "key": "1Key11",
        "time": 147840
      },
      {
        "key": "1Key0",
        "time": 148120
      },
      {
        "key": "1Key3",
        "time": 148120
      },
      {
        "key": "1Key5",
        "time": 148120
      },
      {
        "key": "1Key12",
        "time": 148120
      },
      {
        "key": "1Key11",
        "time": 148330
      },
      {
        "key": "1Key10",
        "time": 148400
      },
      {
        "key": "1Key11",
        "time": 148610
      },
      {
        "key": "1Key12",
        "time": 148680
      },
      {
        "key": "1Key0",
        "time": 148960
      },
      {
        "key": "1Key3",
        "time": 148960
      },
      {
        "key": "1Key5",
        "time": 148960
      },
      {
        "key": "1Key12",
        "time": 149240
      },
      {
        "key": "1Key11",
        "time": 149450
      },
      {
        "key": "1Key10",
        "time": 149520
      },
      {
        "key": "1Key11",
        "time": 149730
      },
      {
        "key": "1Key0",
        "time": 149800
      },
      {
        "key": "1Key3",
        "time": 149800
      },
      {
        "key": "1Key5",
        "time": 149800
      },
      {
        "key": "1Key12",
        "time": 149800
      },
      {
        "key": "1Key11",
        "time": 150080
      },
      {
        "key": "1Key0",
        "time": 150360
      },
      {
        "key": "1Key2",
        "time": 150360
      },
      {
        "key": "1Key4",
        "time": 150360
      },
      {
        "key": "1Key9",
        "time": 150360
      },
      {
        "key": "1Key0",
        "time": 151200
      },
      {
        "key": "1Key2",
        "time": 151200
      },
      {
        "key": "1Key4",
        "time": 151200
      },
      {
        "key": "1Key9",
        "time": 151200
      },
      {
        "key": "1Key9",
        "time": 151340
      },
      {
        "key": "1Key14",
        "time": 151480
      },
      {
        "key": "1Key14",
        "time": 151690
      },
      {
        "key": "1Key14",
        "time": 151900
      },
      {
        "key": "1Key0",
        "time": 152040
      },
      {
        "key": "1Key2",
        "time": 152040
      },
      {
        "key": "1Key4",
        "time": 152040
      },
      {
        "key": "1Key14",
        "time": 152040
      },
      {
        "key": "1Key13",
        "time": 152320
      },
      {
        "key": "1Key2",
        "time": 152600
      },
      {
        "key": "1Key4",
        "time": 152600
      },
      {
        "key": "1Key6",
        "time": 152600
      },
      {
        "key": "1Key13",
        "time": 152600
      },
      {
        "key": "1Key2",
        "time": 153440
      },
      {
        "key": "1Key4",
        "time": 153440
      },
      {
        "key": "1Key6",
        "time": 153440
      },
      {
        "key": "1Key13",
        "time": 153720
      },
      {
        "key": "1Key12",
        "time": 153930
      },
      {
        "key": "1Key13",
        "time": 154000
      },
      {
        "key": "1Key2",
        "time": 154280
      },
      {
        "key": "1Key4",
        "time": 154280
      },
      {
        "key": "1Key6",
        "time": 154280
      },
      {
        "key": "1Key13",
        "time": 154280
      },
      {
        "key": "1Key12",
        "time": 154560
      },
      {
        "key": "1Key0",
        "time": 154840
      },
      {
        "key": "1Key2",
        "time": 154840
      },
      {
        "key": "1Key5",
        "time": 154840
      },
      {
        "key": "1Key5",
        "time": 155960
      },
      {
        "key": "1Key6",
        "time": 156100
      },
      {
        "key": "1Key7",
        "time": 156240
      },
      {
        "key": "1Key6",
        "time": 156380
      },
      {
        "key": "1Key5",
        "time": 156590
      },
      {
        "key": "1Key0",
        "time": 156800
      },
      {
        "key": "1Key3",
        "time": 156800
      },
      {
        "key": "1Key5",
        "time": 156800
      },
      {
        "key": "1Key7",
        "time": 156800
      },
      {
        "key": "1Key0",
        "time": 157360
      },
      {
        "key": "1Key2",
        "time": 157360
      },
      {
        "key": "1Key4",
        "time": 157360
      },
      {
        "key": "1Key7",
        "time": 157360
      },
      {
        "key": "1Key6",
        "time": 158200
      },
      {
        "key": "1Key6",
        "time": 158340
      },
      {
        "key": "1Key6",
        "time": 158480
      },
      {
        "key": "1Key6",
        "time": 158690
      },
      {
        "key": "1Key6",
        "time": 158900
      },
      {
        "key": "1Key0",
        "time": 159110
      },
      {
        "key": "1Key2",
        "time": 159110
      },
      {
        "key": "1Key4",
        "time": 159110
      },
      {
        "key": "1Key6",
        "time": 159110
      },
      {
        "key": "1Key6",
        "time": 159460
      },
      {
        "key": "1Key1",
        "time": 159600
      },
      {
        "key": "1Key4",
        "time": 159600
      },
      {
        "key": "1Key6",
        "time": 159600
      },
      {
        "key": "1Key5",
        "time": 160440
      },
      {
        "key": "1Key6",
        "time": 160580
      },
      {
        "key": "1Key7",
        "time": 160720
      },
      {
        "key": "1Key6",
        "time": 160860
      },
      {
        "key": "1Key5",
        "time": 161070
      },
      {
        "key": "1Key5",
        "time": 161280
      },
      {
        "key": "1Key6",
        "time": 161700
      },
      {
        "key": "1Key1",
        "time": 161840
      },
      {
        "key": "1Key4",
        "time": 161840
      },
      {
        "key": "1Key6",
        "time": 161840
      },
      {
        "key": "1Key2",
        "time": 162680
      },
      {
        "key": "1Key4",
        "time": 162680
      },
      {
        "key": "1Key6",
        "time": 162680
      },
      {
        "key": "1Key6",
        "time": 162820
      },
      {
        "key": "1Key6",
        "time": 162960
      },
      {
        "key": "1Key6",
        "time": 163170
      },
      {
        "key": "1Key6",
        "time": 163380
      },
      {
        "key": "1Key2",
        "time": 163590
      },
      {
        "key": "1Key4",
        "time": 163590
      },
      {
        "key": "1Key6",
        "time": 163590
      },
      {
        "key": "1Key5",
        "time": 163940
      },
      {
        "key": "1Key0",
        "time": 164080
      },
      {
        "key": "1Key3",
        "time": 164080
      },
      {
        "key": "1Key5",
        "time": 164080
      },
      {
        "key": "1Key5",
        "time": 164920
      },
      {
        "key": "1Key6",
        "time": 165060
      },
      {
        "key": "1Key7",
        "time": 165200
      },
      {
        "key": "1Key6",
        "time": 165410
      },
      {
        "key": "1Key5",
        "time": 165620
      },
      {
        "key": "1Key0",
        "time": 165830
      },
      {
        "key": "1Key3",
        "time": 165830
      },
      {
        "key": "1Key5",
        "time": 165830
      },
      {
        "key": "1Key11",
        "time": 165830
      },
      {
        "key": "1Key9",
        "time": 166180
      },
      {
        "key": "1Key0",
        "time": 166320
      },
      {
        "key": "1Key2",
        "time": 166320
      },
      {
        "key": "1Key4",
        "time": 166320
      },
      {
        "key": "1Key8",
        "time": 167160
      },
      {
        "key": "1Key8",
        "time": 167300
      },
      {
        "key": "1Key8",
        "time": 167440
      },
      {
        "key": "1Key8",
        "time": 167650
      },
      {
        "key": "1Key8",
        "time": 167860
      },
      {
        "key": "1Key0",
        "time": 168070
      },
      {
        "key": "1Key2",
        "time": 168070
      },
      {
        "key": "1Key4",
        "time": 168070
      },
      {
        "key": "1Key8",
        "time": 168070
      },
      {
        "key": "1Key8",
        "time": 168420
      },
      {
        "key": "1Key1",
        "time": 168560
      },
      {
        "key": "1Key4",
        "time": 168560
      },
      {
        "key": "1Key6",
        "time": 168560
      },
      {
        "key": "1Key5",
        "time": 169400
      },
      {
        "key": "1Key6",
        "time": 169540
      },
      {
        "key": "1Key7",
        "time": 169680
      },
      {
        "key": "1Key6",
        "time": 169890
      },
      {
        "key": "1Key5",
        "time": 170100
      },
      {
        "key": "1Key5",
        "time": 170310
      },
      {
        "key": "1Key6",
        "time": 170730
      },
      {
        "key": "1Key8",
        "time": 171640
      },
      {
        "key": "1Key8",
        "time": 171780
      },
      {
        "key": "1Key8",
        "time": 171920
      },
      {
        "key": "1Key8",
        "time": 172130
      },
      {
        "key": "1Key8",
        "time": 172340
      },
      {
        "key": "1Key11",
        "time": 172550
      },
      {
        "key": "1Key11",
        "time": 172900
      },
      {
        "key": "1Key12",
        "time": 173740
      },
      {
        "key": "1Key12",
        "time": 174300
      },
      {
        "key": "1Key13",
        "time": 174580
      },
      {
        "key": "1Key12",
        "time": 175000
      },
      {
        "key": "1Key13",
        "time": 175140
      },
      {
        "key": "1Key0",
        "time": 175280
      },
      {
        "key": "1Key2",
        "time": 175280
      },
      {
        "key": "1Key5",
        "time": 175280
      },
      {
        "key": "1Key12",
        "time": 175280
      },
      {
        "key": "1Key11",
        "time": 175700
      },
      {
        "key": "1Key9",
        "time": 175840
      },
      {
        "key": "1Key0",
        "time": 176260
      },
      {
        "key": "1Key2",
        "time": 176260
      },
      {
        "key": "1Key5",
        "time": 176260
      },
      {
        "key": "1Key5",
        "time": 176400
      },
      {
        "key": "1Key12",
        "time": 176540
      },
      {
        "key": "1Key12",
        "time": 176750
      },
      {
        "key": "1Key12",
        "time": 176960
      },
      {
        "key": "1Key0",
        "time": 177100
      },
      {
        "key": "1Key2",
        "time": 177100
      },
      {
        "key": "1Key5",
        "time": 177100
      },
      {
        "key": "1Key9",
        "time": 177100
      },
      {
        "key": "1Key9",
        "time": 177380
      },
      {
        "key": "1Key11",
        "time": 177520
      },
      {
        "key": "1Key0",
        "time": 177660
      },
      {
        "key": "1Key3",
        "time": 177660
      },
      {
        "key": "1Key5",
        "time": 177660
      },
      {
        "key": "1Key0",
        "time": 178500
      },
      {
        "key": "1Key3",
        "time": 178500
      },
      {
        "key": "1Key5",
        "time": 178500
      },
      {
        "key": "1Key7",
        "time": 178500
      },
      {
        "key": "1Key7",
        "time": 178640
      },
      {
        "key": "1Key11",
        "time": 178780
      },
      {
        "key": "1Key11",
        "time": 178990
      },
      {
        "key": "1Key11",
        "time": 179200
      },
      {
        "key": "1Key0",
        "time": 179340
      },
      {
        "key": "1Key3",
        "time": 179340
      },
      {
        "key": "1Key5",
        "time": 179340
      },
      {
        "key": "1Key10",
        "time": 179340
      },
      {
        "key": "1Key9",
        "time": 179620
      },
      {
        "key": "1Key0",
        "time": 179900
      },
      {
        "key": "1Key2",
        "time": 179900
      },
      {
        "key": "1Key4",
        "time": 179900
      },
      {
        "key": "1Key9",
        "time": 179900
      },
      {
        "key": "1Key0",
        "time": 180740
      },
      {
        "key": "1Key2",
        "time": 180740
      },
      {
        "key": "1Key4",
        "time": 180740
      },
      {
        "key": "1Key7",
        "time": 180740
      },
      {
        "key": "1Key7",
        "time": 180880
      },
      {
        "key": "1Key11",
        "time": 181020
      },
      {
        "key": "1Key11",
        "time": 181230
      },
      {
        "key": "1Key11",
        "time": 181440
      },
      {
        "key": "1Key0",
        "time": 181580
      },
      {
        "key": "1Key2",
        "time": 181580
      },
      {
        "key": "1Key4",
        "time": 181580
      },
      {
        "key": "1Key10",
        "time": 181580
      },
      {
        "key": "1Key9",
        "time": 181860
      },
      {
        "key": "1Key2",
        "time": 182140
      },
      {
        "key": "1Key4",
        "time": 182140
      },
      {
        "key": "1Key6",
        "time": 182140
      },
      {
        "key": "1Key9",
        "time": 182140
      },
      {
        "key": "1Key2",
        "time": 182980
      },
      {
        "key": "1Key4",
        "time": 182980
      },
      {
        "key": "1Key6",
        "time": 182980
      },
      {
        "key": "1Key9",
        "time": 183260
      },
      {
        "key": "1Key8",
        "time": 183470
      },
      {
        "key": "1Key9",
        "time": 183540
      },
      {
        "key": "1Key2",
        "time": 183820
      },
      {
        "key": "1Key4",
        "time": 183820
      },
      {
        "key": "1Key6",
        "time": 183820
      },
      {
        "key": "1Key9",
        "time": 183820
      },
      {
        "key": "1Key5",
        "time": 184100
      },
      {
        "key": "1Key0",
        "time": 184380
      },
      {
        "key": "1Key2",
        "time": 184380
      },
      {
        "key": "1Key5",
        "time": 184380
      },
      {
        "key": "1Key0",
        "time": 185220
      },
      {
        "key": "1Key2",
        "time": 185220
      },
      {
        "key": "1Key5",
        "time": 185220
      },
      {
        "key": "1Key5",
        "time": 185360
      },
      {
        "key": "1Key12",
        "time": 185500
      },
      {
        "key": "1Key12",
        "time": 185710
      },
      {
        "key": "1Key12",
        "time": 185920
      },
      {
        "key": "1Key0",
        "time": 186130
      },
      {
        "key": "1Key2",
        "time": 186130
      },
      {
        "key": "1Key5",
        "time": 186130
      },
      {
        "key": "1Key9",
        "time": 186130
      },
      {
        "key": "1Key9",
        "time": 186410
      },
      {
        "key": "1Key0",
        "time": 186690
      },
      {
        "key": "1Key3",
        "time": 186690
      },
      {
        "key": "1Key5",
        "time": 186690
      },
      {
        "key": "1Key11",
        "time": 186690
      },
      {
        "key": "1Key0",
        "time": 187530
      },
      {
        "key": "1Key3",
        "time": 187530
      },
      {
        "key": "1Key5",
        "time": 187530
      },
      {
        "key": "1Key7",
        "time": 187530
      },
      {
        "key": "1Key7",
        "time": 187670
      },
      {
        "key": "1Key11",
        "time": 187810
      },
      {
        "key": "1Key11",
        "time": 188020
      },
      {
        "key": "1Key11",
        "time": 188230
      },
      {
        "key": "1Key0",
        "time": 188370
      },
      {
        "key": "1Key3",
        "time": 188370
      },
      {
        "key": "1Key5",
        "time": 188370
      },
      {
        "key": "1Key10",
        "time": 188370
      },
      {
        "key": "1Key9",
        "time": 188650
      },
      {
        "key": "1Key0",
        "time": 188930
      },
      {
        "key": "1Key2",
        "time": 188930
      },
      {
        "key": "1Key4",
        "time": 188930
      },
      {
        "key": "1Key9",
        "time": 188930
      },
      {
        "key": "1Key0",
        "time": 189770
      },
      {
        "key": "1Key2",
        "time": 189770
      },
      {
        "key": "1Key4",
        "time": 189770
      },
      {
        "key": "1Key7",
        "time": 189770
      },
      {
        "key": "1Key7",
        "time": 189910
      },
      {
        "key": "1Key11",
        "time": 190050
      },
      {
        "key": "1Key11",
        "time": 190260
      },
      {
        "key": "1Key11",
        "time": 190470
      },
      {
        "key": "1Key0",
        "time": 190610
      },
      {
        "key": "1Key2",
        "time": 190610
      },
      {
        "key": "1Key4",
        "time": 190610
      },
      {
        "key": "1Key10",
        "time": 190610
      },
      {
        "key": "1Key9",
        "time": 190890
      },
      {
        "key": "1Key2",
        "time": 191170
      },
      {
        "key": "1Key4",
        "time": 191170
      },
      {
        "key": "1Key6",
        "time": 191170
      },
      {
        "key": "1Key9",
        "time": 191170
      },
      {
        "key": "1Key2",
        "time": 192010
      },
      {
        "key": "1Key4",
        "time": 192010
      },
      {
        "key": "1Key6",
        "time": 192010
      },
      {
        "key": "1Key13",
        "time": 192290
      },
      {
        "key": "1Key12",
        "time": 192500
      },
      {
        "key": "1Key13",
        "time": 192570
      },
      {
        "key": "1Key2",
        "time": 192850
      },
      {
        "key": "1Key4",
        "time": 192850
      },
      {
        "key": "1Key6",
        "time": 192850
      },
      {
        "key": "1Key13",
        "time": 192850
      },
      {
        "key": "1Key12",
        "time": 193130
      },
      {
        "key": "1Key0",
        "time": 193410
      },
      {
        "key": "1Key2",
        "time": 193410
      },
      {
        "key": "1Key5",
        "time": 193410
      },
      {
        "key": "1Key12",
        "time": 193410
      },
      {
        "key": "1Key11",
        "time": 193620
      },
      {
        "key": "1Key9",
        "time": 193690
      },
      {
        "key": "1Key11",
        "time": 193900
      },
      {
        "key": "1Key12",
        "time": 193970
      },
      {
        "key": "1Key0",
        "time": 194250
      },
      {
        "key": "1Key2",
        "time": 194250
      },
      {
        "key": "1Key5",
        "time": 194250
      },
      {
        "key": "1Key11",
        "time": 194390
      },
      {
        "key": "1Key12",
        "time": 194530
      },
      {
        "key": "1Key11",
        "time": 194740
      },
      {
        "key": "1Key9",
        "time": 194810
      },
      {
        "key": "1Key11",
        "time": 195020
      },
      {
        "key": "1Key0",
        "time": 195090
      },
      {
        "key": "1Key2",
        "time": 195090
      },
      {
        "key": "1Key5",
        "time": 195090
      },
      {
        "key": "1Key12",
        "time": 195090
      },
      {
        "key": "1Key11",
        "time": 195370
      },
      {
        "key": "1Key0",
        "time": 195650
      },
      {
        "key": "1Key3",
        "time": 195650
      },
      {
        "key": "1Key5",
        "time": 195650
      },
      {
        "key": "1Key12",
        "time": 195650
      },
      {
        "key": "1Key11",
        "time": 195860
      },
      {
        "key": "1Key10",
        "time": 195930
      },
      {
        "key": "1Key11",
        "time": 196140
      },
      {
        "key": "1Key12",
        "time": 196210
      },
      {
        "key": "1Key0",
        "time": 196490
      },
      {
        "key": "1Key3",
        "time": 196490
      },
      {
        "key": "1Key5",
        "time": 196490
      },
      {
        "key": "1Key12",
        "time": 196770
      },
      {
        "key": "1Key11",
        "time": 196980
      },
      {
        "key": "1Key10",
        "time": 197050
      },
      {
        "key": "1Key11",
        "time": 197260
      },
      {
        "key": "1Key0",
        "time": 197330
      },
      {
        "key": "1Key3",
        "time": 197330
      },
      {
        "key": "1Key5",
        "time": 197330
      },
      {
        "key": "1Key12",
        "time": 197330
      },
      {
        "key": "1Key11",
        "time": 197610
      },
      {
        "key": "1Key0",
        "time": 197890
      },
      {
        "key": "1Key2",
        "time": 197890
      },
      {
        "key": "1Key4",
        "time": 197890
      },
      {
        "key": "1Key9",
        "time": 197890
      },
      {
        "key": "1Key0",
        "time": 198730
      },
      {
        "key": "1Key2",
        "time": 198730
      },
      {
        "key": "1Key4",
        "time": 198730
      },
      {
        "key": "1Key9",
        "time": 198730
      },
      {
        "key": "1Key9",
        "time": 198870
      },
      {
        "key": "1Key14",
        "time": 199010
      },
      {
        "key": "1Key14",
        "time": 199220
      },
      {
        "key": "1Key14",
        "time": 199430
      },
      {
        "key": "1Key0",
        "time": 199570
      },
      {
        "key": "1Key2",
        "time": 199570
      },
      {
        "key": "1Key4",
        "time": 199570
      },
      {
        "key": "1Key14",
        "time": 199570
      },
      {
        "key": "1Key13",
        "time": 199850
      },
      {
        "key": "1Key2",
        "time": 200130
      },
      {
        "key": "1Key4",
        "time": 200130
      },
      {
        "key": "1Key6",
        "time": 200130
      },
      {
        "key": "1Key2",
        "time": 200970
      },
      {
        "key": "1Key4",
        "time": 200970
      },
      {
        "key": "1Key6",
        "time": 200970
      },
      {
        "key": "1Key13",
        "time": 201250
      },
      {
        "key": "1Key12",
        "time": 201460
      },
      {
        "key": "1Key13",
        "time": 201530
      },
      {
        "key": "1Key2",
        "time": 201810
      },
      {
        "key": "1Key4",
        "time": 201810
      },
      {
        "key": "1Key6",
        "time": 201810
      },
      {
        "key": "1Key13",
        "time": 201810
      },
      {
        "key": "1Key12",
        "time": 202090
      },
      {
        "key": "1Key0",
        "time": 202370
      },
      {
        "key": "1Key2",
        "time": 202370
      },
      {
        "key": "1Key4",
        "time": 202370
      },
      {
        "key": "1Key5",
        "time": 202370
      }
    ]
  }
]