[
  {
    "name": "Christmas - A Merry Christmas",
    "bpm": 260,
    "songNotes": [
      {
        "time": 400,
        "key": "1Key4"
      },
      {
        "time": 860,
        "key": "1Key0"
      },
      {
        "time": 860,
        "key": "1Key2"
      },
      {
        "time": 860,
        "key": "1Key7"
      },
      {
        "time": 1320,
        "key": "1Key7"
      },
      {
        "time": 1550,
        "key": "1Key8"
      },
      {
        "time": 1780,
        "key": "1Key7"
      },
      {
        "time": 2010,
        "key": "1Key6"
      },
      {
        "time": 2240,
        "key": "1Key5"
      },
      {
        "time": 2700,
        "key": "1Key5"
      },
      {
        "time": 3160,
        "key": "1Key5"
      },
      {
        "time": 3620,
        "key": "1Key1"
      },
      {
        "time": 3620,
        "key": "1Key3"
      },
      {
        "time": 3620,
        "key": "1Key8"
      },
      {
        "time": 4080,
        "key": "1Key8"
      },
      {
        "time": 4310,
        "key": "1Key9"
      },
      {
        "time": 4540,
        "key": "1Key8"
      },
      {
        "time": 4770,
        "key": "1Key7"
      },
      {
        "time": 5000,
        "key": "1Key1"
      },
      {
        "time": 5000,
        "key": "1Key4"
      },
      {
        "time": 5000,
        "key": "1Key6"
      },
      {
        "time": 5460,
        "key": "1Key4"
      },
      {
        "time": 5920,
        "key": "1Key4"
      },
      {
        "time": 6380,
        "key": "1Key2"
      },
      {
        "time": 6380,
        "key": "1Key5"
      },
      {
        "time": 6380,
        "key": "1Key9"
      },
      {
        "time": 6840,
        "key": "1Key9"
      },
      {
        "time": 7070,
        "key": "1Key10"
      },
      {
        "time": 7300,
        "key": "1Key9"
      },
      {
        "time": 7530,
        "key": "1Key2"
      },
      {
        "time": 7530,
        "key": "1Key5"
      },
      {
        "time": 7530,
        "key": "1Key8"
      },
      {
        "time": 7760,
        "key": "1Key7"
      },
      {
        "time": 7990,
        "key": "1Key4"
      },
      {
        "time": 8450,
        "key": "1Key4"
      },
      {
        "time": 8680,
        "key": "1Key4"
      },
      {
        "time": 8910,
        "key": "1Key0"
      },
      {
        "time": 8910,
        "key": "1Key3"
      },
      {
        "time": 8910,
        "key": "1Key5"
      },
      {
        "time": 9370,
        "key": "1Key8"
      },
      {
        "time": 9830,
        "key": "1Key1"
      },
      {
        "time": 9830,
        "key": "1Key3"
      },
      {
        "time": 9830,
        "key": "1Key6"
      },
      {
        "time": 10290,
        "key": "1Key0"
      },
      {
        "time": 10290,
        "key": "1Key2"
      },
      {
        "time": 10290,
        "key": "1Key7"
      },
      {
        "time": 10980,
        "key": "1Key4"
      },
      {
        "time": 11440,
        "key": "1Key0"
      },
      {
        "time": 11440,
        "key": "1Key7"
      },
      {
        "time": 11440,
        "key": "1Key9"
      },
      {
        "time": 11900,
        "key": "1Key7"
      },
      {
        "time": 12360,
        "key": "1Key7"
      },
      {
        "time": 12820,
        "key": "1Key1"
      },
      {
        "time": 12820,
        "key": "1Key4"
      },
      {
        "time": 12820,
        "key": "1Key6"
      },
      {
        "time": 13280,
        "key": "1Key6"
      },
      {
        "time": 13970,
        "key": "1Key1"
      },
      {
        "time": 13970,
        "key": "1Key3"
      },
      {
        "time": 13970,
        "key": "1Key7"
      },
      {
        "time": 14430,
        "key": "1Key6"
      },
      {
        "time": 14890,
        "key": "1Key5"
      },
      {
        "time": 15350,
        "key": "1Key1"
      },
      {
        "time": 15350,
        "key": "1Key4"
      },
      {
        "time": 16040,
        "key": "1Key8"
      },
      {
        "time": 16500,
        "key": "1Key2"
      },
      {
        "time": 16500,
        "key": "1Key4"
      },
      {
        "time": 16500,
        "key": "1Key9"
      },
      {
        "time": 16960,
        "key": "1Key8"
      },
      {
        "time": 17420,
        "key": "1Key7"
      },
      {
        "time": 17880,
        "key": "1Key2"
      },
      {
        "time": 17880,
        "key": "1Key7"
      },
      {
        "time": 17880,
        "key": "1Key11"
      },
      {
        "time": 18340,
        "key": "1Key4"
      },
      {
        "time": 18800,
        "key": "1Key4"
      },
      {
        "time": 19030,
        "key": "1Key4"
      },
      {
        "time": 19260,
        "key": "1Key0"
      },
      {
        "time": 19260,
        "key": "1Key3"
      },
      {
        "time": 19260,
        "key": "1Key5"
      },
      {
        "time": 19720,
        "key": "1Key8"
      },
      {
        "time": 20180,
        "key": "1Key1"
      },
      {
        "time": 20180,
        "key": "1Key3"
      },
      {
        "time": 20180,
        "key": "1Key6"
      },
      {
        "time": 20640,
        "key": "1Key0"
      },
      {
        "time": 20640,
        "key": "1Key2"
      },
      {
        "time": 20640,
        "key": "1Key7"
      }
    ]
  }
]