[
  {
    "name": "Christmas - Jingle Bells",
    "bpm": 200,
    "songNotes": [
      {
        "time": 1181,
        "key": "1Key0"
      },
      {
        "time": 1214,
        "key": "1Key4"
      },
      {
        "time": 1216,
        "key": "1Key2"
      },
      {
        "time": 1627,
        "key": "1Key9"
      },
      {
        "time": 2090,
        "key": "1Key8"
      },
      {
        "time": 2524,
        "key": "1Key7"
      },
      {
        "time": 2945,
        "key": "1Key0"
      },
      {
        "time": 2945,
        "key": "1Key4"
      },
      {
        "time": 2946,
        "key": "1Key2"
      },
      {
        "time": 3860,
        "key": "1Key4"
      },
      {
        "time": 4067,
        "key": "1Key4"
      },
      {
        "time": 4294,
        "key": "1Key4"
      },
      {
        "time": 4313,
        "key": "1Key0"
      },
      {
        "time": 4314,
        "key": "1Key2"
      },
      {
        "time": 4776,
        "key": "1Key9"
      },
      {
        "time": 5191,
        "key": "1Key8"
      },
      {
        "time": 5642,
        "key": "1Key7"
      },
      {
        "time": 5989,
        "key": "1Key0"
      },
      {
        "time": 6038,
        "key": "1Key5"
      },
      {
        "time": 6064,
        "key": "1Key3"
      },
      {
        "time": 7344,
        "key": "1Key5"
      },
      {
        "time": 7390,
        "key": "1Key0"
      },
      {
        "time": 7394,
        "key": "1Key3"
      },
      {
        "time": 7806,
        "key": "1Key10"
      },
      {
        "time": 8259,
        "key": "1Key9"
      },
      {
        "time": 8744,
        "key": "1Key8"
      },
      {
        "time": 9130,
        "key": "1Key6"
      },
      {
        "time": 9132,
        "key": "1Key4"
      },
      {
        "time": 9173,
        "key": "1Key1"
      },
      {
        "time": 10243,
        "key": "1Key11"
      },
      {
        "time": 10313,
        "key": "1Key4"
      },
      {
        "time": 10314,
        "key": "1Key6"
      },
      {
        "time": 10314,
        "key": "1Key8"
      },
      {
        "time": 10672,
        "key": "1Key11"
      },
      {
        "time": 11072,
        "key": "1Key10"
      },
      {
        "time": 11478,
        "key": "1Key8"
      },
      {
        "time": 11866,
        "key": "1Key4"
      },
      {
        "time": 11867,
        "key": "1Key9"
      },
      {
        "time": 11868,
        "key": "1Key2"
      },
      {
        "time": 13085,
        "key": "1Key4"
      },
      {
        "time": 13086,
        "key": "1Key2"
      },
      {
        "time": 13118,
        "key": "1Key0"
      },
      {
        "time": 13524,
        "key": "1Key9"
      },
      {
        "time": 13924,
        "key": "1Key8"
      },
      {
        "time": 14344,
        "key": "1Key7"
      },
      {
        "time": 14716,
        "key": "1Key0"
      },
      {
        "time": 14717,
        "key": "1Key4"
      },
      {
        "time": 14719,
        "key": "1Key2"
      },
      {
        "time": 15444,
        "key": "1Key4"
      },
      {
        "time": 15642,
        "key": "1Key4"
      },
      {
        "time": 15774,
        "key": "1Key2"
      },
      {
        "time": 15795,
        "key": "1Key0"
      },
      {
        "time": 16224,
        "key": "1Key9"
      },
      {
        "time": 16608,
        "key": "1Key8"
      },
      {
        "time": 17027,
        "key": "1Key7"
      },
      {
        "time": 17373,
        "key": "1Key3"
      },
      {
        "time": 17412,
        "key": "1Key5"
      },
      {
        "time": 17422,
        "key": "1Key0"
      },
      {
        "time": 18497,
        "key": "1Key0"
      },
      {
        "time": 18498,
        "key": "1Key5"
      },
      {
        "time": 18532,
        "key": "1Key3"
      },
      {
        "time": 18873,
        "key": "1Key10"
      },
      {
        "time": 19308,
        "key": "1Key9"
      },
      {
        "time": 19727,
        "key": "1Key8"
      },
      {
        "time": 20082,
        "key": "1Key11"
      },
      {
        "time": 20083,
        "key": "1Key6"
      },
      {
        "time": 20086,
        "key": "1Key8"
      },
      {
        "time": 20087,
        "key": "1Key4"
      },
      {
        "time": 20473,
        "key": "1Key11"
      },
      {
        "time": 20860,
        "key": "1Key11"
      },
      {
        "time": 21227,
        "key": "1Key11"
      },
      {
        "time": 21619,
        "key": "1Key8"
      },
      {
        "time": 21621,
        "key": "1Key12"
      },
      {
        "time": 21622,
        "key": "1Key4"
      },
      {
        "time": 22023,
        "key": "1Key11"
      },
      {
        "time": 22477,
        "key": "1Key10"
      },
      {
        "time": 22878,
        "key": "1Key8"
      },
      {
        "time": 23294,
        "key": "1Key0"
      },
      {
        "time": 23335,
        "key": "1Key2"
      },
      {
        "time": 23343,
        "key": "1Key7"
      },
      {
        "time": 23345,
        "key": "1Key4"
      },
      {
        "time": 23943,
        "key": "1Key11"
      },
      {
        "time": 24551,
        "key": "1Key0"
      },
      {
        "time": 24554,
        "key": "1Key9"
      },
      {
        "time": 24555,
        "key": "1Key4"
      },
      {
        "time": 24579,
        "key": "1Key2"
      },
      {
        "time": 24889,
        "key": "1Key9"
      },
      {
        "time": 25256,
        "key": "1Key9"
      },
      {
        "time": 25831,
        "key": "1Key4"
      },
      {
        "time": 25832,
        "key": "1Key9"
      },
      {
        "time": 25876,
        "key": "1Key0"
      },
      {
        "time": 25877,
        "key": "1Key2"
      },
      {
        "time": 26190,
        "key": "1Key9"
      },
      {
        "time": 26573,
        "key": "1Key9"
      },
      {
        "time": 27094,
        "key": "1Key9"
      },
      {
        "time": 27145,
        "key": "1Key0"
      },
      {
        "time": 27146,
        "key": "1Key2"
      },
      {
        "time": 27507,
        "key": "1Key11"
      },
      {
        "time": 27892,
        "key": "1Key7"
      },
      {
        "time": 28361,
        "key": "1Key8"
      },
      {
        "time": 28515,
        "key": "1Key9"
      },
      {
        "time": 28516,
        "key": "1Key2"
      },
      {
        "time": 28547,
        "key": "1Key4"
      },
      {
        "time": 29509,
        "key": "1Key7"
      },
      {
        "time": 29634,
        "key": "1Key3"
      },
      {
        "time": 29635,
        "key": "1Key10"
      },
      {
        "time": 29636,
        "key": "1Key5"
      },
      {
        "time": 29907,
        "key": "1Key10"
      },
      {
        "time": 30292,
        "key": "1Key10"
      },
      {
        "time": 30778,
        "key": "1Key10"
      },
      {
        "time": 30899,
        "key": "1Key10"
      },
      {
        "time": 30900,
        "key": "1Key7"
      },
      {
        "time": 30901,
        "key": "1Key3"
      },
      {
        "time": 31345,
        "key": "1Key9"
      },
      {
        "time": 31759,
        "key": "1Key9"
      },
      {
        "time": 32175,
        "key": "1Key9"
      },
      {
        "time": 32295,
        "key": "1Key9"
      },
      {
        "time": 32466,
        "key": "1Key2"
      },
      {
        "time": 32500,
        "key": "1Key9"
      },
      {
        "time": 32515,
        "key": "1Key4"
      },
      {
        "time": 32958,
        "key": "1Key8"
      },
      {
        "time": 33344,
        "key": "1Key8"
      },
      {
        "time": 33724,
        "key": "1Key9"
      },
      {
        "time": 34127,
        "key": "1Key4"
      },
      {
        "time": 34128,
        "key": "1Key8"
      },
      {
        "time": 34165,
        "key": "1Key1"
      },
      {
        "time": 34862,
        "key": "1Key11"
      },
      {
        "time": 35462,
        "key": "1Key9"
      },
      {
        "time": 35510,
        "key": "1Key4"
      },
      {
        "time": 35516,
        "key": "1Key2"
      },
      {
        "time": 35857,
        "key": "1Key9"
      },
      {
        "time": 36224,
        "key": "1Key9"
      },
      {
        "time": 36831,
        "key": "1Key9"
      },
      {
        "time": 36834,
        "key": "1Key2"
      },
      {
        "time": 36876,
        "key": "1Key4"
      },
      {
        "time": 37174,
        "key": "1Key9"
      },
      {
        "time": 37540,
        "key": "1Key9"
      },
      {
        "time": 38094,
        "key": "1Key9"
      },
      {
        "time": 38136,
        "key": "1Key4"
      },
      {
        "time": 38137,
        "key": "1Key2"
      },
      {
        "time": 38498,
        "key": "1Key11"
      },
      {
        "time": 38858,
        "key": "1Key7"
      },
      {
        "time": 39312,
        "key": "1Key8"
      },
      {
        "time": 39478,
        "key": "1Key4"
      },
      {
        "time": 39521,
        "key": "1Key9"
      },
      {
        "time": 39522,
        "key": "1Key2"
      },
      {
        "time": 40544,
        "key": "1Key7"
      },
      {
        "time": 40596,
        "key": "1Key3"
      },
      {
        "time": 40603,
        "key": "1Key10"
      },
      {
        "time": 40614,
        "key": "1Key5"
      },
      {
        "time": 40962,
        "key": "1Key10"
      },
      {
        "time": 41309,
        "key": "1Key10"
      },
      {
        "time": 41758,
        "key": "1Key10"
      },
      {
        "time": 41952,
        "key": "1Key10"
      },
      {
        "time": 41954,
        "key": "1Key7"
      },
      {
        "time": 41955,
        "key": "1Key3"
      },
      {
        "time": 42341,
        "key": "1Key9"
      },
      {
        "time": 42708,
        "key": "1Key9"
      },
      {
        "time": 43057,
        "key": "1Key9"
      },
      {
        "time": 43357,
        "key": "1Key4"
      },
      {
        "time": 43397,
        "key": "1Key11"
      },
      {
        "time": 43397,
        "key": "1Key6"
      },
      {
        "time": 43398,
        "key": "1Key8"
      },
      {
        "time": 43774,
        "key": "1Key11"
      },
      {
        "time": 44178,
        "key": "1Key10"
      },
      {
        "time": 44570,
        "key": "1Key8"
      },
      {
        "time": 44926,
        "key": "1Key0"
      },
      {
        "time": 44971,
        "key": "1Key2"
      },
      {
        "time": 44973,
        "key": "1Key4"
      },
      {
        "time": 44996,
        "key": "1Key7"
      }
    ]
  }
]