[
  {
    "name": "Christmas - Last Christmas",
    "bpm": 200,
    "songNotes": [
      {
        "key": "1Key0",
        "time": 500
      },
      {
        "key": "1Key2",
        "time": 500
      },
      {
        "key": "1Key4",
        "time": 500
      },
      {
        "key": "1Key8",
        "time": 800
      },
      {
        "key": "1Key8",
        "time": 1100
      },
      {
        "key": "1Key7",
        "time": 1400
      },
      {
        "key": "1Key4",
        "time": 2000
      },
      {
        "key": "1Key8",
        "time": 2300
      },
      {
        "key": "1Key8",
        "time": 2600
      },
      {
        "key": "1Key9",
        "time": 2900
      },
      {
        "key": "1Key7",
        "time": 3200
      },
      {
        "key": "1Key4",
        "time": 3500
      },
      {
        "key": "1Key4",
        "time": 3800
      },
      {
        "key": "1Key0",
        "time": 4100
      },
      {
        "key": "1Key2",
        "time": 4100
      },
      {
        "key": "1Key5",
        "time": 4100
      },
      {
        "key": "1Key8",
        "time": 4100
      },
      {
        "key": "1Key8",
        "time": 4400
      },
      {
        "key": "1Key9",
        "time": 4700
      },
      {
        "key": "1Key7",
        "time": 5000
      },
      {
        "key": "1Key7",
        "time": 5300
      },
      {
        "key": "1Key6",
        "time": 5600
      },
      {
        "key": "1Key7",
        "time": 5900
      },
      {
        "key": "1Key6",
        "time": 6200
      },
      {
        "key": "1Key5",
        "time": 6500
      },
      {
        "key": "1Key1",
        "time": 6800
      },
      {
        "key": "1Key3",
        "time": 6800
      },
      {
        "key": "1Key5",
        "time": 6800
      },
      {
        "key": "1Key9",
        "time": 6800
      },
      {
        "key": "1Key8",
        "time": 7100
      },
      {
        "key": "1Key5",
        "time": 7700
      },
      {
        "key": "1Key9",
        "time": 8000
      },
      {
        "key": "1Key10",
        "time": 8300
      },
      {
        "key": "1Key9",
        "time": 8600
      },
      {
        "key": "1Key8",
        "time": 8900
      },
      {
        "key": "1Key7",
        "time": 9200
      },
      {
        "key": "1Key1",
        "time": 9500
      },
      {
        "key": "1Key4",
        "time": 9500
      },
      {
        "key": "1Key6",
        "time": 9500
      },
      {
        "key": "1Key7",
        "time": 9800
      },
      {
        "key": "1Key7",
        "time": 10100
      },
      {
        "key": "1Key6",
        "time": 10400
      },
      {
        "key": "1Key7",
        "time": 10700
      },
      {
        "key": "1Key6",
        "time": 11000
      },
      {
        "key": "1Key4",
        "time": 11300
      }
    ]
  }
]