[
  {
    "name": "Coldplay -  Everglow",
    "bpm": 477,
    "songNotes": [
      {
        "key": "1Key7",
        "time": 100
      },
      {
        "key": "1Key8",
        "time": 350
      },
      {
        "key": "1Key7",
        "time": 600
      },
      {
        "key": "1Key9",
        "time": 600
      },
      {
        "key": "1Key7",
        "time": 1100
      },
      {
        "key": "1Key14",
        "time": 1100
      },
      {
        "key": "1Key13",
        "time": 1600
      },
      {
        "key": "1Key7",
        "time": 2100
      },
      {
        "key": "1Key12",
        "time": 2100
      },
      {
        "key": "1Key7",
        "time": 3100
      },
      {
        "key": "1Key11",
        "time": 3100
      },
      {
        "key": "1Key7",
        "time": 4100
      },
      {
        "key": "1Key8",
        "time": 4350
      },
      {
        "key": "1Key4",
        "time": 4600
      },
      {
        "key": "1Key7",
        "time": 4600
      },
      {
        "key": "1Key9",
        "time": 4600
      },
      {
        "key": "1Key11",
        "time": 5100
      },
      {
        "key": "1Key9",
        "time": 5600
      },
      {
        "key": "1Key4",
        "time": 6100
      },
      {
        "key": "1Key7",
        "time": 6100
      },
      {
        "key": "1Key8",
        "time": 6100
      },
      {
        "key": "1Key7",
        "time": 8100
      },
      {
        "key": "1Key8",
        "time": 8350
      },
      {
        "key": "1Key4",
        "time": 8600
      },
      {
        "key": "1Key7",
        "time": 8600
      },
      {
        "key": "1Key9",
        "time": 8600
      },
      {
        "key": "1Key4",
        "time": 9100
      },
      {
        "key": "1Key8",
        "time": 9100
      },
      {
        "key": "1Key7",
        "time": 9600
      },
      {
        "key": "1Key3",
        "time": 10100
      },
      {
        "key": "1Key5",
        "time": 10100
      },
      {
        "key": "1Key4",
        "time": 11100
      },
      {
        "key": "1Key4",
        "time": 12350
      },
      {
        "key": "1Key2",
        "time": 12600
      },
      {
        "key": "1Key4",
        "time": 12600
      },
      {
        "key": "1Key7",
        "time": 12600
      },
      {
        "key": "1Key8",
        "time": 13100
      },
      {
        "key": "1Key2",
        "time": 13350
      },
      {
        "key": "1Key4",
        "time": 13350
      },
      {
        "key": "1Key9",
        "time": 13350
      },
      {
        "key": "1Key1",
        "time": 14100
      },
      {
        "key": "1Key4",
        "time": 14100
      },
      {
        "key": "1Key6",
        "time": 14100
      },
      {
        "key": "1Key8",
        "time": 14100
      },
      {
        "key": "1Key7",
        "time": 16100
      },
      {
        "key": "1Key8",
        "time": 16350
      },
      {
        "key": "1Key4",
        "time": 16600
      },
      {
        "key": "1Key7",
        "time": 16600
      },
      {
        "key": "1Key9",
        "time": 16600
      },
      {
        "key": "1Key7",
        "time": 17100
      },
      {
        "key": "1Key14",
        "time": 17100
      },
      {
        "key": "1Key13",
        "time": 17600
      },
      {
        "key": "1Key7",
        "time": 18100
      },
      {
        "key": "1Key12",
        "time": 18100
      },
      {
        "key": "1Key7",
        "time": 19100
      },
      {
        "key": "1Key11",
        "time": 19100
      },
      {
        "key": "1Key7",
        "time": 20100
      },
      {
        "key": "1Key8",
        "time": 20350
      },
      {
        "key": "1Key4",
        "time": 20600
      },
      {
        "key": "1Key7",
        "time": 20600
      },
      {
        "key": "1Key9",
        "time": 20600
      },
      {
        "key": "1Key11",
        "time": 21100
      },
      {
        "key": "1Key9",
        "time": 21600
      },
      {
        "key": "1Key4",
        "time": 22100
      },
      {
        "key": "1Key7",
        "time": 22100
      },
      {
        "key": "1Key8",
        "time": 22100
      },
      {
        "key": "1Key7",
        "time": 24100
      },
      {
        "key": "1Key8",
        "time": 24350
      },
      {
        "key": "1Key4",
        "time": 24600
      },
      {
        "key": "1Key7",
        "time": 24600
      },
      {
        "key": "1Key9",
        "time": 24600
      },
      {
        "key": "1Key4",
        "time": 25100
      },
      {
        "key": "1Key8",
        "time": 25100
      },
      {
        "key": "1Key7",
        "time": 25600
      },
      {
        "key": "1Key3",
        "time": 26100
      },
      {
        "key": "1Key5",
        "time": 26100
      },
      {
        "key": "1Key4",
        "time": 27100
      },
      {
        "key": "1Key2",
        "time": 27600
      },
      {
        "key": "1Key4",
        "time": 28100
      },
      {
        "key": "1Key4",
        "time": 28600
      },
      {
        "key": "1Key2",
        "time": 29350
      },
      {
        "key": "1Key2",
        "time": 29600
      },
      {
        "key": "1Key1",
        "time": 30100
      },
      {
        "key": "1Key4",
        "time": 30100
      },
      {
        "key": "1Key7",
        "time": 32100
      },
      {
        "key": "1Key8",
        "time": 32350
      },
      {
        "key": "1Key4",
        "time": 32600
      },
      {
        "key": "1Key7",
        "time": 32600
      },
      {
        "key": "1Key9",
        "time": 32600
      },
      {
        "key": "1Key4",
        "time": 33100
      },
      {
        "key": "1Key8",
        "time": 33100
      },
      {
        "key": "1Key7",
        "time": 33600
      },
      {
        "key": "1Key3",
        "time": 34100
      },
      {
        "key": "1Key5",
        "time": 34100
      },
      {
        "key": "1Key4",
        "time": 35100
      },
      {
        "key": "1Key4",
        "time": 36350
      },
      {
        "key": "1Key2",
        "time": 36600
      },
      {
        "key": "1Key4",
        "time": 36600
      },
      {
        "key": "1Key7",
        "time": 36600
      },
      {
        "key": "1Key8",
        "time": 37100
      },
      {
        "key": "1Key2",
        "time": 37350
      },
      {
        "key": "1Key4",
        "time": 37350
      },
      {
        "key": "1Key8",
        "time": 37350
      },
      {
        "key": "1Key1",
        "time": 38100
      },
      {
        "key": "1Key4",
        "time": 38100
      },
      {
        "key": "1Key6",
        "time": 38100
      },
      {
        "key": "1Key8",
        "time": 38100
      },
      {
        "key": "1Key7",
        "time": 40100
      },
      {
        "key": "1Key8",
        "time": 40350
      },
      {
        "key": "1Key0",
        "time": 40600
      },
      {
        "key": "1Key2",
        "time": 40600
      },
      {
        "key": "1Key5",
        "time": 40600
      },
      {
        "key": "1Key7",
        "time": 40600
      },
      {
        "key": "1Key9",
        "time": 40600
      },
      {
        "key": "1Key11",
        "time": 41100
      },
      {
        "key": "1Key11",
        "time": 41600
      },
      {
        "key": "1Key0",
        "time": 42100
      },
      {
        "key": "1Key3",
        "time": 42100
      },
      {
        "key": "1Key5",
        "time": 42100
      },
      {
        "key": "1Key7",
        "time": 42100
      },
      {
        "key": "1Key10",
        "time": 42100
      },
      {
        "key": "1Key12",
        "time": 42100
      },
      {
        "key": "1Key0",
        "time": 44600
      },
      {
        "key": "1Key2",
        "time": 44600
      },
      {
        "key": "1Key4",
        "time": 44600
      },
      {
        "key": "1Key7",
        "time": 44600
      },
      {
        "key": "1Key9",
        "time": 44600
      },
      {
        "key": "1Key4",
        "time": 45100
      },
      {
        "key": "1Key7",
        "time": 45100
      },
      {
        "key": "1Key9",
        "time": 45100
      },
      {
        "key": "1Key9",
        "time": 45600
      },
      {
        "key": "1Key1",
        "time": 46100
      },
      {
        "key": "1Key4",
        "time": 46100
      },
      {
        "key": "1Key6",
        "time": 46100
      },
      {
        "key": "1Key8",
        "time": 46100
      },
      {
        "key": "1Key7",
        "time": 48100
      },
      {
        "key": "1Key8",
        "time": 48350
      },
      {
        "key": "1Key0",
        "time": 48600
      },
      {
        "key": "1Key2",
        "time": 48600
      },
      {
        "key": "1Key5",
        "time": 48600
      },
      {
        "key": "1Key7",
        "time": 48600
      },
      {
        "key": "1Key9",
        "time": 48600
      },
      {
        "key": "1Key5",
        "time": 49100
      },
      {
        "key": "1Key8",
        "time": 49100
      },
      {
        "key": "1Key5",
        "time": 49600
      },
      {
        "key": "1Key7",
        "time": 49600
      },
      {
        "key": "1Key0",
        "time": 50100
      },
      {
        "key": "1Key3",
        "time": 50100
      },
      {
        "key": "1Key5",
        "time": 50100
      },
      {
        "key": "1Key4",
        "time": 51100
      },
      {
        "key": "1Key4",
        "time": 52100
      },
      {
        "key": "1Key0",
        "time": 52600
      },
      {
        "key": "1Key7",
        "time": 52600
      },
      {
        "key": "1Key8",
        "time": 53100
      },
      {
        "key": "1Key7",
        "time": 53350
      },
      {
        "key": "1Key9",
        "time": 53350
      },
      {
        "key": "1Key6",
        "time": 54100
      },
      {
        "key": "1Key8",
        "time": 54100
      },
      {
        "key": "1Key7",
        "time": 56350
      },
      {
        "key": "1Key0",
        "time": 56600
      },
      {
        "key": "1Key2",
        "time": 56600
      },
      {
        "key": "1Key5",
        "time": 56600
      },
      {
        "key": "1Key7",
        "time": 56600
      },
      {
        "key": "1Key9",
        "time": 56600
      },
      {
        "key": "1Key11",
        "time": 57100
      },
      {
        "key": "1Key11",
        "time": 57600
      },
      {
        "key": "1Key0",
        "time": 58100
      },
      {
        "key": "1Key3",
        "time": 58100
      },
      {
        "key": "1Key5",
        "time": 58100
      },
      {
        "key": "1Key7",
        "time": 58100
      },
      {
        "key": "1Key10",
        "time": 58100
      },
      {
        "key": "1Key12",
        "time": 58100
      },
      {
        "key": "1Key7",
        "time": 60100
      },
      {
        "key": "1Key8",
        "time": 60350
      },
      {
        "key": "1Key0",
        "time": 60600
      },
      {
        "key": "1Key2",
        "time": 60600
      },
      {
        "key": "1Key4",
        "time": 60600
      },
      {
        "key": "1Key7",
        "time": 60600
      },
      {
        "key": "1Key9",
        "time": 60600
      },
      {
        "key": "1Key4",
        "time": 61100
      },
      {
        "key": "1Key7",
        "time": 61100
      },
      {
        "key": "1Key9",
        "time": 61100
      },
      {
        "key": "1Key9",
        "time": 61600
      },
      {
        "key": "1Key1",
        "time": 62100
      },
      {
        "key": "1Key4",
        "time": 62100
      },
      {
        "key": "1Key6",
        "time": 62100
      },
      {
        "key": "1Key8",
        "time": 62100
      },
      {
        "key": "1Key7",
        "time": 64100
      },
      {
        "key": "1Key8",
        "time": 64350
      },
      {
        "key": "1Key0",
        "time": 64600
      },
      {
        "key": "1Key2",
        "time": 64600
      },
      {
        "key": "1Key5",
        "time": 64600
      },
      {
        "key": "1Key7",
        "time": 64600
      },
      {
        "key": "1Key9",
        "time": 64600
      },
      {
        "key": "1Key5",
        "time": 65100
      },
      {
        "key": "1Key8",
        "time": 65100
      },
      {
        "key": "1Key5",
        "time": 65600
      },
      {
        "key": "1Key7",
        "time": 65600
      },
      {
        "key": "1Key0",
        "time": 66100
      },
      {
        "key": "1Key3",
        "time": 66100
      },
      {
        "key": "1Key5",
        "time": 66100
      },
      {
        "key": "1Key4",
        "time": 67100
      },
      {
        "key": "1Key2",
        "time": 67600
      },
      {
        "key": "1Key0",
        "time": 68600
      },
      {
        "key": "1Key2",
        "time": 68600
      },
      {
        "key": "1Key4",
        "time": 68600
      },
      {
        "key": "1Key7",
        "time": 68600
      },
      {
        "key": "1Key4",
        "time": 69350
      },
      {
        "key": "1Key1",
        "time": 70100
      },
      {
        "key": "1Key4",
        "time": 70100
      },
      {
        "key": "1Key6",
        "time": 70100
      },
      {
        "key": "1Key4",
        "time": 71350
      },
      {
        "key": "1Key7",
        "time": 71600
      },
      {
        "key": "1Key4",
        "time": 71850
      },
      {
        "key": "1Key7",
        "time": 72100
      },
      {
        "key": "1Key11",
        "time": 72350
      },
      {
        "key": "1Key5",
        "time": 72600
      },
      {
        "key": "1Key14",
        "time": 72600
      },
      {
        "key": "1Key11",
        "time": 72850
      },
      {
        "key": "1Key14",
        "time": 73100
      },
      {
        "key": "1Key5",
        "time": 73350
      },
      {
        "key": "1Key14",
        "time": 73850
      },
      {
        "key": "1Key3",
        "time": 74100
      },
      {
        "key": "1Key11",
        "time": 74100
      },
      {
        "key": "1Key9",
        "time": 74350
      },
      {
        "key": "1Key11",
        "time": 74600
      },
      {
        "key": "1Key8",
        "time": 74850
      },
      {
        "key": "1Key3",
        "time": 75600
      },
      {
        "key": "1Key0",
        "time": 76600
      },
      {
        "key": "1Key7",
        "time": 76600
      },
      {
        "key": "1Key4",
        "time": 76850
      },
      {
        "key": "1Key7",
        "time": 77100
      },
      {
        "key": "1Key0",
        "time": 77350
      },
      {
        "key": "1Key11",
        "time": 77350
      },
      {
        "key": "1Key9",
        "time": 77600
      },
      {
        "key": "1Key7",
        "time": 77850
      },
      {
        "key": "1Key4",
        "time": 78100
      },
      {
        "key": "1Key2",
        "time": 78350
      },
      {
        "key": "1Key4",
        "time": 78600
      },
      {
        "key": "1Key7",
        "time": 78850
      },
      {
        "key": "1Key6",
        "time": 79100
      },
      {
        "key": "1Key5",
        "time": 80600
      },
      {
        "key": "1Key14",
        "time": 80600
      },
      {
        "key": "1Key11",
        "time": 80850
      },
      {
        "key": "1Key14",
        "time": 81100
      },
      {
        "key": "1Key5",
        "time": 81350
      },
      {
        "key": "1Key14",
        "time": 81850
      },
      {
        "key": "1Key3",
        "time": 82100
      },
      {
        "key": "1Key11",
        "time": 82100
      },
      {
        "key": "1Key9",
        "time": 82350
      },
      {
        "key": "1Key11",
        "time": 82600
      },
      {
        "key": "1Key8",
        "time": 82850
      },
      {
        "key": "1Key3",
        "time": 83600
      },
      {
        "key": "1Key0",
        "time": 84600
      },
      {
        "key": "1Key7",
        "time": 84600
      },
      {
        "key": "1Key4",
        "time": 84850
      },
      {
        "key": "1Key7",
        "time": 85100
      },
      {
        "key": "1Key0",
        "time": 85350
      },
      {
        "key": "1Key11",
        "time": 85350
      },
      {
        "key": "1Key9",
        "time": 85600
      },
      {
        "key": "1Key7",
        "time": 85850
      },
      {
        "key": "1Key4",
        "time": 86100
      },
      {
        "key": "1Key2",
        "time": 86350
      },
      {
        "key": "1Key4",
        "time": 86600
      },
      {
        "key": "1Key7",
        "time": 86850
      },
      {
        "key": "1Key6",
        "time": 87100
      },
      {
        "key": "1Key7",
        "time": 88100
      },
      {
        "key": "1Key8",
        "time": 88350
      },
      {
        "key": "1Key0",
        "time": 88600
      },
      {
        "key": "1Key2",
        "time": 88600
      },
      {
        "key": "1Key5",
        "time": 88600
      },
      {
        "key": "1Key7",
        "time": 88600
      },
      {
        "key": "1Key9",
        "time": 88600
      },
      {
        "key": "1Key11",
        "time": 89100
      },
      {
        "key": "1Key11",
        "time": 89600
      },
      {
        "key": "1Key0",
        "time": 90100
      },
      {
        "key": "1Key3",
        "time": 90100
      },
      {
        "key": "1Key5",
        "time": 90100
      },
      {
        "key": "1Key7",
        "time": 90100
      },
      {
        "key": "1Key10",
        "time": 90100
      },
      {
        "key": "1Key12",
        "time": 90100
      },
      {
        "key": "1Key0",
        "time": 92600
      },
      {
        "key": "1Key2",
        "time": 92600
      },
      {
        "key": "1Key4",
        "time": 92600
      },
      {
        "key": "1Key7",
        "time": 92600
      },
      {
        "key": "1Key9",
        "time": 92600
      },
      {
        "key": "1Key4",
        "time": 93100
      },
      {
        "key": "1Key7",
        "time": 93100
      },
      {
        "key": "1Key9",
        "time": 93100
      },
      {
        "key": "1Key9",
        "time": 93600
      },
      {
        "key": "1Key1",
        "time": 94100
      },
      {
        "key": "1Key4",
        "time": 94100
      },
      {
        "key": "1Key6",
        "time": 94100
      },
      {
        "key": "1Key8",
        "time": 94100
      },
      {
        "key": "1Key7",
        "time": 96100
      },
      {
        "key": "1Key8",
        "time": 96350
      },
      {
        "key": "1Key0",
        "time": 96600
      },
      {
        "key": "1Key2",
        "time": 96600
      },
      {
        "key": "1Key5",
        "time": 96600
      },
      {
        "key": "1Key7",
        "time": 96600
      },
      {
        "key": "1Key9",
        "time": 96600
      },
      {
        "key": "1Key5",
        "time": 97100
      },
      {
        "key": "1Key8",
        "time": 97100
      },
      {
        "key": "1Key5",
        "time": 97600
      },
      {
        "key": "1Key7",
        "time": 97600
      },
      {
        "key": "1Key0",
        "time": 98100
      },
      {
        "key": "1Key3",
        "time": 98100
      },
      {
        "key": "1Key5",
        "time": 98100
      },
      {
        "key": "1Key4",
        "time": 99100
      },
      {
        "key": "1Key4",
        "time": 100100
      },
      {
        "key": "1Key0",
        "time": 100600
      },
      {
        "key": "1Key7",
        "time": 100600
      },
      {
        "key": "1Key8",
        "time": 101100
      },
      {
        "key": "1Key7",
        "time": 101350
      },
      {
        "key": "1Key9",
        "time": 101350
      },
      {
        "key": "1Key6",
        "time": 102100
      },
      {
        "key": "1Key8",
        "time": 102100
      },
      {
        "key": "1Key11",
        "time": 103100
      },
      {
        "key": "1Key9",
        "time": 103475
      },
      {
        "key": "1Key8",
        "time": 103600
      },
      {
        "key": "1Key7",
        "time": 103725
      },
      {
        "key": "1Key6",
        "time": 103975
      },
      {
        "key": "1Key7",
        "time": 104225
      },
      {
        "key": "1Key8",
        "time": 104475
      },
      {
        "key": "1Key0",
        "time": 104725
      },
      {
        "key": "1Key2",
        "time": 104725
      },
      {
        "key": "1Key5",
        "time": 104725
      },
      {
        "key": "1Key7",
        "time": 104725
      },
      {
        "key": "1Key9",
        "time": 104725
      },
      {
        "key": "1Key11",
        "time": 105225
      },
      {
        "key": "1Key11",
        "time": 105725
      },
      {
        "key": "1Key0",
        "time": 106225
      },
      {
        "key": "1Key3",
        "time": 106225
      },
      {
        "key": "1Key5",
        "time": 106225
      },
      {
        "key": "1Key7",
        "time": 106225
      },
      {
        "key": "1Key10",
        "time": 106225
      },
      {
        "key": "1Key12",
        "time": 106225
      },
      {
        "key": "1Key7",
        "time": 108475
      },
      {
        "key": "1Key0",
        "time": 108725
      },
      {
        "key": "1Key2",
        "time": 108725
      },
      {
        "key": "1Key4",
        "time": 108725
      },
      {
        "key": "1Key7",
        "time": 108725
      },
      {
        "key": "1Key9",
        "time": 108725
      },
      {
        "key": "1Key4",
        "time": 109225
      },
      {
        "key": "1Key7",
        "time": 109225
      },
      {
        "key": "1Key9",
        "time": 109225
      },
      {
        "key": "1Key9",
        "time": 109725
      },
      {
        "key": "1Key1",
        "time": 110225
      },
      {
        "key": "1Key4",
        "time": 110225
      },
      {
        "key": "1Key6",
        "time": 110225
      },
      {
        "key": "1Key8",
        "time": 110225
      },
      {
        "key": "1Key7",
        "time": 112225
      },
      {
        "key": "1Key8",
        "time": 112475
      },
      {
        "key": "1Key0",
        "time": 112725
      },
      {
        "key": "1Key2",
        "time": 112725
      },
      {
        "key": "1Key5",
        "time": 112725
      },
      {
        "key": "1Key7",
        "time": 112725
      },
      {
        "key": "1Key9",
        "time": 112725
      },
      {
        "key": "1Key5",
        "time": 113225
      },
      {
        "key": "1Key8",
        "time": 113225
      },
      {
        "key": "1Key5",
        "time": 113725
      },
      {
        "key": "1Key7",
        "time": 113725
      },
      {
        "key": "1Key0",
        "time": 114225
      },
      {
        "key": "1Key3",
        "time": 114225
      },
      {
        "key": "1Key5",
        "time": 114225
      },
      {
        "key": "1Key4",
        "time": 115225
      },
      {
        "key": "1Key2",
        "time": 115725
      },
      {
        "key": "1Key0",
        "time": 116725
      },
      {
        "key": "1Key2",
        "time": 116725
      },
      {
        "key": "1Key7",
        "time": 116725
      },
      {
        "key": "1Key4",
        "time": 117475
      },
      {
        "key": "1Key1",
        "time": 118225
      },
      {
        "key": "1Key6",
        "time": 118225
      },
      {
        "key": "1Key7",
        "time": 120225
      },
      {
        "key": "1Key8",
        "time": 120475
      },
      {
        "key": "1Key0",
        "time": 120725
      },
      {
        "key": "1Key2",
        "time": 120725
      },
      {
        "key": "1Key5",
        "time": 120725
      },
      {
        "key": "1Key7",
        "time": 120725
      },
      {
        "key": "1Key9",
        "time": 120725
      },
      {
        "key": "1Key5",
        "time": 121225
      },
      {
        "key": "1Key8",
        "time": 121225
      },
      {
        "key": "1Key5",
        "time": 121725
      },
      {
        "key": "1Key7",
        "time": 121725
      },
      {
        "key": "1Key0",
        "time": 122225
      },
      {
        "key": "1Key3",
        "time": 122225
      },
      {
        "key": "1Key5",
        "time": 122225
      },
      {
        "key": "1Key4",
        "time": 123225
      },
      {
        "key": "1Key2",
        "time": 123725
      },
      {
        "key": "1Key0",
        "time": 124725
      },
      {
        "key": "1Key2",
        "time": 124725
      },
      {
        "key": "1Key4",
        "time": 124725
      },
      {
        "key": "1Key7",
        "time": 124725
      },
      {
        "key": "1Key4",
        "time": 126225
      },
      {
        "key": "1Key7",
        "time": 126225
      },
      {
        "key": "1Key0",
        "time": 126725
      },
      {
        "key": "1Key4",
        "time": 127475
      },
      {
        "key": "1Key7",
        "time": 127725
      },
      {
        "key": "1Key4",
        "time": 127975
      },
      {
        "key": "1Key7",
        "time": 128225
      },
      {
        "key": "1Key11",
        "time": 128475
      },
      {
        "key": "1Key1",
        "time": 128725
      },
      {
        "key": "1Key6",
        "time": 128725
      },
      {
        "key": "1Key4",
        "time": 129475
      },
      {
        "key": "1Key1",
        "time": 130225
      },
      {
        "key": "1Key11",
        "time": 130225
      },
      {
        "key": "1Key4",
        "time": 131475
      },
      {
        "key": "1Key5",
        "time": 131725
      },
      {
        "key": "1Key7",
        "time": 131975
      },
      {
        "key": "1Key7",
        "time": 132725
      },
      {
        "key": "1Key14",
        "time": 133225
      },
      {
        "key": "1Key13",
        "time": 133725
      },
      {
        "key": "1Key12",
        "time": 134225
      },
      {
        "key": "1Key11",
        "time": 135225
      },
      {
        "key": "1Key4",
        "time": 136225
      },
      {
        "key": "1Key0",
        "time": 136725
      },
      {
        "key": "1Key7",
        "time": 136725
      },
      {
        "key": "1Key8",
        "time": 137225
      },
      {
        "key": "1Key9",
        "time": 137475
      },
      {
        "key": "1Key2",
        "time": 138225
      },
      {
        "key": "1Key8",
        "time": 138225
      },
      {
        "key": "1Key4",
        "time": 139225
      },
      {
        "key": "1Key9",
        "time": 139725
      },
      {
        "key": "1Key11",
        "time": 139975
      },
      {
        "key": "1Key7",
        "time": 140725
      },
      {
        "key": "1Key14",
        "time": 141225
      },
      {
        "key": "1Key13",
        "time": 141725
      },
      {
        "key": "1Key12",
        "time": 142225
      },
      {
        "key": "1Key11",
        "time": 143225
      },
      {
        "key": "1Key4",
        "time": 144225
      },
      {
        "key": "1Key0",
        "time": 144725
      },
      {
        "key": "1Key11",
        "time": 144725
      },
      {
        "key": "1Key9",
        "time": 145225
      },
      {
        "key": "1Key7",
        "time": 145475
      },
      {
        "key": "1Key2",
        "time": 146225
      },
      {
        "key": "1Key8",
        "time": 146225
      },
      {
        "key": "1Key8",
        "time": 147225
      },
      {
        "key": "1Key7",
        "time": 147475
      },
      {
        "key": "1Key8",
        "time": 147725
      },
      {
        "key": "1Key7",
        "time": 148225
      },
      {
        "key": "1Key8",
        "time": 148475
      },
      {
        "key": "1Key9",
        "time": 148725
      },
      {
        "key": "1Key14",
        "time": 149225
      },
      {
        "key": "1Key13",
        "time": 149725
      },
      {
        "key": "1Key12",
        "time": 150225
      },
      {
        "key": "1Key11",
        "time": 151225
      },
      {
        "key": "1Key7",
        "time": 152225
      },
      {
        "key": "1Key8",
        "time": 152475
      },
      {
        "key": "1Key0",
        "time": 152725
      },
      {
        "key": "1Key9",
        "time": 152725
      },
      {
        "key": "1Key11",
        "time": 153225
      },
      {
        "key": "1Key9",
        "time": 153725
      },
      {
        "key": "1Key2",
        "time": 154225
      },
      {
        "key": "1Key8",
        "time": 154225
      },
      {
        "key": "1Key7",
        "time": 156225
      },
      {
        "key": "1Key8",
        "time": 156475
      },
      {
        "key": "1Key9",
        "time": 156725
      },
      {
        "key": "1Key8",
        "time": 157225
      },
      {
        "key": "1Key7",
        "time": 157725
      },
      {
        "key": "1Key5",
        "time": 158225
      },
      {
        "key": "1Key4",
        "time": 159225
      },
      {
        "key": "1Key7",
        "time": 160225
      },
      {
        "key": "1Key8",
        "time": 161225
      },
      {
        "key": "1Key8",
        "time": 161475
      },
      {
        "key": "1Key8",
        "time": 162225
      },
      {
        "key": "1Key4",
        "time": 163725
      },
      {
        "key": "1Key5",
        "time": 164725
      },
      {
        "key": "1Key14",
        "time": 164725
      },
      {
        "key": "1Key11",
        "time": 164975
      },
      {
        "key": "1Key14",
        "time": 165225
      },
      {
        "key": "1Key5",
        "time": 165475
      },
      {
        "key": "1Key14",
        "time": 165975
      },
      {
        "key": "1Key3",
        "time": 166225
      },
      {
        "key": "1Key11",
        "time": 166225
      },
      {
        "key": "1Key9",
        "time": 166475
      },
      {
        "key": "1Key11",
        "time": 166725
      },
      {
        "key": "1Key8",
        "time": 166975
      },
      {
        "key": "1Key3",
        "time": 167725
      },
      {
        "key": "1Key0",
        "time": 168725
      },
      {
        "key": "1Key7",
        "time": 168725
      },
      {
        "key": "1Key4",
        "time": 168975
      },
      {
        "key": "1Key7",
        "time": 169225
      },
      {
        "key": "1Key0",
        "time": 169475
      },
      {
        "key": "1Key11",
        "time": 169475
      },
      {
        "key": "1Key9",
        "time": 169725
      },
      {
        "key": "1Key7",
        "time": 169975
      },
      {
        "key": "1Key4",
        "time": 170225
      },
      {
        "key": "1Key2",
        "time": 170475
      },
      {
        "key": "1Key4",
        "time": 170725
      },
      {
        "key": "1Key7",
        "time": 170975
      },
      {
        "key": "1Key6",
        "time": 171225
      },
      {
        "key": "1Key5",
        "time": 172725
      },
      {
        "key": "1Key14",
        "time": 172725
      },
      {
        "key": "1Key11",
        "time": 172975
      },
      {
        "key": "1Key14",
        "time": 173225
      },
      {
        "key": "1Key5",
        "time": 173475
      },
      {
        "key": "1Key14",
        "time": 173975
      },
      {
        "key": "1Key3",
        "time": 174225
      },
      {
        "key": "1Key11",
        "time": 174225
      },
      {
        "key": "1Key9",
        "time": 174475
      },
      {
        "key": "1Key11",
        "time": 174725
      },
      {
        "key": "1Key8",
        "time": 174975
      },
      {
        "key": "1Key3",
        "time": 175725
      },
      {
        "key": "1Key0",
        "time": 176725
      },
      {
        "key": "1Key7",
        "time": 176725
      },
      {
        "key": "1Key4",
        "time": 176975
      },
      {
        "key": "1Key7",
        "time": 177225
      },
      {
        "key": "1Key0",
        "time": 177475
      },
      {
        "key": "1Key11",
        "time": 177475
      },
      {
        "key": "1Key9",
        "time": 177725
      },
      {
        "key": "1Key7",
        "time": 177975
      },
      {
        "key": "1Key4",
        "time": 178225
      },
      {
        "key": "1Key2",
        "time": 178475
      },
      {
        "key": "1Key4",
        "time": 178725
      },
      {
        "key": "1Key7",
        "time": 178975
      },
      {
        "key": "1Key6",
        "time": 179225
      },
      {
        "key": "1Key7",
        "time": 180225
      },
      {
        "key": "1Key8",
        "time": 180475
      },
      {
        "key": "1Key0",
        "time": 180725
      },
      {
        "key": "1Key2",
        "time": 180725
      },
      {
        "key": "1Key5",
        "time": 180725
      },
      {
        "key": "1Key7",
        "time": 180725
      },
      {
        "key": "1Key9",
        "time": 180725
      },
      {
        "key": "1Key11",
        "time": 181225
      },
      {
        "key": "1Key11",
        "time": 181725
      },
      {
        "key": "1Key0",
        "time": 182225
      },
      {
        "key": "1Key3",
        "time": 182225
      },
      {
        "key": "1Key5",
        "time": 182225
      },
      {
        "key": "1Key7",
        "time": 182225
      },
      {
        "key": "1Key10",
        "time": 182225
      },
      {
        "key": "1Key12",
        "time": 182225
      },
      {
        "key": "1Key0",
        "time": 184725
      },
      {
        "key": "1Key2",
        "time": 184725
      },
      {
        "key": "1Key4",
        "time": 184725
      },
      {
        "key": "1Key7",
        "time": 184725
      },
      {
        "key": "1Key9",
        "time": 184725
      },
      {
        "key": "1Key4",
        "time": 185225
      },
      {
        "key": "1Key7",
        "time": 185225
      },
      {
        "key": "1Key9",
        "time": 185225
      },
      {
        "key": "1Key11",
        "time": 185725
      },
      {
        "key": "1Key1",
        "time": 186225
      },
      {
        "key": "1Key4",
        "time": 186225
      },
      {
        "key": "1Key6",
        "time": 186225
      },
      {
        "key": "1Key8",
        "time": 186225
      },
      {
        "key": "1Key7",
        "time": 188225
      },
      {
        "key": "1Key8",
        "time": 188475
      },
      {
        "key": "1Key0",
        "time": 188725
      },
      {
        "key": "1Key2",
        "time": 188725
      },
      {
        "key": "1Key5",
        "time": 188725
      },
      {
        "key": "1Key7",
        "time": 188725
      },
      {
        "key": "1Key9",
        "time": 188725
      },
      {
        "key": "1Key5",
        "time": 189225
      },
      {
        "key": "1Key8",
        "time": 189225
      },
      {
        "key": "1Key5",
        "time": 189725
      },
      {
        "key": "1Key7",
        "time": 189725
      },
      {
        "key": "1Key0",
        "time": 190225
      },
      {
        "key": "1Key3",
        "time": 190225
      },
      {
        "key": "1Key5",
        "time": 190225
      },
      {
        "key": "1Key4",
        "time": 191225
      },
      {
        "key": "1Key4",
        "time": 192225
      },
      {
        "key": "1Key0",
        "time": 192725
      },
      {
        "key": "1Key7",
        "time": 192725
      },
      {
        "key": "1Key8",
        "time": 193225
      },
      {
        "key": "1Key7",
        "time": 193475
      },
      {
        "key": "1Key9",
        "time": 193475
      },
      {
        "key": "1Key6",
        "time": 194225
      },
      {
        "key": "1Key8",
        "time": 194225
      },
      {
        "key": "1Key11",
        "time": 195225
      },
      {
        "key": "1Key9",
        "time": 195600
      },
      {
        "key": "1Key8",
        "time": 195725
      },
      {
        "key": "1Key7",
        "time": 195850
      },
      {
        "key": "1Key6",
        "time": 196100
      },
      {
        "key": "1Key7",
        "time": 196350
      },
      {
        "key": "1Key8",
        "time": 196600
      },
      {
        "key": "1Key0",
        "time": 196850
      },
      {
        "key": "1Key2",
        "time": 196850
      },
      {
        "key": "1Key5",
        "time": 196850
      },
      {
        "key": "1Key7",
        "time": 196850
      },
      {
        "key": "1Key9",
        "time": 196850
      },
      {
        "key": "1Key11",
        "time": 197350
      },
      {
        "key": "1Key11",
        "time": 197850
      },
      {
        "key": "1Key0",
        "time": 198350
      },
      {
        "key": "1Key3",
        "time": 198350
      },
      {
        "key": "1Key5",
        "time": 198350
      },
      {
        "key": "1Key7",
        "time": 198350
      },
      {
        "key": "1Key10",
        "time": 198350
      },
      {
        "key": "1Key12",
        "time": 198350
      },
      {
        "key": "1Key11",
        "time": 200600
      },
      {
        "key": "1Key0",
        "time": 200850
      },
      {
        "key": "1Key2",
        "time": 200850
      },
      {
        "key": "1Key9",
        "time": 200850
      },
      {
        "key": "1Key11",
        "time": 200850
      },
      {
        "key": "1Key14",
        "time": 200850
      },
      {
        "key": "1Key12",
        "time": 201350
      },
      {
        "key": "1Key7",
        "time": 201850
      },
      {
        "key": "1Key9",
        "time": 201850
      },
      {
        "key": "1Key11",
        "time": 201850
      },
      {
        "key": "1Key1",
        "time": 202350
      },
      {
        "key": "1Key6",
        "time": 202350
      },
      {
        "key": "1Key8",
        "time": 202350
      },
      {
        "key": "1Key11",
        "time": 202350
      },
      {
        "key": "1Key12",
        "time": 204350
      },
      {
        "key": "1Key13",
        "time": 204600
      },
      {
        "key": "1Key0",
        "time": 204850
      },
      {
        "key": "1Key2",
        "time": 204850
      },
      {
        "key": "1Key9",
        "time": 204850
      },
      {
        "key": "1Key12",
        "time": 204850
      },
      {
        "key": "1Key14",
        "time": 204850
      },
      {
        "key": "1Key9",
        "time": 205350
      },
      {
        "key": "1Key13",
        "time": 205350
      },
      {
        "key": "1Key9",
        "time": 205850
      },
      {
        "key": "1Key11",
        "time": 205850
      },
      {
        "key": "1Key0",
        "time": 206350
      },
      {
        "key": "1Key10",
        "time": 206350
      },
      {
        "key": "1Key9",
        "time": 207350
      },
      {
        "key": "1Key7",
        "time": 207850
      },
      {
        "key": "1Key11",
        "time": 208350
      },
      {
        "key": "1Key0",
        "time": 208850
      },
      {
        "key": "1Key2",
        "time": 208850
      },
      {
        "key": "1Key11",
        "time": 209600
      },
      {
        "key": "1Key7",
        "time": 209850
      },
      {
        "key": "1Key1",
        "time": 210350
      },
      {
        "key": "1Key6",
        "time": 210350
      },
      {
        "key": "1Key12",
        "time": 212350
      },
      {
        "key": "1Key13",
        "time": 212600
      },
      {
        "key": "1Key0",
        "time": 212850
      },
      {
        "key": "1Key2",
        "time": 212850
      },
      {
        "key": "1Key7",
        "time": 212850
      },
      {
        "key": "1Key9",
        "time": 212850
      },
      {
        "key": "1Key12",
        "time": 212850
      },
      {
        "key": "1Key7",
        "time": 213850
      },
      {
        "key": "1Key11",
        "time": 213850
      },
      {
        "key": "1Key0",
        "time": 214350
      },
      {
        "key": "1Key7",
        "time": 214350
      },
      {
        "key": "1Key10",
        "time": 214350
      },
      {
        "key": "1Key7",
        "time": 215350
      },
      {
        "key": "1Key9",
        "time": 215350
      },
      {
        "key": "1Key7",
        "time": 215850
      },
      {
        "key": "1Key0",
        "time": 216850
      },
      {
        "key": "1Key2",
        "time": 216850
      },
      {
        "key": "1Key4",
        "time": 216850
      },
      {
        "key": "1Key7",
        "time": 216850
      },
      {
        "key": "1Key4",
        "time": 218350
      },
      {
        "key": "1Key7",
        "time": 218350
      },
      {
        "key": "1Key0",
        "time": 218850
      },
      {
        "key": "1Key4",
        "time": 219600
      },
      {
        "key": "1Key7",
        "time": 219850
      },
      {
        "key": "1Key4",
        "time": 220100
      },
      {
        "key": "1Key7",
        "time": 220350
      },
      {
        "key": "1Key11",
        "time": 220600
      },
      {
        "key": "1Key1",
        "time": 220850
      },
      {
        "key": "1Key6",
        "time": 220850
      },
      {
        "key": "1Key4",
        "time": 221600
      },
      {
        "key": "1Key1",
        "time": 222350
      },
      {
        "key": "1Key11",
        "time": 222350
      },
      {
        "key": "1Key4",
        "time": 223600
      },
      {
        "key": "1Key5",
        "time": 223850
      },
      {
        "key": "1Key7",
        "time": 224100
      },
      {
        "key": "1Key7",
        "time": 224850
      },
      {
        "key": "1Key14",
        "time": 225350
      },
      {
        "key": "1Key13",
        "time": 225850
      },
      {
        "key": "1Key12",
        "time": 226350
      },
      {
        "key": "1Key11",
        "time": 227350
      },
      {
        "key": "1Key4",
        "time": 228350
      },
      {
        "key": "1Key7",
        "time": 228850
      },
      {
        "key": "1Key8",
        "time": 229350
      },
      {
        "key": "1Key9",
        "time": 229600
      },
      {
        "key": "1Key8",
        "time": 230350
      },
      {
        "key": "1Key4",
        "time": 231350
      },
      {
        "key": "1Key9",
        "time": 231850
      },
      {
        "key": "1Key11",
        "time": 232100
      },
      {
        "key": "1Key7",
        "time": 232850
      },
      {
        "key": "1Key14",
        "time": 233350
      },
      {
        "key": "1Key13",
        "time": 233850
      },
      {
        "key": "1Key12",
        "time": 234350
      },
      {
        "key": "1Key11",
        "time": 235350
      },
      {
        "key": "1Key4",
        "time": 236350
      },
      {
        "key": "1Key11",
        "time": 236850
      },
      {
        "key": "1Key9",
        "time": 237350
      },
      {
        "key": "1Key7",
        "time": 237600
      },
      {
        "key": "1Key8",
        "time": 238350
      },
      {
        "key": "1Key8",
        "time": 239350
      },
      {
        "key": "1Key7",
        "time": 239600
      },
      {
        "key": "1Key8",
        "time": 239850
      },
      {
        "key": "1Key7",
        "time": 240350
      },
      {
        "key": "1Key8",
        "time": 240600
      },
      {
        "key": "1Key9",
        "time": 240850
      },
      {
        "key": "1Key14",
        "time": 241350
      },
      {
        "key": "1Key13",
        "time": 241850
      },
      {
        "key": "1Key12",
        "time": 242350
      },
      {
        "key": "1Key11",
        "time": 243350
      },
      {
        "key": "1Key7",
        "time": 244350
      },
      {
        "key": "1Key8",
        "time": 244600
      },
      {
        "key": "1Key9",
        "time": 244850
      },
      {
        "key": "1Key11",
        "time": 245350
      },
      {
        "key": "1Key9",
        "time": 245850
      },
      {
        "key": "1Key8",
        "time": 246350
      },
      {
        "key": "1Key7",
        "time": 248350
      },
      {
        "key": "1Key8",
        "time": 248600
      },
      {
        "key": "1Key9",
        "time": 248850
      },
      {
        "key": "1Key8",
        "time": 249350
      },
      {
        "key": "1Key7",
        "time": 249850
      },
      {
        "key": "1Key5",
        "time": 250350
      },
      {
        "key": "1Key4",
        "time": 251350
      },
      {
        "key": "1Key7",
        "time": 252350
      },
      {
        "key": "1Key8",
        "time": 253350
      },
      {
        "key": "1Key8",
        "time": 253600
      },
      {
        "key": "1Key8",
        "time": 254350
      },
      {
        "key": "1Key4",
        "time": 255850
      },
      {
        "key": "1Key5",
        "time": 256850
      },
      {
        "key": "1Key14",
        "time": 256850
      },
      {
        "key": "1Key11",
        "time": 257100
      },
      {
        "key": "1Key14",
        "time": 257350
      },
      {
        "key": "1Key5",
        "time": 257600
      },
      {
        "key": "1Key14",
        "time": 258100
      },
      {
        "key": "1Key3",
        "time": 258350
      },
      {
        "key": "1Key11",
        "time": 258350
      },
      {
        "key": "1Key9",
        "time": 258600
      },
      {
        "key": "1Key11",
        "time": 258850
      },
      {
        "key": "1Key8",
        "time": 259100
      },
      {
        "key": "1Key3",
        "time": 259850
      },
      {
        "key": "1Key0",
        "time": 260850
      },
      {
        "key": "1Key7",
        "time": 260850
      },
      {
        "key": "1Key4",
        "time": 261100
      },
      {
        "key": "1Key7",
        "time": 261350
      },
      {
        "key": "1Key0",
        "time": 261600
      },
      {
        "key": "1Key11",
        "time": 261600
      },
      {
        "key": "1Key9",
        "time": 261850
      },
      {
        "key": "1Key7",
        "time": 262100
      },
      {
        "key": "1Key4",
        "time": 262350
      },
      {
        "key": "1Key2",
        "time": 262600
      },
      {
        "key": "1Key4",
        "time": 262850
      },
      {
        "key": "1Key7",
        "time": 263100
      },
      {
        "key": "1Key6",
        "time": 263350
      },
      {
        "key": "1Key5",
        "time": 264850
      },
      {
        "key": "1Key14",
        "time": 264850
      },
      {
        "key": "1Key11",
        "time": 265100
      },
      {
        "key": "1Key14",
        "time": 265350
      },
      {
        "key": "1Key5",
        "time": 265600
      },
      {
        "key": "1Key14",
        "time": 266100
      },
      {
        "key": "1Key3",
        "time": 266350
      },
      {
        "key": "1Key11",
        "time": 266350
      },
      {
        "key": "1Key9",
        "time": 266600
      },
      {
        "key": "1Key11",
        "time": 266850
      },
      {
        "key": "1Key8",
        "time": 267100
      },
      {
        "key": "1Key3",
        "time": 267850
      },
      {
        "key": "1Key0",
        "time": 268850
      },
      {
        "key": "1Key7",
        "time": 268850
      },
      {
        "key": "1Key4",
        "time": 269100
      },
      {
        "key": "1Key7",
        "time": 269350
      },
      {
        "key": "1Key0",
        "time": 269600
      },
      {
        "key": "1Key11",
        "time": 269600
      },
      {
        "key": "1Key9",
        "time": 269850
      },
      {
        "key": "1Key7",
        "time": 270100
      },
      {
        "key": "1Key4",
        "time": 270350
      },
      {
        "key": "1Key2",
        "time": 270600
      },
      {
        "key": "1Key4",
        "time": 270850
      },
      {
        "key": "1Key7",
        "time": 271100
      },
      {
        "key": "1Key6",
        "time": 271350
      },
      {
        "key": "1Key7",
        "time": 272350
      },
      {
        "key": "1Key8",
        "time": 272600
      },
      {
        "key": "1Key9",
        "time": 274850
      },
      {
        "key": "1Key11",
        "time": 275350
      },
      {
        "key": "1Key9",
        "time": 275850
      },
      {
        "key": "1Key8",
        "time": 276350
      },
      {
        "key": "1Key7",
        "time": 278350
      },
      {
        "key": "1Key8",
        "time": 278600
      },
      {
        "key": "1Key9",
        "time": 278850
      },
      {
        "key": "1Key8",
        "time": 279350
      },
      {
        "key": "1Key7",
        "time": 279850
      },
      {
        "key": "1Key5",
        "time": 280350
      },
      {
        "key": "1Key4",
        "time": 281350
      },
      {
        "key": "1Key2",
        "time": 281850
      },
      {
        "key": "1Key4",
        "time": 282350
      },
      {
        "key": "1Key7",
        "time": 282850
      },
      {
        "key": "1Key4",
        "time": 283600
      },
      {
        "key": "1Key6",
        "time": 284350
      },
      {
        "key": "1Key7",
        "time": 285850
      },
      {
        "key": "1Key7",
        "time": 286350
      },
      {
        "key": "1Key8",
        "time": 286600
      },
      {
        "key": "1Key9",
        "time": 286850
      },
      {
        "key": "1Key8",
        "time": 287350
      },
      {
        "key": "1Key7",
        "time": 287850
      },
      {
        "key": "1Key5",
        "time": 288350
      },
      {
        "key": "1Key4",
        "time": 289350
      },
      {
        "key": "1Key7",
        "time": 290350
      },
      {
        "key": "1Key8",
        "time": 291350
      },
      {
        "key": "1Key8",
        "time": 291600
      },
      {
        "key": "1Key6",
        "time": 292350
      },
      {
        "key": "1Key4",
        "time": 293850
      },
      {
        "key": "1Key7",
        "time": 294350
      },
      {
        "key": "1Key8",
        "time": 294600
      },
      {
        "key": "1Key9",
        "time": 294850
      },
      {
        "key": "1Key14",
        "time": 295350
      },
      {
        "key": "1Key13",
        "time": 295850
      },
      {
        "key": "1Key12",
        "time": 296350
      },
      {
        "key": "1Key11",
        "time": 297350
      },
      {
        "key": "1Key7",
        "time": 298350
      },
      {
        "key": "1Key8",
        "time": 298600
      },
      {
        "key": "1Key9",
        "time": 298850
      },
      {
        "key": "1Key11",
        "time": 299350
      },
      {
        "key": "1Key9",
        "time": 299850
      },
      {
        "key": "1Key8",
        "time": 300350
      },
      {
        "key": "1Key7",
        "time": 302350
      },
      {
        "key": "1Key8",
        "time": 302600
      },
      {
        "key": "1Key9",
        "time": 302850
      },
      {
        "key": "1Key8",
        "time": 303350
      },
      {
        "key": "1Key7",
        "time": 303850
      },
      {
        "key": "1Key5",
        "time": 304350
      },
      {
        "key": "1Key4",
        "time": 305350
      },
      {
        "key": "1Key4",
        "time": 306350
      },
      {
        "key": "1Key7",
        "time": 306850
      },
      {
        "key": "1Key8",
        "time": 307350
      },
      {
        "key": "1Key9",
        "time": 307600
      },
      {
        "key": "1Key8",
        "time": 308350
      },
      {
        "key": "1Key11",
        "time": 309350
      },
      {
        "key": "1Key9",
        "time": 309725
      },
      {
        "key": "1Key8",
        "time": 309850
      },
      {
        "key": "1Key7",
        "time": 309975
      },
      {
        "key": "1Key6",
        "time": 310225
      },
      {
        "key": "1Key7",
        "time": 310475
      },
      {
        "key": "1Key8",
        "time": 310725
      },
      {
        "key": "1Key9",
        "time": 310975
      },
      {
        "key": "1Key14",
        "time": 311475
      },
      {
        "key": "1Key13",
        "time": 311975
      },
      {
        "key": "1Key12",
        "time": 312475
      },
      {
        "key": "1Key11",
        "time": 313475
      },
      {
        "key": "1Key7",
        "time": 314475
      },
      {
        "key": "1Key8",
        "time": 314725
      },
      {
        "key": "1Key9",
        "time": 314975
      },
      {
        "key": "1Key11",
        "time": 315475
      },
      {
        "key": "1Key9",
        "time": 315975
      },
      {
        "key": "1Key8",
        "time": 316475
      },
      {
        "key": "1Key7",
        "time": 318475
      },
      {
        "key": "1Key8",
        "time": 318725
      },
      {
        "key": "1Key9",
        "time": 318975
      },
      {
        "key": "1Key8",
        "time": 319475
      },
      {
        "key": "1Key7",
        "time": 319975
      },
      {
        "key": "1Key8",
        "time": 320475
      },
      {
        "key": "1Key4",
        "time": 321475
      },
      {
        "key": "1Key2",
        "time": 321975
      },
      {
        "key": "1Key4",
        "time": 322475
      },
      {
        "key": "1Key2",
        "time": 323725
      },
      {
        "key": "1Key0",
        "time": 323975
      },
      {
        "key": "1Key4",
        "time": 324475
      },
      {
        "key": "1Key7",
        "time": 326475
      },
      {
        "key": "1Key8",
        "time": 326725
      },
      {
        "key": "1Key9",
        "time": 326975
      },
      {
        "key": "1Key8",
        "time": 327475
      },
      {
        "key": "1Key7",
        "time": 327975
      },
      {
        "key": "1Key5",
        "time": 328475
      },
      {
        "key": "1Key4",
        "time": 329475
      },
      {
        "key": "1Key7",
        "time": 330475
      },
      {
        "key": "1Key8",
        "time": 331475
      },
      {
        "key": "1Key8",
        "time": 331725
      },
      {
        "key": "1Key6",
        "time": 332475
      },
      {
        "key": "1Key8",
        "time": 333975
      },
      {
        "key": "1Key7",
        "time": 334975
      },
      {
        "key": "1Key7",
        "time": 336475
      },
      {
        "key": "1Key9",
        "time": 338975
      },
      {
        "key": "1Key8",
        "time": 340475
      },
      {
        "key": "1Key7",
        "time": 342975
      },
      {
        "key": "1Key7",
        "time": 344475
      },
      {
        "key": "1Key9",
        "time": 346975
      },
      {
        "key": "1Key8",
        "time": 348475
      },
      {
        "key": "1Key7",
        "time": 350475
      },
      {
        "key": "1Key8",
        "time": 350725
      },
      {
        "key": "1Key0",
        "time": 350975
      },
      {
        "key": "1Key2",
        "time": 350975
      },
      {
        "key": "1Key9",
        "time": 350975
      },
      {
        "key": "1Key11",
        "time": 351475
      },
      {
        "key": "1Key11",
        "time": 351975
      },
      {
        "key": "1Key0",
        "time": 352475
      },
      {
        "key": "1Key3",
        "time": 352475
      },
      {
        "key": "1Key12",
        "time": 352475
      },
      {
        "key": "1Key7",
        "time": 354225
      },
      {
        "key": "1Key7",
        "time": 354475
      },
      {
        "key": "1Key0",
        "time": 354975
      },
      {
        "key": "1Key2",
        "time": 354975
      },
      {
        "key": "1Key11",
        "time": 355475
      },
      {
        "key": "1Key9",
        "time": 355975
      },
      {
        "key": "1Key1",
        "time": 356475
      },
      {
        "key": "1Key8",
        "time": 356475
      },
      {
        "key": "1Key7",
        "time": 358475
      },
      {
        "key": "1Key8",
        "time": 358725
      },
      {
        "key": "1Key0",
        "time": 358975
      },
      {
        "key": "1Key2",
        "time": 358975
      },
      {
        "key": "1Key9",
        "time": 358975
      },
      {
        "key": "1Key8",
        "time": 359475
      },
      {
        "key": "1Key7",
        "time": 359975
      },
      {
        "key": "1Key0",
        "time": 360475
      },
      {
        "key": "1Key3",
        "time": 360475
      },
      {
        "key": "1Key5",
        "time": 360475
      },
      {
        "key": "1Key4",
        "time": 361475
      },
      {
        "key": "1Key7",
        "time": 362475
      },
      {
        "key": "1Key0",
        "time": 362975
      },
      {
        "key": "1Key1",
        "time": 362975
      },
      {
        "key": "1Key4",
        "time": 362975
      },
      {
        "key": "1Key8",
        "time": 363475
      },
      {
        "key": "1Key8",
        "time": 363725
      },
      {
        "key": "1Key1",
        "time": 364475
      },
      {
        "key": "1Key4",
        "time": 364475
      },
      {
        "key": "1Key2",
        "time": 366975
      },
      {
        "key": "1Key14",
        "time": 366975
      }
    ]
  }
]