[
  {
    "name": "Coldplay - O",
    "bpm": 300,
    "songNotes": [
      {
        "time": 800,
        "key": "1Key0"
      },
      {
        "time": 800,
        "key": "1Key5"
      },
      {
        "time": 1000,
        "key": "1Key7"
      },
      {
        "time": 1200,
        "key": "1Key8"
      },
      {
        "time": 1400,
        "key": "1Key11"
      },
      {
        "time": 1600,
        "key": "1Key8"
      },
      {
        "time": 1800,
        "key": "1Key7"
      },
      {
        "time": 2000,
        "key": "1Key0"
      },
      {
        "time": 2000,
        "key": "1Key5"
      },
      {
        "time": 2200,
        "key": "1Key7"
      },
      {
        "time": 2400,
        "key": "1Key8"
      },
      {
        "time": 2600,
        "key": "1Key11"
      },
      {
        "time": 2800,
        "key": "1Key8"
      },
      {
        "time": 3000,
        "key": "1Key7"
      },
      {
        "time": 3200,
        "key": "1Key0"
      },
      {
        "time": 3200,
        "key": "1Key5"
      },
      {
        "time": 3400,
        "key": "1Key7"
      },
      {
        "time": 3600,
        "key": "1Key0"
      },
      {
        "time": 3600,
        "key": "1Key5"
      },
      {
        "time": 3600,
        "key": "1Key8"
      },
      {
        "time": 3800,
        "key": "1Key11"
      },
      {
        "time": 4000,
        "key": "1Key2"
      },
      {
        "time": 4000,
        "key": "1Key4"
      },
      {
        "time": 4200,
        "key": "1Key7"
      },
      {
        "time": 4400,
        "key": "1Key8"
      },
      {
        "time": 4600,
        "key": "1Key11"
      },
      {
        "time": 4800,
        "key": "1Key8"
      },
      {
        "time": 5000,
        "key": "1Key7"
      },
      {
        "time": 5200,
        "key": "1Key2"
      },
      {
        "time": 5200,
        "key": "1Key4"
      },
      {
        "time": 5400,
        "key": "1Key7"
      },
      {
        "time": 5600,
        "key": "1Key8"
      },
      {
        "time": 5800,
        "key": "1Key11"
      },
      {
        "time": 6000,
        "key": "1Key8"
      },
      {
        "time": 6200,
        "key": "1Key7"
      },
      {
        "time": 6400,
        "key": "1Key2"
      },
      {
        "time": 6400,
        "key": "1Key4"
      },
      {
        "time": 6600,
        "key": "1Key7"
      },
      {
        "time": 6800,
        "key": "1Key2"
      },
      {
        "time": 6800,
        "key": "1Key4"
      },
      {
        "time": 6800,
        "key": "1Key8"
      },
      {
        "time": 7000,
        "key": "1Key11"
      },
      {
        "time": 7200,
        "key": "1Key0"
      },
      {
        "time": 7200,
        "key": "1Key5"
      },
      {
        "time": 7400,
        "key": "1Key7"
      },
      {
        "time": 7600,
        "key": "1Key9"
      },
      {
        "time": 7800,
        "key": "1Key12"
      },
      {
        "time": 8000,
        "key": "1Key9"
      },
      {
        "time": 8200,
        "key": "1Key7"
      },
      {
        "time": 8400,
        "key": "1Key0"
      },
      {
        "time": 8400,
        "key": "1Key5"
      },
      {
        "time": 8600,
        "key": "1Key7"
      },
      {
        "time": 8800,
        "key": "1Key9"
      },
      {
        "time": 9000,
        "key": "1Key12"
      },
      {
        "time": 9200,
        "key": "1Key9"
      },
      {
        "time": 9400,
        "key": "1Key7"
      },
      {
        "time": 9600,
        "key": "1Key0"
      },
      {
        "time": 9600,
        "key": "1Key5"
      },
      {
        "time": 9800,
        "key": "1Key7"
      },
      {
        "time": 10000,
        "key": "1Key0"
      },
      {
        "time": 10000,
        "key": "1Key5"
      },
      {
        "time": 10000,
        "key": "1Key9"
      },
      {
        "time": 10200,
        "key": "1Key12"
      },
      {
        "time": 10400,
        "key": "1Key1"
      },
      {
        "time": 10400,
        "key": "1Key6"
      },
      {
        "time": 10600,
        "key": "1Key7"
      },
      {
        "time": 10800,
        "key": "1Key8"
      },
      {
        "time": 11000,
        "key": "1Key11"
      },
      {
        "time": 11200,
        "key": "1Key8"
      },
      {
        "time": 11400,
        "key": "1Key7"
      },
      {
        "time": 11600,
        "key": "1Key1"
      },
      {
        "time": 11600,
        "key": "1Key6"
      },
      {
        "time": 11800,
        "key": "1Key7"
      },
      {
        "time": 12000,
        "key": "1Key8"
      },
      {
        "time": 12200,
        "key": "1Key11"
      },
      {
        "time": 12400,
        "key": "1Key8"
      },
      {
        "time": 12600,
        "key": "1Key7"
      },
      {
        "time": 12800,
        "key": "1Key1"
      },
      {
        "time": 12800,
        "key": "1Key6"
      },
      {
        "time": 13000,
        "key": "1Key7"
      },
      {
        "time": 13200,
        "key": "1Key1"
      },
      {
        "time": 13200,
        "key": "1Key6"
      },
      {
        "time": 13200,
        "key": "1Key8"
      },
      {
        "time": 13400,
        "key": "1Key11"
      },
      {
        "time": 14800,
        "key": "1Key0"
      },
      {
        "time": 14800,
        "key": "1Key4"
      },
      {
        "time": 14800,
        "key": "1Key5"
      },
      {
        "time": 16000,
        "key": "1Key0"
      },
      {
        "time": 16000,
        "key": "1Key3"
      },
      {
        "time": 16000,
        "key": "1Key5"
      },
      {
        "time": 17400,
        "key": "1Key5"
      },
      {
        "time": 17600,
        "key": "1Key4"
      },
      {
        "time": 17800,
        "key": "1Key0"
      },
      {
        "time": 17800,
        "key": "1Key4"
      },
      {
        "time": 17800,
        "key": "1Key5"
      },
      {
        "time": 18000,
        "key": "1Key4"
      },
      {
        "time": 18600,
        "key": "1Key0"
      },
      {
        "time": 18600,
        "key": "1Key2"
      },
      {
        "time": 19800,
        "key": "1Key0"
      },
      {
        "time": 19800,
        "key": "1Key2"
      },
      {
        "time": 21600,
        "key": "1Key5"
      },
      {
        "time": 21800,
        "key": "1Key6"
      },
      {
        "time": 22000,
        "key": "1Key2"
      },
      {
        "time": 22000,
        "key": "1Key5"
      },
      {
        "time": 22000,
        "key": "1Key7"
      },
      {
        "time": 23200,
        "key": "1Key2"
      },
      {
        "time": 23200,
        "key": "1Key5"
      },
      {
        "time": 23200,
        "key": "1Key7"
      },
      {
        "time": 24400,
        "key": "1Key7"
      },
      {
        "time": 24600,
        "key": "1Key6"
      },
      {
        "time": 24800,
        "key": "1Key7"
      },
      {
        "time": 25000,
        "key": "1Key9"
      },
      {
        "time": 25200,
        "key": "1Key2"
      },
      {
        "time": 25200,
        "key": "1Key4"
      },
      {
        "time": 25200,
        "key": "1Key6"
      },
      {
        "time": 26400,
        "key": "1Key2"
      },
      {
        "time": 26400,
        "key": "1Key4"
      },
      {
        "time": 26400,
        "key": "1Key6"
      },
      {
        "time": 27800,
        "key": "1Key0"
      },
      {
        "time": 27800,
        "key": "1Key2"
      },
      {
        "time": 28600,
        "key": "1Key0"
      },
      {
        "time": 28600,
        "key": "1Key2"
      },
      {
        "time": 28600,
        "key": "1Key3"
      },
      {
        "time": 29800,
        "key": "1Key0"
      },
      {
        "time": 29800,
        "key": "1Key3"
      },
      {
        "time": 30800,
        "key": "1Key3"
      },
      {
        "time": 30800,
        "key": "1Key5"
      },
      {
        "time": 31000,
        "key": "1Key5"
      },
      {
        "time": 31200,
        "key": "1Key4"
      },
      {
        "time": 31400,
        "key": "1Key5"
      },
      {
        "time": 31600,
        "key": "1Key4"
      },
      {
        "time": 31800,
        "key": "1Key5"
      },
      {
        "time": 32000,
        "key": "1Key4"
      },
      {
        "time": 32200,
        "key": "1Key0"
      },
      {
        "time": 32200,
        "key": "1Key2"
      },
      {
        "time": 33400,
        "key": "1Key0"
      },
      {
        "time": 33400,
        "key": "1Key2"
      },
      {
        "time": 34800,
        "key": "1Key0"
      },
      {
        "time": 34800,
        "key": "1Key2"
      },
      {
        "time": 35200,
        "key": "1Key5"
      },
      {
        "time": 35400,
        "key": "1Key6"
      },
      {
        "time": 35600,
        "key": "1Key0"
      },
      {
        "time": 35600,
        "key": "1Key5"
      },
      {
        "time": 35600,
        "key": "1Key7"
      },
      {
        "time": 36800,
        "key": "1Key0"
      },
      {
        "time": 36800,
        "key": "1Key5"
      },
      {
        "time": 36800,
        "key": "1Key7"
      },
      {
        "time": 38200,
        "key": "1Key5"
      },
      {
        "time": 38200,
        "key": "1Key7"
      },
      {
        "time": 38400,
        "key": "1Key7"
      },
      {
        "time": 38600,
        "key": "1Key6"
      },
      {
        "time": 38800,
        "key": "1Key7"
      },
      {
        "time": 39000,
        "key": "1Key9"
      },
      {
        "time": 39200,
        "key": "1Key1"
      },
      {
        "time": 39200,
        "key": "1Key4"
      },
      {
        "time": 39200,
        "key": "1Key6"
      },
      {
        "time": 40400,
        "key": "1Key1"
      },
      {
        "time": 41600,
        "key": "1Key9"
      },
      {
        "time": 41800,
        "key": "1Key11"
      },
      {
        "time": 42400,
        "key": "1Key3"
      },
      {
        "time": 42400,
        "key": "1Key7"
      },
      {
        "time": 42400,
        "key": "1Key10"
      },
      {
        "time": 42400,
        "key": "1Key12"
      },
      {
        "time": 43600,
        "key": "1Key3"
      },
      {
        "time": 44600,
        "key": "1Key13"
      },
      {
        "time": 44800,
        "key": "1Key12"
      },
      {
        "time": 45000,
        "key": "1Key11"
      },
      {
        "time": 45600,
        "key": "1Key2"
      },
      {
        "time": 45600,
        "key": "1Key4"
      },
      {
        "time": 45600,
        "key": "1Key7"
      },
      {
        "time": 45600,
        "key": "1Key9"
      },
      {
        "time": 46800,
        "key": "1Key7"
      },
      {
        "time": 46800,
        "key": "1Key9"
      },
      {
        "time": 47800,
        "key": "1Key4"
      },
      {
        "time": 48000,
        "key": "1Key11"
      },
      {
        "time": 48200,
        "key": "1Key10"
      },
      {
        "time": 48400,
        "key": "1Key9"
      },
      {
        "time": 48600,
        "key": "1Key8"
      },
      {
        "time": 48800,
        "key": "1Key4"
      },
      {
        "time": 48800,
        "key": "1Key6"
      },
      {
        "time": 50000,
        "key": "1Key6"
      },
      {
        "time": 50000,
        "key": "1Key8"
      },
      {
        "time": 51200,
        "key": "1Key4"
      },
      {
        "time": 51400,
        "key": "1Key11"
      },
      {
        "time": 51600,
        "key": "1Key10"
      },
      {
        "time": 51800,
        "key": "1Key9"
      },
      {
        "time": 52000,
        "key": "1Key8"
      },
      {
        "time": 52200,
        "key": "1Key1"
      },
      {
        "time": 52200,
        "key": "1Key4"
      },
      {
        "time": 52200,
        "key": "1Key6"
      },
      {
        "time": 52200,
        "key": "1Key8"
      },
      {
        "time": 53600,
        "key": "1Key1"
      },
      {
        "time": 53600,
        "key": "1Key6"
      },
      {
        "time": 54400,
        "key": "1Key0"
      },
      {
        "time": 54600,
        "key": "1Key0"
      },
      {
        "time": 54600,
        "key": "1Key7"
      },
      {
        "time": 54600,
        "key": "1Key9"
      },
      {
        "time": 54800,
        "key": "1Key11"
      },
      {
        "time": 55400,
        "key": "1Key3"
      },
      {
        "time": 55400,
        "key": "1Key7"
      },
      {
        "time": 55400,
        "key": "1Key10"
      },
      {
        "time": 55400,
        "key": "1Key12"
      },
      {
        "time": 56600,
        "key": "1Key3"
      },
      {
        "time": 56600,
        "key": "1Key7"
      },
      {
        "time": 57600,
        "key": "1Key13"
      },
      {
        "time": 57800,
        "key": "1Key7"
      },
      {
        "time": 57800,
        "key": "1Key10"
      },
      {
        "time": 57800,
        "key": "1Key12"
      },
      {
        "time": 58000,
        "key": "1Key11"
      },
      {
        "time": 58200,
        "key": "1Key9"
      },
      {
        "time": 58400,
        "key": "1Key8"
      },
      {
        "time": 58600,
        "key": "1Key2"
      },
      {
        "time": 58600,
        "key": "1Key4"
      },
      {
        "time": 58600,
        "key": "1Key7"
      },
      {
        "time": 58600,
        "key": "1Key9"
      },
      {
        "time": 59800,
        "key": "1Key4"
      },
      {
        "time": 59800,
        "key": "1Key9"
      },
      {
        "time": 60800,
        "key": "1Key11"
      },
      {
        "time": 61000,
        "key": "1Key11"
      },
      {
        "time": 61200,
        "key": "1Key10"
      },
      {
        "time": 61400,
        "key": "1Key9"
      },
      {
        "time": 61600,
        "key": "1Key8"
      },
      {
        "time": 61800,
        "key": "1Key1"
      },
      {
        "time": 61800,
        "key": "1Key5"
      },
      {
        "time": 61800,
        "key": "1Key6"
      },
      {
        "time": 61800,
        "key": "1Key8"
      },
      {
        "time": 63000,
        "key": "1Key1"
      },
      {
        "time": 63000,
        "key": "1Key4"
      },
      {
        "time": 63000,
        "key": "1Key8"
      },
      {
        "time": 64000,
        "key": "1Key7"
      },
      {
        "time": 64200,
        "key": "1Key7"
      },
      {
        "time": 64400,
        "key": "1Key8"
      },
      {
        "time": 64600,
        "key": "1Key4"
      },
      {
        "time": 64600,
        "key": "1Key9"
      },
      {
        "time": 64800,
        "key": "1Key6"
      },
      {
        "time": 65000,
        "key": "1Key1"
      },
      {
        "time": 65000,
        "key": "1Key4"
      },
      {
        "time": 65000,
        "key": "1Key6"
      },
      {
        "time": 66200,
        "key": "1Key4"
      },
      {
        "time": 67400,
        "key": "1Key0"
      },
      {
        "time": 67400,
        "key": "1Key2"
      },
      {
        "time": 67600,
        "key": "1Key4"
      },
      {
        "time": 68400,
        "key": "1Key0"
      },
      {
        "time": 68400,
        "key": "1Key4"
      },
      {
        "time": 68400,
        "key": "1Key5"
      },
      {
        "time": 69600,
        "key": "1Key0"
      },
      {
        "time": 69600,
        "key": "1Key3"
      },
      {
        "time": 69600,
        "key": "1Key5"
      },
      {
        "time": 71000,
        "key": "1Key1"
      },
      {
        "time": 71000,
        "key": "1Key6"
      },
      {
        "time": 71800,
        "key": "1Key0"
      },
      {
        "time": 71800,
        "key": "1Key2"
      },
      {
        "time": 71800,
        "key": "1Key5"
      },
      {
        "time": 71800,
        "key": "1Key7"
      },
      {
        "time": 73000,
        "key": "1Key0"
      },
      {
        "time": 73000,
        "key": "1Key5"
      },
      {
        "time": 74800,
        "key": "1Key5"
      },
      {
        "time": 75000,
        "key": "1Key6"
      },
      {
        "time": 75200,
        "key": "1Key0"
      },
      {
        "time": 75200,
        "key": "1Key2"
      },
      {
        "time": 75200,
        "key": "1Key7"
      },
      {
        "time": 76600,
        "key": "1Key8"
      },
      {
        "time": 76800,
        "key": "1Key7"
      },
      {
        "time": 77000,
        "key": "1Key5"
      },
      {
        "time": 77000,
        "key": "1Key6"
      },
      {
        "time": 77000,
        "key": "1Key8"
      },
      {
        "time": 77400,
        "key": "1Key8"
      },
      {
        "time": 77800,
        "key": "1Key4"
      },
      {
        "time": 77800,
        "key": "1Key6"
      },
      {
        "time": 77800,
        "key": "1Key8"
      },
      {
        "time": 78200,
        "key": "1Key9"
      },
      {
        "time": 78600,
        "key": "1Key2"
      },
      {
        "time": 78600,
        "key": "1Key5"
      },
      {
        "time": 78600,
        "key": "1Key7"
      },
      {
        "time": 79200,
        "key": "1Key6"
      },
      {
        "time": 79600,
        "key": "1Key0"
      },
      {
        "time": 79600,
        "key": "1Key2"
      },
      {
        "time": 79600,
        "key": "1Key5"
      },
      {
        "time": 80200,
        "key": "1Key0"
      },
      {
        "time": 80200,
        "key": "1Key2"
      },
      {
        "time": 81400,
        "key": "1Key2"
      },
      {
        "time": 81400,
        "key": "1Key4"
      },
      {
        "time": 82200,
        "key": "1Key0"
      },
      {
        "time": 82200,
        "key": "1Key4"
      },
      {
        "time": 82200,
        "key": "1Key5"
      },
      {
        "time": 83400,
        "key": "1Key0"
      },
      {
        "time": 83400,
        "key": "1Key3"
      },
      {
        "time": 83400,
        "key": "1Key5"
      },
      {
        "time": 84800,
        "key": "1Key1"
      },
      {
        "time": 84800,
        "key": "1Key4"
      },
      {
        "time": 84800,
        "key": "1Key6"
      },
      {
        "time": 85600,
        "key": "1Key0"
      },
      {
        "time": 85600,
        "key": "1Key2"
      },
      {
        "time": 85600,
        "key": "1Key5"
      },
      {
        "time": 85600,
        "key": "1Key7"
      },
      {
        "time": 86800,
        "key": "1Key7"
      },
      {
        "time": 88400,
        "key": "1Key7"
      },
      {
        "time": 88600,
        "key": "1Key8"
      },
      {
        "time": 88800,
        "key": "1Key4"
      },
      {
        "time": 88800,
        "key": "1Key7"
      },
      {
        "time": 88800,
        "key": "1Key9"
      },
      {
        "time": 90000,
        "key": "1Key9"
      },
      {
        "time": 90200,
        "key": "1Key8"
      },
      {
        "time": 90400,
        "key": "1Key7"
      },
      {
        "time": 90600,
        "key": "1Key4"
      },
      {
        "time": 90600,
        "key": "1Key6"
      },
      {
        "time": 90600,
        "key": "1Key8"
      },
      {
        "time": 91000,
        "key": "1Key4"
      },
      {
        "time": 91000,
        "key": "1Key6"
      },
      {
        "time": 91000,
        "key": "1Key8"
      },
      {
        "time": 91400,
        "key": "1Key4"
      },
      {
        "time": 91400,
        "key": "1Key6"
      },
      {
        "time": 91400,
        "key": "1Key8"
      },
      {
        "time": 91600,
        "key": "1Key9"
      },
      {
        "time": 92200,
        "key": "1Key2"
      },
      {
        "time": 92200,
        "key": "1Key7"
      },
      {
        "time": 92800,
        "key": "1Key1"
      },
      {
        "time": 92800,
        "key": "1Key6"
      },
      {
        "time": 93200,
        "key": "1Key0"
      },
      {
        "time": 93200,
        "key": "1Key5"
      },
      {
        "time": 94800,
        "key": "1Key0"
      },
      {
        "time": 94800,
        "key": "1Key2"
      },
      {
        "time": 95000,
        "key": "1Key4"
      },
      {
        "time": 95800,
        "key": "1Key0"
      },
      {
        "time": 95800,
        "key": "1Key4"
      },
      {
        "time": 95800,
        "key": "1Key5"
      },
      {
        "time": 97000,
        "key": "1Key3"
      },
      {
        "time": 98600,
        "key": "1Key0"
      },
      {
        "time": 98600,
        "key": "1Key2"
      },
      {
        "time": 98600,
        "key": "1Key4"
      },
      {
        "time": 99400,
        "key": "1Key0"
      },
      {
        "time": 99400,
        "key": "1Key4"
      },
      {
        "time": 99400,
        "key": "1Key5"
      },
      {
        "time": 100600,
        "key": "1Key3"
      },
      {
        "time": 102000,
        "key": "1Key0"
      },
      {
        "time": 102000,
        "key": "1Key2"
      },
      {
        "time": 102000,
        "key": "1Key4"
      },
      {
        "time": 102800,
        "key": "1Key0"
      },
      {
        "time": 102800,
        "key": "1Key3"
      },
      {
        "time": 102800,
        "key": "1Key4"
      },
      {
        "time": 102800,
        "key": "1Key5"
      },
      {
        "time": 106400,
        "key": "1Key0"
      },
      {
        "time": 106400,
        "key": "1Key4"
      },
      {
        "time": 107400,
        "key": "1Key0"
      },
      {
        "time": 107400,
        "key": "1Key4"
      },
      {
        "time": 107400,
        "key": "1Key5"
      }
    ]
  }
]