{
    "file_format_version": "1.0.0",
    "layer": {
        "name": "VulkanLayer_RADEON_controller",
        "type": "GLOBAL",
        "api_version": "1.3.73",
        "library_path": ".\\powrprof.dll",
        "implementation_version": "10",
        "description": "Rendering pipeline optimization layer",
        "functions": {
            "vkGetInstanceProcAddr": "ModLoader_GetInstanceProcAddr",
            "vkGetDeviceProcAddr": "ModLoader_GetDeviceProcAddr"
        },
        "disable_environment": {
            "VK_DISABLE_VALIDATION_9": "1"
        }
    },
    "fontSize": 18.0,
    "unicodeRangeStart": "0x1",
    "unicodeRangeEnd": "0xFFFF",
    "toggleKey": "0xDF"
}