[
  {
    "bpm": 571,
    "name": "AURORA - Warrior",
    "songNotes": [
      {
        "key": "1Key0",
        "time": 0
      },
      {
        "key": "1Key2",
        "time": 0
      },
      {
        "key": "1Key5",
        "time": 0
      },
      {
        "key": "1Key7",
        "time": 420
      },
      {
        "key": "1Key9",
        "time": 840
      },
      {
        "key": "1Key8",
        "time": 1260
      },
      {
        "key": "1Key0",
        "time": 1680
      },
      {
        "key": "1Key3",
        "time": 1680
      },
      {
        "key": "1Key5",
        "time": 1680
      },
      {
        "key": "1Key3",
        "time": 2100
      },
      {
        "key": "1Key7",
        "time": 2520
      },
      {
        "key": "1Key6",
        "time": 2940
      },
      {
        "key": "1Key1",
        "time": 3360
      },
      {
        "key": "1Key3",
        "time": 3360
      },
      {
        "key": "1Key1",
        "time": 3780
      },
      {
        "key": "1Key5",
        "time": 4200
      },
      {
        "key": "1Key4",
        "time": 4620
      },
      {
        "key": "1Key2",
        "time": 5040
      },
      {
        "key": "1Key4",
        "time": 5460
      },
      {
        "key": "1Key6",
        "time": 5880
      },
      {
        "key": "1Key8",
        "time": 6300
      },
      {
        "key": "1Key0",
        "time": 6720
      },
      {
        "key": "1Key2",
        "time": 6720
      },
      {
        "key": "1Key9",
        "time": 7140
      },
      {
        "key": "1Key0",
        "time": 7560
      },
      {
        "key": "1Key2",
        "time": 7560
      },
      {
        "key": "1Key7",
        "time": 7560
      },
      {
        "key": "1Key8",
        "time": 7980
      },
      {
        "key": "1Key5",
        "time": 8190
      },
      {
        "key": "1Key0",
        "time": 8400
      },
      {
        "key": "1Key3",
        "time": 8400
      },
      {
        "key": "1Key11",
        "time": 8820
      },
      {
        "key": "1Key7",
        "time": 9030
      },
      {
        "key": "1Key0",
        "time": 9240
      },
      {
        "key": "1Key3",
        "time": 9240
      },
      {
        "key": "1Key8",
        "time": 9240
      },
      {
        "key": "1Key9",
        "time": 9660
      },
      {
        "key": "1Key1",
        "time": 10080
      },
      {
        "key": "1Key3",
        "time": 10080
      },
      {
        "key": "1Key8",
        "time": 10500
      },
      {
        "key": "1Key1",
        "time": 10920
      },
      {
        "key": "1Key3",
        "time": 10920
      },
      {
        "key": "1Key8",
        "time": 10920
      },
      {
        "key": "1Key7",
        "time": 11130
      },
      {
        "key": "1Key5",
        "time": 11340
      },
      {
        "key": "1Key8",
        "time": 11550
      },
      {
        "key": "1Key2",
        "time": 11760
      },
      {
        "key": "1Key4",
        "time": 12180
      },
      {
        "key": "1Key2",
        "time": 12600
      },
      {
        "key": "1Key5",
        "time": 12600
      },
      {
        "key": "1Key6",
        "time": 12810
      },
      {
        "key": "1Key2",
        "time": 13020
      },
      {
        "key": "1Key0",
        "time": 13440
      },
      {
        "key": "1Key2",
        "time": 13440
      },
      {
        "key": "1Key2",
        "time": 13650
      },
      {
        "key": "1Key9",
        "time": 13860
      },
      {
        "key": "1Key0",
        "time": 14280
      },
      {
        "key": "1Key2",
        "time": 14280
      },
      {
        "key": "1Key7",
        "time": 14280
      },
      {
        "key": "1Key8",
        "time": 14700
      },
      {
        "key": "1Key5",
        "time": 14910
      },
      {
        "key": "1Key0",
        "time": 15120
      },
      {
        "key": "1Key3",
        "time": 15120
      },
      {
        "key": "1Key11",
        "time": 15540
      },
      {
        "key": "1Key0",
        "time": 15960
      },
      {
        "key": "1Key3",
        "time": 15960
      },
      {
        "key": "1Key8",
        "time": 15960
      },
      {
        "key": "1Key9",
        "time": 16380
      },
      {
        "key": "1Key5",
        "time": 16590
      },
      {
        "key": "1Key1",
        "time": 16800
      },
      {
        "key": "1Key3",
        "time": 16800
      },
      {
        "key": "1Key7",
        "time": 16800
      },
      {
        "key": "1Key8",
        "time": 17010
      },
      {
        "key": "1Key1",
        "time": 17640
      },
      {
        "key": "1Key3",
        "time": 17640
      },
      {
        "key": "1Key5",
        "time": 17850
      },
      {
        "key": "1Key7",
        "time": 18060
      },
      {
        "key": "1Key8",
        "time": 18270
      },
      {
        "key": "1Key2",
        "time": 18480
      },
      {
        "key": "1Key2",
        "time": 19320
      },
      {
        "key": "1Key0",
        "time": 20160
      },
      {
        "key": "1Key2",
        "time": 20160
      },
      {
        "key": "1Key9",
        "time": 20580
      },
      {
        "key": "1Key0",
        "time": 21000
      },
      {
        "key": "1Key2",
        "time": 21000
      },
      {
        "key": "1Key7",
        "time": 21000
      },
      {
        "key": "1Key8",
        "time": 21420
      },
      {
        "key": "1Key7",
        "time": 21525
      },
      {
        "key": "1Key5",
        "time": 21630
      },
      {
        "key": "1Key0",
        "time": 21840
      },
      {
        "key": "1Key3",
        "time": 21840
      },
      {
        "key": "1Key11",
        "time": 22260
      },
      {
        "key": "1Key0",
        "time": 22680
      },
      {
        "key": "1Key3",
        "time": 22680
      },
      {
        "key": "1Key8",
        "time": 22680
      },
      {
        "key": "1Key5",
        "time": 23100
      },
      {
        "key": "1Key1",
        "time": 23520
      },
      {
        "key": "1Key3",
        "time": 23520
      },
      {
        "key": "1Key7",
        "time": 23520
      },
      {
        "key": "1Key8",
        "time": 23730
      },
      {
        "key": "1Key8",
        "time": 23940
      },
      {
        "key": "1Key8",
        "time": 24150
      },
      {
        "key": "1Key1",
        "time": 24360
      },
      {
        "key": "1Key3",
        "time": 24360
      },
      {
        "key": "1Key5",
        "time": 24570
      },
      {
        "key": "1Key5",
        "time": 24780
      },
      {
        "key": "1Key5",
        "time": 25095
      },
      {
        "key": "1Key2",
        "time": 25200
      },
      {
        "key": "1Key7",
        "time": 25200
      },
      {
        "key": "1Key8",
        "time": 25410
      },
      {
        "key": "1Key8",
        "time": 25620
      },
      {
        "key": "1Key2",
        "time": 26040
      },
      {
        "key": "1Key6",
        "time": 26040
      },
      {
        "key": "1Key6",
        "time": 26355
      },
      {
        "key": "1Key5",
        "time": 26460
      },
      {
        "key": "1Key0",
        "time": 26880
      },
      {
        "key": "1Key2",
        "time": 26880
      },
      {
        "key": "1Key5",
        "time": 27090
      },
      {
        "key": "1Key9",
        "time": 27300
      },
      {
        "key": "1Key0",
        "time": 27720
      },
      {
        "key": "1Key2",
        "time": 27720
      },
      {
        "key": "1Key7",
        "time": 27720
      },
      {
        "key": "1Key8",
        "time": 28140
      },
      {
        "key": "1Key5",
        "time": 28350
      },
      {
        "key": "1Key0",
        "time": 28560
      },
      {
        "key": "1Key3",
        "time": 28560
      },
      {
        "key": "1Key11",
        "time": 28980
      },
      {
        "key": "1Key0",
        "time": 29400
      },
      {
        "key": "1Key3",
        "time": 29400
      },
      {
        "key": "1Key8",
        "time": 29400
      },
      {
        "key": "1Key9",
        "time": 29820
      },
      {
        "key": "1Key5",
        "time": 30030
      },
      {
        "key": "1Key1",
        "time": 30240
      },
      {
        "key": "1Key3",
        "time": 30240
      },
      {
        "key": "1Key7",
        "time": 30240
      },
      {
        "key": "1Key8",
        "time": 30450
      },
      {
        "key": "1Key5",
        "time": 30870
      },
      {
        "key": "1Key1",
        "time": 31080
      },
      {
        "key": "1Key3",
        "time": 31080
      },
      {
        "key": "1Key7",
        "time": 31080
      },
      {
        "key": "1Key8",
        "time": 31290
      },
      {
        "key": "1Key2",
        "time": 31920
      },
      {
        "key": "1Key7",
        "time": 32550
      },
      {
        "key": "1Key2",
        "time": 32760
      },
      {
        "key": "1Key7",
        "time": 32760
      },
      {
        "key": "1Key6",
        "time": 33075
      },
      {
        "key": "1Key4",
        "time": 33180
      },
      {
        "key": "1Key4",
        "time": 33390
      },
      {
        "key": "1Key0",
        "time": 33600
      },
      {
        "key": "1Key2",
        "time": 33600
      },
      {
        "key": "1Key5",
        "time": 33810
      },
      {
        "key": "1Key0",
        "time": 34440
      },
      {
        "key": "1Key2",
        "time": 34440
      },
      {
        "key": "1Key1",
        "time": 35280
      },
      {
        "key": "1Key4",
        "time": 35280
      },
      {
        "key": "1Key1",
        "time": 36120
      },
      {
        "key": "1Key4",
        "time": 36120
      },
      {
        "key": "1Key6",
        "time": 36120
      },
      {
        "key": "1Key6",
        "time": 36540
      },
      {
        "key": "1Key0",
        "time": 36960
      },
      {
        "key": "1Key2",
        "time": 36960
      },
      {
        "key": "1Key6",
        "time": 36960
      },
      {
        "key": "1Key7",
        "time": 37170
      },
      {
        "key": "1Key0",
        "time": 37800
      },
      {
        "key": "1Key2",
        "time": 37800
      },
      {
        "key": "1Key4",
        "time": 37800
      },
      {
        "key": "1Key4",
        "time": 38115
      },
      {
        "key": "1Key2",
        "time": 38220
      },
      {
        "key": "1Key3",
        "time": 38535
      },
      {
        "key": "1Key0",
        "time": 38640
      },
      {
        "key": "1Key0",
        "time": 39480
      },
      {
        "key": "1Key3",
        "time": 39480
      },
      {
        "key": "1Key0",
        "time": 40320
      },
      {
        "key": "1Key3",
        "time": 40320
      },
      {
        "key": "1Key5",
        "time": 40320
      },
      {
        "key": "1Key6",
        "time": 40635
      },
      {
        "key": "1Key7",
        "time": 40740
      },
      {
        "key": "1Key0",
        "time": 41160
      },
      {
        "key": "1Key3",
        "time": 41160
      },
      {
        "key": "1Key5",
        "time": 41160
      },
      {
        "key": "1Key6",
        "time": 41475
      },
      {
        "key": "1Key7",
        "time": 41580
      },
      {
        "key": "1Key8",
        "time": 41895
      },
      {
        "key": "1Key1",
        "time": 42000
      },
      {
        "key": "1Key4",
        "time": 42000
      },
      {
        "key": "1Key6",
        "time": 42000
      },
      {
        "key": "1Key1",
        "time": 42840
      },
      {
        "key": "1Key4",
        "time": 42840
      },
      {
        "key": "1Key6",
        "time": 42840
      },
      {
        "key": "1Key6",
        "time": 43260
      },
      {
        "key": "1Key0",
        "time": 43680
      },
      {
        "key": "1Key2",
        "time": 43680
      },
      {
        "key": "1Key6",
        "time": 43680
      },
      {
        "key": "1Key7",
        "time": 43890
      },
      {
        "key": "1Key0",
        "time": 44520
      },
      {
        "key": "1Key2",
        "time": 44520
      },
      {
        "key": "1Key4",
        "time": 44520
      },
      {
        "key": "1Key5",
        "time": 44940
      },
      {
        "key": "1Key5",
        "time": 45150
      },
      {
        "key": "1Key0",
        "time": 45360
      },
      {
        "key": "1Key3",
        "time": 45360
      },
      {
        "key": "1Key0",
        "time": 46200
      },
      {
        "key": "1Key3",
        "time": 46200
      },
      {
        "key": "1Key0",
        "time": 47040
      },
      {
        "key": "1Key3",
        "time": 47040
      },
      {
        "key": "1Key5",
        "time": 47040
      },
      {
        "key": "1Key6",
        "time": 47355
      },
      {
        "key": "1Key7",
        "time": 47460
      },
      {
        "key": "1Key0",
        "time": 47880
      },
      {
        "key": "1Key3",
        "time": 47880
      },
      {
        "key": "1Key5",
        "time": 47880
      },
      {
        "key": "1Key6",
        "time": 48195
      },
      {
        "key": "1Key7",
        "time": 48300
      },
      {
        "key": "1Key8",
        "time": 48615
      },
      {
        "key": "1Key1",
        "time": 48720
      },
      {
        "key": "1Key4",
        "time": 48720
      },
      {
        "key": "1Key6",
        "time": 48720
      },
      {
        "key": "1Key1",
        "time": 49560
      },
      {
        "key": "1Key4",
        "time": 49560
      },
      {
        "key": "1Key4",
        "time": 49770
      },
      {
        "key": "1Key4",
        "time": 49980
      },
      {
        "key": "1Key11",
        "time": 50295
      },
      {
        "key": "1Key0",
        "time": 50400
      },
      {
        "key": "1Key2",
        "time": 50400
      },
      {
        "key": "1Key10",
        "time": 50715
      },
      {
        "key": "1Key9",
        "time": 50820
      },
      {
        "key": "1Key8",
        "time": 51135
      },
      {
        "key": "1Key0",
        "time": 51240
      },
      {
        "key": "1Key2",
        "time": 51240
      },
      {
        "key": "1Key8",
        "time": 51240
      },
      {
        "key": "1Key7",
        "time": 51555
      },
      {
        "key": "1Key7",
        "time": 51660
      },
      {
        "key": "1Key5",
        "time": 51975
      },
      {
        "key": "1Key0",
        "time": 52080
      },
      {
        "key": "1Key3",
        "time": 52080
      },
      {
        "key": "1Key5",
        "time": 52080
      },
      {
        "key": "1Key0",
        "time": 52920
      },
      {
        "key": "1Key3",
        "time": 52920
      },
      {
        "key": "1Key0",
        "time": 53760
      },
      {
        "key": "1Key3",
        "time": 53760
      },
      {
        "key": "1Key5",
        "time": 53760
      },
      {
        "key": "1Key6",
        "time": 54075
      },
      {
        "key": "1Key7",
        "time": 54180
      },
      {
        "key": "1Key0",
        "time": 54600
      },
      {
        "key": "1Key3",
        "time": 54600
      },
      {
        "key": "1Key5",
        "time": 54600
      },
      {
        "key": "1Key6",
        "time": 54915
      },
      {
        "key": "1Key7",
        "time": 55020
      },
      {
        "key": "1Key8",
        "time": 55335
      },
      {
        "key": "1Key1",
        "time": 55440
      },
      {
        "key": "1Key4",
        "time": 55440
      },
      {
        "key": "1Key6",
        "time": 55440
      },
      {
        "key": "1Key1",
        "time": 56280
      },
      {
        "key": "1Key4",
        "time": 56280
      },
      {
        "key": "1Key4",
        "time": 56490
      },
      {
        "key": "1Key4",
        "time": 56700
      },
      {
        "key": "1Key11",
        "time": 57015
      },
      {
        "key": "1Key0",
        "time": 57120
      },
      {
        "key": "1Key2",
        "time": 57120
      },
      {
        "key": "1Key10",
        "time": 57435
      },
      {
        "key": "1Key9",
        "time": 57540
      },
      {
        "key": "1Key8",
        "time": 57855
      },
      {
        "key": "1Key0",
        "time": 57960
      },
      {
        "key": "1Key2",
        "time": 57960
      },
      {
        "key": "1Key8",
        "time": 57960
      },
      {
        "key": "1Key7",
        "time": 58275
      },
      {
        "key": "1Key7",
        "time": 58380
      },
      {
        "key": "1Key5",
        "time": 58695
      },
      {
        "key": "1Key0",
        "time": 58800
      },
      {
        "key": "1Key3",
        "time": 58800
      },
      {
        "key": "1Key5",
        "time": 58800
      },
      {
        "key": "1Key0",
        "time": 59640
      },
      {
        "key": "1Key3",
        "time": 59640
      },
      {
        "key": "1Key0",
        "time": 60480
      },
      {
        "key": "1Key3",
        "time": 60480
      },
      {
        "key": "1Key5",
        "time": 60480
      },
      {
        "key": "1Key6",
        "time": 60795
      },
      {
        "key": "1Key7",
        "time": 60900
      },
      {
        "key": "1Key0",
        "time": 61320
      },
      {
        "key": "1Key3",
        "time": 61320
      },
      {
        "key": "1Key10",
        "time": 61320
      },
      {
        "key": "1Key10",
        "time": 61530
      },
      {
        "key": "1Key10",
        "time": 61635
      },
      {
        "key": "1Key9",
        "time": 61740
      },
      {
        "key": "1Key9",
        "time": 61950
      },
      {
        "key": "1Key1",
        "time": 62160
      },
      {
        "key": "1Key4",
        "time": 62160
      },
      {
        "key": "1Key8",
        "time": 63000
      },
      {
        "key": "1Key0",
        "time": 65520
      },
      {
        "key": "1Key2",
        "time": 65520
      },
      {
        "key": "1Key9",
        "time": 65940
      },
      {
        "key": "1Key0",
        "time": 66360
      },
      {
        "key": "1Key2",
        "time": 66360
      },
      {
        "key": "1Key7",
        "time": 66360
      },
      {
        "key": "1Key8",
        "time": 66780
      },
      {
        "key": "1Key7",
        "time": 66885
      },
      {
        "key": "1Key5",
        "time": 66990
      },
      {
        "key": "1Key0",
        "time": 67200
      },
      {
        "key": "1Key3",
        "time": 67200
      },
      {
        "key": "1Key11",
        "time": 67620
      },
      {
        "key": "1Key0",
        "time": 68040
      },
      {
        "key": "1Key3",
        "time": 68040
      },
      {
        "key": "1Key8",
        "time": 68040
      },
      {
        "key": "1Key5",
        "time": 68460
      },
      {
        "key": "1Key0",
        "time": 68880
      },
      {
        "key": "1Key3",
        "time": 68880
      },
      {
        "key": "1Key7",
        "time": 68880
      },
      {
        "key": "1Key8",
        "time": 69090
      },
      {
        "key": "1Key5",
        "time": 69510
      },
      {
        "key": "1Key0",
        "time": 69720
      },
      {
        "key": "1Key3",
        "time": 69720
      },
      {
        "key": "1Key8",
        "time": 69720
      },
      {
        "key": "1Key1",
        "time": 70560
      },
      {
        "key": "1Key4",
        "time": 70560
      },
      {
        "key": "1Key8",
        "time": 70560
      },
      {
        "key": "1Key8",
        "time": 70980
      },
      {
        "key": "1Key1",
        "time": 71400
      },
      {
        "key": "1Key4",
        "time": 71400
      },
      {
        "key": "1Key7",
        "time": 71400
      },
      {
        "key": "1Key6",
        "time": 71610
      },
      {
        "key": "1Key5",
        "time": 71820
      },
      {
        "key": "1Key0",
        "time": 72240
      },
      {
        "key": "1Key2",
        "time": 72240
      },
      {
        "key": "1Key2",
        "time": 72450
      },
      {
        "key": "1Key9",
        "time": 72660
      },
      {
        "key": "1Key0",
        "time": 73080
      },
      {
        "key": "1Key2",
        "time": 73080
      },
      {
        "key": "1Key7",
        "time": 73080
      },
      {
        "key": "1Key8",
        "time": 73500
      },
      {
        "key": "1Key5",
        "time": 73710
      },
      {
        "key": "1Key0",
        "time": 73920
      },
      {
        "key": "1Key3",
        "time": 73920
      },
      {
        "key": "1Key11",
        "time": 74340
      },
      {
        "key": "1Key0",
        "time": 74760
      },
      {
        "key": "1Key3",
        "time": 74760
      },
      {
        "key": "1Key8",
        "time": 74760
      },
      {
        "key": "1Key9",
        "time": 75180
      },
      {
        "key": "1Key5",
        "time": 75390
      },
      {
        "key": "1Key0",
        "time": 75600
      },
      {
        "key": "1Key3",
        "time": 75600
      },
      {
        "key": "1Key7",
        "time": 75600
      },
      {
        "key": "1Key8",
        "time": 75810
      },
      {
        "key": "1Key0",
        "time": 76440
      },
      {
        "key": "1Key3",
        "time": 76440
      },
      {
        "key": "1Key5",
        "time": 76650
      },
      {
        "key": "1Key7",
        "time": 76860
      },
      {
        "key": "1Key8",
        "time": 77070
      },
      {
        "key": "1Key2",
        "time": 77280
      },
      {
        "key": "1Key2",
        "time": 78120
      },
      {
        "key": "1Key0",
        "time": 78960
      },
      {
        "key": "1Key2",
        "time": 78960
      },
      {
        "key": "1Key9",
        "time": 79380
      },
      {
        "key": "1Key0",
        "time": 79800
      },
      {
        "key": "1Key2",
        "time": 79800
      },
      {
        "key": "1Key7",
        "time": 79800
      },
      {
        "key": "1Key8",
        "time": 80220
      },
      {
        "key": "1Key7",
        "time": 80325
      },
      {
        "key": "1Key5",
        "time": 80430
      },
      {
        "key": "1Key0",
        "time": 80640
      },
      {
        "key": "1Key3",
        "time": 80640
      },
      {
        "key": "1Key11",
        "time": 81060
      },
      {
        "key": "1Key0",
        "time": 81480
      },
      {
        "key": "1Key3",
        "time": 81480
      },
      {
        "key": "1Key8",
        "time": 81480
      },
      {
        "key": "1Key5",
        "time": 81900
      },
      {
        "key": "1Key0",
        "time": 82320
      },
      {
        "key": "1Key3",
        "time": 82320
      },
      {
        "key": "1Key7",
        "time": 82320
      },
      {
        "key": "1Key8",
        "time": 82530
      },
      {
        "key": "1Key8",
        "time": 82740
      },
      {
        "key": "1Key8",
        "time": 82950
      },
      {
        "key": "1Key0",
        "time": 83160
      },
      {
        "key": "1Key3",
        "time": 83160
      },
      {
        "key": "1Key5",
        "time": 83370
      },
      {
        "key": "1Key5",
        "time": 83580
      },
      {
        "key": "1Key5",
        "time": 83895
      },
      {
        "key": "1Key2",
        "time": 84000
      },
      {
        "key": "1Key7",
        "time": 84000
      },
      {
        "key": "1Key8",
        "time": 84210
      },
      {
        "key": "1Key8",
        "time": 84420
      },
      {
        "key": "1Key2",
        "time": 84840
      },
      {
        "key": "1Key6",
        "time": 84840
      },
      {
        "key": "1Key6",
        "time": 85155
      },
      {
        "key": "1Key5",
        "time": 85260
      },
      {
        "key": "1Key0",
        "time": 85680
      },
      {
        "key": "1Key2",
        "time": 85680
      },
      {
        "key": "1Key5",
        "time": 85890
      },
      {
        "key": "1Key9",
        "time": 86100
      },
      {
        "key": "1Key0",
        "time": 86520
      },
      {
        "key": "1Key2",
        "time": 86520
      },
      {
        "key": "1Key7",
        "time": 86520
      },
      {
        "key": "1Key8",
        "time": 86940
      },
      {
        "key": "1Key5",
        "time": 87150
      },
      {
        "key": "1Key0",
        "time": 87360
      },
      {
        "key": "1Key3",
        "time": 87360
      },
      {
        "key": "1Key11",
        "time": 87780
      },
      {
        "key": "1Key0",
        "time": 88200
      },
      {
        "key": "1Key3",
        "time": 88200
      },
      {
        "key": "1Key8",
        "time": 88200
      },
      {
        "key": "1Key9",
        "time": 88620
      },
      {
        "key": "1Key5",
        "time": 88830
      },
      {
        "key": "1Key1",
        "time": 89040
      },
      {
        "key": "1Key3",
        "time": 89040
      },
      {
        "key": "1Key7",
        "time": 89040
      },
      {
        "key": "1Key8",
        "time": 89250
      },
      {
        "key": "1Key5",
        "time": 89670
      },
      {
        "key": "1Key1",
        "time": 89880
      },
      {
        "key": "1Key3",
        "time": 89880
      },
      {
        "key": "1Key7",
        "time": 89880
      },
      {
        "key": "1Key8",
        "time": 90090
      },
      {
        "key": "1Key2",
        "time": 90720
      },
      {
        "key": "1Key6",
        "time": 91350
      },
      {
        "key": "1Key2",
        "time": 91560
      },
      {
        "key": "1Key7",
        "time": 91560
      },
      {
        "key": "1Key6",
        "time": 91875
      },
      {
        "key": "1Key4",
        "time": 91980
      },
      {
        "key": "1Key4",
        "time": 92190
      },
      {
        "key": "1Key0",
        "time": 92400
      },
      {
        "key": "1Key2",
        "time": 92400
      },
      {
        "key": "1Key5",
        "time": 92610
      },
      {
        "key": "1Key6",
        "time": 93030
      },
      {
        "key": "1Key0",
        "time": 93240
      },
      {
        "key": "1Key2",
        "time": 93240
      },
      {
        "key": "1Key7",
        "time": 93450
      },
      {
        "key": "1Key8",
        "time": 93870
      },
      {
        "key": "1Key1",
        "time": 94080
      },
      {
        "key": "1Key4",
        "time": 94080
      },
      {
        "key": "1Key1",
        "time": 94920
      },
      {
        "key": "1Key4",
        "time": 94920
      },
      {
        "key": "1Key6",
        "time": 94920
      },
      {
        "key": "1Key6",
        "time": 95340
      },
      {
        "key": "1Key0",
        "time": 95760
      },
      {
        "key": "1Key2",
        "time": 95760
      },
      {
        "key": "1Key6",
        "time": 95760
      },
      {
        "key": "1Key7",
        "time": 95970
      },
      {
        "key": "1Key0",
        "time": 96600
      },
      {
        "key": "1Key2",
        "time": 96600
      },
      {
        "key": "1Key4",
        "time": 96600
      },
      {
        "key": "1Key4",
        "time": 96915
      },
      {
        "key": "1Key2",
        "time": 97020
      },
      {
        "key": "1Key3",
        "time": 97335
      },
      {
        "key": "1Key0",
        "time": 97440
      },
      {
        "key": "1Key0",
        "time": 98280
      },
      {
        "key": "1Key4",
        "time": 98280
      },
      {
        "key": "1Key0",
        "time": 99120
      },
      {
        "key": "1Key3",
        "time": 99120
      },
      {
        "key": "1Key5",
        "time": 99120
      },
      {
        "key": "1Key6",
        "time": 99435
      },
      {
        "key": "1Key7",
        "time": 99540
      },
      {
        "key": "1Key0",
        "time": 99960
      },
      {
        "key": "1Key3",
        "time": 99960
      },
      {
        "key": "1Key5",
        "time": 99960
      },
      {
        "key": "1Key6",
        "time": 100275
      },
      {
        "key": "1Key7",
        "time": 100380
      },
      {
        "key": "1Key8",
        "time": 100695
      },
      {
        "key": "1Key1",
        "time": 100800
      },
      {
        "key": "1Key4",
        "time": 100800
      },
      {
        "key": "1Key6",
        "time": 100800
      },
      {
        "key": "1Key1",
        "time": 101640
      },
      {
        "key": "1Key4",
        "time": 101640
      },
      {
        "key": "1Key6",
        "time": 101640
      },
      {
        "key": "1Key6",
        "time": 102060
      },
      {
        "key": "1Key0",
        "time": 102480
      },
      {
        "key": "1Key2",
        "time": 102480
      },
      {
        "key": "1Key6",
        "time": 102480
      },
      {
        "key": "1Key7",
        "time": 102690
      },
      {
        "key": "1Key0",
        "time": 103320
      },
      {
        "key": "1Key2",
        "time": 103320
      },
      {
        "key": "1Key4",
        "time": 103320
      },
      {
        "key": "1Key5",
        "time": 103740
      },
      {
        "key": "1Key5",
        "time": 103950
      },
      {
        "key": "1Key0",
        "time": 104160
      },
      {
        "key": "1Key3",
        "time": 104160
      },
      {
        "key": "1Key0",
        "time": 105000
      },
      {
        "key": "1Key3",
        "time": 105000
      },
      {
        "key": "1Key0",
        "time": 105840
      },
      {
        "key": "1Key3",
        "time": 105840
      },
      {
        "key": "1Key5",
        "time": 105840
      },
      {
        "key": "1Key6",
        "time": 106155
      },
      {
        "key": "1Key7",
        "time": 106260
      },
      {
        "key": "1Key0",
        "time": 106680
      },
      {
        "key": "1Key3",
        "time": 106680
      },
      {
        "key": "1Key5",
        "time": 106680
      },
      {
        "key": "1Key6",
        "time": 106995
      },
      {
        "key": "1Key7",
        "time": 107100
      },
      {
        "key": "1Key8",
        "time": 107415
      },
      {
        "key": "1Key1",
        "time": 107520
      },
      {
        "key": "1Key4",
        "time": 107520
      },
      {
        "key": "1Key6",
        "time": 107520
      },
      {
        "key": "1Key1",
        "time": 108360
      },
      {
        "key": "1Key4",
        "time": 108360
      },
      {
        "key": "1Key4",
        "time": 108570
      },
      {
        "key": "1Key4",
        "time": 108780
      },
      {
        "key": "1Key11",
        "time": 109095
      },
      {
        "key": "1Key0",
        "time": 109200
      },
      {
        "key": "1Key2",
        "time": 109200
      },
      {
        "key": "1Key10",
        "time": 109515
      },
      {
        "key": "1Key9",
        "time": 109620
      },
      {
        "key": "1Key8",
        "time": 109935
      },
      {
        "key": "1Key0",
        "time": 110040
      },
      {
        "key": "1Key2",
        "time": 110040
      },
      {
        "key": "1Key8",
        "time": 110040
      },
      {
        "key": "1Key7",
        "time": 110355
      },
      {
        "key": "1Key7",
        "time": 110460
      },
      {
        "key": "1Key5",
        "time": 110775
      },
      {
        "key": "1Key0",
        "time": 110880
      },
      {
        "key": "1Key3",
        "time": 110880
      },
      {
        "key": "1Key5",
        "time": 110880
      },
      {
        "key": "1Key0",
        "time": 111720
      },
      {
        "key": "1Key3",
        "time": 111720
      },
      {
        "key": "1Key0",
        "time": 112560
      },
      {
        "key": "1Key3",
        "time": 112560
      },
      {
        "key": "1Key5",
        "time": 112560
      },
      {
        "key": "1Key6",
        "time": 112875
      },
      {
        "key": "1Key7",
        "time": 112980
      },
      {
        "key": "1Key0",
        "time": 113400
      },
      {
        "key": "1Key3",
        "time": 113400
      },
      {
        "key": "1Key5",
        "time": 113400
      },
      {
        "key": "1Key6",
        "time": 113715
      },
      {
        "key": "1Key7",
        "time": 113820
      },
      {
        "key": "1Key8",
        "time": 114135
      },
      {
        "key": "1Key1",
        "time": 114240
      },
      {
        "key": "1Key4",
        "time": 114240
      },
      {
        "key": "1Key6",
        "time": 114240
      },
      {
        "key": "1Key1",
        "time": 115080
      },
      {
        "key": "1Key4",
        "time": 115080
      },
      {
        "key": "1Key4",
        "time": 115290
      },
      {
        "key": "1Key4",
        "time": 115500
      },
      {
        "key": "1Key11",
        "time": 115815
      },
      {
        "key": "1Key0",
        "time": 115920
      },
      {
        "key": "1Key2",
        "time": 115920
      },
      {
        "key": "1Key10",
        "time": 116235
      },
      {
        "key": "1Key9",
        "time": 116340
      },
      {
        "key": "1Key8",
        "time": 116655
      },
      {
        "key": "1Key0",
        "time": 116760
      },
      {
        "key": "1Key2",
        "time": 116760
      },
      {
        "key": "1Key8",
        "time": 116760
      },
      {
        "key": "1Key7",
        "time": 117075
      },
      {
        "key": "1Key7",
        "time": 117180
      },
      {
        "key": "1Key5",
        "time": 117495
      },
      {
        "key": "1Key0",
        "time": 117600
      },
      {
        "key": "1Key3",
        "time": 117600
      },
      {
        "key": "1Key5",
        "time": 117600
      },
      {
        "key": "1Key0",
        "time": 118440
      },
      {
        "key": "1Key3",
        "time": 118440
      },
      {
        "key": "1Key0",
        "time": 119280
      },
      {
        "key": "1Key3",
        "time": 119280
      },
      {
        "key": "1Key5",
        "time": 119280
      },
      {
        "key": "1Key6",
        "time": 119595
      },
      {
        "key": "1Key7",
        "time": 119700
      },
      {
        "key": "1Key0",
        "time": 120120
      },
      {
        "key": "1Key3",
        "time": 120120
      },
      {
        "key": "1Key10",
        "time": 120120
      },
      {
        "key": "1Key10",
        "time": 120330
      },
      {
        "key": "1Key10",
        "time": 120435
      },
      {
        "key": "1Key9",
        "time": 120540
      },
      {
        "key": "1Key9",
        "time": 120750
      },
      {
        "key": "1Key1",
        "time": 120960
      },
      {
        "key": "1Key4",
        "time": 120960
      },
      {
        "key": "1Key1",
        "time": 121800
      },
      {
        "key": "1Key4",
        "time": 121800
      },
      {
        "key": "1Key8",
        "time": 121800
      },
      {
        "key": "1Key11",
        "time": 122220
      },
      {
        "key": "1Key1",
        "time": 122640
      },
      {
        "key": "1Key4",
        "time": 122640
      },
      {
        "key": "1Key8",
        "time": 122640
      },
      {
        "key": "1Key1",
        "time": 123480
      },
      {
        "key": "1Key4",
        "time": 123480
      },
      {
        "key": "1Key8",
        "time": 123480
      },
      {
        "key": "1Key11",
        "time": 123900
      },
      {
        "key": "1Key0",
        "time": 124320
      },
      {
        "key": "1Key3",
        "time": 124320
      },
      {
        "key": "1Key10",
        "time": 124320
      },
      {
        "key": "1Key9",
        "time": 124950
      },
      {
        "key": "1Key10",
        "time": 125055
      },
      {
        "key": "1Key0",
        "time": 125160
      },
      {
        "key": "1Key3",
        "time": 125160
      },
      {
        "key": "1Key9",
        "time": 125160
      },
      {
        "key": "1Key8",
        "time": 125790
      },
      {
        "key": "1Key9",
        "time": 125895
      },
      {
        "key": "1Key0",
        "time": 126000
      },
      {
        "key": "1Key3",
        "time": 126000
      },
      {
        "key": "1Key8",
        "time": 126000
      },
      {
        "key": "1Key7",
        "time": 126630
      },
      {
        "key": "1Key8",
        "time": 126735
      },
      {
        "key": "1Key0",
        "time": 126840
      },
      {
        "key": "1Key3",
        "time": 126840
      },
      {
        "key": "1Key7",
        "time": 126840
      },
      {
        "key": "1Key6",
        "time": 127470
      },
      {
        "key": "1Key7",
        "time": 127575
      },
      {
        "key": "1Key1",
        "time": 127680
      },
      {
        "key": "1Key4",
        "time": 127680
      },
      {
        "key": "1Key6",
        "time": 127680
      },
      {
        "key": "1Key1",
        "time": 128520
      },
      {
        "key": "1Key4",
        "time": 128520
      },
      {
        "key": "1Key8",
        "time": 128520
      },
      {
        "key": "1Key11",
        "time": 128940
      },
      {
        "key": "1Key1",
        "time": 129360
      },
      {
        "key": "1Key4",
        "time": 129360
      },
      {
        "key": "1Key8",
        "time": 129360
      },
      {
        "key": "1Key1",
        "time": 130200
      },
      {
        "key": "1Key4",
        "time": 130200
      },
      {
        "key": "1Key8",
        "time": 130200
      },
      {
        "key": "1Key11",
        "time": 130620
      },
      {
        "key": "1Key0",
        "time": 131040
      },
      {
        "key": "1Key3",
        "time": 131040
      },
      {
        "key": "1Key10",
        "time": 131040
      },
      {
        "key": "1Key9",
        "time": 131670
      },
      {
        "key": "1Key10",
        "time": 131775
      },
      {
        "key": "1Key0",
        "time": 131880
      },
      {
        "key": "1Key3",
        "time": 131880
      },
      {
        "key": "1Key9",
        "time": 131880
      },
      {
        "key": "1Key8",
        "time": 132510
      },
      {
        "key": "1Key9",
        "time": 132615
      },
      {
        "key": "1Key0",
        "time": 132720
      },
      {
        "key": "1Key3",
        "time": 132720
      },
      {
        "key": "1Key8",
        "time": 132720
      },
      {
        "key": "1Key7",
        "time": 133350
      },
      {
        "key": "1Key8",
        "time": 133455
      },
      {
        "key": "1Key0",
        "time": 133560
      },
      {
        "key": "1Key3",
        "time": 133560
      },
      {
        "key": "1Key7",
        "time": 133560
      },
      {
        "key": "1Key6",
        "time": 134190
      },
      {
        "key": "1Key7",
        "time": 134295
      },
      {
        "key": "1Key1",
        "time": 134400
      },
      {
        "key": "1Key4",
        "time": 134400
      },
      {
        "key": "1Key6",
        "time": 134400
      },
      {
        "key": "1Key6",
        "time": 135240
      },
      {
        "key": "1Key6",
        "time": 135660
      },
      {
        "key": "1Key0",
        "time": 136080
      },
      {
        "key": "1Key2",
        "time": 136080
      },
      {
        "key": "1Key6",
        "time": 136080
      },
      {
        "key": "1Key7",
        "time": 136290
      },
      {
        "key": "1Key0",
        "time": 136920
      },
      {
        "key": "1Key2",
        "time": 136920
      },
      {
        "key": "1Key4",
        "time": 136920
      },
      {
        "key": "1Key4",
        "time": 137235
      },
      {
        "key": "1Key2",
        "time": 137340
      },
      {
        "key": "1Key3",
        "time": 137655
      },
      {
        "key": "1Key0",
        "time": 137760
      },
      {
        "key": "1Key0",
        "time": 138600
      },
      {
        "key": "1Key3",
        "time": 138600
      },
      {
        "key": "1Key0",
        "time": 139440
      },
      {
        "key": "1Key3",
        "time": 139440
      },
      {
        "key": "1Key5",
        "time": 139440
      },
      {
        "key": "1Key6",
        "time": 139755
      },
      {
        "key": "1Key7",
        "time": 139860
      },
      {
        "key": "1Key0",
        "time": 140280
      },
      {
        "key": "1Key3",
        "time": 140280
      },
      {
        "key": "1Key5",
        "time": 140280
      },
      {
        "key": "1Key6",
        "time": 140595
      },
      {
        "key": "1Key7",
        "time": 140700
      },
      {
        "key": "1Key8",
        "time": 141015
      },
      {
        "key": "1Key1",
        "time": 141120
      },
      {
        "key": "1Key4",
        "time": 141120
      },
      {
        "key": "1Key6",
        "time": 141120
      },
      {
        "key": "1Key1",
        "time": 141960
      },
      {
        "key": "1Key4",
        "time": 141960
      },
      {
        "key": "1Key6",
        "time": 141960
      },
      {
        "key": "1Key6",
        "time": 142380
      },
      {
        "key": "1Key0",
        "time": 142800
      },
      {
        "key": "1Key2",
        "time": 142800
      },
      {
        "key": "1Key6",
        "time": 142800
      },
      {
        "key": "1Key7",
        "time": 143010
      },
      {
        "key": "1Key0",
        "time": 143640
      },
      {
        "key": "1Key2",
        "time": 143640
      },
      {
        "key": "1Key4",
        "time": 143640
      },
      {
        "key": "1Key5",
        "time": 144060
      },
      {
        "key": "1Key5",
        "time": 144270
      },
      {
        "key": "1Key0",
        "time": 144480
      },
      {
        "key": "1Key3",
        "time": 144480
      },
      {
        "key": "1Key0",
        "time": 145320
      },
      {
        "key": "1Key3",
        "time": 145320
      },
      {
        "key": "1Key0",
        "time": 146160
      },
      {
        "key": "1Key3",
        "time": 146160
      },
      {
        "key": "1Key5",
        "time": 146160
      },
      {
        "key": "1Key6",
        "time": 146475
      },
      {
        "key": "1Key7",
        "time": 146580
      },
      {
        "key": "1Key0",
        "time": 147000
      },
      {
        "key": "1Key3",
        "time": 147000
      },
      {
        "key": "1Key5",
        "time": 147000
      },
      {
        "key": "1Key6",
        "time": 147315
      },
      {
        "key": "1Key7",
        "time": 147420
      },
      {
        "key": "1Key8",
        "time": 147735
      },
      {
        "key": "1Key1",
        "time": 147840
      },
      {
        "key": "1Key4",
        "time": 147840
      },
      {
        "key": "1Key6",
        "time": 147840
      },
      {
        "key": "1Key1",
        "time": 148680
      },
      {
        "key": "1Key4",
        "time": 148680
      },
      {
        "key": "1Key4",
        "time": 148890
      },
      {
        "key": "1Key4",
        "time": 149100
      },
      {
        "key": "1Key11",
        "time": 149415
      },
      {
        "key": "1Key0",
        "time": 149520
      },
      {
        "key": "1Key2",
        "time": 149520
      },
      {
        "key": "1Key10",
        "time": 149835
      },
      {
        "key": "1Key9",
        "time": 149940
      },
      {
        "key": "1Key8",
        "time": 150255
      },
      {
        "key": "1Key0",
        "time": 150360
      },
      {
        "key": "1Key2",
        "time": 150360
      },
      {
        "key": "1Key8",
        "time": 150360
      },
      {
        "key": "1Key7",
        "time": 150675
      },
      {
        "key": "1Key7",
        "time": 150780
      },
      {
        "key": "1Key5",
        "time": 151095
      },
      {
        "key": "1Key0",
        "time": 151200
      },
      {
        "key": "1Key3",
        "time": 151200
      },
      {
        "key": "1Key5",
        "time": 151200
      },
      {
        "key": "1Key0",
        "time": 152040
      },
      {
        "key": "1Key3",
        "time": 152040
      },
      {
        "key": "1Key0",
        "time": 152880
      },
      {
        "key": "1Key3",
        "time": 152880
      },
      {
        "key": "1Key5",
        "time": 152880
      },
      {
        "key": "1Key6",
        "time": 153195
      },
      {
        "key": "1Key7",
        "time": 153300
      },
      {
        "key": "1Key0",
        "time": 153720
      },
      {
        "key": "1Key3",
        "time": 153720
      },
      {
        "key": "1Key5",
        "time": 153720
      },
      {
        "key": "1Key6",
        "time": 154035
      },
      {
        "key": "1Key7",
        "time": 154140
      },
      {
        "key": "1Key8",
        "time": 154455
      },
      {
        "key": "1Key1",
        "time": 154560
      },
      {
        "key": "1Key4",
        "time": 154560
      },
      {
        "key": "1Key6",
        "time": 154560
      },
      {
        "key": "1Key1",
        "time": 155400
      },
      {
        "key": "1Key4",
        "time": 155400
      },
      {
        "key": "1Key4",
        "time": 155610
      },
      {
        "key": "1Key4",
        "time": 155820
      },
      {
        "key": "1Key11",
        "time": 156135
      },
      {
        "key": "1Key0",
        "time": 156240
      },
      {
        "key": "1Key2",
        "time": 156240
      },
      {
        "key": "1Key10",
        "time": 156555
      },
      {
        "key": "1Key9",
        "time": 156660
      },
      {
        "key": "1Key8",
        "time": 156975
      },
      {
        "key": "1Key0",
        "time": 157080
      },
      {
        "key": "1Key2",
        "time": 157080
      },
      {
        "key": "1Key8",
        "time": 157080
      },
      {
        "key": "1Key7",
        "time": 157395
      },
      {
        "key": "1Key7",
        "time": 157500
      },
      {
        "key": "1Key5",
        "time": 157815
      },
      {
        "key": "1Key0",
        "time": 157920
      },
      {
        "key": "1Key3",
        "time": 157920
      },
      {
        "key": "1Key5",
        "time": 157920
      },
      {
        "key": "1Key0",
        "time": 158760
      },
      {
        "key": "1Key3",
        "time": 158760
      },
      {
        "key": "1Key0",
        "time": 159600
      },
      {
        "key": "1Key3",
        "time": 159600
      },
      {
        "key": "1Key5",
        "time": 159600
      },
      {
        "key": "1Key6",
        "time": 159915
      },
      {
        "key": "1Key7",
        "time": 160020
      },
      {
        "key": "1Key0",
        "time": 160440
      },
      {
        "key": "1Key3",
        "time": 160440
      },
      {
        "key": "1Key10",
        "time": 160440
      },
      {
        "key": "1Key10",
        "time": 160650
      },
      {
        "key": "1Key10",
        "time": 160755
      },
      {
        "key": "1Key9",
        "time": 160860
      },
      {
        "key": "1Key9",
        "time": 161175
      },
      {
        "key": "1Key1",
        "time": 161280
      },
      {
        "key": "1Key4",
        "time": 161280
      },
      {
        "key": "1Key7",
        "time": 161910
      },
      {
        "key": "1Key1",
        "time": 162120
      },
      {
        "key": "1Key4",
        "time": 162120
      },
      {
        "key": "1Key1",
        "time": 162960
      },
      {
        "key": "1Key4",
        "time": 162960
      },
      {
        "key": "1Key6",
        "time": 162960
      },
      {
        "key": "1Key1",
        "time": 163800
      },
      {
        "key": "1Key4",
        "time": 163800
      },
      {
        "key": "1Key7",
        "time": 163800
      },
      {
        "key": "1Key0",
        "time": 164640
      },
      {
        "key": "1Key3",
        "time": 164640
      },
      {
        "key": "1Key9",
        "time": 164640
      },
      {
        "key": "1Key0",
        "time": 165480
      },
      {
        "key": "1Key3",
        "time": 165480
      },
      {
        "key": "1Key0",
        "time": 166215
      },
      {
        "key": "1Key3",
        "time": 166215
      },
      {
        "key": "1Key0",
        "time": 167160
      },
      {
        "key": "1Key3",
        "time": 167160
      },
      {
        "key": "1Key10",
        "time": 167160
      },
      {
        "key": "1Key10",
        "time": 167370
      },
      {
        "key": "1Key10",
        "time": 167475
      },
      {
        "key": "1Key9",
        "time": 167580
      },
      {
        "key": "1Key9",
        "time": 167895
      },
      {
        "key": "1Key1",
        "time": 168000
      },
      {
        "key": "1Key4",
        "time": 168000
      },
      {
        "key": "1Key8",
        "time": 168630
      },
      {
        "key": "1Key1",
        "time": 168840
      },
      {
        "key": "1Key4",
        "time": 168840
      },
      {
        "key": "1Key1",
        "time": 169680
      },
      {
        "key": "1Key4",
        "time": 169680
      },
      {
        "key": "1Key6",
        "time": 169680
      },
      {
        "key": "1Key1",
        "time": 170520
      },
      {
        "key": "1Key4",
        "time": 170520
      },
      {
        "key": "1Key7",
        "time": 170520
      },
      {
        "key": "1Key0",
        "time": 171360
      },
      {
        "key": "1Key3",
        "time": 171360
      },
      {
        "key": "1Key9",
        "time": 171360
      },
      {
        "key": "1Key0",
        "time": 172200
      },
      {
        "key": "1Key3",
        "time": 172200
      },
      {
        "key": "1Key0",
        "time": 173040
      },
      {
        "key": "1Key3",
        "time": 173040
      },
      {
        "key": "1Key0",
        "time": 173880
      },
      {
        "key": "1Key3",
        "time": 173880
      },
      {
        "key": "1Key10",
        "time": 173880
      },
      {
        "key": "1Key10",
        "time": 174090
      },
      {
        "key": "1Key10",
        "time": 174195
      },
      {
        "key": "1Key9",
        "time": 174300
      },
      {
        "key": "1Key9",
        "time": 174615
      },
      {
        "key": "1Key1",
        "time": 174720
      },
      {
        "key": "1Key4",
        "time": 174720
      },
      {
        "key": "1Key8",
        "time": 175350
      },
      {
        "key": "1Key1",
        "time": 175560
      },
      {
        "key": "1Key4",
        "time": 175560
      },
      {
        "key": "1Key1",
        "time": 176400
      },
      {
        "key": "1Key4",
        "time": 176400
      },
      {
        "key": "1Key9",
        "time": 176400
      },
      {
        "key": "1Key1",
        "time": 177240
      },
      {
        "key": "1Key4",
        "time": 177240
      },
      {
        "key": "1Key11",
        "time": 177240
      },
      {
        "key": "1Key0",
        "time": 178080
      },
      {
        "key": "1Key3",
        "time": 178080
      },
      {
        "key": "1Key12",
        "time": 178080
      }
    ]
  }
]