[
  {
    "bpm": 520,
    "name": "AURORA - Through the Eyes of a Child",
    "songNotes": [
      {
        "key": "2Key0",
        "time": 1380
      },
      {
        "key": "1Key9",
        "time": 1380
      },
      {
        "key": "1Key9",
        "time": 2070
      },
      {
        "key": "1Key9",
        "time": 2760
      },
      {
        "key": "1Key7",
        "time": 3680
      },
      {
        "key": "1Key10",
        "time": 4140
      },
      {
        "key": "1Key9",
        "time": 4830
      },
      {
        "key": "1Key9",
        "time": 5520
      },
      {
        "key": "2Key0",
        "time": 9660
      },
      {
        "key": "1Key9",
        "time": 9660
      },
      {
        "key": "1Key11",
        "time": 10350
      },
      {
        "key": "1Key9",
        "time": 10580
      },
      {
        "key": "1Key8",
        "time": 11040
      },
      {
        "key": "1Key8",
        "time": 11730
      },
      {
        "key": "1Key6",
        "time": 12420
      },
      {
        "key": "1Key6",
        "time": 13110
      },
      {
        "key": "1Key6",
        "time": 13800
      },
      {
        "key": "1Key7",
        "time": 16560
      },
      {
        "key": "2Key0",
        "time": 17940
      },
      {
        "key": "2Key2",
        "time": 17940
      },
      {
        "key": "1Key12",
        "time": 17940
      },
      {
        "key": "1Key14",
        "time": 18630
      },
      {
        "key": "1Key13",
        "time": 18860
      },
      {
        "key": "1Key11",
        "time": 19320
      },
      {
        "key": "1Key9",
        "time": 20010
      },
      {
        "key": "1Key11",
        "time": 20240
      },
      {
        "key": "1Key11",
        "time": 20700
      },
      {
        "key": "1Key12",
        "time": 20930
      },
      {
        "key": "1Key11",
        "time": 21390
      },
      {
        "key": "1Key9",
        "time": 22080
      },
      {
        "key": "1Key7",
        "time": 25300
      },
      {
        "key": "1Key8",
        "time": 25760
      },
      {
        "key": "1Key9",
        "time": 25990
      },
      {
        "key": "2Key0",
        "time": 26220
      },
      {
        "key": "2Key2",
        "time": 26220
      },
      {
        "key": "1Key11",
        "time": 26680
      },
      {
        "key": "1Key10",
        "time": 26910
      },
      {
        "key": "1Key9",
        "time": 27370
      },
      {
        "key": "1Key8",
        "time": 27600
      },
      {
        "key": "1Key7",
        "time": 28290
      },
      {
        "key": "1Key8",
        "time": 28520
      },
      {
        "key": "2Key0",
        "time": 28980
      },
      {
        "key": "2Key3",
        "time": 28980
      },
      {
        "key": "2Key5",
        "time": 28980
      },
      {
        "key": "1Key9",
        "time": 28980
      },
      {
        "key": "1Key8",
        "time": 29670
      },
      {
        "key": "1Key7",
        "time": 29900
      },
      {
        "key": "2Key3",
        "time": 30360
      },
      {
        "key": "1Key7",
        "time": 30360
      },
      {
        "key": "2Key0",
        "time": 31740
      },
      {
        "key": "2Key3",
        "time": 31740
      },
      {
        "key": "1Key7",
        "time": 32660
      },
      {
        "key": "1Key8",
        "time": 32890
      },
      {
        "key": "1Key9",
        "time": 33350
      },
      {
        "key": "1Key8",
        "time": 34040
      },
      {
        "key": "1Key7",
        "time": 34270
      },
      {
        "key": "2Key0",
        "time": 34500
      },
      {
        "key": "1Key7",
        "time": 34500
      },
      {
        "key": "2Key4",
        "time": 34960
      },
      {
        "key": "2Key7",
        "time": 35420
      },
      {
        "key": "2Key0",
        "time": 35880
      },
      {
        "key": "2Key4",
        "time": 36340
      },
      {
        "key": "2Key7",
        "time": 36800
      },
      {
        "key": "2Key0",
        "time": 37260
      },
      {
        "key": "2Key4",
        "time": 37720
      },
      {
        "key": "2Key7",
        "time": 38180
      },
      {
        "key": "2Key0",
        "time": 38640
      },
      {
        "key": "2Key4",
        "time": 39100
      },
      {
        "key": "2Key7",
        "time": 39560
      },
      {
        "key": "2Key0",
        "time": 40020
      },
      {
        "key": "1Key9",
        "time": 40020
      },
      {
        "key": "2Key4",
        "time": 40480
      },
      {
        "key": "1Key9",
        "time": 40710
      },
      {
        "key": "2Key7",
        "time": 40940
      },
      {
        "key": "2Key0",
        "time": 41400
      },
      {
        "key": "1Key9",
        "time": 41400
      },
      {
        "key": "2Key4",
        "time": 41860
      },
      {
        "key": "1Key8",
        "time": 42205
      },
      {
        "key": "1Key7",
        "time": 42320
      },
      {
        "key": "2Key0",
        "time": 42780
      },
      {
        "key": "1Key10",
        "time": 42780
      },
      {
        "key": "2Key4",
        "time": 43240
      },
      {
        "key": "1Key9",
        "time": 43470
      },
      {
        "key": "2Key7",
        "time": 43700
      },
      {
        "key": "2Key0",
        "time": 44160
      },
      {
        "key": "1Key9",
        "time": 44160
      },
      {
        "key": "2Key4",
        "time": 44620
      },
      {
        "key": "2Key7",
        "time": 45080
      },
      {
        "key": "2Key0",
        "time": 45540
      },
      {
        "key": "2Key4",
        "time": 46000
      },
      {
        "key": "2Key7",
        "time": 46460
      },
      {
        "key": "2Key0",
        "time": 46920
      },
      {
        "key": "2Key4",
        "time": 47380
      },
      {
        "key": "2Key7",
        "time": 47840
      },
      {
        "key": "2Key0",
        "time": 48300
      },
      {
        "key": "1Key9",
        "time": 48300
      },
      {
        "key": "2Key4",
        "time": 48760
      },
      {
        "key": "1Key9",
        "time": 48990
      },
      {
        "key": "2Key7",
        "time": 49220
      },
      {
        "key": "2Key0",
        "time": 49680
      },
      {
        "key": "1Key9",
        "time": 49680
      },
      {
        "key": "2Key4",
        "time": 50140
      },
      {
        "key": "2Key7",
        "time": 50600
      },
      {
        "key": "1Key8",
        "time": 50600
      },
      {
        "key": "2Key0",
        "time": 51060
      },
      {
        "key": "1Key6",
        "time": 51060
      },
      {
        "key": "2Key4",
        "time": 51520
      },
      {
        "key": "1Key6",
        "time": 51750
      },
      {
        "key": "2Key7",
        "time": 51980
      },
      {
        "key": "2Key0",
        "time": 52440
      },
      {
        "key": "1Key6",
        "time": 52440
      },
      {
        "key": "2Key4",
        "time": 52900
      },
      {
        "key": "2Key7",
        "time": 53360
      },
      {
        "key": "2Key0",
        "time": 53820
      },
      {
        "key": "1Key7",
        "time": 53820
      },
      {
        "key": "2Key4",
        "time": 54280
      },
      {
        "key": "2Key7",
        "time": 54740
      },
      {
        "key": "2Key0",
        "time": 55200
      },
      {
        "key": "2Key4",
        "time": 55660
      },
      {
        "key": "1Key9",
        "time": 55660
      },
      {
        "key": "2Key7",
        "time": 56120
      },
      {
        "key": "1Key11",
        "time": 56120
      },
      {
        "key": "2Key2",
        "time": 56580
      },
      {
        "key": "2Key5",
        "time": 56580
      },
      {
        "key": "2Key7",
        "time": 56580
      },
      {
        "key": "1Key11",
        "time": 56580
      },
      {
        "key": "1Key12",
        "time": 56810
      },
      {
        "key": "2Key2",
        "time": 57040
      },
      {
        "key": "1Key9",
        "time": 57270
      },
      {
        "key": "2Key5",
        "time": 57500
      },
      {
        "key": "2Key5",
        "time": 57960
      },
      {
        "key": "2Key7",
        "time": 57960
      },
      {
        "key": "1Key11",
        "time": 57960
      },
      {
        "key": "2Key2",
        "time": 58420
      },
      {
        "key": "1Key9",
        "time": 58650
      },
      {
        "key": "2Key5",
        "time": 58880
      },
      {
        "key": "2Key3",
        "time": 59340
      },
      {
        "key": "2Key5",
        "time": 59340
      },
      {
        "key": "1Key11",
        "time": 59340
      },
      {
        "key": "1Key12",
        "time": 59570
      },
      {
        "key": "2Key0",
        "time": 59800
      },
      {
        "key": "1Key9",
        "time": 60030
      },
      {
        "key": "2Key3",
        "time": 60260
      },
      {
        "key": "2Key3",
        "time": 60720
      },
      {
        "key": "2Key5",
        "time": 60720
      },
      {
        "key": "1Key8",
        "time": 60720
      },
      {
        "key": "2Key0",
        "time": 61180
      },
      {
        "key": "2Key3",
        "time": 61640
      },
      {
        "key": "2Key3",
        "time": 62100
      },
      {
        "key": "1Key7",
        "time": 62100
      },
      {
        "key": "2Key0",
        "time": 62560
      },
      {
        "key": "2Key3",
        "time": 63020
      },
      {
        "key": "2Key0",
        "time": 63480
      },
      {
        "key": "2Key3",
        "time": 63480
      },
      {
        "key": "2Key0",
        "time": 63940
      },
      {
        "key": "1Key7",
        "time": 63940
      },
      {
        "key": "2Key3",
        "time": 64400
      },
      {
        "key": "1Key8",
        "time": 64400
      },
      {
        "key": "1Key9",
        "time": 64630
      },
      {
        "key": "2Key0",
        "time": 64860
      },
      {
        "key": "2Key2",
        "time": 64860
      },
      {
        "key": "2Key4",
        "time": 65320
      },
      {
        "key": "1Key11",
        "time": 65320
      },
      {
        "key": "1Key10",
        "time": 65550
      },
      {
        "key": "2Key7",
        "time": 65780
      },
      {
        "key": "1Key9",
        "time": 66010
      },
      {
        "key": "2Key0",
        "time": 66240
      },
      {
        "key": "2Key3",
        "time": 66240
      },
      {
        "key": "1Key8",
        "time": 66240
      },
      {
        "key": "2Key4",
        "time": 66700
      },
      {
        "key": "1Key7",
        "time": 66930
      },
      {
        "key": "2Key0",
        "time": 67160
      },
      {
        "key": "1Key8",
        "time": 67160
      },
      {
        "key": "2Key3",
        "time": 67620
      },
      {
        "key": "1Key9",
        "time": 67620
      },
      {
        "key": "2Key0",
        "time": 68080
      },
      {
        "key": "1Key8",
        "time": 68310
      },
      {
        "key": "2Key3",
        "time": 68540
      },
      {
        "key": "1Key7",
        "time": 68540
      },
      {
        "key": "2Key0",
        "time": 69000
      },
      {
        "key": "2Key3",
        "time": 69000
      },
      {
        "key": "1Key7",
        "time": 69000
      },
      {
        "key": "2Key0",
        "time": 69460
      },
      {
        "key": "2Key3",
        "time": 69920
      },
      {
        "key": "2Key3",
        "time": 70380
      },
      {
        "key": "2Key0",
        "time": 70840
      },
      {
        "key": "2Key3",
        "time": 71300
      },
      {
        "key": "1Key7",
        "time": 71300
      },
      {
        "key": "1Key8",
        "time": 71530
      },
      {
        "key": "2Key0",
        "time": 71760
      },
      {
        "key": "2Key3",
        "time": 71760
      },
      {
        "key": "1Key9",
        "time": 71990
      },
      {
        "key": "2Key0",
        "time": 72220
      },
      {
        "key": "2Key3",
        "time": 72680
      },
      {
        "key": "1Key8",
        "time": 72680
      },
      {
        "key": "1Key7",
        "time": 72910
      },
      {
        "key": "2Key0",
        "time": 73140
      },
      {
        "key": "1Key7",
        "time": 73140
      },
      {
        "key": "2Key4",
        "time": 73600
      },
      {
        "key": "2Key7",
        "time": 74060
      },
      {
        "key": "2Key0",
        "time": 74520
      },
      {
        "key": "2Key4",
        "time": 74980
      },
      {
        "key": "2Key7",
        "time": 75440
      },
      {
        "key": "2Key0",
        "time": 75900
      },
      {
        "key": "2Key4",
        "time": 76360
      },
      {
        "key": "2Key7",
        "time": 76820
      },
      {
        "key": "2Key0",
        "time": 77280
      },
      {
        "key": "2Key4",
        "time": 77740
      },
      {
        "key": "2Key7",
        "time": 78200
      },
      {
        "key": "2Key0",
        "time": 78660
      },
      {
        "key": "1Key9",
        "time": 78660
      },
      {
        "key": "2Key4",
        "time": 79120
      },
      {
        "key": "1Key9",
        "time": 79350
      },
      {
        "key": "2Key7",
        "time": 79580
      },
      {
        "key": "2Key0",
        "time": 80040
      },
      {
        "key": "1Key9",
        "time": 80040
      },
      {
        "key": "2Key4",
        "time": 80500
      },
      {
        "key": "2Key7",
        "time": 80960
      },
      {
        "key": "1Key8",
        "time": 80960
      },
      {
        "key": "2Key0",
        "time": 81420
      },
      {
        "key": "1Key10",
        "time": 81420
      },
      {
        "key": "2Key4",
        "time": 81880
      },
      {
        "key": "1Key9",
        "time": 82110
      },
      {
        "key": "1Key7",
        "time": 82340
      },
      {
        "key": "2Key0",
        "time": 82800
      },
      {
        "key": "1Key11",
        "time": 82800
      },
      {
        "key": "2Key4",
        "time": 83260
      },
      {
        "key": "2Key7",
        "time": 83720
      },
      {
        "key": "2Key0",
        "time": 84180
      },
      {
        "key": "1Key11",
        "time": 84180
      },
      {
        "key": "2Key4",
        "time": 84640
      },
      {
        "key": "1Key14",
        "time": 84640
      },
      {
        "key": "1Key13",
        "time": 84870
      },
      {
        "key": "2Key7",
        "time": 85100
      },
      {
        "key": "2Key0",
        "time": 85560
      },
      {
        "key": "2Key4",
        "time": 86020
      },
      {
        "key": "1Key14",
        "time": 86250
      },
      {
        "key": "2Key7",
        "time": 86480
      },
      {
        "key": "2Key0",
        "time": 86940
      },
      {
        "key": "1Key7",
        "time": 86940
      },
      {
        "key": "1Key14",
        "time": 86940
      },
      {
        "key": "2Key4",
        "time": 87400
      },
      {
        "key": "1Key9",
        "time": 87630
      },
      {
        "key": "2Key7",
        "time": 87860
      },
      {
        "key": "2Key0",
        "time": 88320
      },
      {
        "key": "1Key13",
        "time": 88320
      },
      {
        "key": "2Key4",
        "time": 88780
      },
      {
        "key": "1Key9",
        "time": 89010
      },
      {
        "key": "2Key7",
        "time": 89240
      },
      {
        "key": "2Key3",
        "time": 89700
      },
      {
        "key": "1Key12",
        "time": 89700
      },
      {
        "key": "2Key0",
        "time": 90160
      },
      {
        "key": "1Key11",
        "time": 90390
      },
      {
        "key": "2Key3",
        "time": 90620
      },
      {
        "key": "2Key3",
        "time": 91080
      },
      {
        "key": "1Key9",
        "time": 91080
      },
      {
        "key": "2Key0",
        "time": 91540
      },
      {
        "key": "2Key3",
        "time": 92000
      },
      {
        "key": "1Key8",
        "time": 92230
      },
      {
        "key": "2Key0",
        "time": 92460
      },
      {
        "key": "1Key7",
        "time": 92460
      },
      {
        "key": "2Key4",
        "time": 92920
      },
      {
        "key": "2Key7",
        "time": 93380
      },
      {
        "key": "2Key0",
        "time": 93840
      },
      {
        "key": "2Key4",
        "time": 94300
      },
      {
        "key": "2Key7",
        "time": 94760
      },
      {
        "key": "1Key9",
        "time": 94760
      },
      {
        "key": "2Key0",
        "time": 95220
      },
      {
        "key": "1Key12",
        "time": 95220
      },
      {
        "key": "2Key4",
        "time": 95680
      },
      {
        "key": "2Key7",
        "time": 96140
      },
      {
        "key": "1Key9",
        "time": 96140
      },
      {
        "key": "1Key11",
        "time": 96370
      },
      {
        "key": "2Key0",
        "time": 96600
      },
      {
        "key": "1Key13",
        "time": 96600
      },
      {
        "key": "2Key4",
        "time": 97060
      },
      {
        "key": "2Key7",
        "time": 97520
      },
      {
        "key": "1Key9",
        "time": 97520
      },
      {
        "key": "1Key11",
        "time": 97750
      },
      {
        "key": "2Key5",
        "time": 97980
      },
      {
        "key": "1Key14",
        "time": 97980
      },
      {
        "key": "2Key2",
        "time": 98440
      },
      {
        "key": "1Key11",
        "time": 98670
      },
      {
        "key": "2Key5",
        "time": 98900
      },
      {
        "key": "2Key5",
        "time": 99360
      },
      {
        "key": "1Key13",
        "time": 99360
      },
      {
        "key": "2Key2",
        "time": 99820
      },
      {
        "key": "1Key9",
        "time": 100050
      },
      {
        "key": "2Key5",
        "time": 100280
      },
      {
        "key": "2Key3",
        "time": 100740
      },
      {
        "key": "1Key12",
        "time": 100740
      },
      {
        "key": "2Key0",
        "time": 101200
      },
      {
        "key": "1Key11",
        "time": 101430
      },
      {
        "key": "2Key3",
        "time": 101660
      },
      {
        "key": "2Key3",
        "time": 102120
      },
      {
        "key": "1Key9",
        "time": 102120
      },
      {
        "key": "2Key0",
        "time": 102580
      },
      {
        "key": "2Key3",
        "time": 103040
      },
      {
        "key": "1Key8",
        "time": 103270
      },
      {
        "key": "2Key0",
        "time": 103500
      },
      {
        "key": "1Key7",
        "time": 103500
      },
      {
        "key": "2Key4",
        "time": 103960
      },
      {
        "key": "2Key7",
        "time": 104420
      },
      {
        "key": "2Key0",
        "time": 104880
      },
      {
        "key": "2Key4",
        "time": 105340
      },
      {
        "key": "2Key7",
        "time": 105800
      },
      {
        "key": "2Key0",
        "time": 106260
      },
      {
        "key": "2Key4",
        "time": 106720
      },
      {
        "key": "2Key7",
        "time": 107180
      },
      {
        "key": "2Key0",
        "time": 107640
      },
      {
        "key": "2Key4",
        "time": 108100
      },
      {
        "key": "2Key7",
        "time": 108560
      },
      {
        "key": "2Key0",
        "time": 109020
      },
      {
        "key": "2Key4",
        "time": 109480
      },
      {
        "key": "2Key7",
        "time": 109940
      },
      {
        "key": "2Key0",
        "time": 110400
      },
      {
        "key": "2Key4",
        "time": 110860
      },
      {
        "key": "2Key7",
        "time": 111320
      },
      {
        "key": "2Key0",
        "time": 111780
      },
      {
        "key": "2Key2",
        "time": 111780
      },
      {
        "key": "1Key9",
        "time": 111780
      },
      {
        "key": "2Key4",
        "time": 112240
      },
      {
        "key": "2Key0",
        "time": 112470
      },
      {
        "key": "2Key2",
        "time": 112470
      },
      {
        "key": "1Key9",
        "time": 112470
      },
      {
        "key": "2Key7",
        "time": 112700
      },
      {
        "key": "2Key0",
        "time": 113160
      },
      {
        "key": "2Key2",
        "time": 113160
      },
      {
        "key": "1Key9",
        "time": 113160
      },
      {
        "key": "2Key4",
        "time": 113620
      },
      {
        "key": "2Key0",
        "time": 114080
      },
      {
        "key": "2Key5",
        "time": 114080
      },
      {
        "key": "1Key7",
        "time": 114080
      },
      {
        "key": "2Key1",
        "time": 114540
      },
      {
        "key": "2Key3",
        "time": 114540
      },
      {
        "key": "1Key10",
        "time": 114540
      },
      {
        "key": "2Key4",
        "time": 115000
      },
      {
        "key": "2Key0",
        "time": 115230
      },
      {
        "key": "2Key2",
        "time": 115230
      },
      {
        "key": "1Key9",
        "time": 115230
      },
      {
        "key": "2Key7",
        "time": 115460
      },
      {
        "key": "1Key8",
        "time": 115805
      },
      {
        "key": "2Key0",
        "time": 115920
      },
      {
        "key": "2Key2",
        "time": 115920
      },
      {
        "key": "1Key9",
        "time": 115920
      },
      {
        "key": "2Key4",
        "time": 116380
      },
      {
        "key": "2Key7",
        "time": 116840
      },
      {
        "key": "2Key0",
        "time": 117300
      },
      {
        "key": "2Key4",
        "time": 117760
      },
      {
        "key": "2Key7",
        "time": 118220
      },
      {
        "key": "2Key0",
        "time": 118680
      },
      {
        "key": "2Key4",
        "time": 119140
      },
      {
        "key": "2Key7",
        "time": 119600
      },
      {
        "key": "2Key0",
        "time": 120060
      },
      {
        "key": "2Key2",
        "time": 120060
      },
      {
        "key": "1Key9",
        "time": 120060
      },
      {
        "key": "2Key4",
        "time": 120520
      },
      {
        "key": "2Key2",
        "time": 120750
      },
      {
        "key": "2Key4",
        "time": 120750
      },
      {
        "key": "1Key11",
        "time": 120750
      },
      {
        "key": "2Key0",
        "time": 120980
      },
      {
        "key": "2Key2",
        "time": 120980
      },
      {
        "key": "2Key7",
        "time": 120980
      },
      {
        "key": "1Key9",
        "time": 120980
      },
      {
        "key": "2Key1",
        "time": 121440
      },
      {
        "key": "2Key6",
        "time": 121440
      },
      {
        "key": "1Key8",
        "time": 121440
      },
      {
        "key": "2Key6",
        "time": 121900
      },
      {
        "key": "2Key1",
        "time": 122130
      },
      {
        "key": "2Key6",
        "time": 122130
      },
      {
        "key": "1Key8",
        "time": 122130
      },
      {
        "key": "2Key6",
        "time": 122360
      },
      {
        "key": "2Key1",
        "time": 122820
      },
      {
        "key": "2Key4",
        "time": 122820
      },
      {
        "key": "1Key6",
        "time": 122820
      },
      {
        "key": "2Key4",
        "time": 123280
      },
      {
        "key": "2Key4",
        "time": 123510
      },
      {
        "key": "1Key6",
        "time": 123510
      },
      {
        "key": "2Key1",
        "time": 123740
      },
      {
        "key": "2Key1",
        "time": 124200
      },
      {
        "key": "2Key4",
        "time": 124200
      },
      {
        "key": "1Key6",
        "time": 124200
      },
      {
        "key": "2Key4",
        "time": 124660
      },
      {
        "key": "2Key6",
        "time": 125120
      },
      {
        "key": "2Key1",
        "time": 125580
      },
      {
        "key": "2Key4",
        "time": 126040
      },
      {
        "key": "2Key6",
        "time": 126500
      },
      {
        "key": "2Key5",
        "time": 126960
      },
      {
        "key": "1Key7",
        "time": 126960
      },
      {
        "key": "2Key5",
        "time": 127420
      },
      {
        "key": "2Key7",
        "time": 127880
      },
      {
        "key": "2Key0",
        "time": 128340
      },
      {
        "key": "2Key3",
        "time": 128340
      },
      {
        "key": "2Key5",
        "time": 128340
      },
      {
        "key": "1Key12",
        "time": 128340
      },
      {
        "key": "2Key3",
        "time": 128800
      },
      {
        "key": "2Key5",
        "time": 129030
      },
      {
        "key": "2Key7",
        "time": 129030
      },
      {
        "key": "1Key14",
        "time": 129030
      },
      {
        "key": "2Key4",
        "time": 129260
      },
      {
        "key": "2Key6",
        "time": 129260
      },
      {
        "key": "1Key13",
        "time": 129260
      },
      {
        "key": "2Key2",
        "time": 129720
      },
      {
        "key": "2Key4",
        "time": 129720
      },
      {
        "key": "1Key11",
        "time": 129720
      },
      {
        "key": "2Key2",
        "time": 130180
      },
      {
        "key": "2Key0",
        "time": 130410
      },
      {
        "key": "2Key2",
        "time": 130410
      },
      {
        "key": "1Key9",
        "time": 130410
      },
      {
        "key": "2Key2",
        "time": 130640
      },
      {
        "key": "2Key4",
        "time": 130640
      },
      {
        "key": "1Key11",
        "time": 130640
      },
      {
        "key": "2Key0",
        "time": 131100
      },
      {
        "key": "2Key2",
        "time": 131100
      },
      {
        "key": "2Key4",
        "time": 131100
      },
      {
        "key": "1Key11",
        "time": 131100
      },
      {
        "key": "2Key3",
        "time": 131330
      },
      {
        "key": "2Key5",
        "time": 131330
      },
      {
        "key": "1Key12",
        "time": 131330
      },
      {
        "key": "2Key3",
        "time": 131560
      },
      {
        "key": "2Key2",
        "time": 131790
      },
      {
        "key": "2Key4",
        "time": 131790
      },
      {
        "key": "1Key11",
        "time": 131790
      },
      {
        "key": "2Key2",
        "time": 132020
      },
      {
        "key": "2Key0",
        "time": 132480
      },
      {
        "key": "2Key2",
        "time": 132480
      },
      {
        "key": "1Key9",
        "time": 132480
      },
      {
        "key": "2Key4",
        "time": 132940
      },
      {
        "key": "2Key7",
        "time": 133400
      },
      {
        "key": "2Key2",
        "time": 133860
      },
      {
        "key": "2Key4",
        "time": 134320
      },
      {
        "key": "2Key7",
        "time": 134780
      },
      {
        "key": "2Key2",
        "time": 135240
      },
      {
        "key": "2Key0",
        "time": 135700
      },
      {
        "key": "2Key5",
        "time": 135700
      },
      {
        "key": "1Key7",
        "time": 135700
      },
      {
        "key": "2Key1",
        "time": 136160
      },
      {
        "key": "2Key6",
        "time": 136160
      },
      {
        "key": "1Key8",
        "time": 136160
      },
      {
        "key": "2Key0",
        "time": 136390
      },
      {
        "key": "2Key2",
        "time": 136390
      },
      {
        "key": "1Key9",
        "time": 136390
      },
      {
        "key": "2Key0",
        "time": 136620
      },
      {
        "key": "2Key2",
        "time": 137080
      },
      {
        "key": "2Key4",
        "time": 137080
      },
      {
        "key": "1Key11",
        "time": 137080
      },
      {
        "key": "2Key1",
        "time": 137310
      },
      {
        "key": "2Key3",
        "time": 137310
      },
      {
        "key": "1Key10",
        "time": 137310
      },
      {
        "key": "2Key7",
        "time": 137540
      },
      {
        "key": "2Key0",
        "time": 137770
      },
      {
        "key": "2Key2",
        "time": 137770
      },
      {
        "key": "1Key9",
        "time": 137770
      },
      {
        "key": "2Key1",
        "time": 138000
      },
      {
        "key": "2Key6",
        "time": 138000
      },
      {
        "key": "1Key8",
        "time": 138000
      },
      {
        "key": "2Key4",
        "time": 138460
      },
      {
        "key": "2Key0",
        "time": 138690
      },
      {
        "key": "2Key5",
        "time": 138690
      },
      {
        "key": "1Key7",
        "time": 138690
      },
      {
        "key": "2Key1",
        "time": 138920
      },
      {
        "key": "2Key6",
        "time": 138920
      },
      {
        "key": "1Key8",
        "time": 138920
      },
      {
        "key": "2Key0",
        "time": 139380
      },
      {
        "key": "2Key2",
        "time": 139380
      },
      {
        "key": "2Key3",
        "time": 139380
      },
      {
        "key": "2Key4",
        "time": 139380
      },
      {
        "key": "1Key9",
        "time": 139380
      },
      {
        "key": "2Key4",
        "time": 139840
      },
      {
        "key": "2Key1",
        "time": 140070
      },
      {
        "key": "2Key6",
        "time": 140070
      },
      {
        "key": "1Key8",
        "time": 140070
      },
      {
        "key": "2Key0",
        "time": 140300
      },
      {
        "key": "2Key5",
        "time": 140300
      },
      {
        "key": "1Key7",
        "time": 140300
      },
      {
        "key": "2Key0",
        "time": 140760
      },
      {
        "key": "2Key3",
        "time": 140760
      },
      {
        "key": "2Key5",
        "time": 140760
      },
      {
        "key": "1Key7",
        "time": 140760
      },
      {
        "key": "2Key3",
        "time": 141220
      },
      {
        "key": "2Key5",
        "time": 141680
      },
      {
        "key": "2Key0",
        "time": 142140
      },
      {
        "key": "2Key3",
        "time": 142140
      },
      {
        "key": "1Key7",
        "time": 143060
      },
      {
        "key": "1Key8",
        "time": 143290
      },
      {
        "key": "1Key9",
        "time": 143750
      },
      {
        "key": "1Key8",
        "time": 144440
      },
      {
        "key": "1Key7",
        "time": 144670
      },
      {
        "key": "1Key7",
        "time": 144900
      },
      {
        "key": "2Key0",
        "time": 145360
      },
      {
        "key": "2Key0",
        "time": 146740
      },
      {
        "key": "2Key0",
        "time": 148120
      },
      {
        "key": "2Key0",
        "time": 149500
      },
      {
        "key": "2Key0",
        "time": 150420
      },
      {
        "key": "2Key5",
        "time": 150420
      },
      {
        "key": "1Key9",
        "time": 150420
      },
      {
        "key": "2Key2",
        "time": 150880
      },
      {
        "key": "2Key5",
        "time": 151340
      },
      {
        "key": "2Key2",
        "time": 151800
      },
      {
        "key": "2Key5",
        "time": 151800
      },
      {
        "key": "1Key7",
        "time": 151800
      },
      {
        "key": "2Key2",
        "time": 152260
      },
      {
        "key": "2Key5",
        "time": 152720
      },
      {
        "key": "2Key5",
        "time": 153180
      },
      {
        "key": "1Key7",
        "time": 153180
      },
      {
        "key": "2Key2",
        "time": 153640
      },
      {
        "key": "2Key5",
        "time": 154100
      },
      {
        "key": "2Key2",
        "time": 154560
      },
      {
        "key": "2Key5",
        "time": 154560
      },
      {
        "key": "1Key9",
        "time": 154560
      },
      {
        "key": "2Key2",
        "time": 155020
      },
      {
        "key": "2Key5",
        "time": 155480
      },
      {
        "key": "2Key0",
        "time": 155940
      },
      {
        "key": "2Key3",
        "time": 155940
      },
      {
        "key": "1Key9",
        "time": 155940
      },
      {
        "key": "2Key0",
        "time": 156400
      },
      {
        "key": "1Key8",
        "time": 156630
      },
      {
        "key": "2Key3",
        "time": 156860
      },
      {
        "key": "2Key3",
        "time": 157320
      },
      {
        "key": "2Key5",
        "time": 157320
      },
      {
        "key": "2Key0",
        "time": 157780
      },
      {
        "key": "2Key3",
        "time": 158240
      },
      {
        "key": "2Key3",
        "time": 158700
      },
      {
        "key": "1Key7",
        "time": 158700
      },
      {
        "key": "2Key0",
        "time": 159160
      },
      {
        "key": "2Key3",
        "time": 159620
      },
      {
        "key": "2Key0",
        "time": 160080
      },
      {
        "key": "2Key3",
        "time": 160080
      },
      {
        "key": "2Key3",
        "time": 160540
      },
      {
        "key": "2Key0",
        "time": 161000
      },
      {
        "key": "1Key4",
        "time": 161000
      },
      {
        "key": "2Key0",
        "time": 161460
      },
      {
        "key": "2Key2",
        "time": 161460
      },
      {
        "key": "1Key11",
        "time": 161460
      },
      {
        "key": "2Key4",
        "time": 161920
      },
      {
        "key": "2Key7",
        "time": 162380
      },
      {
        "key": "2Key0",
        "time": 162840
      },
      {
        "key": "2Key4",
        "time": 163300
      },
      {
        "key": "2Key7",
        "time": 163760
      },
      {
        "key": "2Key0",
        "time": 164220
      },
      {
        "key": "2Key4",
        "time": 164220
      },
      {
        "key": "2Key4",
        "time": 164680
      },
      {
        "key": "2Key7",
        "time": 165140
      },
      {
        "key": "2Key0",
        "time": 165600
      },
      {
        "key": "1Key12",
        "time": 165600
      },
      {
        "key": "2Key4",
        "time": 166060
      },
      {
        "key": "2Key7",
        "time": 166520
      },
      {
        "key": "2Key4",
        "time": 166980
      },
      {
        "key": "2Key6",
        "time": 166980
      },
      {
        "key": "1Key12",
        "time": 166980
      },
      {
        "key": "2Key1",
        "time": 167440
      },
      {
        "key": "1Key11",
        "time": 167670
      },
      {
        "key": "2Key4",
        "time": 167900
      },
      {
        "key": "2Key1",
        "time": 168360
      },
      {
        "key": "2Key4",
        "time": 168360
      },
      {
        "key": "2Key1",
        "time": 168820
      },
      {
        "key": "2Key4",
        "time": 169280
      },
      {
        "key": "2Key4",
        "time": 169740
      },
      {
        "key": "2Key6",
        "time": 169740
      },
      {
        "key": "2Key1",
        "time": 170200
      },
      {
        "key": "2Key4",
        "time": 170660
      },
      {
        "key": "2Key4",
        "time": 171120
      },
      {
        "key": "2Key6",
        "time": 171120
      },
      {
        "key": "2Key1",
        "time": 171580
      },
      {
        "key": "2Key4",
        "time": 172040
      },
      {
        "key": "2Key2",
        "time": 172500
      },
      {
        "key": "2Key5",
        "time": 172500
      },
      {
        "key": "2Key7",
        "time": 172500
      },
      {
        "key": "1Key9",
        "time": 172500
      },
      {
        "key": "2Key2",
        "time": 172960
      },
      {
        "key": "2Key5",
        "time": 173420
      },
      {
        "key": "2Key5",
        "time": 173880
      },
      {
        "key": "2Key7",
        "time": 173880
      },
      {
        "key": "2Key9",
        "time": 173880
      },
      {
        "key": "1Key12",
        "time": 173880
      },
      {
        "key": "2Key2",
        "time": 174340
      },
      {
        "key": "2Key5",
        "time": 174800
      },
      {
        "key": "2Key5",
        "time": 175260
      },
      {
        "key": "2Key7",
        "time": 175260
      },
      {
        "key": "2Key2",
        "time": 175720
      },
      {
        "key": "2Key5",
        "time": 176180
      },
      {
        "key": "1Key11",
        "time": 176525
      },
      {
        "key": "2Key5",
        "time": 176640
      },
      {
        "key": "2Key7",
        "time": 176640
      },
      {
        "key": "2Key9",
        "time": 176640
      },
      {
        "key": "1Key12",
        "time": 176640
      },
      {
        "key": "2Key2",
        "time": 177100
      },
      {
        "key": "2Key5",
        "time": 177560
      },
      {
        "key": "2Key3",
        "time": 178020
      },
      {
        "key": "2Key7",
        "time": 178020
      },
      {
        "key": "1Key12",
        "time": 178020
      },
      {
        "key": "2Key0",
        "time": 178480
      },
      {
        "key": "2Key3",
        "time": 178940
      },
      {
        "key": "2Key3",
        "time": 179400
      },
      {
        "key": "2Key5",
        "time": 179400
      },
      {
        "key": "2Key0",
        "time": 179860
      },
      {
        "key": "2Key3",
        "time": 180320
      },
      {
        "key": "2Key0",
        "time": 180780
      },
      {
        "key": "2Key3",
        "time": 180780
      },
      {
        "key": "2Key6",
        "time": 180780
      },
      {
        "key": "1Key11",
        "time": 180780
      },
      {
        "key": "2Key0",
        "time": 181240
      },
      {
        "key": "2Key3",
        "time": 181700
      },
      {
        "key": "2Key3",
        "time": 182160
      },
      {
        "key": "2Key7",
        "time": 182160
      },
      {
        "key": "2Key0",
        "time": 182620
      },
      {
        "key": "2Key3",
        "time": 183080
      },
      {
        "key": "1Key11",
        "time": 183080
      },
      {
        "key": "2Key0",
        "time": 183540
      },
      {
        "key": "2Key2",
        "time": 183540
      },
      {
        "key": "2Key9",
        "time": 183540
      },
      {
        "key": "1Key11",
        "time": 183540
      },
      {
        "key": "1Key14",
        "time": 183770
      },
      {
        "key": "2Key4",
        "time": 184000
      },
      {
        "key": "2Key7",
        "time": 184460
      },
      {
        "key": "2Key0",
        "time": 184920
      },
      {
        "key": "2Key2",
        "time": 184920
      },
      {
        "key": "2Key4",
        "time": 185380
      },
      {
        "key": "2Key7",
        "time": 185840
      },
      {
        "key": "1Key7",
        "time": 186185
      },
      {
        "key": "2Key0",
        "time": 186300
      },
      {
        "key": "2Key9",
        "time": 186300
      },
      {
        "key": "1Key14",
        "time": 186300
      },
      {
        "key": "2Key4",
        "time": 186760
      },
      {
        "key": "2Key7",
        "time": 187220
      },
      {
        "key": "2Key4",
        "time": 187680
      },
      {
        "key": "2Key6",
        "time": 187680
      },
      {
        "key": "1Key8",
        "time": 187680
      },
      {
        "key": "1Key14",
        "time": 187680
      },
      {
        "key": "2Key4",
        "time": 188140
      },
      {
        "key": "2Key6",
        "time": 188600
      },
      {
        "key": "2Key6",
        "time": 189060
      },
      {
        "key": "2Key4",
        "time": 189520
      },
      {
        "key": "1Key13",
        "time": 189750
      },
      {
        "key": "2Key6",
        "time": 189980
      },
      {
        "key": "2Key8",
        "time": 190440
      },
      {
        "key": "2Key4",
        "time": 190900
      },
      {
        "key": "2Key6",
        "time": 191360
      },
      {
        "key": "2Key8",
        "time": 191820
      },
      {
        "key": "2Key4",
        "time": 192280
      },
      {
        "key": "2Key6",
        "time": 192740
      },
      {
        "key": "2Key8",
        "time": 193200
      },
      {
        "key": "2Key4",
        "time": 193660
      },
      {
        "key": "2Key6",
        "time": 194120
      },
      {
        "key": "2Key0",
        "time": 194580
      },
      {
        "key": "2Key5",
        "time": 194580
      },
      {
        "key": "1Key9",
        "time": 194580
      },
      {
        "key": "2Key2",
        "time": 195040
      },
      {
        "key": "2Key5",
        "time": 195500
      },
      {
        "key": "2Key2",
        "time": 195960
      },
      {
        "key": "2Key5",
        "time": 195960
      },
      {
        "key": "1Key7",
        "time": 195960
      },
      {
        "key": "2Key2",
        "time": 196420
      },
      {
        "key": "2Key5",
        "time": 196880
      },
      {
        "key": "2Key5",
        "time": 197340
      },
      {
        "key": "1Key7",
        "time": 197340
      },
      {
        "key": "2Key2",
        "time": 197800
      },
      {
        "key": "2Key5",
        "time": 198260
      },
      {
        "key": "2Key2",
        "time": 198720
      },
      {
        "key": "2Key5",
        "time": 198720
      },
      {
        "key": "1Key9",
        "time": 198720
      },
      {
        "key": "2Key2",
        "time": 199180
      },
      {
        "key": "2Key5",
        "time": 199640
      },
      {
        "key": "2Key0",
        "time": 200100
      },
      {
        "key": "2Key3",
        "time": 200100
      },
      {
        "key": "1Key9",
        "time": 200100
      },
      {
        "key": "2Key0",
        "time": 200560
      },
      {
        "key": "1Key8",
        "time": 200790
      },
      {
        "key": "2Key3",
        "time": 201020
      },
      {
        "key": "2Key3",
        "time": 201480
      },
      {
        "key": "2Key5",
        "time": 201480
      },
      {
        "key": "2Key0",
        "time": 201940
      },
      {
        "key": "2Key3",
        "time": 202400
      },
      {
        "key": "2Key3",
        "time": 202860
      },
      {
        "key": "1Key7",
        "time": 202860
      },
      {
        "key": "2Key0",
        "time": 203320
      },
      {
        "key": "2Key3",
        "time": 203780
      },
      {
        "key": "2Key0",
        "time": 204240
      },
      {
        "key": "2Key3",
        "time": 204240
      },
      {
        "key": "2Key3",
        "time": 204700
      },
      {
        "key": "2Key0",
        "time": 205160
      },
      {
        "key": "1Key4",
        "time": 205160
      },
      {
        "key": "2Key0",
        "time": 205620
      },
      {
        "key": "2Key2",
        "time": 205620
      },
      {
        "key": "1Key11",
        "time": 205620
      },
      {
        "key": "2Key4",
        "time": 206080
      },
      {
        "key": "2Key7",
        "time": 206540
      },
      {
        "key": "2Key0",
        "time": 207000
      },
      {
        "key": "2Key4",
        "time": 207460
      },
      {
        "key": "2Key7",
        "time": 207920
      },
      {
        "key": "2Key0",
        "time": 208380
      },
      {
        "key": "2Key4",
        "time": 208380
      },
      {
        "key": "2Key4",
        "time": 208840
      },
      {
        "key": "2Key7",
        "time": 209300
      },
      {
        "key": "2Key0",
        "time": 209760
      },
      {
        "key": "1Key12",
        "time": 209760
      },
      {
        "key": "2Key4",
        "time": 210220
      },
      {
        "key": "2Key7",
        "time": 210680
      },
      {
        "key": "2Key4",
        "time": 211140
      },
      {
        "key": "2Key6",
        "time": 211140
      },
      {
        "key": "1Key12",
        "time": 211140
      },
      {
        "key": "2Key1",
        "time": 211600
      },
      {
        "key": "1Key11",
        "time": 211830
      },
      {
        "key": "2Key4",
        "time": 212060
      },
      {
        "key": "2Key1",
        "time": 212520
      },
      {
        "key": "2Key4",
        "time": 212520
      },
      {
        "key": "2Key1",
        "time": 212980
      },
      {
        "key": "2Key4",
        "time": 213440
      },
      {
        "key": "2Key4",
        "time": 213900
      },
      {
        "key": "2Key6",
        "time": 213900
      },
      {
        "key": "2Key1",
        "time": 214360
      },
      {
        "key": "2Key4",
        "time": 214820
      },
      {
        "key": "2Key4",
        "time": 215280
      },
      {
        "key": "2Key6",
        "time": 215280
      },
      {
        "key": "2Key1",
        "time": 215740
      },
      {
        "key": "2Key4",
        "time": 216200
      },
      {
        "key": "2Key2",
        "time": 216660
      },
      {
        "key": "2Key5",
        "time": 216660
      },
      {
        "key": "2Key7",
        "time": 216660
      },
      {
        "key": "1Key9",
        "time": 216660
      },
      {
        "key": "2Key2",
        "time": 217120
      },
      {
        "key": "2Key5",
        "time": 217580
      },
      {
        "key": "2Key5",
        "time": 218040
      },
      {
        "key": "2Key7",
        "time": 218040
      },
      {
        "key": "2Key9",
        "time": 218040
      },
      {
        "key": "1Key12",
        "time": 218040
      },
      {
        "key": "2Key2",
        "time": 218500
      },
      {
        "key": "2Key5",
        "time": 218960
      },
      {
        "key": "2Key5",
        "time": 219420
      },
      {
        "key": "2Key7",
        "time": 219420
      },
      {
        "key": "2Key2",
        "time": 219880
      },
      {
        "key": "2Key5",
        "time": 220340
      },
      {
        "key": "1Key11",
        "time": 220685
      },
      {
        "key": "2Key5",
        "time": 220800
      },
      {
        "key": "2Key7",
        "time": 220800
      },
      {
        "key": "2Key9",
        "time": 220800
      },
      {
        "key": "1Key12",
        "time": 220800
      },
      {
        "key": "2Key2",
        "time": 221260
      },
      {
        "key": "2Key5",
        "time": 221720
      },
      {
        "key": "2Key3",
        "time": 222180
      },
      {
        "key": "2Key7",
        "time": 222180
      },
      {
        "key": "1Key12",
        "time": 222180
      },
      {
        "key": "2Key0",
        "time": 222640
      },
      {
        "key": "2Key3",
        "time": 223100
      },
      {
        "key": "2Key3",
        "time": 223560
      },
      {
        "key": "2Key5",
        "time": 223560
      },
      {
        "key": "2Key0",
        "time": 224020
      },
      {
        "key": "2Key3",
        "time": 224480
      },
      {
        "key": "2Key0",
        "time": 224940
      },
      {
        "key": "2Key3",
        "time": 224940
      },
      {
        "key": "2Key6",
        "time": 224940
      },
      {
        "key": "1Key11",
        "time": 224940
      },
      {
        "key": "2Key0",
        "time": 225400
      },
      {
        "key": "2Key3",
        "time": 225860
      },
      {
        "key": "2Key3",
        "time": 226320
      },
      {
        "key": "2Key7",
        "time": 226320
      },
      {
        "key": "2Key0",
        "time": 226780
      },
      {
        "key": "2Key3",
        "time": 227240
      },
      {
        "key": "1Key11",
        "time": 227240
      },
      {
        "key": "2Key0",
        "time": 227700
      },
      {
        "key": "2Key2",
        "time": 227700
      },
      {
        "key": "2Key9",
        "time": 227700
      },
      {
        "key": "1Key11",
        "time": 227700
      },
      {
        "key": "1Key14",
        "time": 227930
      },
      {
        "key": "2Key4",
        "time": 228160
      },
      {
        "key": "2Key7",
        "time": 228620
      },
      {
        "key": "2Key0",
        "time": 229080
      },
      {
        "key": "2Key9",
        "time": 229080
      },
      {
        "key": "2Key4",
        "time": 229540
      },
      {
        "key": "2Key7",
        "time": 230000
      },
      {
        "key": "2Key0",
        "time": 230460
      },
      {
        "key": "2Key2",
        "time": 230460
      },
      {
        "key": "2Key4",
        "time": 230920
      },
      {
        "key": "2Key7",
        "time": 231380
      },
      {
        "key": "2Key0",
        "time": 231840
      },
      {
        "key": "2Key4",
        "time": 231840
      },
      {
        "key": "1Key8",
        "time": 231840
      },
      {
        "key": "2Key4",
        "time": 232300
      },
      {
        "key": "2Key0",
        "time": 232760
      },
      {
        "key": "2Key0",
        "time": 233220
      },
      {
        "key": "2Key6",
        "time": 233220
      },
      {
        "key": "2Key4",
        "time": 233680
      },
      {
        "key": "1Key6",
        "time": 233910
      },
      {
        "key": "2Key0",
        "time": 234140
      },
      {
        "key": "2Key0",
        "time": 234600
      },
      {
        "key": "2Key6",
        "time": 234600
      },
      {
        "key": "2Key4",
        "time": 235060
      },
      {
        "key": "2Key7",
        "time": 235520
      },
      {
        "key": "2Key0",
        "time": 235980
      },
      {
        "key": "2Key4",
        "time": 236440
      },
      {
        "key": "2Key7",
        "time": 236900
      },
      {
        "key": "2Key0",
        "time": 237360
      },
      {
        "key": "2Key6",
        "time": 237360
      },
      {
        "key": "2Key4",
        "time": 237820
      },
      {
        "key": "2Key6",
        "time": 238740
      },
      {
        "key": "2Key4",
        "time": 239200
      },
      {
        "key": "2Key6",
        "time": 239660
      },
      {
        "key": "2Key2",
        "time": 240120
      },
      {
        "key": "2Key4",
        "time": 240120
      },
      {
        "key": "2Key6",
        "time": 240580
      },
      {
        "key": "2Key4",
        "time": 241040
      },
      {
        "key": "2Key0",
        "time": 241500
      },
      {
        "key": "2Key2",
        "time": 241500
      },
      {
        "key": "2Key6",
        "time": 241500
      },
      {
        "key": "2Key4",
        "time": 241960
      },
      {
        "key": "2Key6",
        "time": 242420
      },
      {
        "key": "2Key2",
        "time": 242880
      },
      {
        "key": "2Key4",
        "time": 242880
      },
      {
        "key": "2Key6",
        "time": 243340
      },
      {
        "key": "1Key11",
        "time": 243340
      },
      {
        "key": "2Key4",
        "time": 243800
      },
      {
        "key": "1Key11",
        "time": 243800
      },
      {
        "key": "2Key0",
        "time": 244260
      },
      {
        "key": "2Key2",
        "time": 244260
      },
      {
        "key": "2Key6",
        "time": 244260
      },
      {
        "key": "1Key11",
        "time": 244260
      },
      {
        "key": "2Key4",
        "time": 244720
      },
      {
        "key": "1Key11",
        "time": 244720
      },
      {
        "key": "2Key6",
        "time": 245180
      },
      {
        "key": "1Key10",
        "time": 245180
      },
      {
        "key": "2Key2",
        "time": 245640
      },
      {
        "key": "2Key4",
        "time": 245640
      },
      {
        "key": "1Key10",
        "time": 245640
      },
      {
        "key": "1Key8",
        "time": 246100
      },
      {
        "key": "1Key8",
        "time": 246560
      },
      {
        "key": "2Key0",
        "time": 247020
      },
      {
        "key": "2Key2",
        "time": 247020
      },
      {
        "key": "2Key4",
        "time": 247020
      },
      {
        "key": "1Key8",
        "time": 247020
      },
      {
        "key": "1Key10",
        "time": 247940
      },
      {
        "key": "1Key8",
        "time": 248170
      },
      {
        "key": "2Key2",
        "time": 248400
      },
      {
        "key": "2Key4",
        "time": 248400
      },
      {
        "key": "1Key10",
        "time": 248630
      },
      {
        "key": "1Key8",
        "time": 248860
      },
      {
        "key": "1Key10",
        "time": 249090
      },
      {
        "key": "1Key9",
        "time": 249550
      },
      {
        "key": "2Key0",
        "time": 249780
      },
      {
        "key": "2Key2",
        "time": 249780
      },
      {
        "key": "2Key4",
        "time": 249780
      },
      {
        "key": "1Key6",
        "time": 249780
      },
      {
        "key": "1Key6",
        "time": 255185
      }
    ]
  }
]