[
    {
        "name": "CandleSpace",
        "x": 11.356059074401855,
        "y": 0.9790366888046265,
        "z": 0.9682800769805908
    },
    {
        "name": "Dawn",
        "x": 52.0,
        "y": 35.0,
        "z": 371.0
    },
    {
        "name": "Dawn",
        "x": 118.0,
        "y": 3.0,
        "z": 311.0
    },
    {
        "name": "Dawn",
        "x": 282.0,
        "y": 3.0,
        "z": 189.0
    },
    {
        "name": "Dawn",
        "x": 107.0,
        "y": 25.0,
        "z": 49.0
    },
    {
        "name": "Dawn",
        "x": 415.0,
        "y": 96.0,
        "z": -7.0
    },
    {
        "name": "Dawn",
        "x": 208.85057067871094,
        "y": 4.275086879730225,
        "z": -75.01505661010742
    },
    {
        "name": "DawnCave",
        "x": -89.75814056396484,
        "y": 244.90728759765625,
        "z": -304.453369140625
    },
    {
        "name": "Dawn_TrialsWater",
        "x": 0.0,
        "y": 79.0,
        "z": -412.0
    },
    {
        "name": "DawnCave",
        "x": -28.312833786010742,
        "y": 253.7894287109375,
        "z": -371.88018798828125
    },
    {
        "name": "Dawn_TrialsEarth",
        "x": -14.0,
        "y": 134.0,
        "z": 3.0
    },
    {
        "name": "DawnCave",
        "x": 22.04772186279297,
        "y": 259.12322998046875,
        "z": -347.0236511230469
    },
    {
        "name": "Dawn_TrialsAir",
        "x": -12.0,
        "y": 106.0,
        "z": -130.0
    },
    {
        "name": "DawnCave",
        "x": 56.85951232910156,
        "y": 251.6161651611328,
        "z": -326.17578125
    },
    {
        "name": "Dawn_TrialsFire",
        "x": -12.491419792175293,
        "y": 50.31367874145508,
        "z": -258.10760498046875
    },
    {
        "name": "Dawn_TrialsFire",
        "x": -12.22,
        "y": 50.33,
        "z": -257.27
    },
    {
        "name": "DawnCave",
        "x": 56.85951232910156,
        "y": 251.6161651611328,
        "z": -326.17578125
    },
    {
        "name": "DawnCave",
        "x": -170.05250549316406,
        "y": 348.5233459472656,
        "z": -370.3231201171875
    },
    {
        "name": "Skyway",
        "x": -126.79,
        "y": 313.50,
        "z": 271.83
    },
    {
        "name": "Skyway",
        "x": 722.7925415039063,
        "y": 284.22747802734375,
        "z": 95.87762451171875
    },
    {
        "name": "DuskOasis",
        "x": 112.89,
        "y": 141.91,
        "z": 386.68
    },
    {
        "name": "DuskOasis",
        "x": 305.12,
        "y": 122.13,
        "z": 559.52
    },
    {
        "name": "DuskOasis",
        "x": -89.608642578125,
        "y": 142.6901397705078,
        "z": 427.9270324707031
    },
    {
        "name": "Skyway",
        "x": 779.448486328125,
        "y": 292.7077331542969,
        "z": 354.2561950683594
    },
    {
        "name": "NightDesert",
        "x": -96.0,
        "y": 65.0,
        "z": 388.0
    },
    {
        "name": "NightDesert",
        "x": 340.0,
        "y": 112.0,
        "z": 171.0
    },
    {
        "name": "NightDesert",
        "x": 401.0,
        "y": 76.0,
        "z": 776.0
    },
    {
        "name": "NightDesert",
        "x": 241.47122192382813,
        "y": 20.217327117919922,
        "z": 933.3391723632813
    },
    {
        "name": "Skyway",
        "x": -295.92266845703125,
        "y": 319.2130432128906,
        "z": 339.0993347167969
    },
    {
        "name": "MainStreet",
        "x": 14.226204872131348,
        "y": 213.99703979492188,
        "z": -22.5805721282959
    },
    {
        "name": "Prairie_ButterflyFields",
        "x": 126.0,
        "y": 149.0,
        "z": -28.0
    },
    {
        "name": "Prairie_ButterflyFields",
        "x": 105.0,
        "y": 175.0,
        "z": 27.0
    },
    {
        "name": "Prairie_ButterflyFields",
        "x": 81.0,
        "y": 161.0,
        "z": 63.0
    },
    {
        "name": "Prairie_ButterflyFields",
        "x": 170.0856170654297,
        "y": 162.78428649902344,
        "z": 8.31655502319336
    },
    {
        "name": "Prairie_Cave",
        "x": 348.0,
        "y": 198.0,
        "z": 111.0
    },
    {
        "name": "Prairie_Cave",
        "x": 290.0,
        "y": 200.0,
        "z": 178.0
    },
    {
        "name": "Prairie_Cave",
        "x": 243.27684020996094,
        "y": 198.32925415039062,
        "z": 225.91453552246094
    },
    {
        "name": "Prairie_Village",
        "x": 101.0,
        "y": 182.0,
        "z": 257.0
    },
    {
        "name": "Prairie_Village",
        "x": 67.0,
        "y": 187.0,
        "z": 377.0
    },
    {
        "name": "Prairie_Village",
        "x": 28.0,
        "y": 185.0,
        "z": 279.0
    },
    {
        "name": "Prairie_Village",
        "x": 138.0,
        "y": 267.0,
        "z": 479.0
    },
    {
        "name": "Prairie_Village",
        "x": 146.0,
        "y": 305.0,
        "z": 537.0
    },
    {
        "name": "Prairie_Village",
        "x": -51.57293701171875,
        "y": 180.9551239013672,
        "z": 323.9530029296875
    },
    {
        "name": "DayHubCave",
        "x": -34.69,
        "y": 49.15,
        "z": 21.38
    },
    {
        "name": "DayHubCave",
        "x": 32.09261703491211,
        "y": 42.60014724731445,
        "z": 0.19239424169063568
    },
    {
        "name": "Prairie_Village",
        "x": -65.53268432617188,
        "y": 202.1653289794922,
        "z": 204.36244201660156
    },
    {
        "name": "Prairie_NestAndKeeper",
        "x": -138.0,
        "y": 160.0,
        "z": 144.0
    },
    {
        "name": "Prairie_NestAndKeeper",
        "x": -214.0,
        "y": 182.0,
        "z": 153.0
    },
    {
        "name": "Prairie_NestAndKeeper",
        "x": -358.9042663574219,
        "y": 128.4633331298828,
        "z": 109.15547180175781
    },
    {
        "name": "Prairie_Island",
        "x": 241.0,
        "y": 95.0,
        "z": 205.0
    },
    {
        "name": "Prairie_Island",
        "x": 64.0,
        "y": 95.0,
        "z": 308.0
    },
    {
        "name": "Prairie_Island",
        "x": -21.0,
        "y": 15.0,
        "z": 383.0
    },
    {
        "name": "Prairie_Island",
        "x": 78.0,
        "y": 2.0,
        "z": 324.0
    },
    {
        "name": "Prairie_Island",
        "x": 108.0,
        "y": 3.0,
        "z": 334.0
    },
    {
        "name": "Prairie_Island",
        "x": 95.0,
        "y": 11.0,
        "z": 362.0
    },
    {
        "name": "Prairie_Island",
        "x": 62.0,
        "y": 19.0,
        "z": 273.0
    },
    {
        "name": "Prairie_Island",
        "x": -147.0,
        "y": 81.0,
        "z": 119.0
    },
    {
        "name": "Prairie_Island",
        "x": 428.96636962890625,
        "y": 269.7974548339844,
        "z": 544.56494140625
    },
    {
        "name": "Skyway",
        "x": 12.177610397338867,
        "y": 381.1912536621094,
        "z": 283.14422607421875
    },
    {
        "name": "Skyway",
        "x": 149.76824951171875,
        "y": 387.3966369628906,
        "z": 278.0406799316406
    },
    {
        "name": "Rain",
        "x": 3,
        "y": 115,
        "z": -258
    },
    {
        "name": "Rain",
        "x": 27.19,
        "y": 98.21,
        "z": -117.55
    },
    {
        "name": "Rain",
        "x": -11.636866569519043,
        "y": 152.41033935546875,
        "z": -477.3388671875
    },
    {
        "name": "Rain_BaseCamp",
        "x": 11.04,
        "y": 137.23,
        "z": 21.53
    },
    {
        "name": "Rain_BaseCamp",
        "x": 25.13,
        "y": 160.30,
        "z": 68.56
    },
    {
        "name": "Rain_BaseCamp",
        "x": -19.842552185058594,
        "y": 137.2685089111328,
        "z": 64.15418243408203
    },
    {
        "name": "RainForest",
        "x": 24.0,
        "y": 128.0,
        "z": -65.0
    },
    {
        "name": "RainForest",
        "x": 79.0,
        "y": 130.0,
        "z": -12.0
    },
    {
        "name": "RainForest",
        "x": 104.0,
        "y": 112.0,
        "z": -111.0
    },
    {
        "name": "RainForest",
        "x": 66.0,
        "y": 100.0,
        "z": 46.0
    },
    {
        "name": "RainForest",
        "x": -3.391796588897705,
        "y": 110.36593627929688,
        "z": -51.056941986083984
    },
    {
        "name": "RainShelter",
        "x": -44.09,
        "y": 103.04,
        "z": -19.29
    },
    {
        "name": "RainShelter",
        "x": -20.84,
        "y": 96.27,
        "z": 23.10
    },
    {
        "name": "RainShelter",
        "x": 55.07814025878906,
        "y": 65.80901336669922,
        "z": 42.8725471496582
    },
    {
        "name": "Rain_Cave",
        "x": 25.96,
        "y": 78.16,
        "z": -416.98
    },
    {
        "name": "Rain_Cave",
        "x": -65.67,
        "y": 208.54,
        "z": -202.36
    },
    {
        "name": "Rain_Cave",
        "x": 9.95,
        "y": 137.20,
        "z": -213.88
    },
    {
        "name": "Rain_Cave",
        "x": -68.12,
        "y": 210.12,
        "z": -295.10
    },
    {
        "name": "Rain_Cave",
        "x": -59.3496208190918,
        "y": 210.45413208007812,
        "z": -283.7225036621094
    },
    {
        "name": "RainShelter",
        "x": 16.411975860595703,
        "y": 88.6318130493164,
        "z": 124.5638198852539
    },
    {
        "name": "RainMid",
        "x": 117.38,
        "y": 178.40,
        "z": 158.04
    },
    {
        "name": "RainMid",
        "x": -50.66,
        "y": 149.36,
        "z": 59.24
    },
    {
        "name": "RainMid",
        "x": -22,
        "y": 142,
        "z": 274.50
    },
    {
        "name": "RainMid",
        "x": -17.372089385986328,
        "y": 182.69606018066406,
        "z": 403.45556640625
    },
    {
        "name": "RainEnd",
        "x": 31.30,
        "y": 112,
        "z": 58.50
    },
    {
        "name": "RainEnd",
        "x": 0.7487638592720032,
        "y": 206.2695770263672,
        "z": 218.10134887695313
    },
    {
        "name": "Sunset",
        "x": -151.0,
        "y": 264.0,
        "z": -149.0
    },
    {
        "name": "Sunset",
        "x": 198.0,
        "y": 49.0,
        "z": -517.0
    },
    {
        "name": "Sunset",
        "x": 166.0,
        "y": 42.0,
        "z": -540.0
    },
    {
        "name": "Sunset",
        "x": 220.91763305664062,
        "y": 65.18639373779297,
        "z": -627.0621337890625
    },
    {
        "name": "Sunset_Citadel",
        "x": 84.0,
        "y": 559.0,
        "z": -55.0
    },
    {
        "name": "Sunset_Citadel",
        "x": 115.0,
        "y": 503.0,
        "z": -39.0
    },
    {
        "name": "Sunset_Citadel",
        "x": 206.29791259765625,
        "y": 491.89361572265625,
        "z": -204.20346069335938
    },
    {
        "name": "Sunset_FlyRace",
        "x": -396.0,
        "y": 1164.0,
        "z": 49.0
    },
    {
        "name": "Sunset_FlyRace",
        "x": 70.0,
        "y": 1048.9,
        "z": -31.0
    },
    {
        "name": "Sunset_FlyRace",
        "x": 152.59136962890625,
        "y": 1004.2453002929688,
        "z": -96.8902359008789
    },
    {
        "name": "SunsetEnd",
        "x": 40.41,
        "y": 184.82,
        "z": 72.81
    },
    {
        "name": "SunsetEnd",
        "x": 46.978904724121094,
        "y": 163.82632446289062,
        "z": -50.351858139038086
    },
    {
        "name": "SunsetColosseum",
        "x": 32.10,
        "y": 183.58,
        "z": -279.83
    },
    {
        "name": "SunsetColosseum",
        "x": 59.64640426635742,
        "y": 138.27175903320312,
        "z": -295.579345703125
    },
    {
        "name": "SunsetEnd2",
        "x": -27.0,
        "y": 151.0,
        "z": -164.0
    },
    {
        "name": "SunsetEnd2",
        "x": 9.45782470703125,
        "y": 137.95208740234375,
        "z": -110.3714141845703
    },
    {
        "name": "SunsetColosseum",
        "x": 136.55638122558594,
        "y": 150.65158081054688,
        "z": -168.9544219970703
    },
    {
        "name": "SunsetVillage",
        "x": 224.0,
        "y": 55.0,
        "z": 96.0
    },
    {
        "name": "SunsetVillage",
        "x": 99.0,
        "y": 77.0,
        "z": 146.0
    },
    {
        "name": "SunsetVillage",
        "x": -70.0,
        "y": 194.0,
        "z": 413.0
    },
    {
        "name": "SunsetVillage",
        "x": 229.37498474121094,
        "y": 43.949302673339844,
        "z": 121.91864013671875
    },
    {
        "name": "Sunset_Theater",
        "x": -11.40,
        "y": 48.70,
        "z": -1.74
    },
    {
        "name": "Sunset_Theater",
        "x": 26.491992950439453,
        "y": 56.52267837524414,
        "z": 29.805198669433594
    },
    {
        "name": "SunsetVillage",
        "x": -105.35012817382812,
        "y": 220.17816162109375,
        "z": 510.8044738769531
    },
    {
        "name": "Sunset_YetiPark",
        "x": -8.0,
        "y": 194.0,
        "z": 475.0
    },
    {
        "name": "Sunset_YetiPark",
        "x": -198.0,
        "y": 263.0,
        "z": 685.0
    },
    {
        "name": "Sunset_YetiPark",
        "x": 124.86598205566406,
        "y": 34.80513000488281,
        "z": 30.60959243774414
    },
    {
        "name": "SunsetVillage",
        "x": 89.48053741455078,
        "y": 77.373291015625,
        "z": 371.7372741699219
    },
    {
        "name": "Sunset",
        "x": 286.1221923828125,
        "y": 39.188316345214844,
        "z": -526.9745483398438
    },
    {
        "name": "SunsetRace",
        "x": 195.20,
        "y": 630.60,
        "z": -421
    },
    {
        "name": "SunsetRace",
        "x": 258.7197265625,
        "y": 584.7587280273438,
        "z": -567.2783203125
    },
    {
        "name": "SunsetEnd",
        "x": 40.41,
        "y": 184.82,
        "z": 72.81
    },
    {
        "name": "SunsetEnd",
        "x": 46.978904724121094,
        "y": 163.82632446289062,
        "z": -50.351858139038086
    },
    {
        "name": "SunsetColosseum",
        "x": 59.64640426635742,
        "y": 138.27175903320312,
        "z": -295.579345703125
    },
    {
        "name": "SunsetEnd2",
        "x": 7.625228404998779,
        "y": 141.28744506835938,
        "z": -197.80136108398438
    },
    {
        "name": "DuskStart",
        "x": -210.00000888183594,
        "y": -0.0000090922832489,
        "z": -820.0000058007813
    },
    {
        "name": "Dusk",
        "x": 98.0,
        "y": 46.0,
        "z": 368.0
    },
    {
        "name": "Dusk",
        "x": 29.0,
        "y": 1.0,
        "z": 343.0
    },
    {
        "name": "Dusk",
        "x": -93.6414566040039,
        "y": 11.75028133392334,
        "z": 155.96682739257812
    },
    {
        "name": "DuskGraveyard",
        "x": 83.76,
        "y": 92.97,
        "z": 186.03
    },
    {
        "name": "DuskGraveyard",
        "x": 67.12,
        "y": 99.33,
        "z": 120.05
    },
    {
        "name": "DuskGraveyard",
        "x": 91.48,
        "y": 78.44,
        "z": -55.63
    },
    {
        "name": "DuskGraveyard",
        "x": -12.08,
        "y": 65.29,
        "z": -91.11
    },
    {
        "name": "DuskGraveyard",
        "x": 15.49,
        "y": 84.34,
        "z": -138.96
    },
    {
        "name": "DuskGraveyard",
        "x": 192.43643188476562,
        "y": 68.40866088867188,
        "z": -71.901611328125
    },
    {
        "name": "Dusk_CrabField",
        "x": -27.26,
        "y": 39.84,
        "z": 524.68
    },
    {
        "name": "Dusk_CrabField",
        "x": -165.0,
        "y": 2.0,
        "z": 370.0
    },
    {
        "name": "Dusk_CrabField",
        "x": -293.0,
        "y": 4.0,
        "z": 335.0
    },
    {
        "name": "Dusk_CrabField",
        "x": -348.0098571777344,
        "y": 34.69590377807617,
        "z": 384.51422119140625
    },
    {
        "name": "DuskMid",
        "x": -205.0,
        "y": 131.0,
        "z": -160.0
    },
    {
        "name": "DuskMid",
        "x": -238.0,
        "y": 87.0,
        "z": -394.0
    },
    {
        "name": "DuskMid",
        "x": -288.66058349609375,
        "y": 93.22232055664062,
        "z": -404.5697326660156
    },
    {
        "name": "DuskEnd",
        "x": 4.0,
        "y": 203.0,
        "z": 32.0
    },
    {
        "name": "DuskEnd",
        "x": 0.2609093487262726,
        "y": 207.90609741210938,
        "z": -67.4384765625
    },
    {
        "name": "Night",
        "x": -42.704505920410156,
        "y": 38.92453384399414,
        "z": -98.80345153808594
    },
    {
        "name": "NightArchive",
        "x": 56.0,
        "y": 541.0,
        "z": -34.0
    },
    {
        "name": "NightArchive",
        "x": 79.0,
        "y": 555.0,
        "z": -41.0
    },
    {
        "name": "NightArchive",
        "x": 39.94294738769531,
        "y": 541.7921752929688,
        "z": -25.82811737060547
    },
    {
        "name": "Night",
        "x": 36.54572677612305,
        "y": 35.959110260009766,
        "z": -3.8127193450927734
    },
    {
        "name": "Night_Shelter",
        "x": 9.20,
        "y": 30.40,
        "z": -9
    },
    {
        "name": "Night_Shelter",
        "x": -1.0709364414215088,
        "y": 27.57711410522461,
        "z": 50.46891784667969
    },
    {
        "name": "Night",
        "x": 20.0,
        "y": 47.0,
        "z": -68.0
    },
    {
        "name": "Night",
        "x": 34.0,
        "y": 161.0,
        "z": -42.0
    },
    {
        "name": "Night2",
        "x": -39.0,
        "y": 141.0,
        "z": 9.0
    },
    {
        "name": "Night2",
        "x": 13.0,
        "y": 184.0,
        "z": 42.0
    },
    {
        "name": "Night2",
        "x": 48.0,
        "y": 229.0,
        "z": 9.0
    },
    {
        "name": "Night2",
        "x": 0.0,
        "y": 304.0,
        "z": 58.0
    },
    {
        "name": "Night_PaintedWorld",
        "x": -84.80,
        "y": 384.40,
        "z": 22.90
    },
    {
        "name": "Night_PaintedWorld",
        "x": -102.11,
        "y": 400.55,
        "z": -304
    },
    {
        "name": "Night_PaintedWorld",
        "x": -420.85,
        "y": 424,
        "z": -36.60
    },
    {
        "name": "Dusk_Triangle",
        "x": -61.78,
        "y": 51.55,
        "z": -17.17
    },
    {
        "name": "Dusk_Triangle",
        "x": 11.58,
        "y": -48.40,
        "z": -167.65
    },
    {
        "name": "Prairie_WildLifePark",
        "x": 262.16,
        "y": 261.42,
        "z": -317.71
    },
    {
        "name": "Prairie_WildLifePark",
        "x": 618.1,
        "y": 481.3,
        "z": -150.2
    },
    {
        "name": "Prairie_WildLifePark",
        "x": 507.3,
        "y": 234.6,
        "z": 73.3
    },
    {
        "name": "CandleSpace",
        "x": -24.88567352294922,
        "y": 1.2432622909545898,
        "z": -15.144362449645996
    },
    {
        "name": "StormStart",
        "x": -3.17,
        "y": 197.06,
        "z": -21.54
    },
    {
        "name": "StormStart",
        "x": -6.433423042297363,
        "y": 198.3952178955078,
        "z": -24.106292724609375
    },
    {
        "name": "Storm",
        "x": 1.40,
        "y": 262.43,
        "z": -236.87
    },
    {
        "name": "Storm",
        "x": 7.59,
        "y": 266.25,
        "z": -243.71
    },
    {
        "name": "Storm",
        "x": 11.37,
        "y": 266.53,
        "z": -275.05
    },
    {
        "name": "Storm",
        "x": 21.39,
        "y": 266.57,
        "z": -280.09
    },
    {
        "name": "Storm",
        "x": 29.31,
        "y": 266.44,
        "z": -292.11
    },
    {
        "name": "Storm",
        "x": 35.91,
        "y": 266.59,
        "z": -288.77
    },
    {
        "name": "Storm",
        "x": 52.37,
        "y": 266.58,
        "z": -294.48
    },
    {
        "name": "Storm",
        "x": 59.95,
        "y": 267.27,
        "z": -311.67
    },
    {
        "name": "Storm",
        "x": 59.84,
        "y": 270.29,
        "z": -323.14
    }
]