[
  {
    "name": "A-Ha - Take On Me",
    "bpm": 100,
    "songNotes": [
      {
        "time": 400,
        "key": "1Key5"
      },
      {
        "time": 550,
        "key": "1Key5"
      },
      {
        "time": 700,
        "key": "1Key3"
      },
      {
        "time": 850,
        "key": "1Key1"
      },
      {
        "time": 1150,
        "key": "1Key1"
      },
      {
        "time": 1450,
        "key": "1Key4"
      },
      {
        "time": 1750,
        "key": "1Key4"
      },
      {
        "time": 2050,
        "key": "1Key4"
      },
      {
        "time": 2200,
        "key": "1Key6"
      },
      {
        "time": 2350,
        "key": "1Key6"
      },
      {
        "time": 2500,
        "key": "1Key7"
      },
      {
        "time": 2650,
        "key": "1Key8"
      },
      {
        "time": 2800,
        "key": "1Key7"
      },
      {
        "time": 2950,
        "key": "1Key7"
      },
      {
        "time": 3100,
        "key": "1Key7"
      },
      {
        "time": 3250,
        "key": "1Key4"
      },
      {
        "time": 3550,
        "key": "1Key3"
      },
      {
        "time": 3850,
        "key": "1Key5"
      },
      {
        "time": 4150,
        "key": "1Key5"
      },
      {
        "time": 4450,
        "key": "1Key5"
      },
      {
        "time": 4600,
        "key": "1Key4"
      },
      {
        "time": 4750,
        "key": "1Key4"
      },
      {
        "time": 4900,
        "key": "1Key5"
      },
      {
        "time": 5050,
        "key": "1Key4"
      },
      {
        "time": 5200,
        "key": "1Key5"
      },
      {
        "time": 5350,
        "key": "1Key5"
      },
      {
        "time": 5500,
        "key": "1Key3"
      },
      {
        "time": 5650,
        "key": "1Key1"
      },
      {
        "time": 5950,
        "key": "1Key1"
      },
      {
        "time": 6250,
        "key": "1Key4"
      },
      {
        "time": 6550,
        "key": "1Key4"
      },
      {
        "time": 6850,
        "key": "1Key4"
      },
      {
        "time": 7000,
        "key": "1Key6"
      },
      {
        "time": 7150,
        "key": "1Key6"
      },
      {
        "time": 7300,
        "key": "1Key7"
      },
      {
        "time": 7450,
        "key": "1Key8"
      },
      {
        "time": 7600,
        "key": "1Key7"
      },
      {
        "time": 7750,
        "key": "1Key7"
      },
      {
        "time": 7900,
        "key": "1Key7"
      },
      {
        "time": 8050,
        "key": "1Key4"
      },
      {
        "time": 8350,
        "key": "1Key3"
      },
      {
        "time": 8650,
        "key": "1Key5"
      },
      {
        "time": 8950,
        "key": "1Key5"
      },
      {
        "time": 9250,
        "key": "1Key5"
      },
      {
        "time": 9400,
        "key": "1Key4"
      },
      {
        "time": 9550,
        "key": "1Key4"
      },
      {
        "time": 9700,
        "key": "1Key5"
      },
      {
        "time": 9850,
        "key": "1Key4"
      },
      {
        "time": 10000,
        "key": "1Key5"
      },
      {
        "time": 10150,
        "key": "1Key5"
      },
      {
        "time": 10300,
        "key": "1Key3"
      },
      {
        "time": 10450,
        "key": "1Key1"
      },
      {
        "time": 10750,
        "key": "1Key1"
      },
      {
        "time": 11050,
        "key": "1Key4"
      },
      {
        "time": 11350,
        "key": "1Key4"
      },
      {
        "time": 11650,
        "key": "1Key4"
      },
      {
        "time": 11800,
        "key": "1Key6"
      },
      {
        "time": 11950,
        "key": "1Key6"
      },
      {
        "time": 12100,
        "key": "1Key7"
      },
      {
        "time": 12250,
        "key": "1Key8"
      },
      {
        "time": 12400,
        "key": "1Key7"
      },
      {
        "time": 12550,
        "key": "1Key7"
      },
      {
        "time": 12700,
        "key": "1Key7"
      },
      {
        "time": 12850,
        "key": "1Key5"
      },
      {
        "time": 13150,
        "key": "1Key3"
      },
      {
        "time": 13450,
        "key": "1Key5"
      },
      {
        "time": 13750,
        "key": "1Key5"
      },
      {
        "time": 14050,
        "key": "1Key5"
      },
      {
        "time": 14200,
        "key": "1Key4"
      },
      {
        "time": 14350,
        "key": "1Key4"
      },
      {
        "time": 14500,
        "key": "1Key4"
      },
      {
        "time": 14800,
        "key": "1Key10"
      },
      {
        "time": 14950,
        "key": "1Key10"
      },
      {
        "time": 15100,
        "key": "1Key10"
      },
      {
        "time": 15250,
        "key": "1Key10"
      },
      {
        "time": 15550,
        "key": "1Key9"
      },
      {
        "time": 15700,
        "key": "1Key8"
      },
      {
        "time": 17650,
        "key": "1Key9"
      },
      {
        "time": 17800,
        "key": "1Key9"
      },
      {
        "time": 18100,
        "key": "1Key9"
      },
      {
        "time": 18400,
        "key": "1Key7"
      },
      {
        "time": 19150,
        "key": "1Key12"
      },
      {
        "time": 19450,
        "key": "1Key12"
      },
      {
        "time": 19600,
        "key": "1Key12"
      },
      {
        "time": 19900,
        "key": "1Key11"
      },
      {
        "time": 20200,
        "key": "1Key10"
      },
      {
        "time": 20500,
        "key": "1Key10"
      },
      {
        "time": 20650,
        "key": "1Key10"
      },
      {
        "time": 20800,
        "key": "1Key9"
      },
      {
        "time": 21100,
        "key": "1Key8"
      },
      {
        "time": 22600,
        "key": "1Key9"
      },
      {
        "time": 22750,
        "key": "1Key9"
      },
      {
        "time": 23050,
        "key": "1Key9"
      },
      {
        "time": 23350,
        "key": "1Key8"
      },
      {
        "time": 23650,
        "key": "1Key7"
      },
      {
        "time": 23950,
        "key": "1Key8"
      },
      {
        "time": 24250,
        "key": "1Key9"
      },
      {
        "time": 24400,
        "key": "1Key8"
      },
      {
        "time": 24700,
        "key": "1Key7"
      },
      {
        "time": 25450,
        "key": "1Key10"
      },
      {
        "time": 25750,
        "key": "1Key10"
      },
      {
        "time": 25900,
        "key": "1Key10"
      },
      {
        "time": 26050,
        "key": "1Key10"
      },
      {
        "time": 27850,
        "key": "1Key7"
      },
      {
        "time": 28000,
        "key": "1Key7"
      },
      {
        "time": 28150,
        "key": "1Key7"
      },
      {
        "time": 28300,
        "key": "1Key7"
      },
      {
        "time": 28450,
        "key": "1Key7"
      },
      {
        "time": 28600,
        "key": "1Key7"
      },
      {
        "time": 28750,
        "key": "1Key7"
      },
      {
        "time": 28900,
        "key": "1Key6"
      },
      {
        "time": 29200,
        "key": "1Key5"
      },
      {
        "time": 30100,
        "key": "1Key0"
      },
      {
        "time": 31300,
        "key": "1Key6"
      },
      {
        "time": 32500,
        "key": "1Key7"
      },
      {
        "time": 33700,
        "key": "1Key11"
      },
      {
        "time": 34150,
        "key": "1Key12"
      },
      {
        "time": 34600,
        "key": "1Key11"
      },
      {
        "time": 35050,
        "key": "1Key7"
      },
      {
        "time": 36250,
        "key": "1Key11"
      },
      {
        "time": 37450,
        "key": "1Key12"
      },
      {
        "time": 38650,
        "key": "1Key11"
      },
      {
        "time": 39100,
        "key": "1Key12"
      },
      {
        "time": 39550,
        "key": "1Key11"
      },
      {
        "time": 40000,
        "key": "1Key9"
      },
      {
        "time": 41200,
        "key": "1Key13"
      },
      {
        "time": 42400,
        "key": "1Key14"
      },
      {
        "time": 46000,
        "key": "1Key1"
      },
      {
        "time": 46150,
        "key": "1Key1"
      },
      {
        "time": 46300,
        "key": "1Key3"
      },
      {
        "time": 46450,
        "key": "1Key5"
      },
      {
        "time": 46600,
        "key": "1Key8"
      },
      {
        "time": 46750,
        "key": "1Key5"
      },
      {
        "time": 46900,
        "key": "1Key3"
      },
      {
        "time": 47050,
        "key": "1Key1"
      },
      {
        "time": 47200,
        "key": "1Key4"
      },
      {
        "time": 47350,
        "key": "1Key4"
      },
      {
        "time": 47500,
        "key": "1Key6"
      },
      {
        "time": 47650,
        "key": "1Key8"
      },
      {
        "time": 47800,
        "key": "1Key11"
      },
      {
        "time": 47950,
        "key": "1Key8"
      },
      {
        "time": 48100,
        "key": "1Key6"
      },
      {
        "time": 48250,
        "key": "1Key4"
      },
      {
        "time": 48400,
        "key": "1Key0"
      },
      {
        "time": 48550,
        "key": "1Key0"
      },
      {
        "time": 48700,
        "key": "1Key2"
      },
      {
        "time": 48850,
        "key": "1Key4"
      },
      {
        "time": 49000,
        "key": "1Key7"
      },
      {
        "time": 49150,
        "key": "1Key4"
      },
      {
        "time": 49300,
        "key": "1Key2"
      },
      {
        "time": 49450,
        "key": "1Key0"
      },
      {
        "time": 49600,
        "key": "1Key0"
      },
      {
        "time": 49750,
        "key": "1Key0"
      },
      {
        "time": 49900,
        "key": "1Key3"
      },
      {
        "time": 50050,
        "key": "1Key5"
      },
      {
        "time": 50200,
        "key": "1Key7"
      },
      {
        "time": 50350,
        "key": "1Key5"
      },
      {
        "time": 50500,
        "key": "1Key3"
      },
      {
        "time": 50650,
        "key": "1Key0"
      },
      {
        "time": 50800,
        "key": "1Key1"
      },
      {
        "time": 50950,
        "key": "1Key1"
      },
      {
        "time": 51100,
        "key": "1Key3"
      },
      {
        "time": 51250,
        "key": "1Key5"
      },
      {
        "time": 51400,
        "key": "1Key8"
      },
      {
        "time": 51550,
        "key": "1Key5"
      },
      {
        "time": 51700,
        "key": "1Key3"
      },
      {
        "time": 51850,
        "key": "1Key1"
      },
      {
        "time": 52000,
        "key": "1Key4"
      },
      {
        "time": 52150,
        "key": "1Key4"
      },
      {
        "time": 52300,
        "key": "1Key6"
      },
      {
        "time": 52450,
        "key": "1Key8"
      },
      {
        "time": 52600,
        "key": "1Key11"
      },
      {
        "time": 52750,
        "key": "1Key8"
      },
      {
        "time": 52900,
        "key": "1Key6"
      },
      {
        "time": 53050,
        "key": "1Key4"
      },
      {
        "time": 53200,
        "key": "1Key0"
      },
      {
        "time": 53350,
        "key": "1Key0"
      },
      {
        "time": 53500,
        "key": "1Key2"
      },
      {
        "time": 53650,
        "key": "1Key4"
      },
      {
        "time": 53800,
        "key": "1Key7"
      },
      {
        "time": 53950,
        "key": "1Key4"
      },
      {
        "time": 54100,
        "key": "1Key2"
      },
      {
        "time": 54250,
        "key": "1Key0"
      },
      {
        "time": 54400,
        "key": "1Key0"
      },
      {
        "time": 54550,
        "key": "1Key0"
      },
      {
        "time": 54700,
        "key": "1Key3"
      },
      {
        "time": 54850,
        "key": "1Key5"
      },
      {
        "time": 55000,
        "key": "1Key7"
      },
      {
        "time": 55150,
        "key": "1Key5"
      },
      {
        "time": 55300,
        "key": "1Key3"
      },
      {
        "time": 55450,
        "key": "1Key0"
      },
      {
        "time": 55600,
        "key": "1Key1"
      },
      {
        "time": 55750,
        "key": "1Key1"
      },
      {
        "time": 55900,
        "key": "1Key3"
      },
      {
        "time": 56050,
        "key": "1Key5"
      },
      {
        "time": 56200,
        "key": "1Key8"
      },
      {
        "time": 56350,
        "key": "1Key5"
      },
      {
        "time": 56500,
        "key": "1Key3"
      },
      {
        "time": 56650,
        "key": "1Key1"
      },
      {
        "time": 56800,
        "key": "1Key4"
      },
      {
        "time": 56950,
        "key": "1Key4"
      },
      {
        "time": 57100,
        "key": "1Key6"
      },
      {
        "time": 57250,
        "key": "1Key8"
      },
      {
        "time": 57400,
        "key": "1Key11"
      },
      {
        "time": 57550,
        "key": "1Key8"
      },
      {
        "time": 57700,
        "key": "1Key6"
      },
      {
        "time": 57850,
        "key": "1Key4"
      },
      {
        "time": 58000,
        "key": "1Key5"
      },
      {
        "time": 58150,
        "key": "1Key5"
      },
      {
        "time": 58300,
        "key": "1Key7"
      },
      {
        "time": 58450,
        "key": "1Key9"
      },
      {
        "time": 58600,
        "key": "1Key12"
      },
      {
        "time": 58750,
        "key": "1Key9"
      },
      {
        "time": 58900,
        "key": "1Key7"
      },
      {
        "time": 59050,
        "key": "1Key5"
      },
      {
        "time": 59200,
        "key": "1Key3"
      },
      {
        "time": 59350,
        "key": "1Key3"
      },
      {
        "time": 59500,
        "key": "1Key5"
      },
      {
        "time": 59650,
        "key": "1Key7"
      },
      {
        "time": 59800,
        "key": "1Key10"
      },
      {
        "time": 59950,
        "key": "1Key7"
      },
      {
        "time": 60100,
        "key": "1Key5"
      },
      {
        "time": 60250,
        "key": "1Key3"
      },
      {
        "time": 61600,
        "key": "1Key5"
      },
      {
        "time": 61750,
        "key": "1Key5"
      },
      {
        "time": 61900,
        "key": "1Key3"
      },
      {
        "time": 62050,
        "key": "1Key1"
      },
      {
        "time": 62350,
        "key": "1Key1"
      },
      {
        "time": 62650,
        "key": "1Key4"
      },
      {
        "time": 62950,
        "key": "1Key4"
      },
      {
        "time": 63250,
        "key": "1Key4"
      },
      {
        "time": 63400,
        "key": "1Key6"
      },
      {
        "time": 63550,
        "key": "1Key6"
      },
      {
        "time": 63700,
        "key": "1Key7"
      },
      {
        "time": 63850,
        "key": "1Key8"
      },
      {
        "time": 64000,
        "key": "1Key7"
      },
      {
        "time": 64150,
        "key": "1Key7"
      },
      {
        "time": 64300,
        "key": "1Key7"
      },
      {
        "time": 64450,
        "key": "1Key4"
      },
      {
        "time": 64750,
        "key": "1Key3"
      },
      {
        "time": 65050,
        "key": "1Key5"
      },
      {
        "time": 65350,
        "key": "1Key5"
      },
      {
        "time": 65650,
        "key": "1Key5"
      },
      {
        "time": 65800,
        "key": "1Key4"
      },
      {
        "time": 65950,
        "key": "1Key4"
      },
      {
        "time": 66100,
        "key": "1Key5"
      },
      {
        "time": 66250,
        "key": "1Key4"
      },
      {
        "time": 66400,
        "key": "1Key5"
      },
      {
        "time": 66550,
        "key": "1Key5"
      },
      {
        "time": 66700,
        "key": "1Key3"
      },
      {
        "time": 66850,
        "key": "1Key1"
      },
      {
        "time": 67150,
        "key": "1Key1"
      },
      {
        "time": 67450,
        "key": "1Key4"
      },
      {
        "time": 67750,
        "key": "1Key4"
      },
      {
        "time": 68050,
        "key": "1Key4"
      },
      {
        "time": 68200,
        "key": "1Key6"
      },
      {
        "time": 68350,
        "key": "1Key6"
      },
      {
        "time": 68500,
        "key": "1Key7"
      },
      {
        "time": 68650,
        "key": "1Key8"
      },
      {
        "time": 68800,
        "key": "1Key7"
      },
      {
        "time": 68950,
        "key": "1Key7"
      },
      {
        "time": 69100,
        "key": "1Key7"
      },
      {
        "time": 69250,
        "key": "1Key4"
      },
      {
        "time": 69550,
        "key": "1Key3"
      },
      {
        "time": 69850,
        "key": "1Key5"
      },
      {
        "time": 70150,
        "key": "1Key5"
      },
      {
        "time": 70450,
        "key": "1Key5"
      },
      {
        "time": 70600,
        "key": "1Key4"
      },
      {
        "time": 70750,
        "key": "1Key4"
      },
      {
        "time": 70900,
        "key": "1Key5"
      },
      {
        "time": 71050,
        "key": "1Key4"
      },
      {
        "time": 71200,
        "key": "1Key5"
      },
      {
        "time": 71350,
        "key": "1Key5"
      },
      {
        "time": 71500,
        "key": "1Key3"
      },
      {
        "time": 71650,
        "key": "1Key1"
      },
      {
        "time": 71950,
        "key": "1Key1"
      },
      {
        "time": 72250,
        "key": "1Key4"
      },
      {
        "time": 72550,
        "key": "1Key4"
      },
      {
        "time": 72850,
        "key": "1Key4"
      },
      {
        "time": 73000,
        "key": "1Key6"
      },
      {
        "time": 73150,
        "key": "1Key6"
      },
      {
        "time": 73300,
        "key": "1Key7"
      },
      {
        "time": 73450,
        "key": "1Key8"
      },
      {
        "time": 73600,
        "key": "1Key7"
      },
      {
        "time": 73750,
        "key": "1Key7"
      },
      {
        "time": 73900,
        "key": "1Key7"
      },
      {
        "time": 74050,
        "key": "1Key5"
      },
      {
        "time": 74350,
        "key": "1Key3"
      },
      {
        "time": 74650,
        "key": "1Key5"
      },
      {
        "time": 74950,
        "key": "1Key5"
      },
      {
        "time": 75250,
        "key": "1Key5"
      },
      {
        "time": 75400,
        "key": "1Key4"
      },
      {
        "time": 75550,
        "key": "1Key4"
      },
      {
        "time": 75700,
        "key": "1Key4"
      }
    ]
  }
]