[
	{
		"name": "Fries",
		"bpm": 120,
		"bitsPerPage": 16,
		"pitchLevel": 0,
		"helpText": "\n    After the download:\n    1/ go to https://sky-music.herokuapp.com\n    2/ Press 'manage recordings'\n    3/ Import the text file\n    4/ Listen to your song being played!\n    ",
		"songNotes": [
			{
				"key": "1Key5",
				"time": 700
			},
			{
				"key": "1Key7",
				"time": 700
			},
			{
				"key": "1Key10",
				"time": 700
			},
			{
				"key": "1Key5",
				"time": 1700
			},
			{
				"key": "1Key4",
				"time": 3200
			},
			{
				"key": "1Key4",
				"time": 3700
			},
			{
				"key": "1Key5",
				"time": 4200
			},
			{
				"key": "1Key2",
				"time": 4700
			},
			{
				"key": "1Key4",
				"time": 4700
			},
			{
				"key": "1Key3",
				"time": 5200
			},
			{
				"key": "1Key1",
				"time": 5700
			},
			{
				"key": "1Key0",
				"time": 7200
			},
			{
				"key": "1Key3",
				"time": 7700
			},
			{
				"key": "1Key2",
				"time": 8700
			},
			{
				"key": "1Key2",
				"time": 9700
			},
			{
				"key": "1Key1",
				"time": 12200
			},
			{
				"key": "1Key1",
				"time": 12700
			},
			{
				"key": "1Key0",
				"time": 13200
			},
			{
				"key": "1Key0",
				"time": 13700
			},
			{
				"key": "1Key7",
				"time": 15700
			},
			{
				"key": "1Key5",
				"time": 16200
			},
			{
				"key": "1Key7",
				"time": 16700
			},
			{
				"key": "1Key10",
				"time": 16700
			},
			{
				"key": "1Key5",
				"time": 17700
			},
			{
				"key": "1Key4",
				"time": 19700
			},
			{
				"key": "1Key5",
				"time": 20200
			},
			{
				"key": "1Key2",
				"time": 20700
			},
			{
				"key": "1Key4",
				"time": 20700
			},
			{
				"key": "1Key3",
				"time": 21200
			},
			{
				"key": "1Key2",
				"time": 21700
			},
			{
				"key": "1Key0",
				"time": 23200
			},
			{
				"key": "1Key3",
				"time": 23700
			},
			{
				"key": "1Key2",
				"time": 24700
			},
			{
				"key": "1Key1",
				"time": 27200
			},
			{
				"key": "1Key1",
				"time": 27700
			},
			{
				"key": "1Key1",
				"time": 28700
			},
			{
				"key": "1Key0",
				"time": 29200
			},
			{
				"key": "1Key0",
				"time": 29700
			},
			{
				"key": "1Key3",
				"time": 32700
			},
			{
				"key": "1Key5",
				"time": 32700
			},
			{
				"key": "1Key7",
				"time": 32700
			},
			{
				"key": "1Key5",
				"time": 33700
			},
			{
				"key": "1Key7",
				"time": 34700
			},
			{
				"key": "1Key5",
				"time": 35200
			},
			{
				"key": "1Key7",
				"time": 35700
			},
			{
				"key": "1Key5",
				"time": 36200
			},
			{
				"key": "1Key1",
				"time": 36700
			},
			{
				"key": "1Key3",
				"time": 36700
			},
			{
				"key": "1Key7",
				"time": 36700
			},
			{
				"key": "1Key5",
				"time": 37700
			},
			{
				"key": "1Key4",
				"time": 38700
			},
			{
				"key": "1Key4",
				"time": 39200
			},
			{
				"key": "1Key4",
				"time": 39700
			},
			{
				"key": "1Key5",
				"time": 40200
			},
			{
				"key": "1Key2",
				"time": 40700
			},
			{
				"key": "1Key4",
				"time": 40700
			},
			{
				"key": "1Key3",
				"time": 41200
			},
			{
				"key": "1Key1",
				"time": 41700
			},
			{
				"key": "1Key4",
				"time": 42700
			},
			{
				"key": "1Key4",
				"time": 43200
			},
			{
				"key": "1Key4",
				"time": 43700
			},
			{
				"key": "1Key5",
				"time": 44200
			},
			{
				"key": "1Key2",
				"time": 44700
			},
			{
				"key": "1Key4",
				"time": 44700
			},
			{
				"key": "1Key3",
				"time": 45200
			},
			{
				"key": "1Key1",
				"time": 45700
			},
			{
				"key": "1Key0",
				"time": 47200
			},
			{
				"key": "1Key7",
				"time": 47700
			},
			{
				"key": "1Key5",
				"time": 48200
			},
			{
				"key": "1Key3",
				"time": 48700
			},
			{
				"key": "1Key7",
				"time": 48700
			},
			{
				"key": "1Key5",
				"time": 49200
			},
			{
				"key": "1Key5",
				"time": 49700
			},
			{
				"key": "1Key4",
				"time": 51200
			},
			{
				"key": "1Key4",
				"time": 51700
			},
			{
				"key": "1Key5",
				"time": 52200
			},
			{
				"key": "1Key2",
				"time": 52700
			},
			{
				"key": "1Key4",
				"time": 52700
			},
			{
				"key": "1Key3",
				"time": 53200
			},
			{
				"key": "1Key2",
				"time": 53700
			},
			{
				"key": "1Key3",
				"time": 54700
			},
			{
				"key": "1Key3",
				"time": 55200
			},
			{
				"key": "1Key4",
				"time": 55700
			},
			{
				"key": "1Key3",
				"time": 56200
			},
			{
				"key": "1Key1",
				"time": 56700
			},
			{
				"key": "1Key5",
				"time": 56700
			},
			{
				"key": "1Key3",
				"time": 57700
			},
			{
				"key": "1Key4",
				"time": 59700
			},
			{
				"key": "1Key3",
				"time": 60200
			},
			{
				"key": "1Key2",
				"time": 60700
			},
			{
				"key": "1Key4",
				"time": 60700
			},
			{
				"key": "1Key3",
				"time": 61200
			},
			{
				"key": "1Key5",
				"time": 61700
			},
			{
				"key": "1Key3",
				"time": 62200
			},
			{
				"key": "1Key0",
				"time": 62700
			},
			{
				"key": "1Key3",
				"time": 62700
			},
			{
				"key": "1Key5",
				"time": 62700
			}
		]
	}
]