[{"name":"Alan Walker, Noah Cyrus, Digital Farm Animals, Juliander - All Falls Down  (Dhani The Great)","bpm":200,"bitsPerPage":16,"pitchLevel":0,"isComposed":false,"songNotes":[{"time":334,"key":"1Key7"},{"time":644,"key":"1Key9"},{"time":980,"key":"1Key11"},{"time":1282,"key":"1Key12"},{"time":1289,"key":"1Key3"},{"time":1297,"key":"1Key0"},{"time":1911,"key":"1Key11"},{"time":1918,"key":"1Key3"},{"time":1926,"key":"1Key0"},{"time":2525,"key":"1Key1"},{"time":2533,"key":"1Key4"},{"time":2540,"key":"1Key8"},{"time":3154,"key":"1Key1"},{"time":3164,"key":"1Key4"},{"time":3171,"key":"1Key8"},{"time":3637,"key":"1Key7"},{"time":3825,"key":"1Key0"},{"time":3837,"key":"1Key2"},{"time":3844,"key":"1Key9"},{"time":4018,"key":"1Key11"},{"time":4490,"key":"1Key2"},{"time":4499,"key":"1Key0"},{"time":5156,"key":"1Key2"},{"time":5164,"key":"1Key5"},{"time":5783,"key":"1Key5"},{"time":5792,"key":"1Key2"},{"time":5799,"key":"1Key9"},{"time":6101,"key":"1Key11"},{"time":6425,"key":"1Key12"},{"time":6432,"key":"1Key0"},{"time":6440,"key":"1Key3"},{"time":7079,"key":"1Key3"},{"time":7091,"key":"1Key0"},{"time":7099,"key":"1Key11"},{"time":7757,"key":"1Key8"},{"time":7764,"key":"1Key4"},{"time":7771,"key":"1Key1"},{"time":8353,"key":"1Key1"},{"time":8361,"key":"1Key8"},{"time":8367,"key":"1Key4"},{"time":8857,"key":"1Key7"},{"time":9057,"key":"1Key9"},{"time":9067,"key":"1Key0"},{"time":9075,"key":"1Key2"},{"time":9274,"key":"1Key11"},{"time":9719,"key":"1Key0"},{"time":9736,"key":"1Key2"},{"time":10355,"key":"1Key2"},{"time":10363,"key":"1Key5"},{"time":10991,"key":"1Key5"},{"time":11031,"key":"1Key2"},{"time":11040,"key":"1Key9"},{"time":11332,"key":"1Key11"},{"time":11692,"key":"1Key0"},{"time":11708,"key":"1Key12"},{"time":11716,"key":"1Key3"},{"time":12342,"key":"1Key0"},{"time":12351,"key":"1Key3"},{"time":12358,"key":"1Key11"},{"time":12980,"key":"1Key1"},{"time":12988,"key":"1Key8"},{"time":12994,"key":"1Key4"},{"time":13613,"key":"1Key1"},{"time":13622,"key":"1Key8"},{"time":13637,"key":"1Key4"},{"time":13940,"key":"1Key7"},{"time":14279,"key":"1Key2"},{"time":14288,"key":"1Key5"},{"time":14295,"key":"1Key9"},{"time":14621,"key":"1Key11"},{"time":14904,"key":"1Key2"},{"time":14921,"key":"1Key8"},{"time":14948,"key":"1Key0"},{"time":15210,"key":"1Key9"},{"time":15582,"key":"1Key7"},{"time":15590,"key":"1Key0"},{"time":15597,"key":"1Key3"},{"time":16237,"key":"1Key5"},{"time":16246,"key":"1Key0"},{"time":16254,"key":"1Key3"},{"time":16543,"key":"1Key4"},{"time":16889,"key":"1Key4"},{"time":16899,"key":"1Key1"},{"time":17526,"key":"1Key4"},{"time":17535,"key":"1Key1"},{"time":17542,"key":"1Key7"},{"time":18181,"key":"1Key1"},{"time":18189,"key":"1Key8"},{"time":18196,"key":"1Key4"},{"time":18833,"key":"1Key4"},{"time":18842,"key":"1Key1"},{"time":18850,"key":"1Key5"},{"time":19149,"key":"1Key4"},{"time":19501,"key":"1Key1"},{"time":19509,"key":"1Key4"},{"time":20139,"key":"1Key4"},{"time":20148,"key":"1Key1"},{"time":20156,"key":"1Key7"},{"time":20786,"key":"1Key1"},{"time":20795,"key":"1Key8"},{"time":20802,"key":"1Key4"},{"time":21457,"key":"1Key9"},{"time":21726,"key":"1Key7"},{"time":21905,"key":"1Key5"},{"time":22046,"key":"1Key0"},{"time":22066,"key":"1Key3"},{"time":22621,"key":"1Key9"},{"time":22629,"key":"1Key3"},{"time":22637,"key":"1Key0"},{"time":22960,"key":"1Key7"},{"time":23114,"key":"1Key6"},{"time":23303,"key":"1Key1"},{"time":23324,"key":"1Key4"},{"time":23913,"key":"1Key1"},{"time":23921,"key":"1Key4"},{"time":24376,"key":"1Key6"},{"time":24576,"key":"1Key5"},{"time":24586,"key":"1Key2"},{"time":24628,"key":"1Key7"},{"time":24911,"key":"1Key7"},{"time":25181,"key":"1Key5"},{"time":25190,"key":"1Key2"},{"time":25197,"key":"1Key8"},{"time":25416,"key":"1Key9"},{"time":25611,"key":"1Key7"},{"time":25822,"key":"1Key5"},{"time":25832,"key":"1Key2"},{"time":26436,"key":"1Key9"},{"time":26443,"key":"1Key2"},{"time":26453,"key":"1Key5"},{"time":26755,"key":"1Key7"},{"time":26910,"key":"1Key5"},{"time":27066,"key":"1Key0"},{"time":27112,"key":"1Key3"},{"time":27724,"key":"1Key9"},{"time":27731,"key":"1Key0"},{"time":27739,"key":"1Key3"},{"time":28013,"key":"1Key7"},{"time":28163,"key":"1Key6"},{"time":28331,"key":"1Key1"},{"time":28348,"key":"1Key4"},{"time":28982,"key":"1Key4"},{"time":29006,"key":"1Key1"},{"time":29457,"key":"1Key6"},{"time":29651,"key":"1Key5"},{"time":29659,"key":"1Key2"},{"time":29698,"key":"1Key7"},{"time":30014,"key":"1Key7"},{"time":30261,"key":"1Key5"},{"time":30269,"key":"1Key2"},{"time":30276,"key":"1Key8"},{"time":30488,"key":"1Key9"},{"time":30681,"key":"1Key7"},{"time":30900,"key":"1Key5"},{"time":30909,"key":"1Key2"},{"time":31537,"key":"1Key1"},{"time":31546,"key":"1Key8"},{"time":31552,"key":"1Key4"},{"time":31813,"key":"1Key9"},{"time":32162,"key":"1Key3"},{"time":32171,"key":"1Key0"},{"time":32178,"key":"1Key10"},{"time":32504,"key":"1Key10"},{"time":32774,"key":"1Key10"},{"time":32781,"key":"1Key0"},{"time":32827,"key":"1Key3"},{"time":33118,"key":"1Key9"},{"time":33294,"key":"1Key6"},{"time":33416,"key":"1Key1"},{"time":33471,"key":"1Key4"},{"time":33854,"key":"1Key6"},{"time":34069,"key":"1Key1"},{"time":34109,"key":"1Key11"},{"time":34125,"key":"1Key4"},{"time":34411,"key":"1Key11"},{"time":34760,"key":"1Key5"},{"time":34768,"key":"1Key9"},{"time":34775,"key":"1Key2"},{"time":35092,"key":"1Key9"},{"time":35476,"key":"1Key9"},{"time":35484,"key":"1Key4"},{"time":35492,"key":"1Key1"},{"time":35794,"key":"1Key11"},{"time":35947,"key":"1Key7"},{"time":36087,"key":"1Key3"},{"time":36115,"key":"1Key0"},{"time":36717,"key":"1Key3"},{"time":36725,"key":"1Key9"},{"time":36732,"key":"1Key0"},{"time":37068,"key":"1Key7"},{"time":37248,"key":"1Key5"},{"time":37398,"key":"1Key0"},{"time":37455,"key":"1Key3"},{"time":38034,"key":"1Key0"},{"time":38045,"key":"1Key3"},{"time":38052,"key":"1Key9"},{"time":38361,"key":"1Key7"},{"time":38509,"key":"1Key6"},{"time":38706,"key":"1Key1"},{"time":38728,"key":"1Key4"},{"time":39347,"key":"1Key4"},{"time":39355,"key":"1Key8"},{"time":39363,"key":"1Key1"},{"time":40050,"key":"1Key5"},{"time":40064,"key":"1Key7"},{"time":40072,"key":"1Key2"}]}]