[{"name":"Alan Walker - The Drum (by volk_lala)","type":"composed","bpm":520,"pitch":"C","version":3,"folderId":null,"data":{"isComposed":true,"isComposedVersion":true,"appName":"Sky"},"breakpoints":[0],"instruments":[{"name":"Piano","volume":100,"pitch":"","visible":true,"icon":"border","alias":"","muted":false},{"name":"Piano","volume":100,"pitch":"","visible":true,"icon":"circle","alias":"","muted":false},{"name":"Piano","volume":100,"pitch":"","visible":true,"icon":"line","alias":"","muted":false}],"columns":[[0,[[2,"1"],[5,"1"]]],[0,[]],[0,[[6,"1"]]],[0,[]],[0,[[7,"1"]]],[0,[]],[0,[[8,"1"]]],[0,[]],[0,[[9,"1"]]],[0,[]],[0,[]],[0,[]],[0,[[9,"1"]]],[0,[]],[0,[[7,"1"]]],[0,[]],[0,[[3,"1"],[7,"1"],[10,"1"]]],[0,[]],[0,[]],[0,[]],[0,[[10,"1"]]],[0,[]],[0,[[9,"1"]]],[0,[]],[0,[[8,"1"]]],[0,[]],[0,[]],[0,[]],[0,[[7,"1"]]],[0,[]],[0,[]],[0,[]],[0,[[1,"1"],[4,"1"],[6,"1"]]],[0,[]],[0,[]],[0,[]],[0,[]],[0,[]],[0,[]],[0,[]],[0,[]],[0,[]],[0,[]],[0,[]],[0,[]],[0,[]],[0,[]],[0,[]],[0,[[2,"1"],[6,"1"]]],[0,[]],[0,[]],[0,[]],[0,[]],[0,[]],[0,[]],[0,[]],[0,[]],[0,[]],[0,[]],[0,[]],[0,[]],[0,[]],[0,[]],[0,[]],[0,[[5,"1"]]],[0,[]],[0,[[2,"1"],[7,"1"]]],[0,[]],[0,[[5,"1"],[7,"1"]]],[0,[]],[0,[[2,"1"],[7,"1"]]],[0,[[7,"1"]]],[0,[[7,"1"]]],[0,[]],[0,[[2,"1"]]],[0,[]],[0,[[5,"1"]]],[0,[]],[0,[[2,"1"]]],[0,[]],[0,[[3,"1"]]],[0,[]],[0,[[7,"1"]]],[0,[]],[0,[[3,"1"],[5,"1"]]],[0,[]],[0,[[5,"1"],[6,"1"]]],[0,[]],[0,[[3,"1"],[7,"1"]]],[0,[]],[0,[[6,"1"],[7,"1"]]],[0,[]],[0,[[3,"1"],[5,"1"]]],[0,[]],[0,[[4,"1"],[7,"1"]]],[0,[]],[0,[[4,"1"]]],[0,[]],[0,[[1,"1"],[6,"1"]]],[0,[]],[0,[[4,"1"],[6,"1"]]],[0,[]],[0,[[1,"1"],[6,"1"]]],[0,[[6,"1"]]],[0,[[6,"1"]]],[0,[]],[0,[[1,"1"]]],[0,[]],[0,[[4,"1"]]],[0,[]],[0,[[1,"1"]]],[0,[]],[0,[[2,"1"]]],[0,[]],[0,[[6,"1"]]],[0,[]],[0,[[2,"1"]]],[0,[]],[0,[[4,"1"],[6,"1"]]],[0,[]],[0,[[4,"1"],[7,"1"]]],[0,[]],[0,[[6,"1"]]],[0,[]],[0,[[2,"1"],[6,"1"]]],[0,[]],[0,[[5,"1"],[6,"1"]]],[0,[]],[0,[[5,"1"]]],[0,[]],[0,[[2,"1"],[7,"1"]]],[0,[]],[0,[[5,"1"],[7,"1"]]],[0,[]],[0,[[2,"1"],[7,"1"]]],[0,[[7,"1"]]],[0,[[7,"1"]]],[0,[]],[0,[[2,"1"]]],[0,[]],[0,[[5,"1"]]],[0,[]],[0,[[2,"1"]]],[0,[]],[0,[[3,"1"]]],[0,[]],[0,[[5,"1"],[7,"1"]]],[0,[]],[0,[[3,"1"],[5,"1"]]],[0,[]],[0,[[5,"1"],[6,"1"]]],[0,[]],[0,[[3,"1"],[7,"1"]]],[0,[]],[0,[[6,"1"],[7,"1"]]],[0,[]],[0,[[3,"1"],[5,"1"]]],[0,[]],[0,[[4,"1"],[7,"1"]]],[0,[]],[0,[[4,"1"]]],[0,[]],[0,[[1,"1"],[6,"1"]]],[0,[]],[0,[[4,"1"],[6,"1"]]],[0,[]],[0,[[1,"1"],[6,"1"]]],[0,[[6,"1"]]],[0,[[6,"1"]]],[0,[]],[0,[[1,"1"]]],[0,[]],[0,[[4,"1"]]],[0,[]],[0,[[1,"1"]]],[0,[]],[0,[[2,"1"],[4,"1"]]],[0,[]],[0,[[6,"1"]]],[0,[]],[0,[[2,"1"],[6,"1"]]],[0,[]],[0,[[6,"1"]]],[0,[]],[0,[[4,"1"],[7,"1"]]],[0,[]],[0,[[6,"1"]]],[0,[]],[0,[[2,"1"],[6,"1"]]],[0,[]],[0,[[5,"1"],[6,"1"]]],[0,[]],[0,[[5,"1"]]],[0,[]],[0,[[2,"1"],[6,"1"]]],[0,[]],[0,[[5,"1"],[7,"1"]]],[0,[]],[0,[[2,"1"],[8,"1"]]],[0,[]],[0,[[7,"1"],[9,"1"]]],[0,[]],[0,[[2,"1"]]],[0,[]],[0,[[5,"1"],[9,"1"]]],[0,[]],[0,[[2,"1"],[5,"1"],[7,"1"]]],[0,[]],[0,[[3,"1"],[5,"1"],[10,"1"]]],[0,[]],[0,[[7,"1"]]],[0,[[5,"1"],[10,"1"]]],[0,[[3,"1"]]],[0,[]],[0,[[5,"1"],[9,"1"]]],[0,[]],[0,[[3,"1"],[5,"1"],[8,"1"]]],[0,[]],[0,[[7,"1"]]],[0,[]],[0,[[3,"1"],[7,"1"]]],[0,[]],[0,[[6,"1"],[7,"1"]]],[0,[]],[0,[[4,"1"]]],[0,[]],[0,[[1,"1"],[5,"1"]]],[0,[]],[0,[[4,"1"],[6,"1"]]],[0,[]],[0,[[1,"1"],[7,"1"]]],[0,[]],[0,[[6,"1"],[8,"1"]]],[0,[]],[0,[[1,"1"]]],[0,[]],[0,[[4,"1"],[8,"1"]]],[0,[]],[0,[[1,"1"],[7,"1"]]],[0,[]],[0,[[2,"1"],[4,"1"],[9,"1"]]],[0,[]],[0,[[6,"1"]]],[0,[[4,"1"],[9,"1"]]],[0,[[2,"1"]]],[0,[]],[0,[[4,"1"],[6,"1"],[8,"1"]]],[0,[]],[0,[[4,"1"],[7,"1"]]],[0,[]],[0,[[6,"1"]]],[0,[]],[0,[[2,"1"],[4,"1"],[6,"1"]]],[0,[]],[0,[[6,"1"]]],[0,[]],[0,[[5,"1"]]],[0,[]],[0,[[2,"1"],[6,"1"]]],[0,[]],[0,[[5,"1"],[7,"1"]]],[0,[]],[0,[[2,"1"],[5,"1"],[8,"1"]]],[0,[]],[0,[[5,"1"],[7,"1"],[9,"1"]]],[0,[]],[0,[[2,"1"]]],[0,[]],[0,[[5,"1"],[9,"1"]]],[0,[]],[0,[[2,"1"],[5,"1"],[7,"1"]]],[0,[]],[0,[[3,"1"],[5,"1"],[10,"1"]]],[0,[]],[0,[[7,"1"]]],[0,[[5,"1"],[10,"1"]]],[0,[[3,"1"]]],[0,[]],[0,[[5,"1"],[9,"1"]]],[0,[]],[0,[[3,"1"],[5,"1"],[8,"1"]]],[0,[]],[0,[[7,"1"]]],[0,[]],[0,[[3,"1"],[5,"1"],[7,"1"]]],[0,[]],[0,[[7,"1"]]],[0,[]],[0,[[4,"1"]]],[0,[]],[0,[[1,"1"],[5,"1"]]],[0,[]],[0,[[4,"1"],[6,"1"]]],[0,[]],[0,[[1,"1"],[4,"1"],[7,"1"]]],[0,[]],[0,[[4,"1"],[6,"1"],[8,"1"]]],[0,[]],[0,[[1,"1"]]],[0,[[4,"1"],[8,"1"]]],[0,[[4,"1"]]],[0,[]],[0,[[1,"1"],[4,"1"],[7,"1"]]],[0,[]],[0,[[2,"1"],[4,"1"],[6,"1"],[9,"1"]]],[0,[]],[0,[]],[0,[]],[0,[]],[0,[]],[0,[[7,"1"]]],[0,[[9,"1"]]],[0,[[8,"1"]]],[0,[[7,"1"]]],[0,[[8,"1"]]],[0,[[7,"1"]]],[0,[[6,"1"]]],[0,[[5,"1"]]],[0,[]],[0,[]],[0,[]],[0,[]],[0,[]],[0,[]],[0,[]],[0,[[7,"1"]]],[0,[]],[0,[]],[0,[]],[0,[[6,"1"]]],[0,[]],[0,[]],[0,[]],[0,[[5,"1"]]],[0,[]],[0,[[2,"1"]]],[0,[[6,"1"]]],[0,[[5,"1"],[7,"1"]]],[0,[]],[0,[[2,"1"],[8,"1"]]],[0,[]],[0,[[5,"1"],[9,"1"]]],[0,[]],[0,[[2,"1"]]],[0,[]],[0,[[5,"1"],[9,"1"]]],[0,[]],[0,[[2,"1"],[7,"1"]]],[0,[]],[0,[[3,"1"],[10,"1"]]],[0,[]],[0,[[7,"1"]]],[0,[]],[0,[[3,"1"],[10,"1"]]],[0,[]],[0,[[7,"1"],[9,"1"]]],[0,[]],[0,[[3,"1"],[8,"1"]]],[0,[]],[0,[[7,"1"]]],[0,[]],[0,[[3,"1"],[7,"1"]]],[0,[]],[0,[[7,"1"]]],[0,[]],[0,[[4,"1"]]],[0,[]],[0,[[1,"1"]]],[0,[[5,"1"]]],[0,[[4,"1"],[6,"1"]]],[0,[]],[0,[[1,"1"],[7,"1"]]],[0,[]],[0,[[4,"1"],[8,"1"]]],[0,[]],[0,[[1,"1"]]],[0,[]],[0,[[4,"1"],[8,"1"]]],[0,[]],[0,[[1,"1"],[7,"1"]]],[0,[]],[0,[[2,"1"],[9,"1"]]],[0,[]],[0,[[6,"1"]]],[0,[]],[0,[[2,"1"],[9,"1"]]],[0,[]],[0,[[6,"1"],[8,"1"]]],[0,[]],[0,[[2,"1"],[7,"1"]]],[0,[]],[0,[[6,"1"]]],[0,[]],[0,[[2,"1"],[6,"1"]]],[0,[]],[0,[[6,"1"]]],[0,[]],[0,[[5,"1"]]],[0,[]],[0,[[2,"1"],[6,"1"]]],[0,[]],[0,[[5,"1"],[7,"1"]]],[0,[]],[0,[[2,"1"],[8,"1"]]],[0,[]],[0,[[5,"1"],[9,"1"]]],[0,[]],[0,[[2,"1"]]],[0,[]],[0,[[5,"1"],[9,"1"]]],[0,[]],[0,[[2,"1"],[7,"1"]]],[0,[]],[0,[[3,"1"],[10,"1"]]],[0,[]],[0,[[7,"1"]]],[0,[]],[0,[[3,"1"],[10,"1"]]],[0,[]],[0,[[7,"1"],[9,"1"]]],[0,[]],[0,[[3,"1"],[8,"1"]]],[0,[]],[0,[[7,"1"]]],[0,[]],[0,[[3,"1"],[7,"1"]]],[0,[]],[0,[[7,"1"]]],[0,[]],[0,[[4,"1"]]],[0,[]],[0,[[1,"1"],[5,"1"]]],[0,[]],[0,[[4,"1"],[6,"1"]]],[0,[]],[0,[[1,"1"],[7,"1"]]],[0,[]],[0,[[4,"1"],[8,"1"]]],[0,[]],[0,[[1,"1"]]],[0,[]],[0,[[4,"1"],[8,"1"]]],[0,[]],[0,[[1,"1"],[7,"1"]]],[0,[]],[0,[[2,"1"],[9,"1"]]],[0,[]],[0,[[6,"1"]]],[0,[]],[0,[[2,"1"],[9,"1"]]],[0,[]],[0,[[6,"1"],[8,"1"]]],[0,[]],[0,[[2,"1"],[7,"1"]]],[0,[]],[0,[[6,"1"]]],[0,[]],[0,[[2,"1"],[6,"1"]]],[0,[]],[0,[[6,"1"]]],[0,[]],[0,[[5,"1"]]],[0,[]],[0,[[2,"1"],[7,"1"]]],[0,[]],[0,[[5,"1"],[7,"1"]]],[0,[]],[0,[[2,"1"],[7,"1"]]],[0,[[7,"1"]]],[0,[[7,"1"]]],[0,[]],[0,[[2,"1"]]],[0,[]],[0,[[5,"1"]]],[0,[]],[0,[[2,"1"]]],[0,[]],[0,[[3,"1"]]],[0,[]],[0,[[7,"1"]]],[0,[]],[0,[[3,"1"],[5,"1"]]],[0,[]],[0,[[5,"1"],[6,"1"]]],[0,[]],[0,[[3,"1"],[7,"1"]]],[0,[]],[0,[[6,"1"],[7,"1"]]],[0,[]],[0,[[3,"1"],[5,"1"]]],[0,[]],[0,[[4,"1"],[7,"1"]]],[0,[]],[0,[[4,"1"]]],[0,[]],[0,[[1,"1"],[6,"1"]]],[0,[]],[0,[[4,"1"],[6,"1"]]],[0,[]],[0,[[1,"1"],[6,"1"]]],[0,[[6,"1"]]],[0,[[6,"1"]]],[0,[]],[0,[[1,"1"]]],[0,[]],[0,[[4,"1"]]],[0,[]],[0,[[1,"1"]]],[0,[]],[0,[[2,"1"]]],[0,[]],[0,[[6,"1"]]],[0,[]],[0,[[2,"1"]]],[0,[]],[0,[[4,"1"],[6,"1"]]],[0,[]],[0,[[4,"1"],[7,"1"]]],[0,[]],[0,[[6,"1"]]],[0,[]],[0,[[2,"1"],[6,"1"]]],[0,[]],[0,[[5,"1"],[6,"1"]]],[0,[]],[0,[[5,"1"]]],[0,[]],[0,[[2,"1"],[7,"1"]]],[0,[]],[0,[[5,"1"],[7,"1"]]],[0,[]],[0,[[2,"1"],[7,"1"]]],[0,[]],[0,[[7,"1"]]],[0,[]],[0,[[2,"1"]]],[0,[]],[0,[[5,"1"]]],[0,[]],[0,[[2,"1"]]],[0,[]],[0,[[3,"1"]]],[0,[]],[0,[[5,"1"],[7,"1"]]],[0,[]],[0,[[3,"1"],[5,"1"]]],[0,[]],[0,[[5,"1"],[6,"1"]]],[0,[]],[0,[[3,"1"],[7,"1"]]],[0,[]],[0,[[7,"1"],[8,"1"]]],[0,[]],[0,[[3,"1"],[7,"1"]]],[0,[]],[0,[[6,"1"],[7,"1"]]],[0,[]],[0,[[4,"1"]]],[0,[]],[0,[[1,"1"],[6,"1"]]],[0,[]],[0,[[4,"1"],[6,"1"]]],[0,[]],[0,[[1,"1"],[6,"1"]]],[0,[[6,"1"]]],[0,[[6,"1"]]],[0,[]],[0,[[1,"1"]]],[0,[]],[0,[[4,"1"]]],[0,[]],[0,[[1,"1"]]],[0,[]],[0,[[2,"1"]]],[0,[]],[0,[[6,"1"]]],[0,[[7,"1"]]],[0,[[2,"1"]]],[0,[]],[0,[[6,"1"]]],[0,[]],[0,[[4,"1"],[5,"1"]]],[0,[]],[0,[[6,"1"]]],[0,[]],[0,[[2,"1"],[6,"1"]]],[0,[]],[0,[[6,"1"]]],[0,[]],[0,[[5,"1"],[9,"1"]]],[0,[]],[0,[]],[0,[]],[0,[]],[0,[]],[0,[]],[0,[]],[0,[[2,"1"],[5,"1"],[7,"1"]]],[0,[]],[0,[]],[0,[]],[0,[]],[0,[]],[0,[]],[0,[]],[0,[[3,"1"],[9,"1"]]],[0,[[9,"1"]]],[0,[[9,"1"]]],[0,[[10,"1"]]],[0,[[9,"1"]]],[0,[[9,"1"]]],[0,[[3,"1"],[5,"1"],[7,"1"]]],[0,[[9,"1"]]],[0,[]],[0,[[9,"1"]]],[0,[[10,"1"]]],[0,[[9,"1"]]],[0,[[9,"1"]]],[0,[[4,"1"],[8,"1"]]],[0,[]],[0,[]],[0,[]],[0,[]],[0,[]],[0,[]],[0,[]],[0,[[4,"1"],[6,"1"],[8,"1"]]],[0,[]],[0,[]],[0,[]],[0,[]],[0,[]],[0,[]],[0,[]],[0,[[2,"1"],[8,"1"]]],[0,[[7,"1"]]],[0,[]],[0,[]],[0,[[8,"1"]]],[0,[[7,"1"]]],[0,[]],[0,[]],[0,[[2,"1"],[4,"1"],[6,"1"],[8,"1"]]],[0,[[7,"1"]]],[0,[]],[0,[]],[0,[[8,"1"]]],[0,[[7,"1"]]],[0,[]],[0,[]],[0,[[5,"1"],[9,"1"]]],[0,[]],[0,[]],[0,[]],[0,[]],[0,[]],[0,[]],[0,[]],[0,[[2,"1"],[5,"1"],[7,"1"]]],[0,[]],[0,[]],[0,[]],[0,[]],[0,[]],[0,[]],[0,[]],[0,[[3,"1"],[9,"1"]]],[0,[[9,"1"]]],[0,[[9,"1"]]],[0,[[10,"1"]]],[0,[[9,"1"]]],[0,[[9,"1"]]],[0,[[3,"1"],[5,"1"],[7,"1"]]],[0,[[9,"1"]]],[0,[]],[0,[[9,"1"]]],[0,[[10,"1"]]],[0,[[9,"1"]]],[0,[[9,"1"]]],[0,[[4,"1"],[8,"1"]]],[0,[]],[0,[]],[0,[]],[0,[]],[0,[]],[0,[]],[0,[]],[0,[[4,"1"],[6,"1"],[8,"1"]]],[0,[]],[0,[]],[0,[]],[0,[]],[0,[]],[0,[]],[0,[]],[0,[[2,"1"],[4,"1"]]],[0,[]],[0,[[6,"1"]]],[0,[]],[0,[[6,"1"]]],[0,[]],[0,[[6,"1"]]],[0,[[2,"1"],[4,"1"],[6,"1"],[7,"1"]]],[0,[]],[0,[]],[0,[]],[0,[[6,"1"]]],[0,[]],[0,[]],[0,[]],[0,[[5,"1"]]],[0,[]],[0,[[2,"1"],[6,"1"]]],[0,[]],[0,[[5,"1"],[7,"1"]]],[0,[]],[0,[[2,"1"],[8,"1"]]],[0,[]],[0,[[7,"1"],[9,"1"]]],[0,[]],[0,[[2,"1"]]],[0,[]],[0,[[5,"1"]]],[0,[]],[0,[[2,"1"],[7,"1"]]],[0,[]],[0,[[3,"1"],[5,"1"],[10,"1"]]],[0,[]],[0,[[7,"1"]]],[0,[[5,"1"],[10,"1"]]],[0,[[3,"1"]]],[0,[]],[0,[[5,"1"],[9,"1"]]],[0,[]],[0,[[3,"1"],[5,"1"],[8,"1"]]],[0,[]],[0,[[7,"1"]]],[0,[]],[0,[[3,"1"],[7,"1"]]],[0,[]],[0,[[6,"1"],[7,"1"]]],[0,[]],[0,[[4,"1"]]],[0,[]],[0,[[1,"1"],[5,"1"]]],[0,[]],[0,[[4,"1"],[6,"1"]]],[0,[]],[0,[[1,"1"],[7,"1"]]],[0,[]],[0,[[6,"1"],[8,"1"]]],[0,[]],[0,[[1,"1"]]],[0,[]],[0,[[4,"1"],[8,"1"]]],[0,[]],[0,[[1,"1"],[7,"1"]]],[0,[]],[0,[[2,"1"],[4,"1"],[9,"1"]]],[0,[]],[0,[[6,"1"]]],[0,[[4,"1"],[9,"1"]]],[0,[[2,"1"]]],[0,[]],[0,[[4,"1"],[6,"1"],[8,"1"]]],[0,[]],[0,[[4,"1"],[7,"1"]]],[0,[]],[0,[[6,"1"]]],[0,[]],[0,[[2,"1"],[4,"1"],[6,"1"]]],[0,[]],[0,[[6,"1"]]],[0,[]],[0,[[5,"1"]]],[0,[]],[0,[[2,"1"],[6,"1"]]],[0,[]],[0,[[5,"1"],[7,"1"]]],[0,[]],[0,[[2,"1"],[8,"1"]]],[0,[]],[0,[[5,"1"],[7,"1"],[9,"1"]]],[0,[]],[0,[[2,"1"]]],[0,[]],[0,[[5,"1"],[9,"1"]]],[0,[]],[0,[[2,"1"],[5,"1"],[7,"1"]]],[0,[]],[0,[[3,"1"],[5,"1"],[10,"1"]]],[0,[]],[0,[[7,"1"]]],[0,[[5,"1"],[10,"1"]]],[0,[[3,"1"]]],[0,[]],[0,[[5,"1"],[7,"1"],[9,"1"]]],[0,[]],[0,[[5,"1"],[8,"1"]]],[0,[]],[0,[[7,"1"]]],[0,[]],[0,[[3,"1"],[5,"1"],[7,"1"]]],[0,[]],[0,[[7,"1"]]],[0,[]],[0,[[4,"1"]]],[0,[]],[0,[[1,"1"],[5,"1"]]],[0,[]],[0,[[4,"1"],[6,"1"]]],[0,[]],[0,[[1,"1"],[7,"1"]]],[0,[]],[0,[[4,"1"],[6,"1"],[8,"1"]]],[0,[]],[0,[[1,"1"]]],[0,[[4,"1"],[8,"1"]]],[0,[[4,"1"]]],[0,[]],[0,[[1,"1"],[4,"1"],[7,"1"]]],[0,[]],[0,[[2,"1"],[4,"1"],[6,"1"],[9,"1"]]],[0,[]],[0,[]],[0,[]],[0,[]],[0,[]],[0,[]],[0,[[7,"1"]]],[0,[[9,"1"]]],[0,[[8,"1"]]],[0,[[7,"1"]]],[0,[[8,"1"]]],[0,[[7,"1"]]],[0,[[6,"1"]]],[0,[[5,"1"]]],[0,[]],[0,[]],[0,[]],[0,[]],[0,[]],[0,[]],[0,[]],[0,[]],[0,[]],[0,[]],[0,[]],[0,[]],[0,[]],[0,[]],[0,[]],[0,[]],[0,[[5,"1"]]],[0,[]],[0,[[6,"1"]]],[0,[[2,"1"],[5,"1"],[7,"1"]]],[0,[]],[0,[[8,"1"]]],[0,[[5,"1"],[9,"1"]]],[0,[]],[0,[]],[0,[]],[0,[[2,"1"],[5,"1"],[7,"1"],[9,"1"]]],[0,[]],[0,[[7,"1"]]],[0,[[3,"1"],[10,"1"]]],[0,[]],[0,[]],[0,[]],[0,[[3,"1"],[5,"1"],[7,"1"],[10,"1"]]],[0,[]],[0,[[9,"1"]]],[0,[[3,"1"],[8,"1"]]],[0,[]],[0,[]],[0,[]],[0,[[3,"1"],[5,"1"],[7,"1"]]],[0,[]],[0,[]],[0,[]],[0,[[4,"1"]]],[0,[]],[0,[[5,"1"]]],[0,[[4,"1"],[6,"1"],[8,"1"]]],[0,[]],[0,[[7,"1"]]],[0,[[4,"1"],[8,"1"]]],[0,[]],[0,[]],[0,[]],[0,[[4,"1"],[6,"1"],[8,"1"]]],[0,[]],[0,[[7,"1"]]],[0,[[2,"1"],[9,"1"]]],[0,[]],[0,[]],[0,[]],[0,[[2,"1"],[4,"1"],[6,"1"],[9,"1"]]],[0,[]],[0,[[8,"1"]]],[0,[[2,"1"],[7,"1"]]],[0,[]],[0,[]],[0,[]],[0,[[2,"1"],[4,"1"],[6,"1"]]],[0,[]],[0,[]],[0,[]],[0,[[5,"1"]]],[0,[]],[0,[[6,"1"]]],[0,[[2,"1"],[5,"1"],[7,"1"]]],[0,[]],[0,[[8,"1"]]],[0,[[5,"1"],[9,"1"]]],[0,[]],[0,[]],[0,[]],[0,[[2,"1"],[5,"1"],[7,"1"],[9,"1"]]],[0,[]],[0,[[7,"1"]]],[0,[[3,"1"],[10,"1"]]],[0,[]],[0,[]],[0,[]],[0,[[3,"1"],[5,"1"],[7,"1"],[10,"1"]]],[0,[]],[0,[[9,"1"]]],[0,[[3,"1"],[8,"1"]]],[0,[]],[0,[]],[0,[]],[0,[[3,"1"],[5,"1"],[7,"1"]]],[0,[]],[0,[]],[0,[]],[0,[[4,"1"]]],[0,[]],[0,[[5,"1"]]],[0,[[4,"1"],[6,"1"],[8,"1"]]],[0,[]],[0,[[7,"1"]]],[0,[[4,"1"],[8,"1"]]],[0,[]],[0,[]],[0,[]],[0,[[4,"1"],[6,"1"],[8,"1"]]],[0,[]],[0,[[7,"1"]]],[0,[[2,"1"],[9,"1"]]],[0,[]],[0,[]],[0,[]],[0,[[2,"1"],[4,"1"],[6,"1"],[9,"1"]]],[0,[]],[0,[[8,"1"]]],[0,[[2,"1"],[7,"1"]]],[0,[]],[0,[]],[0,[]],[0,[[2,"1"],[4,"1"],[6,"1"]]],[0,[]],[0,[]],[0,[]],[0,[[5,"1"],[9,"1"]]],[0,[]],[0,[]],[0,[]],[0,[]],[0,[]],[0,[]],[0,[]],[0,[[2,"1"],[5,"1"],[7,"1"]]],[0,[]],[0,[]],[0,[]],[0,[]],[0,[]],[0,[]],[0,[]],[0,[[3,"1"],[9,"1"]]],[0,[[9,"1"]]],[0,[[9,"1"]]],[0,[[10,"1"]]],[0,[[9,"1"]]],[0,[[9,"1"]]],[0,[[3,"1"],[5,"1"],[7,"1"]]],[0,[[9,"1"]]],[0,[]],[0,[[9,"1"]]],[0,[[10,"1"]]],[0,[[9,"1"]]],[0,[[9,"1"]]],[0,[[4,"1"],[8,"1"]]],[0,[]],[0,[]],[0,[]],[0,[]],[0,[]],[0,[]],[0,[]],[0,[[4,"1"],[6,"1"],[8,"1"]]],[0,[]],[0,[]],[0,[]],[0,[]],[0,[]],[0,[]],[0,[]],[0,[[2,"1"],[8,"1"]]],[0,[[7,"1"]]],[0,[]],[0,[]],[0,[[8,"1"]]],[0,[[7,"1"]]],[0,[]],[0,[[2,"1"],[4,"1"],[6,"1"],[8,"1"]]],[0,[[7,"1"]]],[0,[]],[0,[]],[0,[[8,"1"]]],[0,[[7,"1"]]],[0,[]],[0,[[5,"1"],[9,"1"]]],[0,[]],[0,[]],[0,[]],[0,[]],[0,[]],[0,[]],[0,[]],[0,[[2,"1"],[5,"1"],[7,"1"]]],[0,[]],[0,[]],[0,[]],[0,[]],[0,[]],[0,[]],[0,[]],[0,[[3,"1"],[9,"1"]]],[0,[[9,"1"]]],[0,[[9,"1"]]],[0,[[10,"1"]]],[0,[[9,"1"]]],[0,[[9,"1"]]],[0,[[3,"1"],[5,"1"],[7,"1"],[9,"1"]]],[0,[[9,"1"]]],[0,[[9,"1"]]],[0,[[10,"1"]]],[0,[[9,"1"]]],[0,[[9,"1"]]],[0,[[4,"1"],[8,"1"]]],[0,[]],[0,[]],[0,[]],[0,[]],[0,[]],[0,[]],[0,[]],[0,[[4,"1"],[6,"1"],[8,"1"]]],[0,[]],[0,[]],[0,[]],[0,[[4,"1"]]],[0,[]],[0,[]],[0,[[2,"1"],[6,"1"]]],[0,[]],[0,[]],[0,[]],[0,[]],[0,[]],[0,[]],[0,[]],[0,[[2,"1"],[4,"1"],[6,"1"],[7,"1"]]],[0,[]],[0,[]],[0,[]],[0,[[6,"1"]]],[0,[]],[0,[]],[0,[[5,"1"]]],[0,[]],[0,[[6,"1"]]],[0,[[2,"1"],[5,"1"],[7,"1"]]],[0,[]],[0,[[8,"1"]]],[0,[[5,"1"],[9,"1"]]],[0,[]],[0,[]],[0,[]],[0,[[2,"1"],[5,"1"],[7,"1"],[9,"1"]]],[0,[]],[0,[[7,"1"]]],[0,[[3,"1"],[10,"1"]]],[0,[]],[0,[]],[0,[]],[0,[[3,"1"],[5,"1"],[7,"1"],[10,"1"]]],[0,[]],[0,[[9,"1"]]],[0,[[3,"1"],[8,"1"]]],[0,[]],[0,[]],[0,[]],[0,[[3,"1"],[5,"1"],[7,"1"]]],[0,[]],[0,[]],[0,[]],[0,[[4,"1"]]],[0,[]],[0,[[5,"1"]]],[0,[[4,"1"],[6,"1"],[8,"1"]]],[0,[]],[0,[[7,"1"]]],[0,[[4,"1"],[8,"1"]]],[0,[]],[0,[]],[0,[]],[0,[[4,"1"],[6,"1"],[8,"1"]]],[0,[]],[0,[[7,"1"]]],[0,[[2,"1"],[9,"1"]]],[0,[]],[0,[]],[0,[]],[0,[[2,"1"],[4,"1"],[6,"1"],[9,"1"]]],[0,[]],[0,[[8,"1"]]],[0,[[2,"1"],[7,"1"]]],[0,[]],[0,[]],[0,[]],[0,[[2,"1"],[4,"1"],[6,"1"]]],[0,[]],[0,[]],[0,[]],[0,[[5,"1"]]],[0,[]],[0,[[6,"1"]]],[0,[[2,"1"],[5,"1"],[7,"1"]]],[0,[]],[0,[[8,"1"]]],[0,[[5,"1"],[9,"1"]]],[0,[]],[0,[]],[0,[]],[0,[[2,"1"],[5,"1"],[7,"1"],[9,"1"]]],[0,[]],[0,[[7,"1"]]],[0,[[3,"1"],[10,"1"]]],[0,[]],[0,[]],[0,[]],[0,[[3,"1"],[5,"1"],[7,"1"],[10,"1"]]],[0,[]],[0,[[9,"1"]]],[0,[[3,"1"],[8,"1"]]],[0,[]],[0,[]],[0,[]],[0,[[3,"1"],[5,"1"],[7,"1"]]],[0,[]],[0,[]],[0,[]],[0,[[4,"1"]]],[0,[]],[0,[[5,"1"]]],[0,[[4,"1"],[6,"1"],[8,"1"]]],[0,[]],[0,[[7,"1"]]],[0,[[4,"1"],[8,"1"]]],[0,[]],[0,[]],[0,[]],[0,[[4,"1"],[6,"1"],[8,"1"]]],[0,[]],[0,[[7,"1"]]],[0,[[2,"1"],[9,"1"]]],[0,[]],[0,[]],[0,[]],[0,[[2,"1"],[4,"1"],[6,"1"],[9,"1"]]],[0,[]],[0,[[8,"1"]]],[0,[[2,"1"],[7,"1"]]],[0,[]],[0,[]],[0,[]],[0,[[2,"1"],[4,"1"],[6,"1"]]],[0,[]],[0,[]],[0,[]],[0,[[5,"1"]]],[0,[]],[0,[[6,"1"]]],[0,[[2,"1"],[5,"1"],[7,"1"]]],[0,[]],[0,[[8,"1"]]],[0,[[5,"1"],[9,"1"]]],[0,[]],[0,[]],[0,[]],[0,[[2,"1"],[5,"1"],[7,"1"],[9,"1"]]],[0,[]],[0,[[7,"1"]]],[0,[[3,"1"],[10,"1"]]],[0,[]],[0,[]],[0,[]],[0,[[3,"1"],[5,"1"],[7,"1"],[10,"1"]]],[0,[]],[0,[[9,"1"]]],[0,[[3,"1"],[8,"1"]]],[0,[]],[0,[]],[0,[]],[0,[[3,"1"],[5,"1"],[7,"1"]]],[0,[]],[0,[]],[0,[]],[0,[[4,"1"]]],[0,[[4,"1"]]],[0,[[5,"1"]]],[0,[[4,"1"],[6,"1"],[8,"1"]]],[0,[]],[0,[[7,"1"]]],[0,[[4,"1"],[8,"1"]]],[0,[]],[0,[]],[0,[]],[0,[[4,"1"],[6,"1"],[8,"1"]]],[0,[]],[0,[[7,"1"]]],[0,[[2,"1"],[9,"1"]]],[0,[]],[0,[]],[0,[]],[0,[[2,"1"],[4,"1"],[6,"1"],[9,"1"]]],[0,[]],[0,[[8,"1"]]],[0,[[2,"1"],[7,"1"]]],[0,[]],[0,[]],[0,[]],[0,[[2,"1"],[4,"1"],[6,"1"]]],[0,[]],[0,[]],[0,[]],[0,[[5,"1"]]],[0,[]],[0,[[6,"1"]]],[0,[[7,"1"]]],[0,[[2,"1"],[5,"1"],[7,"1"]]],[0,[]],[0,[[8,"1"]]],[0,[[5,"1"],[9,"1"]]],[0,[]],[0,[]],[0,[]],[0,[[2,"1"],[5,"1"],[7,"1"],[9,"1"]]],[0,[]],[0,[[7,"1"]]],[0,[[3,"1"],[10,"1"]]],[0,[]],[0,[]],[0,[]],[0,[[3,"1"],[5,"1"],[7,"1"],[10,"1"]]],[0,[]],[0,[[9,"1"]]],[0,[[3,"1"],[8,"1"]]],[0,[]],[0,[]],[0,[]],[0,[[3,"1"],[5,"1"],[7,"1"]]],[0,[]],[0,[]],[0,[]],[0,[[4,"1"]]],[0,[[4,"1"]]],[0,[[5,"1"]]],[0,[[4,"1"],[6,"1"],[8,"1"]]],[0,[]],[0,[[7,"1"]]],[0,[[4,"1"],[8,"1"]]],[0,[]],[0,[]],[0,[]],[0,[[4,"1"],[6,"1"],[8,"1"]]],[0,[]],[0,[[7,"1"]]],[0,[[2,"1"],[9,"1"]]],[0,[]],[0,[]],[0,[]],[0,[[2,"1"],[4,"1"],[6,"1"],[9,"1"]]],[0,[]],[0,[[8,"1"]]],[0,[[2,"1"],[7,"1"]]],[0,[]],[0,[]],[0,[]],[0,[[2,"1"],[4,"1"],[6,"1"]]],[0,[]],[0,[]],[0,[]],[0,[[2,"1"],[5,"1"],[7,"1"]]]],"id":"a79a22c4-a029-a99e-14bd","pitchLevel":0,"isComposed":true,"bitsPerPage":16,"isEncrypted":false,"songNotes":[{"key":"1Key2","time":100},{"key":"1Key5","time":100},{"key":"1Key6","time":330},{"key":"1Key7","time":560},{"key":"1Key8","time":790},{"key":"1Key9","time":1020},{"key":"1Key9","time":1480},{"key":"1Key7","time":1710},{"key":"1Key3","time":1940},{"key":"1Key7","time":1940},{"key":"1Key10","time":1940},{"key":"1Key10","time":2400},{"key":"1Key9","time":2630},{"key":"1Key8","time":2860},{"key":"1Key7","time":3320},{"key":"1Key1","time":3780},{"key":"1Key4","time":3780},{"key":"1Key6","time":3780},{"key":"1Key2","time":5620},{"key":"1Key6","time":5620},{"key":"1Key5","time":7460},{"key":"1Key2","time":7690},{"key":"1Key7","time":7690},{"key":"1Key5","time":7920},{"key":"1Key7","time":7920},{"key":"1Key2","time":8150},{"key":"1Key7","time":8150},{"key":"1Key7","time":8265},{"key":"1Key7","time":8380},{"key":"1Key2","time":8610},{"key":"1Key5","time":8840},{"key":"1Key2","time":9070},{"key":"1Key3","time":9300},{"key":"1Key7","time":9530},{"key":"1Key3","time":9760},{"key":"1Key5","time":9760},{"key":"1Key5","time":9990},{"key":"1Key6","time":9990},{"key":"1Key3","time":10220},{"key":"1Key7","time":10220},{"key":"1Key6","time":10450},{"key":"1Key7","time":10450},{"key":"1Key3","time":10680},{"key":"1Key5","time":10680},{"key":"1Key4","time":10910},{"key":"1Key7","time":10910},{"key":"1Key4","time":11140},{"key":"1Key1","time":11370},{"key":"1Key6","time":11370},{"key":"1Key4","time":11600},{"key":"1Key6","time":11600},{"key":"1Key1","time":11830},{"key":"1Key6","time":11830},{"key":"1Key6","time":11945},{"key":"1Key6","time":12060},{"key":"1Key1","time":12290},{"key":"1Key4","time":12520},{"key":"1Key1","time":12750},{"key":"1Key2","time":12980},{"key":"1Key6","time":13210},{"key":"1Key2","time":13440},{"key":"1Key4","time":13670},{"key":"1Key6","time":13670},{"key":"1Key4","time":13900},{"key":"1Key7","time":13900},{"key":"1Key6","time":14130},{"key":"1Key2","time":14360},{"key":"1Key6","time":14360},{"key":"1Key5","time":14590},{"key":"1Key6","time":14590},{"key":"1Key5","time":14820},{"key":"1Key2","time":15050},{"key":"1Key7","time":15050},{"key":"1Key5","time":15280},{"key":"1Key7","time":15280},{"key":"1Key2","time":15510},{"key":"1Key7","time":15510},{"key":"1Key7","time":15625},{"key":"1Key7","time":15740},{"key":"1Key2","time":15970},{"key":"1Key5","time":16200},{"key":"1Key2","time":16430},{"key":"1Key3","time":16660},{"key":"1Key5","time":16890},{"key":"1Key7","time":16890},{"key":"1Key3","time":17120},{"key":"1Key5","time":17120},{"key":"1Key5","time":17350},{"key":"1Key6","time":17350},{"key":"1Key3","time":17580},{"key":"1Key7","time":17580},{"key":"1Key6","time":17810},{"key":"1Key7","time":17810},{"key":"1Key3","time":18040},{"key":"1Key5","time":18040},{"key":"1Key4","time":18270},{"key":"1Key7","time":18270},{"key":"1Key4","time":18500},{"key":"1Key1","time":18730},{"key":"1Key6","time":18730},{"key":"1Key4","time":18960},{"key":"1Key6","time":18960},{"key":"1Key1","time":19190},{"key":"1Key6","time":19190},{"key":"1Key6","time":19305},{"key":"1Key6","time":19420},{"key":"1Key1","time":19650},{"key":"1Key4","time":19880},{"key":"1Key1","time":20110},{"key":"1Key2","time":20340},{"key":"1Key4","time":20340},{"key":"1Key6","time":20570},{"key":"1Key2","time":20800},{"key":"1Key6","time":20800},{"key":"1Key6","time":21030},{"key":"1Key4","time":21260},{"key":"1Key7","time":21260},{"key":"1Key6","time":21490},{"key":"1Key2","time":21720},{"key":"1Key6","time":21720},{"key":"1Key5","time":21950},{"key":"1Key6","time":21950},{"key":"1Key5","time":22180},{"key":"1Key2","time":22410},{"key":"1Key6","time":22410},{"key":"1Key5","time":22640},{"key":"1Key7","time":22640},{"key":"1Key2","time":22870},{"key":"1Key8","time":22870},{"key":"1Key7","time":23100},{"key":"1Key9","time":23100},{"key":"1Key2","time":23330},{"key":"1Key5","time":23560},{"key":"1Key9","time":23560},{"key":"1Key2","time":23790},{"key":"1Key5","time":23790},{"key":"1Key7","time":23790},{"key":"1Key3","time":24020},{"key":"1Key5","time":24020},{"key":"1Key10","time":24020},{"key":"1Key7","time":24250},{"key":"1Key5","time":24365},{"key":"1Key10","time":24365},{"key":"1Key3","time":24480},{"key":"1Key5","time":24710},{"key":"1Key9","time":24710},{"key":"1Key3","time":24940},{"key":"1Key5","time":24940},{"key":"1Key8","time":24940},{"key":"1Key7","time":25170},{"key":"1Key3","time":25400},{"key":"1Key7","time":25400},{"key":"1Key6","time":25630},{"key":"1Key7","time":25630},{"key":"1Key4","time":25860},{"key":"1Key1","time":26090},{"key":"1Key5","time":26090},{"key":"1Key4","time":26320},{"key":"1Key6","time":26320},{"key":"1Key1","time":26550},{"key":"1Key7","time":26550},{"key":"1Key6","time":26780},{"key":"1Key8","time":26780},{"key":"1Key1","time":27010},{"key":"1Key4","time":27240},{"key":"1Key8","time":27240},{"key":"1Key1","time":27470},{"key":"1Key7","time":27470},{"key":"1Key2","time":27700},{"key":"1Key4","time":27700},{"key":"1Key9","time":27700},{"key":"1Key6","time":27930},{"key":"1Key4","time":28045},{"key":"1Key9","time":28045},{"key":"1Key2","time":28160},{"key":"1Key4","time":28390},{"key":"1Key6","time":28390},{"key":"1Key8","time":28390},{"key":"1Key4","time":28620},{"key":"1Key7","time":28620},{"key":"1Key6","time":28850},{"key":"1Key2","time":29080},{"key":"1Key4","time":29080},{"key":"1Key6","time":29080},{"key":"1Key6","time":29310},{"key":"1Key5","time":29540},{"key":"1Key2","time":29770},{"key":"1Key6","time":29770},{"key":"1Key5","time":30000},{"key":"1Key7","time":30000},{"key":"1Key2","time":30230},{"key":"1Key5","time":30230},{"key":"1Key8","time":30230},{"key":"1Key5","time":30460},{"key":"1Key7","time":30460},{"key":"1Key9","time":30460},{"key":"1Key2","time":30690},{"key":"1Key5","time":30920},{"key":"1Key9","time":30920},{"key":"1Key2","time":31150},{"key":"1Key5","time":31150},{"key":"1Key7","time":31150},{"key":"1Key3","time":31380},{"key":"1Key5","time":31380},{"key":"1Key10","time":31380},{"key":"1Key7","time":31610},{"key":"1Key5","time":31725},{"key":"1Key10","time":31725},{"key":"1Key3","time":31840},{"key":"1Key5","time":32070},{"key":"1Key9","time":32070},{"key":"1Key3","time":32300},{"key":"1Key5","time":32300},{"key":"1Key8","time":32300},{"key":"1Key7","time":32530},{"key":"1Key3","time":32760},{"key":"1Key5","time":32760},{"key":"1Key7","time":32760},{"key":"1Key7","time":32990},{"key":"1Key4","time":33220},{"key":"1Key1","time":33450},{"key":"1Key5","time":33450},{"key":"1Key4","time":33680},{"key":"1Key6","time":33680},{"key":"1Key1","time":33910},{"key":"1Key4","time":33910},{"key":"1Key7","time":33910},{"key":"1Key4","time":34140},{"key":"1Key6","time":34140},{"key":"1Key8","time":34140},{"key":"1Key1","time":34370},{"key":"1Key4","time":34485},{"key":"1Key8","time":34485},{"key":"1Key4","time":34600},{"key":"1Key1","time":34830},{"key":"1Key4","time":34830},{"key":"1Key7","time":34830},{"key":"1Key2","time":35060},{"key":"1Key4","time":35060},{"key":"1Key6","time":35060},{"key":"1Key9","time":35060},{"key":"1Key7","time":35750},{"key":"1Key9","time":35865},{"key":"1Key8","time":35980},{"key":"1Key7","time":36095},{"key":"1Key8","time":36210},{"key":"1Key7","time":36325},{"key":"1Key6","time":36440},{"key":"1Key5","time":36555},{"key":"1Key7","time":37475},{"key":"1Key6","time":37935},{"key":"1Key5","time":38395},{"key":"1Key2","time":38625},{"key":"1Key6","time":38740},{"key":"1Key5","time":38855},{"key":"1Key7","time":38855},{"key":"1Key2","time":39085},{"key":"1Key8","time":39085},{"key":"1Key5","time":39315},{"key":"1Key9","time":39315},{"key":"1Key2","time":39545},{"key":"1Key5","time":39775},{"key":"1Key9","time":39775},{"key":"1Key2","time":40005},{"key":"1Key7","time":40005},{"key":"1Key3","time":40235},{"key":"1Key10","time":40235},{"key":"1Key7","time":40465},{"key":"1Key3","time":40695},{"key":"1Key10","time":40695},{"key":"1Key7","time":40925},{"key":"1Key9","time":40925},{"key":"1Key3","time":41155},{"key":"1Key8","time":41155},{"key":"1Key7","time":41385},{"key":"1Key3","time":41615},{"key":"1Key7","time":41615},{"key":"1Key7","time":41845},{"key":"1Key4","time":42075},{"key":"1Key1","time":42305},{"key":"1Key5","time":42420},{"key":"1Key4","time":42535},{"key":"1Key6","time":42535},{"key":"1Key1","time":42765},{"key":"1Key7","time":42765},{"key":"1Key4","time":42995},{"key":"1Key8","time":42995},{"key":"1Key1","time":43225},{"key":"1Key4","time":43455},{"key":"1Key8","time":43455},{"key":"1Key1","time":43685},{"key":"1Key7","time":43685},{"key":"1Key2","time":43915},{"key":"1Key9","time":43915},{"key":"1Key6","time":44145},{"key":"1Key2","time":44375},{"key":"1Key9","time":44375},{"key":"1Key6","time":44605},{"key":"1Key8","time":44605},{"key":"1Key2","time":44835},{"key":"1Key7","time":44835},{"key":"1Key6","time":45065},{"key":"1Key2","time":45295},{"key":"1Key6","time":45295},{"key":"1Key6","time":45525},{"key":"1Key5","time":45755},{"key":"1Key2","time":45985},{"key":"1Key6","time":45985},{"key":"1Key5","time":46215},{"key":"1Key7","time":46215},{"key":"1Key2","time":46445},{"key":"1Key8","time":46445},{"key":"1Key5","time":46675},{"key":"1Key9","time":46675},{"key":"1Key2","time":46905},{"key":"1Key5","time":47135},{"key":"1Key9","time":47135},{"key":"1Key2","time":47365},{"key":"1Key7","time":47365},{"key":"1Key3","time":47595},{"key":"1Key10","time":47595},{"key":"1Key7","time":47825},{"key":"1Key3","time":48055},{"key":"1Key10","time":48055},{"key":"1Key7","time":48285},{"key":"1Key9","time":48285},{"key":"1Key3","time":48515},{"key":"1Key8","time":48515},{"key":"1Key7","time":48745},{"key":"1Key3","time":48975},{"key":"1Key7","time":48975},{"key":"1Key7","time":49205},{"key":"1Key4","time":49435},{"key":"1Key1","time":49665},{"key":"1Key5","time":49665},{"key":"1Key4","time":49895},{"key":"1Key6","time":49895},{"key":"1Key1","time":50125},{"key":"1Key7","time":50125},{"key":"1Key4","time":50355},{"key":"1Key8","time":50355},{"key":"1Key1","time":50585},{"key":"1Key4","time":50815},{"key":"1Key8","time":50815},{"key":"1Key1","time":51045},{"key":"1Key7","time":51045},{"key":"1Key2","time":51275},{"key":"1Key9","time":51275},{"key":"1Key6","time":51505},{"key":"1Key2","time":51735},{"key":"1Key9","time":51735},{"key":"1Key6","time":51965},{"key":"1Key8","time":51965},{"key":"1Key2","time":52195},{"key":"1Key7","time":52195},{"key":"1Key6","time":52425},{"key":"1Key2","time":52655},{"key":"1Key6","time":52655},{"key":"1Key6","time":52885},{"key":"1Key5","time":53115},{"key":"1Key2","time":53345},{"key":"1Key7","time":53345},{"key":"1Key5","time":53575},{"key":"1Key7","time":53575},{"key":"1Key2","time":53805},{"key":"1Key7","time":53805},{"key":"1Key7","time":53920},{"key":"1Key7","time":54035},{"key":"1Key2","time":54265},{"key":"1Key5","time":54495},{"key":"1Key2","time":54725},{"key":"1Key3","time":54955},{"key":"1Key7","time":55185},{"key":"1Key3","time":55415},{"key":"1Key5","time":55415},{"key":"1Key5","time":55645},{"key":"1Key6","time":55645},{"key":"1Key3","time":55875},{"key":"1Key7","time":55875},{"key":"1Key6","time":56105},{"key":"1Key7","time":56105},{"key":"1Key3","time":56335},{"key":"1Key5","time":56335},{"key":"1Key4","time":56565},{"key":"1Key7","time":56565},{"key":"1Key4","time":56795},{"key":"1Key1","time":57025},{"key":"1Key6","time":57025},{"key":"1Key4","time":57255},{"key":"1Key6","time":57255},{"key":"1Key1","time":57485},{"key":"1Key6","time":57485},{"key":"1Key6","time":57600},{"key":"1Key6","time":57715},{"key":"1Key1","time":57945},{"key":"1Key4","time":58175},{"key":"1Key1","time":58405},{"key":"1Key2","time":58635},{"key":"1Key6","time":58865},{"key":"1Key2","time":59095},{"key":"1Key4","time":59325},{"key":"1Key6","time":59325},{"key":"1Key4","time":59555},{"key":"1Key7","time":59555},{"key":"1Key6","time":59785},{"key":"1Key2","time":60015},{"key":"1Key6","time":60015},{"key":"1Key5","time":60245},{"key":"1Key6","time":60245},{"key":"1Key5","time":60475},{"key":"1Key2","time":60705},{"key":"1Key7","time":60705},{"key":"1Key5","time":60935},{"key":"1Key7","time":60935},{"key":"1Key2","time":61165},{"key":"1Key7","time":61165},{"key":"1Key7","time":61395},{"key":"1Key2","time":61625},{"key":"1Key5","time":61855},{"key":"1Key2","time":62085},{"key":"1Key3","time":62315},{"key":"1Key5","time":62545},{"key":"1Key7","time":62545},{"key":"1Key3","time":62775},{"key":"1Key5","time":62775},{"key":"1Key5","time":63005},{"key":"1Key6","time":63005},{"key":"1Key3","time":63235},{"key":"1Key7","time":63235},{"key":"1Key7","time":63465},{"key":"1Key8","time":63465},{"key":"1Key3","time":63695},{"key":"1Key7","time":63695},{"key":"1Key6","time":63925},{"key":"1Key7","time":63925},{"key":"1Key4","time":64155},{"key":"1Key1","time":64385},{"key":"1Key6","time":64385},{"key":"1Key4","time":64615},{"key":"1Key6","time":64615},{"key":"1Key1","time":64845},{"key":"1Key6","time":64845},{"key":"1Key6","time":64960},{"key":"1Key6","time":65075},{"key":"1Key1","time":65305},{"key":"1Key4","time":65535},{"key":"1Key1","time":65765},{"key":"1Key2","time":65995},{"key":"1Key6","time":66225},{"key":"1Key7","time":66340},{"key":"1Key2","time":66455},{"key":"1Key6","time":66685},{"key":"1Key4","time":66915},{"key":"1Key5","time":66915},{"key":"1Key6","time":67145},{"key":"1Key2","time":67375},{"key":"1Key6","time":67375},{"key":"1Key6","time":67605},{"key":"1Key5","time":67835},{"key":"1Key9","time":67835},{"key":"1Key2","time":68755},{"key":"1Key5","time":68755},{"key":"1Key7","time":68755},{"key":"1Key3","time":69675},{"key":"1Key9","time":69675},{"key":"1Key9","time":69790},{"key":"1Key9","time":69905},{"key":"1Key10","time":70020},{"key":"1Key9","time":70135},{"key":"1Key9","time":70250},{"key":"1Key3","time":70365},{"key":"1Key5","time":70365},{"key":"1Key7","time":70365},{"key":"1Key9","time":70480},{"key":"1Key9","time":70710},{"key":"1Key10","time":70825},{"key":"1Key9","time":70940},{"key":"1Key9","time":71055},{"key":"1Key4","time":71170},{"key":"1Key8","time":71170},{"key":"1Key4","time":72090},{"key":"1Key6","time":72090},{"key":"1Key8","time":72090},{"key":"1Key2","time":73010},{"key":"1Key8","time":73010},{"key":"1Key7","time":73125},{"key":"1Key8","time":73470},{"key":"1Key7","time":73585},{"key":"1Key2","time":73930},{"key":"1Key4","time":73930},{"key":"1Key6","time":73930},{"key":"1Key8","time":73930},{"key":"1Key7","time":74045},{"key":"1Key8","time":74390},{"key":"1Key7","time":74505},{"key":"1Key5","time":74850},{"key":"1Key9","time":74850},{"key":"1Key2","time":75770},{"key":"1Key5","time":75770},{"key":"1Key7","time":75770},{"key":"1Key3","time":76690},{"key":"1Key9","time":76690},{"key":"1Key9","time":76805},{"key":"1Key9","time":76920},{"key":"1Key10","time":77035},{"key":"1Key9","time":77150},{"key":"1Key9","time":77265},{"key":"1Key3","time":77380},{"key":"1Key5","time":77380},{"key":"1Key7","time":77380},{"key":"1Key9","time":77495},{"key":"1Key9","time":77725},{"key":"1Key10","time":77840},{"key":"1Key9","time":77955},{"key":"1Key9","time":78070},{"key":"1Key4","time":78185},{"key":"1Key8","time":78185},{"key":"1Key4","time":79105},{"key":"1Key6","time":79105},{"key":"1Key8","time":79105},{"key":"1Key2","time":80025},{"key":"1Key4","time":80025},{"key":"1Key6","time":80255},{"key":"1Key6","time":80485},{"key":"1Key6","time":80715},{"key":"1Key2","time":80830},{"key":"1Key4","time":80830},{"key":"1Key6","time":80830},{"key":"1Key7","time":80830},{"key":"1Key6","time":81290},{"key":"1Key5","time":81750},{"key":"1Key2","time":81980},{"key":"1Key6","time":81980},{"key":"1Key5","time":82210},{"key":"1Key7","time":82210},{"key":"1Key2","time":82440},{"key":"1Key8","time":82440},{"key":"1Key7","time":82670},{"key":"1Key9","time":82670},{"key":"1Key2","time":82900},{"key":"1Key5","time":83130},{"key":"1Key2","time":83360},{"key":"1Key7","time":83360},{"key":"1Key3","time":83590},{"key":"1Key5","time":83590},{"key":"1Key10","time":83590},{"key":"1Key7","time":83820},{"key":"1Key5","time":83935},{"key":"1Key10","time":83935},{"key":"1Key3","time":84050},{"key":"1Key5","time":84280},{"key":"1Key9","time":84280},{"key":"1Key3","time":84510},{"key":"1Key5","time":84510},{"key":"1Key8","time":84510},{"key":"1Key7","time":84740},{"key":"1Key3","time":84970},{"key":"1Key7","time":84970},{"key":"1Key6","time":85200},{"key":"1Key7","time":85200},{"key":"1Key4","time":85430},{"key":"1Key1","time":85660},{"key":"1Key5","time":85660},{"key":"1Key4","time":85890},{"key":"1Key6","time":85890},{"key":"1Key1","time":86120},{"key":"1Key7","time":86120},{"key":"1Key6","time":86350},{"key":"1Key8","time":86350},{"key":"1Key1","time":86580},{"key":"1Key4","time":86810},{"key":"1Key8","time":86810},{"key":"1Key1","time":87040},{"key":"1Key7","time":87040},{"key":"1Key2","time":87270},{"key":"1Key4","time":87270},{"key":"1Key9","time":87270},{"key":"1Key6","time":87500},{"key":"1Key4","time":87615},{"key":"1Key9","time":87615},{"key":"1Key2","time":87730},{"key":"1Key4","time":87960},{"key":"1Key6","time":87960},{"key":"1Key8","time":87960},{"key":"1Key4","time":88190},{"key":"1Key7","time":88190},{"key":"1Key6","time":88420},{"key":"1Key2","time":88650},{"key":"1Key4","time":88650},{"key":"1Key6","time":88650},{"key":"1Key6","time":88880},{"key":"1Key5","time":89110},{"key":"1Key2","time":89340},{"key":"1Key6","time":89340},{"key":"1Key5","time":89570},{"key":"1Key7","time":89570},{"key":"1Key2","time":89800},{"key":"1Key8","time":89800},{"key":"1Key5","time":90030},{"key":"1Key7","time":90030},{"key":"1Key9","time":90030},{"key":"1Key2","time":90260},{"key":"1Key5","time":90490},{"key":"1Key9","time":90490},{"key":"1Key2","time":90720},{"key":"1Key5","time":90720},{"key":"1Key7","time":90720},{"key":"1Key3","time":90950},{"key":"1Key5","time":90950},{"key":"1Key10","time":90950},{"key":"1Key7","time":91180},{"key":"1Key5","time":91295},{"key":"1Key10","time":91295},{"key":"1Key3","time":91410},{"key":"1Key5","time":91640},{"key":"1Key7","time":91640},{"key":"1Key9","time":91640},{"key":"1Key5","time":91870},{"key":"1Key8","time":91870},{"key":"1Key7","time":92100},{"key":"1Key3","time":92330},{"key":"1Key5","time":92330},{"key":"1Key7","time":92330},{"key":"1Key7","time":92560},{"key":"1Key4","time":92790},{"key":"1Key1","time":93020},{"key":"1Key5","time":93020},{"key":"1Key4","time":93250},{"key":"1Key6","time":93250},{"key":"1Key1","time":93480},{"key":"1Key7","time":93480},{"key":"1Key4","time":93710},{"key":"1Key6","time":93710},{"key":"1Key8","time":93710},{"key":"1Key1","time":93940},{"key":"1Key4","time":94055},{"key":"1Key8","time":94055},{"key":"1Key4","time":94170},{"key":"1Key1","time":94400},{"key":"1Key4","time":94400},{"key":"1Key7","time":94400},{"key":"1Key2","time":94630},{"key":"1Key4","time":94630},{"key":"1Key6","time":94630},{"key":"1Key9","time":94630},{"key":"1Key7","time":95435},{"key":"1Key9","time":95550},{"key":"1Key8","time":95665},{"key":"1Key7","time":95780},{"key":"1Key8","time":95895},{"key":"1Key7","time":96010},{"key":"1Key6","time":96125},{"key":"1Key5","time":96240},{"key":"1Key5","time":98195},{"key":"1Key6","time":98425},{"key":"1Key2","time":98540},{"key":"1Key5","time":98540},{"key":"1Key7","time":98540},{"key":"1Key8","time":98770},{"key":"1Key5","time":98885},{"key":"1Key9","time":98885},{"key":"1Key2","time":99345},{"key":"1Key5","time":99345},{"key":"1Key7","time":99345},{"key":"1Key9","time":99345},{"key":"1Key7","time":99575},{"key":"1Key3","time":99690},{"key":"1Key10","time":99690},{"key":"1Key3","time":100150},{"key":"1Key5","time":100150},{"key":"1Key7","time":100150},{"key":"1Key10","time":100150},{"key":"1Key9","time":100380},{"key":"1Key3","time":100495},{"key":"1Key8","time":100495},{"key":"1Key3","time":100955},{"key":"1Key5","time":100955},{"key":"1Key7","time":100955},{"key":"1Key4","time":101415},{"key":"1Key5","time":101645},{"key":"1Key4","time":101760},{"key":"1Key6","time":101760},{"key":"1Key8","time":101760},{"key":"1Key7","time":101990},{"key":"1Key4","time":102105},{"key":"1Key8","time":102105},{"key":"1Key4","time":102565},{"key":"1Key6","time":102565},{"key":"1Key8","time":102565},{"key":"1Key7","time":102795},{"key":"1Key2","time":102910},{"key":"1Key9","time":102910},{"key":"1Key2","time":103370},{"key":"1Key4","time":103370},{"key":"1Key6","time":103370},{"key":"1Key9","time":103370},{"key":"1Key8","time":103600},{"key":"1Key2","time":103715},{"key":"1Key7","time":103715},{"key":"1Key2","time":104175},{"key":"1Key4","time":104175},{"key":"1Key6","time":104175},{"key":"1Key5","time":104635},{"key":"1Key6","time":104865},{"key":"1Key2","time":104980},{"key":"1Key5","time":104980},{"key":"1Key7","time":104980},{"key":"1Key8","time":105210},{"key":"1Key5","time":105325},{"key":"1Key9","time":105325},{"key":"1Key2","time":105785},{"key":"1Key5","time":105785},{"key":"1Key7","time":105785},{"key":"1Key9","time":105785},{"key":"1Key7","time":106015},{"key":"1Key3","time":106130},{"key":"1Key10","time":106130},{"key":"1Key3","time":106590},{"key":"1Key5","time":106590},{"key":"1Key7","time":106590},{"key":"1Key10","time":106590},{"key":"1Key9","time":106820},{"key":"1Key3","time":106935},{"key":"1Key8","time":106935},{"key":"1Key3","time":107395},{"key":"1Key5","time":107395},{"key":"1Key7","time":107395},{"key":"1Key4","time":107855},{"key":"1Key5","time":108085},{"key":"1Key4","time":108200},{"key":"1Key6","time":108200},{"key":"1Key8","time":108200},{"key":"1Key7","time":108430},{"key":"1Key4","time":108545},{"key":"1Key8","time":108545},{"key":"1Key4","time":109005},{"key":"1Key6","time":109005},{"key":"1Key8","time":109005},{"key":"1Key7","time":109235},{"key":"1Key2","time":109350},{"key":"1Key9","time":109350},{"key":"1Key2","time":109810},{"key":"1Key4","time":109810},{"key":"1Key6","time":109810},{"key":"1Key9","time":109810},{"key":"1Key8","time":110040},{"key":"1Key2","time":110155},{"key":"1Key7","time":110155},{"key":"1Key2","time":110615},{"key":"1Key4","time":110615},{"key":"1Key6","time":110615},{"key":"1Key5","time":111075},{"key":"1Key9","time":111075},{"key":"1Key2","time":111995},{"key":"1Key5","time":111995},{"key":"1Key7","time":111995},{"key":"1Key3","time":112915},{"key":"1Key9","time":112915},{"key":"1Key9","time":113030},{"key":"1Key9","time":113145},{"key":"1Key10","time":113260},{"key":"1Key9","time":113375},{"key":"1Key9","time":113490},{"key":"1Key3","time":113605},{"key":"1Key5","time":113605},{"key":"1Key7","time":113605},{"key":"1Key9","time":113720},{"key":"1Key9","time":113950},{"key":"1Key10","time":114065},{"key":"1Key9","time":114180},{"key":"1Key9","time":114295},{"key":"1Key4","time":114410},{"key":"1Key8","time":114410},{"key":"1Key4","time":115330},{"key":"1Key6","time":115330},{"key":"1Key8","time":115330},{"key":"1Key2","time":116250},{"key":"1Key8","time":116250},{"key":"1Key7","time":116365},{"key":"1Key8","time":116710},{"key":"1Key7","time":116825},{"key":"1Key2","time":117055},{"key":"1Key4","time":117055},{"key":"1Key6","time":117055},{"key":"1Key8","time":117055},{"key":"1Key7","time":117170},{"key":"1Key8","time":117515},{"key":"1Key7","time":117630},{"key":"1Key5","time":117860},{"key":"1Key9","time":117860},{"key":"1Key2","time":118780},{"key":"1Key5","time":118780},{"key":"1Key7","time":118780},{"key":"1Key3","time":119700},{"key":"1Key9","time":119700},{"key":"1Key9","time":119815},{"key":"1Key9","time":119930},{"key":"1Key10","time":120045},{"key":"1Key9","time":120160},{"key":"1Key9","time":120275},{"key":"1Key3","time":120390},{"key":"1Key5","time":120390},{"key":"1Key7","time":120390},{"key":"1Key9","time":120390},{"key":"1Key9","time":120505},{"key":"1Key9","time":120620},{"key":"1Key10","time":120735},{"key":"1Key9","time":120850},{"key":"1Key9","time":120965},{"key":"1Key4","time":121080},{"key":"1Key8","time":121080},{"key":"1Key4","time":122000},{"key":"1Key6","time":122000},{"key":"1Key8","time":122000},{"key":"1Key4","time":122460},{"key":"1Key2","time":122805},{"key":"1Key6","time":122805},{"key":"1Key2","time":123725},{"key":"1Key4","time":123725},{"key":"1Key6","time":123725},{"key":"1Key7","time":123725},{"key":"1Key6","time":124185},{"key":"1Key5","time":124530},{"key":"1Key6","time":124760},{"key":"1Key2","time":124875},{"key":"1Key5","time":124875},{"key":"1Key7","time":124875},{"key":"1Key8","time":125105},{"key":"1Key5","time":125220},{"key":"1Key9","time":125220},{"key":"1Key2","time":125680},{"key":"1Key5","time":125680},{"key":"1Key7","time":125680},{"key":"1Key9","time":125680},{"key":"1Key7","time":125910},{"key":"1Key3","time":126025},{"key":"1Key10","time":126025},{"key":"1Key3","time":126485},{"key":"1Key5","time":126485},{"key":"1Key7","time":126485},{"key":"1Key10","time":126485},{"key":"1Key9","time":126715},{"key":"1Key3","time":126830},{"key":"1Key8","time":126830},{"key":"1Key3","time":127290},{"key":"1Key5","time":127290},{"key":"1Key7","time":127290},{"key":"1Key4","time":127750},{"key":"1Key5","time":127980},{"key":"1Key4","time":128095},{"key":"1Key6","time":128095},{"key":"1Key8","time":128095},{"key":"1Key7","time":128325},{"key":"1Key4","time":128440},{"key":"1Key8","time":128440},{"key":"1Key4","time":128900},{"key":"1Key6","time":128900},{"key":"1Key8","time":128900},{"key":"1Key7","time":129130},{"key":"1Key2","time":129245},{"key":"1Key9","time":129245},{"key":"1Key2","time":129705},{"key":"1Key4","time":129705},{"key":"1Key6","time":129705},{"key":"1Key9","time":129705},{"key":"1Key8","time":129935},{"key":"1Key2","time":130050},{"key":"1Key7","time":130050},{"key":"1Key2","time":130510},{"key":"1Key4","time":130510},{"key":"1Key6","time":130510},{"key":"1Key5","time":130970},{"key":"1Key6","time":131200},{"key":"1Key2","time":131315},{"key":"1Key5","time":131315},{"key":"1Key7","time":131315},{"key":"1Key8","time":131545},{"key":"1Key5","time":131660},{"key":"1Key9","time":131660},{"key":"1Key2","time":132120},{"key":"1Key5","time":132120},{"key":"1Key7","time":132120},{"key":"1Key9","time":132120},{"key":"1Key7","time":132350},{"key":"1Key3","time":132465},{"key":"1Key10","time":132465},{"key":"1Key3","time":132925},{"key":"1Key5","time":132925},{"key":"1Key7","time":132925},{"key":"1Key10","time":132925},{"key":"1Key9","time":133155},{"key":"1Key3","time":133270},{"key":"1Key8","time":133270},{"key":"1Key3","time":133730},{"key":"1Key5","time":133730},{"key":"1Key7","time":133730},{"key":"1Key4","time":134190},{"key":"1Key5","time":134420},{"key":"1Key4","time":134535},{"key":"1Key6","time":134535},{"key":"1Key8","time":134535},{"key":"1Key7","time":134765},{"key":"1Key4","time":134880},{"key":"1Key8","time":134880},{"key":"1Key4","time":135340},{"key":"1Key6","time":135340},{"key":"1Key8","time":135340},{"key":"1Key7","time":135570},{"key":"1Key2","time":135685},{"key":"1Key9","time":135685},{"key":"1Key2","time":136145},{"key":"1Key4","time":136145},{"key":"1Key6","time":136145},{"key":"1Key9","time":136145},{"key":"1Key8","time":136375},{"key":"1Key2","time":136490},{"key":"1Key7","time":136490},{"key":"1Key2","time":136950},{"key":"1Key4","time":136950},{"key":"1Key6","time":136950},{"key":"1Key5","time":137410},{"key":"1Key6","time":137640},{"key":"1Key2","time":137755},{"key":"1Key5","time":137755},{"key":"1Key7","time":137755},{"key":"1Key8","time":137985},{"key":"1Key5","time":138100},{"key":"1Key9","time":138100},{"key":"1Key2","time":138560},{"key":"1Key5","time":138560},{"key":"1Key7","time":138560},{"key":"1Key9","time":138560},{"key":"1Key7","time":138790},{"key":"1Key3","time":138905},{"key":"1Key10","time":138905},{"key":"1Key3","time":139365},{"key":"1Key5","time":139365},{"key":"1Key7","time":139365},{"key":"1Key10","time":139365},{"key":"1Key9","time":139595},{"key":"1Key3","time":139710},{"key":"1Key8","time":139710},{"key":"1Key3","time":140170},{"key":"1Key5","time":140170},{"key":"1Key7","time":140170},{"key":"1Key4","time":140630},{"key":"1Key4","time":140745},{"key":"1Key5","time":140860},{"key":"1Key4","time":140975},{"key":"1Key6","time":140975},{"key":"1Key8","time":140975},{"key":"1Key7","time":141205},{"key":"1Key4","time":141320},{"key":"1Key8","time":141320},{"key":"1Key4","time":141780},{"key":"1Key6","time":141780},{"key":"1Key8","time":141780},{"key":"1Key7","time":142010},{"key":"1Key2","time":142125},{"key":"1Key9","time":142125},{"key":"1Key2","time":142585},{"key":"1Key4","time":142585},{"key":"1Key6","time":142585},{"key":"1Key9","time":142585},{"key":"1Key8","time":142815},{"key":"1Key2","time":142930},{"key":"1Key7","time":142930},{"key":"1Key2","time":143390},{"key":"1Key4","time":143390},{"key":"1Key6","time":143390},{"key":"1Key5","time":143850},{"key":"1Key6","time":144080},{"key":"1Key7","time":144195},{"key":"1Key2","time":144310},{"key":"1Key5","time":144310},{"key":"1Key7","time":144310},{"key":"1Key8","time":144540},{"key":"1Key5","time":144655},{"key":"1Key9","time":144655},{"key":"1Key2","time":145115},{"key":"1Key5","time":145115},{"key":"1Key7","time":145115},{"key":"1Key9","time":145115},{"key":"1Key7","time":145345},{"key":"1Key3","time":145460},{"key":"1Key10","time":145460},{"key":"1Key3","time":145920},{"key":"1Key5","time":145920},{"key":"1Key7","time":145920},{"key":"1Key10","time":145920},{"key":"1Key9","time":146150},{"key":"1Key3","time":146265},{"key":"1Key8","time":146265},{"key":"1Key3","time":146725},{"key":"1Key5","time":146725},{"key":"1Key7","time":146725},{"key":"1Key4","time":147185},{"key":"1Key4","time":147300},{"key":"1Key5","time":147415},{"key":"1Key4","time":147530},{"key":"1Key6","time":147530},{"key":"1Key8","time":147530},{"key":"1Key7","time":147760},{"key":"1Key4","time":147875},{"key":"1Key8","time":147875},{"key":"1Key4","time":148335},{"key":"1Key6","time":148335},{"key":"1Key8","time":148335},{"key":"1Key7","time":148565},{"key":"1Key2","time":148680},{"key":"1Key9","time":148680},{"key":"1Key2","time":149140},{"key":"1Key4","time":149140},{"key":"1Key6","time":149140},{"key":"1Key9","time":149140},{"key":"1Key8","time":149370},{"key":"1Key2","time":149485},{"key":"1Key7","time":149485},{"key":"1Key2","time":149945},{"key":"1Key4","time":149945},{"key":"1Key6","time":149945},{"key":"1Key2","time":150405},{"key":"1Key5","time":150405},{"key":"1Key7","time":150405}]}]