[{"name":"Faded","bpm":200,"pitchLevel":7,"bitsPerPage":16,"isComposed":"true","songNotes":[{"time":400,"key":"Key0"},{"time":400,"key":"Key2"},{"time":400,"key":"Key5"},{"time":400,"key":"Key7"},{"time":700,"key":"Key2"},{"time":1000,"key":"Key0"},{"time":1000,"key":"Key7"},{"time":1300,"key":"Key2"},{"time":1600,"key":"Key0"},{"time":1600,"key":"Key5"},{"time":1600,"key":"Key7"},{"time":1900,"key":"Key2"},{"time":2200,"key":"Key0"},{"time":2200,"key":"Key9"},{"time":2500,"key":"Key2"},{"time":2800,"key":"Key0"},{"time":2800,"key":"Key3"},{"time":2800,"key":"Key5"},{"time":2800,"key":"Key12"},{"time":3100,"key":"Key3"},{"time":3400,"key":"Key0"},{"time":3400,"key":"Key12"},{"time":3700,"key":"Key3"},{"time":4000,"key":"Key0"},{"time":4000,"key":"Key5"},{"time":4000,"key":"Key12"},{"time":4300,"key":"Key3"},{"time":4600,"key":"Key0"},{"time":4600,"key":"Key11"},{"time":4900,"key":"Key3"},{"time":5200,"key":"Key0"},{"time":5200,"key":"Key2"},{"time":5200,"key":"Key4"},{"time":5200,"key":"Key9"},{"time":5500,"key":"Key2"},{"time":5800,"key":"Key0"},{"time":5800,"key":"Key9"},{"time":6100,"key":"Key2"},{"time":6400,"key":"Key0"},{"time":6400,"key":"Key4"},{"time":6400,"key":"Key9"},{"time":6700,"key":"Key2"},{"time":7000,"key":"Key0"},{"time":7000,"key":"Key9"},{"time":7300,"key":"Key2"},{"time":7600,"key":"Key1"},{"time":7600,"key":"Key4"},{"time":7600,"key":"Key6"},{"time":7900,"key":"Key4"},{"time":8200,"key":"Key1"},{"time":8200,"key":"Key6"},{"time":8500,"key":"Key4"},{"time":8800,"key":"Key1"},{"time":8800,"key":"Key6"},{"time":9100,"key":"Key4"},{"time":9400,"key":"Key1"},{"time":9400,"key":"Key5"},{"time":9700,"key":"Key4"},{"time":10000,"key":"Key0"},{"time":10000,"key":"Key2"},{"time":10000,"key":"Key5"},{"time":10300,"key":"Key2"},{"time":10300,"key":"Key7"},{"time":10600,"key":"Key0"},{"time":10600,"key":"Key7"},{"time":10900,"key":"Key2"},{"time":10900,"key":"Key5"},{"time":11200,"key":"Key0"},{"time":11200,"key":"Key5"},{"time":11200,"key":"Key7"},{"time":11500,"key":"Key2"},{"time":11500,"key":"Key5"},{"time":11800,"key":"Key0"},{"time":11800,"key":"Key7"},{"time":12100,"key":"Key2"},{"time":12100,"key":"Key8"},{"time":12400,"key":"Key0"},{"time":12400,"key":"Key3"},{"time":12400,"key":"Key5"},{"time":12400,"key":"Key9"},{"time":12700,"key":"Key3"},{"time":13000,"key":"Key0"},{"time":13000,"key":"Key7"},{"time":13300,"key":"Key3"},{"time":13300,"key":"Key7"},{"time":13600,"key":"Key0"},{"time":13600,"key":"Key4"},{"time":13600,"key":"Key5"},{"time":13900,"key":"Key3"},{"time":13900,"key":"Key9"},{"time":14200,"key":"Key0"},{"time":14500,"key":"Key3"},{"time":14800,"key":"Key0"},{"time":14800,"key":"Key2"},{"time":14800,"key":"Key4"},{"time":15100,"key":"Key2"},{"time":15400,"key":"Key0"},{"time":15700,"key":"Key2"},{"time":16000,"key":"Key0"},{"time":16000,"key":"Key4"},{"time":16300,"key":"Key2"},{"time":16300,"key":"Key7"},{"time":16600,"key":"Key0"},{"time":16600,"key":"Key7"},{"time":16900,"key":"Key2"},{"time":16900,"key":"Key7"},{"time":17200,"key":"Key1"},{"time":17200,"key":"Key4"},{"time":17200,"key":"Key6"},{"time":17500,"key":"Key4"},{"time":17800,"key":"Key1"},{"time":18100,"key":"Key4"},{"time":18100,"key":"Key6"},{"time":18400,"key":"Key1"},{"time":18400,"key":"Key6"},{"time":18700,"key":"Key4"},{"time":18700,"key":"Key5"},{"time":19000,"key":"Key1"},{"time":19000,"key":"Key7"},{"time":19300,"key":"Key4"},{"time":19600,"key":"Key0"},{"time":19600,"key":"Key2"},{"time":19600,"key":"Key5"},{"time":19900,"key":"Key2"},{"time":19900,"key":"Key7"},{"time":20200,"key":"Key0"},{"time":20200,"key":"Key7"},{"time":20500,"key":"Key2"},{"time":20500,"key":"Key5"},{"time":20800,"key":"Key0"},{"time":20800,"key":"Key5"},{"time":20800,"key":"Key7"},{"time":21100,"key":"Key2"},{"time":21100,"key":"Key5"},{"time":21400,"key":"Key0"},{"time":21400,"key":"Key7"},{"time":21700,"key":"Key2"},{"time":21700,"key":"Key8"},{"time":22000,"key":"Key0"},{"time":22000,"key":"Key3"},{"time":22000,"key":"Key5"},{"time":22000,"key":"Key9"},{"time":22300,"key":"Key3"},{"time":22600,"key":"Key0"},{"time":22600,"key":"Key7"},{"time":22900,"key":"Key3"},{"time":22900,"key":"Key7"},{"time":23200,"key":"Key0"},{"time":23200,"key":"Key5"},{"time":23200,"key":"Key11"},{"time":23500,"key":"Key3"},{"time":23500,"key":"Key9"},{"time":23800,"key":"Key0"},{"time":24100,"key":"Key3"},{"time":24400,"key":"Key0"},{"time":24400,"key":"Key2"},{"time":24400,"key":"Key4"},{"time":24700,"key":"Key2"},{"time":25000,"key":"Key0"},{"time":25300,"key":"Key2"},{"time":25600,"key":"Key0"},{"time":25600,"key":"Key4"},{"time":25900,"key":"Key2"},{"time":25900,"key":"Key7"},{"time":26200,"key":"Key0"},{"time":26200,"key":"Key7"},{"time":26500,"key":"Key2"},{"time":26500,"key":"Key8"},{"time":26800,"key":"Key1"},{"time":26800,"key":"Key4"},{"time":26800,"key":"Key6"},{"time":27100,"key":"Key4"},{"time":27400,"key":"Key1"},{"time":27700,"key":"Key4"},{"time":28000,"key":"Key1"},{"time":28000,"key":"Key6"},{"time":28300,"key":"Key4"},{"time":28300,"key":"Key9"},{"time":28600,"key":"Key1"},{"time":28600,"key":"Key9"},{"time":28900,"key":"Key4"},{"time":28900,"key":"Key9"},{"time":29200,"key":"Key0"},{"time":29200,"key":"Key2"},{"time":29200,"key":"Key5"},{"time":29200,"key":"Key7"},{"time":29200,"key":"Key9"},{"time":29800,"key":"Key7"},{"time":30400,"key":"Key7"},{"time":31000,"key":"Key9"},{"time":31600,"key":"Key0"},{"time":31600,"key":"Key3"},{"time":31600,"key":"Key5"},{"time":31600,"key":"Key12"},{"time":32200,"key":"Key12"},{"time":32800,"key":"Key12"},{"time":33100,"key":"Key9"},{"time":33400,"key":"Key0"},{"time":33400,"key":"Key3"},{"time":33400,"key":"Key5"},{"time":33400,"key":"Key9"},{"time":33400,"key":"Key11"},{"time":33700,"key":"Key9"},{"time":34000,"key":"Key0"},{"time":34000,"key":"Key2"},{"time":34000,"key":"Key4"},{"time":34000,"key":"Key9"},{"time":34600,"key":"Key9"},{"time":35200,"key":"Key9"},{"time":35800,"key":"Key9"},{"time":36400,"key":"Key1"},{"time":36400,"key":"Key4"},{"time":36400,"key":"Key6"},{"time":37000,"key":"Key6"},{"time":37600,"key":"Key6"},{"time":37900,"key":"Key9"},{"time":38200,"key":"Key1"},{"time":38200,"key":"Key4"},{"time":38200,"key":"Key6"},{"time":38200,"key":"Key9"},{"time":38500,"key":"Key9"},{"time":38800,"key":"Key0"},{"time":38800,"key":"Key2"},{"time":38800,"key":"Key5"},{"time":38800,"key":"Key7"},{"time":38800,"key":"Key9"},{"time":39400,"key":"Key0"},{"time":39400,"key":"Key2"},{"time":39400,"key":"Key5"},{"time":40300,"key":"Key7"},{"time":40450,"key":"Key8"},{"time":40600,"key":"Key0"},{"time":40600,"key":"Key2"},{"time":40600,"key":"Key5"},{"time":40600,"key":"Key8"},{"time":40900,"key":"Key8"},{"time":41050,"key":"Key9"},{"time":41200,"key":"Key0"},{"time":41200,"key":"Key3"},{"time":41200,"key":"Key5"},{"time":41200,"key":"Key8"},{"time":41500,"key":"Key7"},{"time":41800,"key":"Key0"},{"time":41800,"key":"Key3"},{"time":41800,"key":"Key5"},{"time":41800,"key":"Key7"},{"time":42700,"key":"Key9"},{"time":43000,"key":"Key0"},{"time":43000,"key":"Key3"},{"time":43000,"key":"Key5"},{"time":43000,"key":"Key9"},{"time":43300,"key":"Key9"},{"time":43600,"key":"Key0"},{"time":43600,"key":"Key2"},{"time":43600,"key":"Key4"},{"time":43600,"key":"Key9"},{"time":44200,"key":"Key0"},{"time":44200,"key":"Key2"},{"time":44200,"key":"Key4"},{"time":45100,"key":"Key8"},{"time":45250,"key":"Key8"},{"time":45400,"key":"Key0"},{"time":45400,"key":"Key2"},{"time":45400,"key":"Key4"},{"time":45400,"key":"Key8"},{"time":45700,"key":"Key8"},{"time":45850,"key":"Key9"},{"time":46000,"key":"Key1"},{"time":46000,"key":"Key4"},{"time":46000,"key":"Key6"},{"time":46300,"key":"Key6"},{"time":46600,"key":"Key1"},{"time":46600,"key":"Key4"},{"time":46600,"key":"Key6"},{"time":46900,"key":"Key7"},{"time":48700,"key":"Key9"},{"time":49000,"key":"Key9"},{"time":49300,"key":"Key9"},{"time":49600,"key":"Key0"},{"time":49600,"key":"Key2"},{"time":49600,"key":"Key5"},{"time":49600,"key":"Key9"},{"time":49900,"key":"Key2"},{"time":50200,"key":"Key0"},{"time":50500,"key":"Key2"},{"time":50800,"key":"Key0"},{"time":50800,"key":"Key5"},{"time":51100,"key":"Key2"},{"time":51400,"key":"Key0"},{"time":51700,"key":"Key2"},{"time":51700,"key":"Key6"},{"time":52000,"key":"Key0"},{"time":52000,"key":"Key3"},{"time":52000,"key":"Key5"},{"time":52300,"key":"Key3"},{"time":52300,"key":"Key4"},{"time":52600,"key":"Key0"},{"time":52900,"key":"Key3"},{"time":53200,"key":"Key0"},{"time":53200,"key":"Key5"},{"time":53500,"key":"Key3"},{"time":53500,"key":"Key7"},{"time":53800,"key":"Key0"},{"time":53800,"key":"Key11"},{"time":54100,"key":"Key3"},{"time":54100,"key":"Key11"},{"time":54250,"key":"Key9"},{"time":54400,"key":"Key0"},{"time":54400,"key":"Key2"},{"time":54400,"key":"Key4"},{"time":54700,"key":"Key2"},{"time":55000,"key":"Key0"},{"time":55300,"key":"Key2"},{"time":55600,"key":"Key0"},{"time":55600,"key":"Key4"},{"time":55900,"key":"Key2"},{"time":55900,"key":"Key7"},{"time":56200,"key":"Key0"},{"time":56200,"key":"Key11"},{"time":56500,"key":"Key2"},{"time":56500,"key":"Key11"},{"time":56650,"key":"Key9"},{"time":56800,"key":"Key1"},{"time":56800,"key":"Key4"},{"time":56800,"key":"Key6"},{"time":57100,"key":"Key4"},{"time":57400,"key":"Key1"},{"time":57700,"key":"Key4"},{"time":57700,"key":"Key8"},{"time":58000,"key":"Key1"},{"time":58000,"key":"Key6"},{"time":58300,"key":"Key4"},{"time":58300,"key":"Key9"},{"time":58600,"key":"Key1"},{"time":58600,"key":"Key9"},{"time":58900,"key":"Key4"},{"time":58900,"key":"Key9"},{"time":59200,"key":"Key0"},{"time":59200,"key":"Key2"},{"time":59200,"key":"Key5"},{"time":59200,"key":"Key9"},{"time":59500,"key":"Key2"},{"time":59800,"key":"Key0"},{"time":60100,"key":"Key2"},{"time":60400,"key":"Key0"},{"time":60400,"key":"Key5"},{"time":60700,"key":"Key2"},{"time":60700,"key":"Key7"},{"time":61000,"key":"Key0"},{"time":61000,"key":"Key7"},{"time":61300,"key":"Key2"},{"time":61300,"key":"Key5"},{"time":61450,"key":"Key10"},{"time":61600,"key":"Key0"},{"time":61600,"key":"Key3"},{"time":61600,"key":"Key5"},{"time":61900,"key":"Key3"},{"time":62200,"key":"Key0"},{"time":62500,"key":"Key3"},{"time":62800,"key":"Key0"},{"time":62800,"key":"Key5"},{"time":63100,"key":"Key3"},{"time":63400,"key":"Key0"},{"time":63700,"key":"Key3"},{"time":63700,"key":"Key11"},{"time":64000,"key":"Key0"},{"time":64000,"key":"Key2"},{"time":64000,"key":"Key4"},{"time":64000,"key":"Key9"},{"time":64300,"key":"Key2"},{"time":64300,"key":"Key11"},{"time":64600,"key":"Key0"},{"time":64600,"key":"Key9"},{"time":64900,"key":"Key2"},{"time":64900,"key":"Key11"},{"time":65200,"key":"Key0"},{"time":65200,"key":"Key4"},{"time":65200,"key":"Key9"},{"time":65500,"key":"Key2"},{"time":65500,"key":"Key11"},{"time":65800,"key":"Key0"},{"time":65800,"key":"Key9"},{"time":66100,"key":"Key2"},{"time":66100,"key":"Key8"},{"time":66250,"key":"Key10"},{"time":66400,"key":"Key1"},{"time":66400,"key":"Key4"},{"time":66400,"key":"Key6"},{"time":66700,"key":"Key4"},{"time":67000,"key":"Key1"},{"time":67300,"key":"Key4"},{"time":67300,"key":"Key5"},{"time":67600,"key":"Key1"},{"time":67600,"key":"Key6"},{"time":67600,"key":"Key10"},{"time":67900,"key":"Key4"},{"time":68200,"key":"Key1"},{"time":68200,"key":"Key9"},{"time":68500,"key":"Key4"},{"time":68800,"key":"Key0"},{"time":68800,"key":"Key2"},{"time":68800,"key":"Key5"},{"time":69100,"key":"Key2"},{"time":69400,"key":"Key0"},{"time":69700,"key":"Key2"},{"time":70000,"key":"Key0"},{"time":70000,"key":"Key5"},{"time":70300,"key":"Key2"},{"time":70600,"key":"Key0"},{"time":70900,"key":"Key2"},{"time":71200,"key":"Key0"},{"time":71200,"key":"Key3"},{"time":71200,"key":"Key5"},{"time":71500,"key":"Key3"},{"time":71800,"key":"Key0"},{"time":72100,"key":"Key3"},{"time":72100,"key":"Key5"},{"time":72400,"key":"Key0"},{"time":72400,"key":"Key5"},{"time":72400,"key":"Key10"},{"time":72700,"key":"Key3"},{"time":73000,"key":"Key0"},{"time":73000,"key":"Key9"},{"time":73300,"key":"Key3"},{"time":73600,"key":"Key0"},{"time":73600,"key":"Key2"},{"time":73600,"key":"Key4"},{"time":73900,"key":"Key2"},{"time":74200,"key":"Key0"},{"time":74500,"key":"Key2"},{"time":74800,"key":"Key0"},{"time":74800,"key":"Key4"},{"time":75100,"key":"Key2"},{"time":75400,"key":"Key0"},{"time":75700,"key":"Key2"},{"time":75700,"key":"Key7"},{"time":76000,"key":"Key1"},{"time":76000,"key":"Key4"},{"time":76000,"key":"Key6"},{"time":76300,"key":"Key4"},{"time":76600,"key":"Key1"},{"time":76900,"key":"Key4"},{"time":76900,"key":"Key5"},{"time":77200,"key":"Key1"},{"time":77200,"key":"Key6"},{"time":77200,"key":"Key10"},{"time":77200,"key":"Key12"},{"time":77500,"key":"Key4"},{"time":77800,"key":"Key1"},{"time":77800,"key":"Key9"},{"time":77800,"key":"Key11"},{"time":78100,"key":"Key4"},{"time":78400,"key":"Key0"},{"time":78400,"key":"Key2"},{"time":78400,"key":"Key5"},{"time":78700,"key":"Key2"},{"time":79000,"key":"Key0"},{"time":79300,"key":"Key2"},{"time":79600,"key":"Key0"},{"time":79600,"key":"Key5"},{"time":79900,"key":"Key2"},{"time":80200,"key":"Key0"},{"time":80500,"key":"Key2"},{"time":80800,"key":"Key0"},{"time":80800,"key":"Key3"},{"time":80800,"key":"Key5"},{"time":81100,"key":"Key3"},{"time":81400,"key":"Key0"},{"time":81700,"key":"Key3"},{"time":81700,"key":"Key5"},{"time":82000,"key":"Key0"},{"time":82000,"key":"Key5"},{"time":82000,"key":"Key10"},{"time":82300,"key":"Key3"},{"time":82600,"key":"Key0"},{"time":82600,"key":"Key11"},{"time":82900,"key":"Key3"},{"time":83200,"key":"Key0"},{"time":83200,"key":"Key2"},{"time":83200,"key":"Key4"},{"time":83500,"key":"Key2"},{"time":83800,"key":"Key0"},{"time":84100,"key":"Key2"},{"time":84400,"key":"Key0"},{"time":84400,"key":"Key4"},{"time":84700,"key":"Key2"},{"time":85000,"key":"Key0"},{"time":85300,"key":"Key2"},{"time":85300,"key":"Key7"},{"time":85600,"key":"Key1"},{"time":85600,"key":"Key4"},{"time":85600,"key":"Key6"},{"time":85900,"key":"Key4"},{"time":86200,"key":"Key1"},{"time":86500,"key":"Key4"},{"time":86500,"key":"Key5"},{"time":86800,"key":"Key1"},{"time":86800,"key":"Key6"},{"time":86800,"key":"Key10"},{"time":87100,"key":"Key4"},{"time":87400,"key":"Key1"},{"time":87400,"key":"Key9"},{"time":87700,"key":"Key4"},{"time":88000,"key":"Key0"},{"time":88000,"key":"Key2"},{"time":88000,"key":"Key5"},{"time":88300,"key":"Key2"},{"time":88300,"key":"Key7"},{"time":88600,"key":"Key0"},{"time":88600,"key":"Key7"},{"time":88900,"key":"Key2"},{"time":88900,"key":"Key5"},{"time":89200,"key":"Key0"},{"time":89200,"key":"Key5"},{"time":89200,"key":"Key7"},{"time":89500,"key":"Key2"},{"time":89500,"key":"Key5"},{"time":89800,"key":"Key0"},{"time":89800,"key":"Key7"},{"time":90100,"key":"Key2"},{"time":90100,"key":"Key8"},{"time":90400,"key":"Key0"},{"time":90400,"key":"Key3"},{"time":90400,"key":"Key5"},{"time":90400,"key":"Key9"},{"time":90700,"key":"Key3"},{"time":91000,"key":"Key0"},{"time":91000,"key":"Key7"},{"time":91300,"key":"Key3"},{"time":91300,"key":"Key7"},{"time":91600,"key":"Key0"},{"time":91600,"key":"Key4"},{"time":91600,"key":"Key5"},{"time":91900,"key":"Key3"},{"time":91900,"key":"Key9"},{"time":92200,"key":"Key0"},{"time":92500,"key":"Key3"},{"time":92800,"key":"Key0"},{"time":92800,"key":"Key2"},{"time":92800,"key":"Key4"},{"time":93100,"key":"Key2"},{"time":93400,"key":"Key0"},{"time":93700,"key":"Key2"},{"time":94000,"key":"Key0"},{"time":94000,"key":"Key4"},{"time":94300,"key":"Key2"},{"time":94300,"key":"Key7"},{"time":94600,"key":"Key0"},{"time":94600,"key":"Key7"},{"time":94900,"key":"Key2"},{"time":94900,"key":"Key7"},{"time":95200,"key":"Key1"},{"time":95200,"key":"Key4"},{"time":95200,"key":"Key6"},{"time":95500,"key":"Key4"},{"time":95800,"key":"Key1"},{"time":96100,"key":"Key4"},{"time":96100,"key":"Key6"},{"time":96400,"key":"Key1"},{"time":96400,"key":"Key6"},{"time":96700,"key":"Key4"},{"time":96700,"key":"Key5"},{"time":97000,"key":"Key1"},{"time":97000,"key":"Key7"},{"time":97300,"key":"Key4"},{"time":97600,"key":"Key0"},{"time":97600,"key":"Key2"},{"time":97600,"key":"Key5"},{"time":97900,"key":"Key2"},{"time":97900,"key":"Key7"},{"time":98200,"key":"Key0"},{"time":98200,"key":"Key7"},{"time":98500,"key":"Key2"},{"time":98500,"key":"Key8"},{"time":98800,"key":"Key0"},{"time":98800,"key":"Key5"},{"time":98800,"key":"Key7"},{"time":99100,"key":"Key2"},{"time":99100,"key":"Key5"},{"time":99400,"key":"Key0"},{"time":99400,"key":"Key7"},{"time":99700,"key":"Key2"},{"time":99700,"key":"Key8"},{"time":100000,"key":"Key0"},{"time":100000,"key":"Key3"},{"time":100000,"key":"Key5"},{"time":100000,"key":"Key9"},{"time":100300,"key":"Key3"},{"time":100600,"key":"Key0"},{"time":100900,"key":"Key3"},{"time":100900,"key":"Key7"},{"time":101200,"key":"Key0"},{"time":101200,"key":"Key5"},{"time":101200,"key":"Key11"},{"time":101500,"key":"Key3"},{"time":101650,"key":"Key9"},{"time":101800,"key":"Key0"},{"time":102100,"key":"Key3"},{"time":102400,"key":"Key0"},{"time":102400,"key":"Key2"},{"time":102400,"key":"Key4"},{"time":102700,"key":"Key2"},{"time":103000,"key":"Key0"},{"time":103300,"key":"Key2"},{"time":103600,"key":"Key0"},{"time":103600,"key":"Key4"},{"time":103900,"key":"Key2"},{"time":103900,"key":"Key7"},{"time":104200,"key":"Key0"},{"time":104200,"key":"Key7"},{"time":104500,"key":"Key2"},{"time":104500,"key":"Key8"},{"time":104800,"key":"Key1"},{"time":104800,"key":"Key4"},{"time":104800,"key":"Key6"},{"time":105100,"key":"Key4"},{"time":105400,"key":"Key1"},{"time":105700,"key":"Key4"},{"time":106000,"key":"Key1"},{"time":106000,"key":"Key6"},{"time":106300,"key":"Key4"},{"time":106300,"key":"Key9"},{"time":106600,"key":"Key1"},{"time":106600,"key":"Key9"},{"time":106900,"key":"Key4"},{"time":106900,"key":"Key9"},{"time":107200,"key":"Key0"},{"time":107200,"key":"Key2"},{"time":107200,"key":"Key5"},{"time":107200,"key":"Key9"},{"time":107500,"key":"Key2"},{"time":107800,"key":"Key0"},{"time":108100,"key":"Key2"},{"time":108400,"key":"Key0"},{"time":108400,"key":"Key5"},{"time":108700,"key":"Key2"},{"time":109000,"key":"Key0"},{"time":109300,"key":"Key2"},{"time":109600,"key":"Key0"},{"time":109600,"key":"Key3"},{"time":109600,"key":"Key5"},{"time":109900,"key":"Key3"},{"time":110200,"key":"Key0"},{"time":110500,"key":"Key3"},{"time":110800,"key":"Key0"},{"time":110800,"key":"Key5"},{"time":111100,"key":"Key3"},{"time":111100,"key":"Key9"},{"time":111400,"key":"Key0"},{"time":111400,"key":"Key9"},{"time":111700,"key":"Key3"},{"time":111700,"key":"Key9"},{"time":112000,"key":"Key0"},{"time":112000,"key":"Key2"},{"time":112000,"key":"Key4"},{"time":112000,"key":"Key9"},{"time":112300,"key":"Key2"},{"time":112600,"key":"Key0"},{"time":112900,"key":"Key2"},{"time":113200,"key":"Key0"},{"time":113200,"key":"Key4"},{"time":113500,"key":"Key2"},{"time":113800,"key":"Key0"},{"time":114100,"key":"Key2"},{"time":114400,"key":"Key1"},{"time":114400,"key":"Key4"},{"time":114400,"key":"Key6"},{"time":114700,"key":"Key4"},{"time":115000,"key":"Key1"},{"time":115300,"key":"Key4"},{"time":115600,"key":"Key1"},{"time":115600,"key":"Key6"},{"time":115900,"key":"Key4"},{"time":115900,"key":"Key7"},{"time":116200,"key":"Key1"},{"time":116200,"key":"Key11"},{"time":116500,"key":"Key4"},{"time":116500,"key":"Key11"},{"time":116650,"key":"Key9"},{"time":116800,"key":"Key0"},{"time":116800,"key":"Key2"},{"time":116800,"key":"Key5"},{"time":117100,"key":"Key7"},{"time":117400,"key":"Key5"},{"time":117400,"key":"Key11"},{"time":117850,"key":"Key9"},{"time":118000,"key":"Key0"},{"time":118000,"key":"Key2"},{"time":118000,"key":"Key5"},{"time":118300,"key":"Key7"},{"time":118600,"key":"Key11"},{"time":118900,"key":"Key11"},{"time":119050,"key":"Key8"},{"time":119200,"key":"Key0"},{"time":119200,"key":"Key3"},{"time":119200,"key":"Key5"},{"time":119500,"key":"Key7"},{"time":119800,"key":"Key3"},{"time":119800,"key":"Key7"},{"time":120100,"key":"Key9"},{"time":120400,"key":"Key0"},{"time":120400,"key":"Key3"},{"time":120400,"key":"Key5"},{"time":120700,"key":"Key7"},{"time":121000,"key":"Key11"},{"time":121300,"key":"Key11"},{"time":121450,"key":"Key9"},{"time":121600,"key":"Key0"},{"time":121600,"key":"Key2"},{"time":121600,"key":"Key4"},{"time":122200,"key":"Key0"},{"time":122800,"key":"Key0"},{"time":122800,"key":"Key2"},{"time":122800,"key":"Key4"},{"time":123100,"key":"Key7"},{"time":123400,"key":"Key11"},{"time":123700,"key":"Key11"},{"time":123850,"key":"Key8"},{"time":124000,"key":"Key1"},{"time":124000,"key":"Key4"},{"time":124000,"key":"Key6"},{"time":124600,"key":"Key4"},{"time":125200,"key":"Key1"},{"time":125200,"key":"Key4"},{"time":125200,"key":"Key6"},{"time":126400,"key":"Key0"},{"time":126400,"key":"Key2"},{"time":126400,"key":"Key5"},{"time":126400,"key":"Key7"},{"time":126550,"key":"Key7"},{"time":126850,"key":"Key8"},{"time":127000,"key":"Key7"},{"time":127300,"key":"Key7"},{"time":127450,"key":"Key11"},{"time":127600,"key":"Key0"},{"time":127600,"key":"Key2"},{"time":127600,"key":"Key5"},{"time":127900,"key":"Key7"},{"time":128050,"key":"Key8"},{"time":128200,"key":"Key7"},{"time":128500,"key":"Key0"},{"time":128500,"key":"Key2"},{"time":128500,"key":"Key5"},{"time":128500,"key":"Key7"},{"time":128800,"key":"Key0"},{"time":128800,"key":"Key3"},{"time":128800,"key":"Key5"},{"time":128800,"key":"Key7"},{"time":128950,"key":"Key7"},{"time":129250,"key":"Key8"},{"time":129400,"key":"Key7"},{"time":129700,"key":"Key7"},{"time":129850,"key":"Key11"},{"time":130000,"key":"Key0"},{"time":130000,"key":"Key3"},{"time":130000,"key":"Key5"},{"time":130300,"key":"Key7"},{"time":130450,"key":"Key8"},{"time":130600,"key":"Key7"},{"time":130900,"key":"Key0"},{"time":130900,"key":"Key3"},{"time":130900,"key":"Key5"},{"time":130900,"key":"Key7"},{"time":131200,"key":"Key0"},{"time":131200,"key":"Key2"},{"time":131200,"key":"Key4"},{"time":131200,"key":"Key7"},{"time":131350,"key":"Key7"},{"time":131650,"key":"Key8"},{"time":131800,"key":"Key7"},{"time":132100,"key":"Key7"},{"time":132250,"key":"Key11"},{"time":132400,"key":"Key0"},{"time":132400,"key":"Key2"},{"time":132400,"key":"Key4"},{"time":132700,"key":"Key7"},{"time":132850,"key":"Key8"},{"time":133000,"key":"Key7"},{"time":133300,"key":"Key0"},{"time":133300,"key":"Key2"},{"time":133300,"key":"Key4"},{"time":133300,"key":"Key7"},{"time":133600,"key":"Key1"},{"time":133600,"key":"Key4"},{"time":133600,"key":"Key6"},{"time":133600,"key":"Key7"},{"time":133750,"key":"Key7"},{"time":134050,"key":"Key8"},{"time":134200,"key":"Key7"},{"time":134500,"key":"Key7"},{"time":134650,"key":"Key11"},{"time":134800,"key":"Key1"},{"time":134800,"key":"Key4"},{"time":134800,"key":"Key6"},{"time":135100,"key":"Key7"},{"time":135250,"key":"Key8"},{"time":135400,"key":"Key7"},{"time":135700,"key":"Key1"},{"time":135700,"key":"Key4"},{"time":135700,"key":"Key6"},{"time":135700,"key":"Key7"},{"time":136300,"key":"Key9"},{"time":136600,"key":"Key9"},{"time":136900,"key":"Key9"},{"time":137200,"key":"Key0"},{"time":137200,"key":"Key2"},{"time":137200,"key":"Key5"},{"time":137200,"key":"Key9"},{"time":137500,"key":"Key2"},{"time":137800,"key":"Key0"},{"time":138100,"key":"Key2"},{"time":138400,"key":"Key0"},{"time":138400,"key":"Key5"},{"time":138700,"key":"Key2"},{"time":139000,"key":"Key0"},{"time":139300,"key":"Key2"},{"time":139300,"key":"Key6"},{"time":139600,"key":"Key0"},{"time":139600,"key":"Key3"},{"time":139600,"key":"Key5"},{"time":139900,"key":"Key3"},{"time":139900,"key":"Key4"},{"time":140200,"key":"Key0"},{"time":140500,"key":"Key3"},{"time":140800,"key":"Key0"},{"time":140800,"key":"Key5"},{"time":141100,"key":"Key3"},{"time":141100,"key":"Key7"},{"time":141400,"key":"Key0"},{"time":141400,"key":"Key11"},{"time":141700,"key":"Key3"},{"time":141700,"key":"Key11"},{"time":141850,"key":"Key9"},{"time":142000,"key":"Key0"},{"time":142000,"key":"Key2"},{"time":142000,"key":"Key4"},{"time":142300,"key":"Key2"},{"time":142600,"key":"Key0"},{"time":142900,"key":"Key2"},{"time":143200,"key":"Key0"},{"time":143200,"key":"Key4"},{"time":143500,"key":"Key2"},{"time":143500,"key":"Key7"},{"time":143800,"key":"Key0"},{"time":143800,"key":"Key11"},{"time":144100,"key":"Key2"},{"time":144100,"key":"Key11"},{"time":144250,"key":"Key9"},{"time":144400,"key":"Key1"},{"time":144400,"key":"Key4"},{"time":144400,"key":"Key6"},{"time":144700,"key":"Key4"},{"time":145000,"key":"Key1"},{"time":145300,"key":"Key4"},{"time":145300,"key":"Key8"},{"time":145600,"key":"Key1"},{"time":145600,"key":"Key6"},{"time":145900,"key":"Key4"},{"time":145900,"key":"Key9"},{"time":146200,"key":"Key1"},{"time":146200,"key":"Key9"},{"time":146500,"key":"Key4"},{"time":146500,"key":"Key9"},{"time":146800,"key":"Key0"},{"time":146800,"key":"Key2"},{"time":146800,"key":"Key5"},{"time":146800,"key":"Key9"},{"time":147100,"key":"Key2"},{"time":147400,"key":"Key0"},{"time":147700,"key":"Key2"},{"time":148000,"key":"Key0"},{"time":148000,"key":"Key5"},{"time":148300,"key":"Key2"},{"time":148300,"key":"Key7"},{"time":148600,"key":"Key0"},{"time":148600,"key":"Key7"},{"time":148900,"key":"Key2"},{"time":148900,"key":"Key5"},{"time":149050,"key":"Key10"},{"time":149200,"key":"Key0"},{"time":149200,"key":"Key3"},{"time":149200,"key":"Key5"},{"time":149500,"key":"Key3"},{"time":149800,"key":"Key0"},{"time":150100,"key":"Key3"},{"time":150400,"key":"Key0"},{"time":150400,"key":"Key5"},{"time":150700,"key":"Key3"},{"time":151000,"key":"Key0"},{"time":151300,"key":"Key3"},{"time":151300,"key":"Key11"},{"time":151600,"key":"Key0"},{"time":151600,"key":"Key2"},{"time":151600,"key":"Key4"},{"time":151600,"key":"Key9"},{"time":151900,"key":"Key2"},{"time":151900,"key":"Key11"},{"time":152200,"key":"Key0"},{"time":152200,"key":"Key9"},{"time":152500,"key":"Key2"},{"time":152500,"key":"Key11"},{"time":152800,"key":"Key0"},{"time":152800,"key":"Key4"},{"time":152800,"key":"Key9"},{"time":153100,"key":"Key2"},{"time":153100,"key":"Key11"},{"time":153400,"key":"Key0"},{"time":153400,"key":"Key9"},{"time":153700,"key":"Key2"},{"time":153700,"key":"Key8"},{"time":153850,"key":"Key10"},{"time":154000,"key":"Key1"},{"time":154000,"key":"Key4"},{"time":154000,"key":"Key6"},{"time":154300,"key":"Key4"},{"time":154600,"key":"Key1"},{"time":154900,"key":"Key4"},{"time":154900,"key":"Key5"},{"time":155200,"key":"Key1"},{"time":155200,"key":"Key6"},{"time":155200,"key":"Key10"},{"time":155200,"key":"Key12"},{"time":155500,"key":"Key4"},{"time":155800,"key":"Key1"},{"time":155800,"key":"Key9"},{"time":155800,"key":"Key11"},{"time":156100,"key":"Key4"},{"time":156400,"key":"Key0"},{"time":156400,"key":"Key2"},{"time":156400,"key":"Key5"},{"time":156700,"key":"Key2"},{"time":157000,"key":"Key0"},{"time":157300,"key":"Key2"},{"time":157600,"key":"Key0"},{"time":157600,"key":"Key5"},{"time":157900,"key":"Key2"},{"time":158200,"key":"Key0"},{"time":158500,"key":"Key2"},{"time":158800,"key":"Key0"},{"time":158800,"key":"Key3"},{"time":158800,"key":"Key5"},{"time":159100,"key":"Key3"},{"time":159400,"key":"Key0"},{"time":159700,"key":"Key3"},{"time":159700,"key":"Key5"},{"time":160000,"key":"Key0"},{"time":160000,"key":"Key5"},{"time":160000,"key":"Key10"},{"time":160300,"key":"Key3"},{"time":160600,"key":"Key0"},{"time":160600,"key":"Key9"},{"time":160900,"key":"Key3"},{"time":161200,"key":"Key0"},{"time":161200,"key":"Key2"},{"time":161200,"key":"Key4"},{"time":161500,"key":"Key2"},{"time":161800,"key":"Key0"},{"time":162100,"key":"Key2"},{"time":162400,"key":"Key0"},{"time":162400,"key":"Key4"},{"time":162700,"key":"Key2"},{"time":163000,"key":"Key0"},{"time":163300,"key":"Key2"},{"time":163300,"key":"Key7"},{"time":163600,"key":"Key1"},{"time":163600,"key":"Key4"},{"time":163600,"key":"Key6"},{"time":163900,"key":"Key4"},{"time":164200,"key":"Key1"},{"time":164500,"key":"Key4"},{"time":164500,"key":"Key5"},{"time":164800,"key":"Key1"},{"time":164800,"key":"Key6"},{"time":164800,"key":"Key10"},{"time":164800,"key":"Key12"},{"time":165100,"key":"Key4"},{"time":165400,"key":"Key1"},{"time":165400,"key":"Key9"},{"time":165400,"key":"Key11"},{"time":165700,"key":"Key4"},{"time":166000,"key":"Key0"},{"time":166000,"key":"Key2"},{"time":166000,"key":"Key5"},{"time":166300,"key":"Key2"},{"time":166600,"key":"Key0"},{"time":166900,"key":"Key2"},{"time":167200,"key":"Key0"},{"time":167200,"key":"Key5"},{"time":167500,"key":"Key2"},{"time":167800,"key":"Key0"},{"time":168100,"key":"Key2"},{"time":168400,"key":"Key0"},{"time":168400,"key":"Key3"},{"time":168400,"key":"Key5"},{"time":168700,"key":"Key3"},{"time":169000,"key":"Key0"},{"time":169300,"key":"Key3"},{"time":169300,"key":"Key5"},{"time":169600,"key":"Key0"},{"time":169600,"key":"Key5"},{"time":169600,"key":"Key10"},{"time":169900,"key":"Key3"},{"time":170200,"key":"Key0"},{"time":170200,"key":"Key11"},{"time":170500,"key":"Key3"},{"time":170800,"key":"Key0"},{"time":170800,"key":"Key2"},{"time":170800,"key":"Key4"},{"time":171100,"key":"Key2"},{"time":171400,"key":"Key0"},{"time":171700,"key":"Key2"},{"time":172000,"key":"Key0"},{"time":172000,"key":"Key4"},{"time":172300,"key":"Key2"},{"time":172600,"key":"Key0"},{"time":172900,"key":"Key2"},{"time":172900,"key":"Key7"},{"time":173200,"key":"Key1"},{"time":173200,"key":"Key4"},{"time":173200,"key":"Key6"},{"time":173500,"key":"Key4"},{"time":173800,"key":"Key1"},{"time":174100,"key":"Key4"},{"time":174100,"key":"Key5"},{"time":174400,"key":"Key1"},{"time":174400,"key":"Key6"},{"time":174400,"key":"Key10"},{"time":174700,"key":"Key4"},{"time":175000,"key":"Key1"},{"time":175000,"key":"Key9"},{"time":175300,"key":"Key4"},{"time":175600,"key":"Key0"},{"time":175600,"key":"Key2"},{"time":175600,"key":"Key5"},{"time":175600,"key":"Key7"},{"time":176200,"key":"Key7"},{"time":176800,"key":"Key7"},{"time":177400,"key":"Key9"},{"time":178000,"key":"Key0"},{"time":178000,"key":"Key3"},{"time":178000,"key":"Key5"},{"time":178000,"key":"Key12"},{"time":178600,"key":"Key12"},{"time":179200,"key":"Key12"},{"time":179800,"key":"Key11"},{"time":180400,"key":"Key0"},{"time":180400,"key":"Key2"},{"time":180400,"key":"Key4"},{"time":180400,"key":"Key9"},{"time":181000,"key":"Key9"},{"time":181600,"key":"Key9"},{"time":182200,"key":"Key9"},{"time":182800,"key":"Key1"},{"time":182800,"key":"Key4"},{"time":182800,"key":"Key6"}],"fromLibrary":true}]