[{"name":"Amazing Grace","bpm":240,"bitsPerPage":16,"pitchLevel":0,"songNotes":[{"time":691,"key":"1Key4"},{"time":1412,"key":"1Key2"},{"time":1444,"key":"1Key7"},{"time":1447,"key":"1Key0"},{"time":2759,"key":"1Key9"},{"time":3191,"key":"1Key8"},{"time":3524,"key":"1Key7"},{"time":4170,"key":"1Key1"},{"time":4181,"key":"1Key4"},{"time":4186,"key":"1Key9"},{"time":5682,"key":"1Key8"},{"time":6383,"key":"1Key0"},{"time":6389,"key":"1Key7"},{"time":6411,"key":"1Key3"},{"time":7573,"key":"1Key8"},{"time":7932,"key":"1Key7"},{"time":8438,"key":"1Key5"},{"time":8655,"key":"1Key4"},{"time":8678,"key":"1Key0"},{"time":10215,"key":"1Key4"},{"time":10971,"key":"1Key7"},{"time":10979,"key":"1Key2"},{"time":10984,"key":"1Key0"},{"time":12428,"key":"1Key9"},{"time":12800,"key":"1Key8"},{"time":13104,"key":"1Key7"},{"time":13396,"key":"1Key2"},{"time":13413,"key":"1Key4"},{"time":13417,"key":"1Key9"},{"time":14960,"key":"1Key10"},{"time":15402,"key":"1Key11"},{"time":16049,"key":"1Key11"},{"time":16058,"key":"1Key8"},{"time":16068,"key":"1Key4"},{"time":17561,"key":"1Key10"},{"time":18254,"key":"1Key9"},{"time":19083,"key":"1Key8"},{"time":19088,"key":"1Key4"},{"time":19094,"key":"1Key1"},{"time":20657,"key":"1Key9"},{"time":21946,"key":"1Key4"},{"time":21953,"key":"1Key11"},{"time":21958,"key":"1Key0"},{"time":23144,"key":"1Key12"},{"time":23501,"key":"1Key11"},{"time":24251,"key":"1Key9"},{"time":24603,"key":"1Key4"},{"time":24630,"key":"1Key11"},{"time":24647,"key":"1Key0"},{"time":25278,"key":"1Key11"},{"time":26384,"key":"1Key9"},{"time":27120,"key":"1Key8"},{"time":28359,"key":"1Key0"},{"time":28377,"key":"1Key7"},{"time":28385,"key":"1Key3"},{"time":29541,"key":"1Key8"},{"time":29854,"key":"1Key7"},{"time":30387,"key":"1Key5"},{"time":30637,"key":"1Key0"},{"time":30675,"key":"1Key4"},{"time":32220,"key":"1Key4"},{"time":32910,"key":"1Key0"},{"time":32918,"key":"1Key7"},{"time":32927,"key":"1Key2"},{"time":34222,"key":"1Key9"},{"time":34664,"key":"1Key8"},{"time":34963,"key":"1Key7"},{"time":35729,"key":"1Key9"},{"time":35744,"key":"1Key4"},{"time":35748,"key":"1Key2"},{"time":37405,"key":"1Key8"},{"time":38157,"key":"1Key7"},{"time":38162,"key":"1Key3"},{"time":38166,"key":"1Key0"},{"time":39724,"key":"1Key2"},{"time":40155,"key":"1Key1"},{"time":42983,"key":"1Key0"},{"time":43005,"key":"1Key4"},{"time":43111,"key":"1Key14"}]}]