[{"name":"Astronomia (Coffin dance) VERY hard","bpm":220,"bitsPerPage":16,"pitchLevel":0,"isComposed":true,"songNotes":[{"time":400,"key":"1Key0"},{"time":400,"key":"1Key7"},{"time":672,"key":"1Key0"},{"time":672,"key":"1Key7"},{"time":808,"key":"1Key0"},{"time":808,"key":"1Key7"},{"time":1080,"key":"1Key0"},{"time":1080,"key":"1Key7"},{"time":1216,"key":"1Key0"},{"time":1216,"key":"1Key7"},{"time":1352,"key":"1Key0"},{"time":1352,"key":"1Key7"},{"time":1488,"key":"1Key2"},{"time":1488,"key":"1Key9"},{"time":1760,"key":"1Key2"},{"time":1760,"key":"1Key9"},{"time":1896,"key":"1Key2"},{"time":1896,"key":"1Key9"},{"time":2168,"key":"1Key2"},{"time":2168,"key":"1Key9"},{"time":2304,"key":"1Key2"},{"time":2304,"key":"1Key9"},{"time":2440,"key":"1Key2"},{"time":2440,"key":"1Key9"},{"time":2576,"key":"1Key1"},{"time":2576,"key":"1Key6"},{"time":2576,"key":"1Key8"},{"time":2848,"key":"1Key1"},{"time":2848,"key":"1Key6"},{"time":2848,"key":"1Key8"},{"time":2984,"key":"1Key1"},{"time":2984,"key":"1Key6"},{"time":2984,"key":"1Key8"},{"time":3256,"key":"1Key1"},{"time":3256,"key":"1Key6"},{"time":3256,"key":"1Key8"},{"time":3392,"key":"1Key1"},{"time":3392,"key":"1Key6"},{"time":3392,"key":"1Key8"},{"time":3528,"key":"1Key1"},{"time":3528,"key":"1Key6"},{"time":3528,"key":"1Key8"},{"time":3664,"key":"1Key6"},{"time":3664,"key":"1Key8"},{"time":3664,"key":"1Key11"},{"time":3936,"key":"1Key6"},{"time":3936,"key":"1Key8"},{"time":3936,"key":"1Key11"},{"time":4072,"key":"1Key6"},{"time":4072,"key":"1Key8"},{"time":4072,"key":"1Key11"},{"time":4344,"key":"1Key6"},{"time":4344,"key":"1Key8"},{"time":4344,"key":"1Key11"},{"time":4480,"key":"1Key6"},{"time":4480,"key":"1Key8"},{"time":4480,"key":"1Key11"},{"time":4616,"key":"1Key6"},{"time":4616,"key":"1Key8"},{"time":4616,"key":"1Key11"},{"time":4752,"key":"1Key5"},{"time":4752,"key":"1Key7"},{"time":4752,"key":"1Key9"},{"time":4752,"key":"1Key12"},{"time":5024,"key":"1Key5"},{"time":5024,"key":"1Key7"},{"time":5024,"key":"1Key9"},{"time":5024,"key":"1Key12"},{"time":5160,"key":"1Key5"},{"time":5160,"key":"1Key7"},{"time":5160,"key":"1Key9"},{"time":5160,"key":"1Key12"},{"time":5432,"key":"1Key5"},{"time":5432,"key":"1Key7"},{"time":5432,"key":"1Key9"},{"time":5432,"key":"1Key12"},{"time":5568,"key":"1Key5"},{"time":5568,"key":"1Key7"},{"time":5568,"key":"1Key9"},{"time":5568,"key":"1Key12"},{"time":5704,"key":"1Key5"},{"time":5704,"key":"1Key7"},{"time":5704,"key":"1Key9"},{"time":5704,"key":"1Key12"},{"time":5840,"key":"1Key5"},{"time":5840,"key":"1Key7"},{"time":5840,"key":"1Key9"},{"time":5840,"key":"1Key12"},{"time":6112,"key":"1Key5"},{"time":6112,"key":"1Key7"},{"time":6112,"key":"1Key9"},{"time":6112,"key":"1Key12"},{"time":6248,"key":"1Key5"},{"time":6248,"key":"1Key7"},{"time":6248,"key":"1Key9"},{"time":6248,"key":"1Key12"},{"time":6520,"key":"1Key5"},{"time":6520,"key":"1Key7"},{"time":6520,"key":"1Key9"},{"time":6520,"key":"1Key12"},{"time":6656,"key":"1Key5"},{"time":6656,"key":"1Key7"},{"time":6656,"key":"1Key9"},{"time":6656,"key":"1Key12"},{"time":6792,"key":"1Key5"},{"time":6792,"key":"1Key7"},{"time":6792,"key":"1Key9"},{"time":6792,"key":"1Key12"},{"time":6928,"key":"1Key5"},{"time":6928,"key":"1Key7"},{"time":6928,"key":"1Key9"},{"time":6928,"key":"1Key12"},{"time":8016,"key":"1Key4"},{"time":8016,"key":"1Key9"},{"time":8288,"key":"1Key3"},{"time":8288,"key":"1Key8"},{"time":8560,"key":"1Key2"},{"time":8560,"key":"1Key7"},{"time":8832,"key":"1Key2"},{"time":8832,"key":"1Key4"},{"time":9104,"key":"1Key0"},{"time":9104,"key":"1Key5"},{"time":9104,"key":"1Key12"},{"time":9240,"key":"1Key3"},{"time":9512,"key":"1Key0"},{"time":9512,"key":"1Key5"},{"time":9512,"key":"1Key12"},{"time":9648,"key":"1Key3"},{"time":9920,"key":"1Key9"},{"time":10158,"key":"1Key3"},{"time":10158,"key":"1Key8"},{"time":10668,"key":"1Key3"},{"time":10668,"key":"1Key7"},{"time":11178,"key":"1Key1"},{"time":11178,"key":"1Key6"},{"time":11178,"key":"1Key11"},{"time":11314,"key":"1Key4"},{"time":11586,"key":"1Key1"},{"time":11586,"key":"1Key6"},{"time":11586,"key":"1Key11"},{"time":11722,"key":"1Key4"},{"time":11994,"key":"1Key1"},{"time":11994,"key":"1Key6"},{"time":11994,"key":"1Key11"},{"time":12130,"key":"1Key4"},{"time":12300,"key":"1Key1"},{"time":12300,"key":"1Key8"},{"time":12300,"key":"1Key11"},{"time":12436,"key":"1Key4"},{"time":12708,"key":"1Key1"},{"time":12708,"key":"1Key7"},{"time":12708,"key":"1Key11"},{"time":12844,"key":"1Key4"},{"time":13116,"key":"1Key1"},{"time":13116,"key":"1Key6"},{"time":13116,"key":"1Key11"},{"time":13252,"key":"1Key4"},{"time":13422,"key":"1Key5"},{"time":13422,"key":"1Key12"},{"time":13558,"key":"1Key2"},{"time":13558,"key":"1Key9"},{"time":13796,"key":"1Key5"},{"time":13796,"key":"1Key12"},{"time":13932,"key":"1Key2"},{"time":13932,"key":"1Key9"},{"time":14204,"key":"1Key2"},{"time":14204,"key":"1Key14"},{"time":14442,"key":"1Key2"},{"time":14442,"key":"1Key13"},{"time":14680,"key":"1Key2"},{"time":14680,"key":"1Key14"},{"time":14918,"key":"1Key2"},{"time":14918,"key":"1Key13"},{"time":15156,"key":"1Key2"},{"time":15156,"key":"1Key14"},{"time":15428,"key":"1Key5"},{"time":15428,"key":"1Key12"},{"time":15564,"key":"1Key2"},{"time":15564,"key":"1Key9"},{"time":15802,"key":"1Key5"},{"time":15802,"key":"1Key12"},{"time":15938,"key":"1Key2"},{"time":15938,"key":"1Key9"},{"time":16210,"key":"1Key2"},{"time":16210,"key":"1Key14"},{"time":16448,"key":"1Key2"},{"time":16448,"key":"1Key13"},{"time":16686,"key":"1Key2"},{"time":16686,"key":"1Key14"},{"time":16924,"key":"1Key2"},{"time":16924,"key":"1Key13"},{"time":17162,"key":"1Key2"},{"time":17162,"key":"1Key14"},{"time":17434,"key":"1Key0"},{"time":17434,"key":"1Key5"},{"time":17434,"key":"1Key12"},{"time":17570,"key":"1Key3"},{"time":17842,"key":"1Key0"},{"time":17842,"key":"1Key5"},{"time":17842,"key":"1Key12"},{"time":17978,"key":"1Key3"},{"time":18250,"key":"1Key9"},{"time":18488,"key":"1Key3"},{"time":18488,"key":"1Key8"},{"time":18998,"key":"1Key3"},{"time":18998,"key":"1Key7"},{"time":19508,"key":"1Key1"},{"time":19508,"key":"1Key6"},{"time":19508,"key":"1Key11"},{"time":19644,"key":"1Key4"},{"time":19916,"key":"1Key1"},{"time":19916,"key":"1Key6"},{"time":19916,"key":"1Key11"},{"time":20052,"key":"1Key4"},{"time":20324,"key":"1Key1"},{"time":20324,"key":"1Key6"},{"time":20324,"key":"1Key11"},{"time":20460,"key":"1Key4"},{"time":20630,"key":"1Key1"},{"time":20630,"key":"1Key8"},{"time":20630,"key":"1Key11"},{"time":20766,"key":"1Key4"},{"time":21038,"key":"1Key1"},{"time":21038,"key":"1Key7"},{"time":21038,"key":"1Key11"},{"time":21174,"key":"1Key4"},{"time":21446,"key":"1Key1"},{"time":21446,"key":"1Key6"},{"time":21446,"key":"1Key11"},{"time":21582,"key":"1Key4"},{"time":21752,"key":"1Key5"},{"time":21752,"key":"1Key12"},{"time":21888,"key":"1Key2"},{"time":21888,"key":"1Key9"},{"time":22126,"key":"1Key5"},{"time":22126,"key":"1Key12"},{"time":22262,"key":"1Key2"},{"time":22262,"key":"1Key9"},{"time":22534,"key":"1Key2"},{"time":22534,"key":"1Key14"},{"time":22772,"key":"1Key2"},{"time":22772,"key":"1Key13"},{"time":23010,"key":"1Key2"},{"time":23010,"key":"1Key14"},{"time":23248,"key":"1Key2"},{"time":23248,"key":"1Key13"},{"time":23486,"key":"1Key2"},{"time":23486,"key":"1Key14"},{"time":23758,"key":"1Key5"},{"time":23758,"key":"1Key12"},{"time":23894,"key":"1Key2"},{"time":23894,"key":"1Key9"},{"time":24132,"key":"1Key5"},{"time":24132,"key":"1Key12"},{"time":24268,"key":"1Key2"},{"time":24268,"key":"1Key9"},{"time":24540,"key":"1Key2"},{"time":24540,"key":"1Key14"},{"time":24778,"key":"1Key2"},{"time":24778,"key":"1Key13"},{"time":25016,"key":"1Key2"},{"time":25016,"key":"1Key14"},{"time":25254,"key":"1Key2"},{"time":25254,"key":"1Key13"},{"time":25492,"key":"1Key2"},{"time":25492,"key":"1Key14"},{"time":25764,"key":"1Key0"},{"time":25764,"key":"1Key7"},{"time":26036,"key":"1Key0"},{"time":26036,"key":"1Key7"},{"time":26172,"key":"1Key0"},{"time":26172,"key":"1Key7"},{"time":26444,"key":"1Key0"},{"time":26444,"key":"1Key7"},{"time":26580,"key":"1Key0"},{"time":26580,"key":"1Key7"},{"time":26716,"key":"1Key0"},{"time":26716,"key":"1Key7"},{"time":26852,"key":"1Key2"},{"time":26852,"key":"1Key9"},{"time":27124,"key":"1Key2"},{"time":27124,"key":"1Key9"},{"time":27260,"key":"1Key2"},{"time":27260,"key":"1Key9"},{"time":27532,"key":"1Key2"},{"time":27532,"key":"1Key9"},{"time":27668,"key":"1Key2"},{"time":27668,"key":"1Key9"},{"time":27804,"key":"1Key2"},{"time":27804,"key":"1Key9"},{"time":27940,"key":"1Key1"},{"time":27940,"key":"1Key6"},{"time":27940,"key":"1Key8"},{"time":28212,"key":"1Key1"},{"time":28212,"key":"1Key6"},{"time":28212,"key":"1Key8"},{"time":28348,"key":"1Key1"},{"time":28348,"key":"1Key6"},{"time":28348,"key":"1Key8"},{"time":28620,"key":"1Key1"},{"time":28620,"key":"1Key6"},{"time":28620,"key":"1Key8"},{"time":28756,"key":"1Key1"},{"time":28756,"key":"1Key6"},{"time":28756,"key":"1Key8"},{"time":28892,"key":"1Key1"},{"time":28892,"key":"1Key6"},{"time":28892,"key":"1Key8"},{"time":29028,"key":"1Key6"},{"time":29028,"key":"1Key8"},{"time":29028,"key":"1Key11"},{"time":29300,"key":"1Key6"},{"time":29300,"key":"1Key8"},{"time":29300,"key":"1Key11"},{"time":29436,"key":"1Key6"},{"time":29436,"key":"1Key8"},{"time":29436,"key":"1Key11"},{"time":29708,"key":"1Key6"},{"time":29708,"key":"1Key8"},{"time":29708,"key":"1Key11"},{"time":29844,"key":"1Key6"},{"time":29844,"key":"1Key8"},{"time":29844,"key":"1Key11"},{"time":29980,"key":"1Key6"},{"time":29980,"key":"1Key8"},{"time":29980,"key":"1Key11"},{"time":30116,"key":"1Key5"},{"time":30116,"key":"1Key7"},{"time":30116,"key":"1Key9"},{"time":30116,"key":"1Key12"},{"time":30388,"key":"1Key5"},{"time":30388,"key":"1Key7"},{"time":30388,"key":"1Key9"},{"time":30388,"key":"1Key12"},{"time":30524,"key":"1Key5"},{"time":30524,"key":"1Key7"},{"time":30524,"key":"1Key9"},{"time":30524,"key":"1Key12"},{"time":30796,"key":"1Key5"},{"time":30796,"key":"1Key7"},{"time":30796,"key":"1Key9"},{"time":30796,"key":"1Key12"},{"time":30932,"key":"1Key5"},{"time":30932,"key":"1Key7"},{"time":30932,"key":"1Key9"},{"time":30932,"key":"1Key12"},{"time":31068,"key":"1Key5"},{"time":31068,"key":"1Key7"},{"time":31068,"key":"1Key9"},{"time":31068,"key":"1Key12"},{"time":31204,"key":"1Key5"},{"time":31204,"key":"1Key7"},{"time":31204,"key":"1Key9"},{"time":31204,"key":"1Key12"},{"time":31476,"key":"1Key5"},{"time":31476,"key":"1Key7"},{"time":31476,"key":"1Key9"},{"time":31476,"key":"1Key12"},{"time":31612,"key":"1Key5"},{"time":31612,"key":"1Key7"},{"time":31612,"key":"1Key9"},{"time":31612,"key":"1Key12"},{"time":31884,"key":"1Key5"},{"time":31884,"key":"1Key7"},{"time":31884,"key":"1Key9"},{"time":31884,"key":"1Key12"},{"time":32020,"key":"1Key5"},{"time":32020,"key":"1Key7"},{"time":32020,"key":"1Key9"},{"time":32020,"key":"1Key12"},{"time":32156,"key":"1Key5"},{"time":32156,"key":"1Key7"},{"time":32156,"key":"1Key9"},{"time":32156,"key":"1Key12"},{"time":32292,"key":"1Key5"},{"time":32292,"key":"1Key7"},{"time":32292,"key":"1Key9"},{"time":32292,"key":"1Key12"},{"time":33380,"key":"1Key4"},{"time":33380,"key":"1Key9"},{"time":33652,"key":"1Key3"},{"time":33652,"key":"1Key8"},{"time":33924,"key":"1Key2"},{"time":33924,"key":"1Key7"},{"time":34196,"key":"1Key1"},{"time":34196,"key":"1Key6"},{"time":34468,"key":"1Key0"},{"time":34468,"key":"1Key5"},{"time":34468,"key":"1Key12"},{"time":34604,"key":"1Key3"},{"time":34876,"key":"1Key0"},{"time":34876,"key":"1Key5"},{"time":34876,"key":"1Key12"},{"time":35012,"key":"1Key3"},{"time":35284,"key":"1Key9"},{"time":35522,"key":"1Key3"},{"time":35522,"key":"1Key8"},{"time":36032,"key":"1Key3"},{"time":36032,"key":"1Key7"},{"time":36542,"key":"1Key1"},{"time":36542,"key":"1Key6"},{"time":36542,"key":"1Key11"},{"time":36678,"key":"1Key4"},{"time":36950,"key":"1Key1"},{"time":36950,"key":"1Key6"},{"time":36950,"key":"1Key11"},{"time":37086,"key":"1Key4"},{"time":37358,"key":"1Key1"},{"time":37358,"key":"1Key6"},{"time":37358,"key":"1Key11"},{"time":37494,"key":"1Key4"},{"time":37664,"key":"1Key1"},{"time":37664,"key":"1Key8"},{"time":37664,"key":"1Key11"},{"time":37800,"key":"1Key4"},{"time":38072,"key":"1Key1"},{"time":38072,"key":"1Key7"},{"time":38072,"key":"1Key11"},{"time":38208,"key":"1Key4"},{"time":38480,"key":"1Key1"},{"time":38480,"key":"1Key6"},{"time":38480,"key":"1Key11"},{"time":38616,"key":"1Key4"},{"time":38786,"key":"1Key5"},{"time":38786,"key":"1Key12"},{"time":38922,"key":"1Key2"},{"time":38922,"key":"1Key9"},{"time":39160,"key":"1Key5"},{"time":39160,"key":"1Key12"},{"time":39296,"key":"1Key2"},{"time":39296,"key":"1Key9"},{"time":39568,"key":"1Key2"},{"time":39568,"key":"1Key14"},{"time":39806,"key":"1Key2"},{"time":39806,"key":"1Key13"},{"time":40044,"key":"1Key2"},{"time":40044,"key":"1Key14"},{"time":40282,"key":"1Key2"},{"time":40282,"key":"1Key13"},{"time":40520,"key":"1Key2"},{"time":40520,"key":"1Key14"},{"time":40792,"key":"1Key5"},{"time":40792,"key":"1Key12"},{"time":40928,"key":"1Key2"},{"time":40928,"key":"1Key9"},{"time":41166,"key":"1Key5"},{"time":41166,"key":"1Key12"},{"time":41302,"key":"1Key2"},{"time":41302,"key":"1Key9"},{"time":41574,"key":"1Key2"},{"time":41574,"key":"1Key14"},{"time":41812,"key":"1Key2"},{"time":41812,"key":"1Key13"},{"time":42050,"key":"1Key2"},{"time":42050,"key":"1Key14"},{"time":42288,"key":"1Key2"},{"time":42288,"key":"1Key13"},{"time":42526,"key":"1Key2"},{"time":42526,"key":"1Key14"},{"time":42798,"key":"1Key0"},{"time":42798,"key":"1Key5"},{"time":42798,"key":"1Key12"},{"time":42934,"key":"1Key3"},{"time":43206,"key":"1Key0"},{"time":43206,"key":"1Key5"},{"time":43206,"key":"1Key12"},{"time":43342,"key":"1Key3"},{"time":43614,"key":"1Key9"},{"time":43852,"key":"1Key3"},{"time":43852,"key":"1Key8"},{"time":44362,"key":"1Key3"},{"time":44362,"key":"1Key7"},{"time":44872,"key":"1Key1"},{"time":44872,"key":"1Key6"},{"time":44872,"key":"1Key11"},{"time":45008,"key":"1Key4"},{"time":45280,"key":"1Key1"},{"time":45280,"key":"1Key6"},{"time":45280,"key":"1Key11"},{"time":45416,"key":"1Key4"},{"time":45688,"key":"1Key1"},{"time":45688,"key":"1Key6"},{"time":45688,"key":"1Key11"},{"time":45824,"key":"1Key4"},{"time":45994,"key":"1Key1"},{"time":45994,"key":"1Key8"},{"time":45994,"key":"1Key11"},{"time":46130,"key":"1Key4"},{"time":46402,"key":"1Key1"},{"time":46402,"key":"1Key7"},{"time":46402,"key":"1Key11"},{"time":46538,"key":"1Key4"},{"time":46810,"key":"1Key1"},{"time":46810,"key":"1Key6"},{"time":46810,"key":"1Key11"},{"time":46946,"key":"1Key4"},{"time":47116,"key":"1Key5"},{"time":47116,"key":"1Key12"},{"time":47252,"key":"1Key2"},{"time":47252,"key":"1Key9"},{"time":47490,"key":"1Key5"},{"time":47490,"key":"1Key12"},{"time":47626,"key":"1Key2"},{"time":47626,"key":"1Key9"},{"time":47898,"key":"1Key2"},{"time":47898,"key":"1Key14"},{"time":48136,"key":"1Key2"},{"time":48136,"key":"1Key13"},{"time":48374,"key":"1Key2"},{"time":48374,"key":"1Key14"},{"time":48612,"key":"1Key2"},{"time":48612,"key":"1Key13"},{"time":48850,"key":"1Key2"},{"time":48850,"key":"1Key14"},{"time":49122,"key":"1Key5"},{"time":49122,"key":"1Key12"},{"time":49258,"key":"1Key2"},{"time":49258,"key":"1Key9"},{"time":49496,"key":"1Key5"},{"time":49496,"key":"1Key12"},{"time":49632,"key":"1Key2"},{"time":49632,"key":"1Key9"},{"time":49904,"key":"1Key2"},{"time":49904,"key":"1Key14"},{"time":50142,"key":"1Key2"},{"time":50142,"key":"1Key13"},{"time":50380,"key":"1Key2"},{"time":50380,"key":"1Key14"},{"time":50618,"key":"1Key2"},{"time":50618,"key":"1Key13"},{"time":50856,"key":"1Key2"},{"time":50856,"key":"1Key14"}]}]