[
    {
      "name": "AURORA - Cure For Me (by 햇비 Solar)",
      "author": "AURORA",
      "bpm": 425,
      "pitchLevel": 9,
      "songNotes": [
        {
          "time": 0,
          "key": "1Key2"
        },
        {
          "time": 0,
          "key": "1Key5"
        },
        {
          "time": 423,
          "key": "1Key8"
        },
        {
          "time": 705,
          "key": "1Key9"
        },
        {
          "time": 846,
          "key": "1Key8"
        },
        {
          "time": 987,
          "key": "1Key7"
        },
        {
          "time": 1128,
          "key": "1Key5"
        },
        {
          "time": 1551,
          "key": "1Key12"
        },
        {
          "time": 2256,
          "key": "1Key2"
        },
        {
          "time": 2256,
          "key": "1Key5"
        },
        {
          "time": 2679,
          "key": "1Key8"
        },
        {
          "time": 2961,
          "key": "1Key9"
        },
        {
          "time": 3102,
          "key": "1Key8"
        },
        {
          "time": 3243,
          "key": "1Key7"
        },
        {
          "time": 3384,
          "key": "1Key5"
        },
        {
          "time": 3807,
          "key": "1Key11"
        },
        {
          "time": 4512,
          "key": "1Key2"
        },
        {
          "time": 4512,
          "key": "1Key4"
        },
        {
          "time": 4935,
          "key": "1Key8"
        },
        {
          "time": 5217,
          "key": "1Key9"
        },
        {
          "time": 5358,
          "key": "1Key8"
        },
        {
          "time": 5499,
          "key": "1Key7"
        },
        {
          "time": 5640,
          "key": "1Key4"
        },
        {
          "time": 6204,
          "key": "1Key11"
        },
        {
          "time": 6768,
          "key": "1Key2"
        },
        {
          "time": 6768,
          "key": "1Key4"
        },
        {
          "time": 6768,
          "key": "1Key9"
        },
        {
          "time": 7896,
          "key": "1Key2"
        },
        {
          "time": 7896,
          "key": "1Key4"
        },
        {
          "time": 8319,
          "key": "1Key2"
        },
        {
          "time": 8319,
          "key": "1Key4"
        },
        {
          "time": 8742,
          "key": "1Key2"
        },
        {
          "time": 8742,
          "key": "1Key4"
        },
        {
          "time": 8742,
          "key": "1Key11"
        },
        {
          "time": 9024,
          "key": "1Key2"
        },
        {
          "time": 9024,
          "key": "1Key5"
        },
        {
          "time": 9024,
          "key": "1Key12"
        },
        {
          "time": 9447,
          "key": "1Key9"
        },
        {
          "time": 9870,
          "key": "1Key11"
        },
        {
          "time": 10152,
          "key": "1Key12"
        },
        {
          "time": 10575,
          "key": "1Key9"
        },
        {
          "time": 10998,
          "key": "1Key11"
        },
        {
          "time": 11280,
          "key": "1Key2"
        },
        {
          "time": 11280,
          "key": "1Key5"
        },
        {
          "time": 11280,
          "key": "1Key12"
        },
        {
          "time": 11703,
          "key": "1Key9"
        },
        {
          "time": 12126,
          "key": "1Key11"
        },
        {
          "time": 12408,
          "key": "1Key12"
        },
        {
          "time": 12549,
          "key": "1Key11"
        },
        {
          "time": 12690,
          "key": "1Key9"
        },
        {
          "time": 13254,
          "key": "1Key9"
        },
        {
          "time": 13536,
          "key": "1Key0"
        },
        {
          "time": 13536,
          "key": "1Key2"
        },
        {
          "time": 13536,
          "key": "1Key9"
        },
        {
          "time": 13959,
          "key": "1Key7"
        },
        {
          "time": 14382,
          "key": "1Key8"
        },
        {
          "time": 14664,
          "key": "1Key9"
        },
        {
          "time": 15087,
          "key": "1Key7"
        },
        {
          "time": 15510,
          "key": "1Key8"
        },
        {
          "time": 15792,
          "key": "1Key0"
        },
        {
          "time": 15792,
          "key": "1Key2"
        },
        {
          "time": 16074,
          "key": "1Key9"
        },
        {
          "time": 17202,
          "key": "1Key2"
        },
        {
          "time": 17202,
          "key": "1Key6"
        },
        {
          "time": 17625,
          "key": "1Key2"
        },
        {
          "time": 17625,
          "key": "1Key6"
        },
        {
          "time": 18048,
          "key": "1Key2"
        },
        {
          "time": 18048,
          "key": "1Key5"
        },
        {
          "time": 18048,
          "key": "1Key12"
        },
        {
          "time": 18471,
          "key": "1Key9"
        },
        {
          "time": 18894,
          "key": "1Key11"
        },
        {
          "time": 19176,
          "key": "1Key12"
        },
        {
          "time": 19599,
          "key": "1Key9"
        },
        {
          "time": 20022,
          "key": "1Key11"
        },
        {
          "time": 20304,
          "key": "1Key2"
        },
        {
          "time": 20304,
          "key": "1Key5"
        },
        {
          "time": 20304,
          "key": "1Key12"
        },
        {
          "time": 20727,
          "key": "1Key9"
        },
        {
          "time": 21150,
          "key": "1Key11"
        },
        {
          "time": 21432,
          "key": "1Key12"
        },
        {
          "time": 21573,
          "key": "1Key11"
        },
        {
          "time": 21714,
          "key": "1Key9"
        },
        {
          "time": 22278,
          "key": "1Key9"
        },
        {
          "time": 22560,
          "key": "1Key0"
        },
        {
          "time": 22560,
          "key": "1Key2"
        },
        {
          "time": 22560,
          "key": "1Key11"
        },
        {
          "time": 23406,
          "key": "1Key9"
        },
        {
          "time": 23688,
          "key": "1Key11"
        },
        {
          "time": 24252,
          "key": "1Key9"
        },
        {
          "time": 24534,
          "key": "1Key9"
        },
        {
          "time": 24816,
          "key": "1Key0"
        },
        {
          "time": 24816,
          "key": "1Key2"
        },
        {
          "time": 25098,
          "key": "1Key9"
        },
        {
          "time": 26508,
          "key": "1Key0"
        },
        {
          "time": 26508,
          "key": "1Key2"
        },
        {
          "time": 27072,
          "key": "1Key0"
        },
        {
          "time": 27072,
          "key": "1Key3"
        },
        {
          "time": 27072,
          "key": "1Key12"
        },
        {
          "time": 27636,
          "key": "1Key0"
        },
        {
          "time": 27636,
          "key": "1Key3"
        },
        {
          "time": 27636,
          "key": "1Key12"
        },
        {
          "time": 28200,
          "key": "1Key0"
        },
        {
          "time": 28200,
          "key": "1Key3"
        },
        {
          "time": 28200,
          "key": "1Key12"
        },
        {
          "time": 28623,
          "key": "1Key0"
        },
        {
          "time": 28623,
          "key": "1Key3"
        },
        {
          "time": 28905,
          "key": "1Key0"
        },
        {
          "time": 28905,
          "key": "1Key3"
        },
        {
          "time": 29328,
          "key": "1Key1"
        },
        {
          "time": 29328,
          "key": "1Key4"
        },
        {
          "time": 29892,
          "key": "1Key1"
        },
        {
          "time": 29892,
          "key": "1Key4"
        },
        {
          "time": 29892,
          "key": "1Key12"
        },
        {
          "time": 30174,
          "key": "1Key12"
        },
        {
          "time": 30456,
          "key": "1Key1"
        },
        {
          "time": 30456,
          "key": "1Key4"
        },
        {
          "time": 30456,
          "key": "1Key14"
        },
        {
          "time": 30738,
          "key": "1Key14"
        },
        {
          "time": 30879,
          "key": "1Key1"
        },
        {
          "time": 30879,
          "key": "1Key4"
        },
        {
          "time": 30879,
          "key": "1Key14"
        },
        {
          "time": 31161,
          "key": "1Key1"
        },
        {
          "time": 31161,
          "key": "1Key4"
        },
        {
          "time": 31584,
          "key": "1Key2"
        },
        {
          "time": 31584,
          "key": "1Key5"
        },
        {
          "time": 31584,
          "key": "1Key12"
        },
        {
          "time": 32148,
          "key": "1Key2"
        },
        {
          "time": 32148,
          "key": "1Key5"
        },
        {
          "time": 32148,
          "key": "1Key12"
        },
        {
          "time": 32712,
          "key": "1Key2"
        },
        {
          "time": 32712,
          "key": "1Key5"
        },
        {
          "time": 32712,
          "key": "1Key12"
        },
        {
          "time": 33135,
          "key": "1Key2"
        },
        {
          "time": 33135,
          "key": "1Key5"
        },
        {
          "time": 33417,
          "key": "1Key2"
        },
        {
          "time": 33417,
          "key": "1Key5"
        },
        {
          "time": 33840,
          "key": "1Key2"
        },
        {
          "time": 33840,
          "key": "1Key4"
        },
        {
          "time": 34404,
          "key": "1Key2"
        },
        {
          "time": 34404,
          "key": "1Key4"
        },
        {
          "time": 34404,
          "key": "1Key12"
        },
        {
          "time": 34686,
          "key": "1Key12"
        },
        {
          "time": 34968,
          "key": "1Key2"
        },
        {
          "time": 34968,
          "key": "1Key4"
        },
        {
          "time": 34968,
          "key": "1Key14"
        },
        {
          "time": 35250,
          "key": "1Key14"
        },
        {
          "time": 35391,
          "key": "1Key2"
        },
        {
          "time": 35391,
          "key": "1Key4"
        },
        {
          "time": 35391,
          "key": "1Key14"
        },
        {
          "time": 35673,
          "key": "1Key2"
        },
        {
          "time": 35673,
          "key": "1Key4"
        },
        {
          "time": 36096,
          "key": "1Key0"
        },
        {
          "time": 36096,
          "key": "1Key3"
        },
        {
          "time": 36096,
          "key": "1Key11"
        },
        {
          "time": 36660,
          "key": "1Key0"
        },
        {
          "time": 36660,
          "key": "1Key3"
        },
        {
          "time": 36942,
          "key": "1Key7"
        },
        {
          "time": 37224,
          "key": "1Key0"
        },
        {
          "time": 37224,
          "key": "1Key3"
        },
        {
          "time": 37506,
          "key": "1Key8"
        },
        {
          "time": 37647,
          "key": "1Key0"
        },
        {
          "time": 37647,
          "key": "1Key3"
        },
        {
          "time": 37929,
          "key": "1Key0"
        },
        {
          "time": 37929,
          "key": "1Key3"
        },
        {
          "time": 38070,
          "key": "1Key12"
        },
        {
          "time": 38352,
          "key": "1Key1"
        },
        {
          "time": 38352,
          "key": "1Key4"
        },
        {
          "time": 38352,
          "key": "1Key11"
        },
        {
          "time": 38634,
          "key": "1Key8"
        },
        {
          "time": 38916,
          "key": "1Key1"
        },
        {
          "time": 38916,
          "key": "1Key4"
        },
        {
          "time": 38916,
          "key": "1Key9"
        },
        {
          "time": 39198,
          "key": "1Key13"
        },
        {
          "time": 39480,
          "key": "1Key1"
        },
        {
          "time": 39480,
          "key": "1Key4"
        },
        {
          "time": 39480,
          "key": "1Key12"
        },
        {
          "time": 39903,
          "key": "1Key1"
        },
        {
          "time": 39903,
          "key": "1Key4"
        },
        {
          "time": 40185,
          "key": "1Key1"
        },
        {
          "time": 40185,
          "key": "1Key4"
        },
        {
          "time": 40608,
          "key": "1Key2"
        },
        {
          "time": 40608,
          "key": "1Key5"
        },
        {
          "time": 40608,
          "key": "1Key12"
        },
        {
          "time": 41172,
          "key": "1Key2"
        },
        {
          "time": 41172,
          "key": "1Key5"
        },
        {
          "time": 41172,
          "key": "1Key12"
        },
        {
          "time": 41736,
          "key": "1Key2"
        },
        {
          "time": 41736,
          "key": "1Key5"
        },
        {
          "time": 41736,
          "key": "1Key12"
        },
        {
          "time": 42159,
          "key": "1Key2"
        },
        {
          "time": 42159,
          "key": "1Key5"
        },
        {
          "time": 42582,
          "key": "1Key2"
        },
        {
          "time": 42582,
          "key": "1Key5"
        },
        {
          "time": 42864,
          "key": "1Key5"
        },
        {
          "time": 42864,
          "key": "1Key9"
        },
        {
          "time": 43005,
          "key": "1Key9"
        },
        {
          "time": 43428,
          "key": "1Key8"
        },
        {
          "time": 43569,
          "key": "1Key8"
        },
        {
          "time": 43992,
          "key": "1Key7"
        },
        {
          "time": 44556,
          "key": "1Key5"
        },
        {
          "time": 45120,
          "key": "1Key0"
        },
        {
          "time": 45120,
          "key": "1Key3"
        },
        {
          "time": 45120,
          "key": "1Key4"
        },
        {
          "time": 45120,
          "key": "1Key5"
        },
        {
          "time": 45402,
          "key": "1Key3"
        },
        {
          "time": 45402,
          "key": "1Key4"
        },
        {
          "time": 45684,
          "key": "1Key3"
        },
        {
          "time": 45684,
          "key": "1Key5"
        },
        {
          "time": 46107,
          "key": "1Key3"
        },
        {
          "time": 46107,
          "key": "1Key4"
        },
        {
          "time": 46389,
          "key": "1Key3"
        },
        {
          "time": 46389,
          "key": "1Key5"
        },
        {
          "time": 46671,
          "key": "1Key5"
        },
        {
          "time": 46671,
          "key": "1Key7"
        },
        {
          "time": 46953,
          "key": "1Key5"
        },
        {
          "time": 46953,
          "key": "1Key7"
        },
        {
          "time": 47235,
          "key": "1Key5"
        },
        {
          "time": 47235,
          "key": "1Key7"
        },
        {
          "time": 47376,
          "key": "1Key1"
        },
        {
          "time": 47376,
          "key": "1Key4"
        },
        {
          "time": 47658,
          "key": "1Key1"
        },
        {
          "time": 47658,
          "key": "1Key4"
        },
        {
          "time": 47940,
          "key": "1Key1"
        },
        {
          "time": 47940,
          "key": "1Key5"
        },
        {
          "time": 48363,
          "key": "1Key1"
        },
        {
          "time": 48363,
          "key": "1Key4"
        },
        {
          "time": 48786,
          "key": "1Key1"
        },
        {
          "time": 48786,
          "key": "1Key5"
        },
        {
          "time": 49068,
          "key": "1Key4"
        },
        {
          "time": 49068,
          "key": "1Key8"
        },
        {
          "time": 49209,
          "key": "1Key4"
        },
        {
          "time": 49209,
          "key": "1Key8"
        },
        {
          "time": 49491,
          "key": "1Key4"
        },
        {
          "time": 49491,
          "key": "1Key8"
        },
        {
          "time": 49632,
          "key": "1Key2"
        },
        {
          "time": 49632,
          "key": "1Key4"
        },
        {
          "time": 49914,
          "key": "1Key2"
        },
        {
          "time": 49914,
          "key": "1Key4"
        },
        {
          "time": 49914,
          "key": "1Key9"
        },
        {
          "time": 50196,
          "key": "1Key2"
        },
        {
          "time": 50196,
          "key": "1Key5"
        },
        {
          "time": 50619,
          "key": "1Key2"
        },
        {
          "time": 50619,
          "key": "1Key4"
        },
        {
          "time": 50901,
          "key": "1Key2"
        },
        {
          "time": 50901,
          "key": "1Key5"
        },
        {
          "time": 51183,
          "key": "1Key4"
        },
        {
          "time": 51183,
          "key": "1Key7"
        },
        {
          "time": 51465,
          "key": "1Key4"
        },
        {
          "time": 51465,
          "key": "1Key7"
        },
        {
          "time": 51606,
          "key": "1Key5"
        },
        {
          "time": 51888,
          "key": "1Key0"
        },
        {
          "time": 51888,
          "key": "1Key2"
        },
        {
          "time": 51888,
          "key": "1Key9"
        },
        {
          "time": 52029,
          "key": "1Key9"
        },
        {
          "time": 52170,
          "key": "1Key2"
        },
        {
          "time": 52170,
          "key": "1Key4"
        },
        {
          "time": 52452,
          "key": "1Key2"
        },
        {
          "time": 52452,
          "key": "1Key5"
        },
        {
          "time": 52452,
          "key": "1Key8"
        },
        {
          "time": 52593,
          "key": "1Key8"
        },
        {
          "time": 52875,
          "key": "1Key2"
        },
        {
          "time": 52875,
          "key": "1Key4"
        },
        {
          "time": 53016,
          "key": "1Key7"
        },
        {
          "time": 53157,
          "key": "1Key2"
        },
        {
          "time": 53157,
          "key": "1Key5"
        },
        {
          "time": 53439,
          "key": "1Key5"
        },
        {
          "time": 53439,
          "key": "1Key8"
        },
        {
          "time": 53721,
          "key": "1Key5"
        },
        {
          "time": 53721,
          "key": "1Key8"
        },
        {
          "time": 54003,
          "key": "1Key5"
        },
        {
          "time": 54003,
          "key": "1Key8"
        },
        {
          "time": 54144,
          "key": "1Key0"
        },
        {
          "time": 54144,
          "key": "1Key3"
        },
        {
          "time": 54144,
          "key": "1Key4"
        },
        {
          "time": 54426,
          "key": "1Key3"
        },
        {
          "time": 54426,
          "key": "1Key4"
        },
        {
          "time": 54708,
          "key": "1Key3"
        },
        {
          "time": 54708,
          "key": "1Key5"
        },
        {
          "time": 55131,
          "key": "1Key3"
        },
        {
          "time": 55131,
          "key": "1Key4"
        },
        {
          "time": 55413,
          "key": "1Key3"
        },
        {
          "time": 55413,
          "key": "1Key5"
        },
        {
          "time": 55695,
          "key": "1Key5"
        },
        {
          "time": 55695,
          "key": "1Key7"
        },
        {
          "time": 55977,
          "key": "1Key5"
        },
        {
          "time": 55977,
          "key": "1Key7"
        },
        {
          "time": 56259,
          "key": "1Key5"
        },
        {
          "time": 56259,
          "key": "1Key7"
        },
        {
          "time": 56400,
          "key": "1Key1"
        },
        {
          "time": 56400,
          "key": "1Key4"
        },
        {
          "time": 56682,
          "key": "1Key1"
        },
        {
          "time": 56682,
          "key": "1Key4"
        },
        {
          "time": 56964,
          "key": "1Key1"
        },
        {
          "time": 56964,
          "key": "1Key5"
        },
        {
          "time": 57387,
          "key": "1Key1"
        },
        {
          "time": 57387,
          "key": "1Key4"
        },
        {
          "time": 57810,
          "key": "1Key1"
        },
        {
          "time": 57810,
          "key": "1Key5"
        },
        {
          "time": 58092,
          "key": "1Key4"
        },
        {
          "time": 58092,
          "key": "1Key8"
        },
        {
          "time": 58233,
          "key": "1Key4"
        },
        {
          "time": 58233,
          "key": "1Key8"
        },
        {
          "time": 58515,
          "key": "1Key4"
        },
        {
          "time": 58515,
          "key": "1Key8"
        },
        {
          "time": 58656,
          "key": "1Key2"
        },
        {
          "time": 58656,
          "key": "1Key4"
        },
        {
          "time": 58938,
          "key": "1Key2"
        },
        {
          "time": 58938,
          "key": "1Key4"
        },
        {
          "time": 58938,
          "key": "1Key9"
        },
        {
          "time": 59220,
          "key": "1Key2"
        },
        {
          "time": 59220,
          "key": "1Key5"
        },
        {
          "time": 59643,
          "key": "1Key2"
        },
        {
          "time": 59643,
          "key": "1Key4"
        },
        {
          "time": 59925,
          "key": "1Key2"
        },
        {
          "time": 59925,
          "key": "1Key5"
        },
        {
          "time": 60207,
          "key": "1Key4"
        },
        {
          "time": 60207,
          "key": "1Key7"
        },
        {
          "time": 60489,
          "key": "1Key4"
        },
        {
          "time": 60489,
          "key": "1Key7"
        },
        {
          "time": 60630,
          "key": "1Key5"
        },
        {
          "time": 60912,
          "key": "1Key0"
        },
        {
          "time": 60912,
          "key": "1Key2"
        },
        {
          "time": 60912,
          "key": "1Key9"
        },
        {
          "time": 61053,
          "key": "1Key9"
        },
        {
          "time": 61194,
          "key": "1Key2"
        },
        {
          "time": 61194,
          "key": "1Key4"
        },
        {
          "time": 61476,
          "key": "1Key2"
        },
        {
          "time": 61476,
          "key": "1Key5"
        },
        {
          "time": 61476,
          "key": "1Key8"
        },
        {
          "time": 61617,
          "key": "1Key8"
        },
        {
          "time": 61899,
          "key": "1Key2"
        },
        {
          "time": 61899,
          "key": "1Key4"
        },
        {
          "time": 62040,
          "key": "1Key7"
        },
        {
          "time": 62181,
          "key": "1Key2"
        },
        {
          "time": 62181,
          "key": "1Key5"
        },
        {
          "time": 62463,
          "key": "1Key7"
        },
        {
          "time": 62604,
          "key": "1Key6"
        },
        {
          "time": 63168,
          "key": "1Key5"
        },
        {
          "time": 65142,
          "key": "1Key11"
        },
        {
          "time": 65424,
          "key": "1Key2"
        },
        {
          "time": 65424,
          "key": "1Key5"
        },
        {
          "time": 65424,
          "key": "1Key12"
        },
        {
          "time": 65847,
          "key": "1Key9"
        },
        {
          "time": 65988,
          "key": "1Key5"
        },
        {
          "time": 65988,
          "key": "1Key7"
        },
        {
          "time": 66270,
          "key": "1Key11"
        },
        {
          "time": 66552,
          "key": "1Key12"
        },
        {
          "time": 66975,
          "key": "1Key9"
        },
        {
          "time": 67116,
          "key": "1Key5"
        },
        {
          "time": 67116,
          "key": "1Key7"
        },
        {
          "time": 67398,
          "key": "1Key11"
        },
        {
          "time": 67680,
          "key": "1Key2"
        },
        {
          "time": 67680,
          "key": "1Key5"
        },
        {
          "time": 67680,
          "key": "1Key12"
        },
        {
          "time": 68103,
          "key": "1Key9"
        },
        {
          "time": 68244,
          "key": "1Key5"
        },
        {
          "time": 68244,
          "key": "1Key7"
        },
        {
          "time": 68526,
          "key": "1Key11"
        },
        {
          "time": 68808,
          "key": "1Key12"
        },
        {
          "time": 68949,
          "key": "1Key11"
        },
        {
          "time": 69090,
          "key": "1Key9"
        },
        {
          "time": 69372,
          "key": "1Key5"
        },
        {
          "time": 69372,
          "key": "1Key7"
        },
        {
          "time": 69654,
          "key": "1Key9"
        },
        {
          "time": 69936,
          "key": "1Key0"
        },
        {
          "time": 69936,
          "key": "1Key2"
        },
        {
          "time": 69936,
          "key": "1Key9"
        },
        {
          "time": 70359,
          "key": "1Key7"
        },
        {
          "time": 70500,
          "key": "1Key2"
        },
        {
          "time": 70500,
          "key": "1Key4"
        },
        {
          "time": 70782,
          "key": "1Key8"
        },
        {
          "time": 71064,
          "key": "1Key9"
        },
        {
          "time": 71487,
          "key": "1Key7"
        },
        {
          "time": 71628,
          "key": "1Key2"
        },
        {
          "time": 71628,
          "key": "1Key4"
        },
        {
          "time": 71910,
          "key": "1Key8"
        },
        {
          "time": 72192,
          "key": "1Key0"
        },
        {
          "time": 72192,
          "key": "1Key2"
        },
        {
          "time": 72474,
          "key": "1Key9"
        },
        {
          "time": 72756,
          "key": "1Key2"
        },
        {
          "time": 72756,
          "key": "1Key4"
        },
        {
          "time": 73602,
          "key": "1Key2"
        },
        {
          "time": 73602,
          "key": "1Key6"
        },
        {
          "time": 74025,
          "key": "1Key2"
        },
        {
          "time": 74025,
          "key": "1Key6"
        },
        {
          "time": 74166,
          "key": "1Key11"
        },
        {
          "time": 74448,
          "key": "1Key2"
        },
        {
          "time": 74448,
          "key": "1Key5"
        },
        {
          "time": 74448,
          "key": "1Key12"
        },
        {
          "time": 74871,
          "key": "1Key9"
        },
        {
          "time": 75012,
          "key": "1Key5"
        },
        {
          "time": 75012,
          "key": "1Key7"
        },
        {
          "time": 75294,
          "key": "1Key11"
        },
        {
          "time": 75576,
          "key": "1Key12"
        },
        {
          "time": 75999,
          "key": "1Key9"
        },
        {
          "time": 76140,
          "key": "1Key5"
        },
        {
          "time": 76140,
          "key": "1Key7"
        },
        {
          "time": 76422,
          "key": "1Key11"
        },
        {
          "time": 76704,
          "key": "1Key2"
        },
        {
          "time": 76704,
          "key": "1Key5"
        },
        {
          "time": 76704,
          "key": "1Key12"
        },
        {
          "time": 77127,
          "key": "1Key9"
        },
        {
          "time": 77268,
          "key": "1Key5"
        },
        {
          "time": 77268,
          "key": "1Key7"
        },
        {
          "time": 77550,
          "key": "1Key11"
        },
        {
          "time": 77832,
          "key": "1Key12"
        },
        {
          "time": 77973,
          "key": "1Key11"
        },
        {
          "time": 78114,
          "key": "1Key9"
        },
        {
          "time": 78396,
          "key": "1Key5"
        },
        {
          "time": 78396,
          "key": "1Key7"
        },
        {
          "time": 78678,
          "key": "1Key9"
        },
        {
          "time": 78960,
          "key": "1Key0"
        },
        {
          "time": 78960,
          "key": "1Key2"
        },
        {
          "time": 78960,
          "key": "1Key11"
        },
        {
          "time": 79383,
          "key": "1Key9"
        },
        {
          "time": 79524,
          "key": "1Key2"
        },
        {
          "time": 79524,
          "key": "1Key4"
        },
        {
          "time": 79806,
          "key": "1Key9"
        },
        {
          "time": 80088,
          "key": "1Key11"
        },
        {
          "time": 80652,
          "key": "1Key2"
        },
        {
          "time": 80652,
          "key": "1Key4"
        },
        {
          "time": 80652,
          "key": "1Key9"
        },
        {
          "time": 80934,
          "key": "1Key9"
        },
        {
          "time": 81216,
          "key": "1Key0"
        },
        {
          "time": 81216,
          "key": "1Key2"
        },
        {
          "time": 81498,
          "key": "1Key9"
        },
        {
          "time": 81780,
          "key": "1Key2"
        },
        {
          "time": 81780,
          "key": "1Key4"
        },
        {
          "time": 82908,
          "key": "1Key2"
        },
        {
          "time": 82908,
          "key": "1Key4"
        },
        {
          "time": 83472,
          "key": "1Key0"
        },
        {
          "time": 83472,
          "key": "1Key3"
        },
        {
          "time": 83472,
          "key": "1Key12"
        },
        {
          "time": 84036,
          "key": "1Key0"
        },
        {
          "time": 84036,
          "key": "1Key3"
        },
        {
          "time": 84036,
          "key": "1Key12"
        },
        {
          "time": 84600,
          "key": "1Key0"
        },
        {
          "time": 84600,
          "key": "1Key3"
        },
        {
          "time": 84741,
          "key": "1Key12"
        },
        {
          "time": 85023,
          "key": "1Key0"
        },
        {
          "time": 85023,
          "key": "1Key3"
        },
        {
          "time": 85305,
          "key": "1Key0"
        },
        {
          "time": 85305,
          "key": "1Key3"
        },
        {
          "time": 85728,
          "key": "1Key1"
        },
        {
          "time": 85728,
          "key": "1Key4"
        },
        {
          "time": 86292,
          "key": "1Key1"
        },
        {
          "time": 86292,
          "key": "1Key4"
        },
        {
          "time": 86292,
          "key": "1Key12"
        },
        {
          "time": 86574,
          "key": "1Key12"
        },
        {
          "time": 86856,
          "key": "1Key1"
        },
        {
          "time": 86856,
          "key": "1Key4"
        },
        {
          "time": 86856,
          "key": "1Key14"
        },
        {
          "time": 87138,
          "key": "1Key14"
        },
        {
          "time": 87279,
          "key": "1Key1"
        },
        {
          "time": 87279,
          "key": "1Key4"
        },
        {
          "time": 87279,
          "key": "1Key14"
        },
        {
          "time": 87561,
          "key": "1Key1"
        },
        {
          "time": 87561,
          "key": "1Key4"
        },
        {
          "time": 87702,
          "key": "1Key12"
        },
        {
          "time": 87984,
          "key": "1Key2"
        },
        {
          "time": 87984,
          "key": "1Key5"
        },
        {
          "time": 87984,
          "key": "1Key12"
        },
        {
          "time": 88548,
          "key": "1Key2"
        },
        {
          "time": 88548,
          "key": "1Key5"
        },
        {
          "time": 88548,
          "key": "1Key12"
        },
        {
          "time": 89112,
          "key": "1Key2"
        },
        {
          "time": 89112,
          "key": "1Key5"
        },
        {
          "time": 89112,
          "key": "1Key12"
        },
        {
          "time": 89535,
          "key": "1Key2"
        },
        {
          "time": 89535,
          "key": "1Key5"
        },
        {
          "time": 89817,
          "key": "1Key2"
        },
        {
          "time": 89817,
          "key": "1Key5"
        },
        {
          "time": 90240,
          "key": "1Key2"
        },
        {
          "time": 90240,
          "key": "1Key4"
        },
        {
          "time": 90804,
          "key": "1Key2"
        },
        {
          "time": 90804,
          "key": "1Key4"
        },
        {
          "time": 90804,
          "key": "1Key12"
        },
        {
          "time": 91086,
          "key": "1Key12"
        },
        {
          "time": 91368,
          "key": "1Key2"
        },
        {
          "time": 91368,
          "key": "1Key4"
        },
        {
          "time": 91368,
          "key": "1Key14"
        },
        {
          "time": 91650,
          "key": "1Key14"
        },
        {
          "time": 91791,
          "key": "1Key2"
        },
        {
          "time": 91791,
          "key": "1Key4"
        },
        {
          "time": 91791,
          "key": "1Key14"
        },
        {
          "time": 92073,
          "key": "1Key2"
        },
        {
          "time": 92073,
          "key": "1Key4"
        },
        {
          "time": 92496,
          "key": "1Key0"
        },
        {
          "time": 92496,
          "key": "1Key3"
        },
        {
          "time": 92496,
          "key": "1Key11"
        },
        {
          "time": 93060,
          "key": "1Key0"
        },
        {
          "time": 93060,
          "key": "1Key3"
        },
        {
          "time": 93342,
          "key": "1Key7"
        },
        {
          "time": 93624,
          "key": "1Key0"
        },
        {
          "time": 93624,
          "key": "1Key3"
        },
        {
          "time": 93906,
          "key": "1Key8"
        },
        {
          "time": 94047,
          "key": "1Key0"
        },
        {
          "time": 94047,
          "key": "1Key3"
        },
        {
          "time": 94329,
          "key": "1Key0"
        },
        {
          "time": 94329,
          "key": "1Key3"
        },
        {
          "time": 94470,
          "key": "1Key12"
        },
        {
          "time": 94752,
          "key": "1Key1"
        },
        {
          "time": 94752,
          "key": "1Key4"
        },
        {
          "time": 94752,
          "key": "1Key11"
        },
        {
          "time": 95034,
          "key": "1Key8"
        },
        {
          "time": 95316,
          "key": "1Key1"
        },
        {
          "time": 95316,
          "key": "1Key4"
        },
        {
          "time": 95316,
          "key": "1Key9"
        },
        {
          "time": 95598,
          "key": "1Key13"
        },
        {
          "time": 95880,
          "key": "1Key1"
        },
        {
          "time": 95880,
          "key": "1Key4"
        },
        {
          "time": 95880,
          "key": "1Key12"
        },
        {
          "time": 96303,
          "key": "1Key1"
        },
        {
          "time": 96303,
          "key": "1Key4"
        },
        {
          "time": 96585,
          "key": "1Key1"
        },
        {
          "time": 96585,
          "key": "1Key4"
        },
        {
          "time": 97008,
          "key": "1Key2"
        },
        {
          "time": 97008,
          "key": "1Key5"
        },
        {
          "time": 97008,
          "key": "1Key12"
        },
        {
          "time": 97572,
          "key": "1Key2"
        },
        {
          "time": 97572,
          "key": "1Key5"
        },
        {
          "time": 97572,
          "key": "1Key12"
        },
        {
          "time": 98136,
          "key": "1Key2"
        },
        {
          "time": 98136,
          "key": "1Key5"
        },
        {
          "time": 98136,
          "key": "1Key12"
        },
        {
          "time": 98559,
          "key": "1Key2"
        },
        {
          "time": 98559,
          "key": "1Key5"
        },
        {
          "time": 98982,
          "key": "1Key2"
        },
        {
          "time": 98982,
          "key": "1Key5"
        },
        {
          "time": 99264,
          "key": "1Key5"
        },
        {
          "time": 99264,
          "key": "1Key9"
        },
        {
          "time": 99405,
          "key": "1Key9"
        },
        {
          "time": 99828,
          "key": "1Key8"
        },
        {
          "time": 99969,
          "key": "1Key8"
        },
        {
          "time": 100392,
          "key": "1Key7"
        },
        {
          "time": 100956,
          "key": "1Key5"
        },
        {
          "time": 101520,
          "key": "1Key0"
        },
        {
          "time": 101520,
          "key": "1Key3"
        },
        {
          "time": 101520,
          "key": "1Key4"
        },
        {
          "time": 101520,
          "key": "1Key5"
        },
        {
          "time": 101802,
          "key": "1Key3"
        },
        {
          "time": 101802,
          "key": "1Key4"
        },
        {
          "time": 102084,
          "key": "1Key3"
        },
        {
          "time": 102084,
          "key": "1Key5"
        },
        {
          "time": 102507,
          "key": "1Key3"
        },
        {
          "time": 102507,
          "key": "1Key4"
        },
        {
          "time": 102789,
          "key": "1Key3"
        },
        {
          "time": 102789,
          "key": "1Key5"
        },
        {
          "time": 103071,
          "key": "1Key5"
        },
        {
          "time": 103071,
          "key": "1Key7"
        },
        {
          "time": 103353,
          "key": "1Key5"
        },
        {
          "time": 103353,
          "key": "1Key7"
        },
        {
          "time": 103635,
          "key": "1Key5"
        },
        {
          "time": 103635,
          "key": "1Key7"
        },
        {
          "time": 103776,
          "key": "1Key1"
        },
        {
          "time": 103776,
          "key": "1Key4"
        },
        {
          "time": 104058,
          "key": "1Key1"
        },
        {
          "time": 104058,
          "key": "1Key4"
        },
        {
          "time": 104340,
          "key": "1Key1"
        },
        {
          "time": 104340,
          "key": "1Key5"
        },
        {
          "time": 104763,
          "key": "1Key1"
        },
        {
          "time": 104763,
          "key": "1Key4"
        },
        {
          "time": 105186,
          "key": "1Key1"
        },
        {
          "time": 105186,
          "key": "1Key5"
        },
        {
          "time": 105468,
          "key": "1Key4"
        },
        {
          "time": 105468,
          "key": "1Key8"
        },
        {
          "time": 105609,
          "key": "1Key4"
        },
        {
          "time": 105609,
          "key": "1Key8"
        },
        {
          "time": 105891,
          "key": "1Key4"
        },
        {
          "time": 105891,
          "key": "1Key8"
        },
        {
          "time": 106032,
          "key": "1Key2"
        },
        {
          "time": 106032,
          "key": "1Key4"
        },
        {
          "time": 106314,
          "key": "1Key2"
        },
        {
          "time": 106314,
          "key": "1Key4"
        },
        {
          "time": 106314,
          "key": "1Key9"
        },
        {
          "time": 106596,
          "key": "1Key2"
        },
        {
          "time": 106596,
          "key": "1Key5"
        },
        {
          "time": 107019,
          "key": "1Key2"
        },
        {
          "time": 107019,
          "key": "1Key4"
        },
        {
          "time": 107301,
          "key": "1Key2"
        },
        {
          "time": 107301,
          "key": "1Key5"
        },
        {
          "time": 107583,
          "key": "1Key4"
        },
        {
          "time": 107583,
          "key": "1Key7"
        },
        {
          "time": 107865,
          "key": "1Key4"
        },
        {
          "time": 107865,
          "key": "1Key7"
        },
        {
          "time": 108006,
          "key": "1Key5"
        },
        {
          "time": 108288,
          "key": "1Key0"
        },
        {
          "time": 108288,
          "key": "1Key2"
        },
        {
          "time": 108288,
          "key": "1Key9"
        },
        {
          "time": 108429,
          "key": "1Key9"
        },
        {
          "time": 108570,
          "key": "1Key2"
        },
        {
          "time": 108570,
          "key": "1Key4"
        },
        {
          "time": 108852,
          "key": "1Key2"
        },
        {
          "time": 108852,
          "key": "1Key5"
        },
        {
          "time": 108852,
          "key": "1Key8"
        },
        {
          "time": 108993,
          "key": "1Key8"
        },
        {
          "time": 109275,
          "key": "1Key2"
        },
        {
          "time": 109275,
          "key": "1Key4"
        },
        {
          "time": 109416,
          "key": "1Key7"
        },
        {
          "time": 109557,
          "key": "1Key2"
        },
        {
          "time": 109557,
          "key": "1Key5"
        },
        {
          "time": 109839,
          "key": "1Key5"
        },
        {
          "time": 109839,
          "key": "1Key8"
        },
        {
          "time": 110121,
          "key": "1Key5"
        },
        {
          "time": 110121,
          "key": "1Key8"
        },
        {
          "time": 110403,
          "key": "1Key5"
        },
        {
          "time": 110403,
          "key": "1Key8"
        },
        {
          "time": 110544,
          "key": "1Key0"
        },
        {
          "time": 110544,
          "key": "1Key3"
        },
        {
          "time": 110544,
          "key": "1Key4"
        },
        {
          "time": 110826,
          "key": "1Key3"
        },
        {
          "time": 110826,
          "key": "1Key4"
        },
        {
          "time": 111108,
          "key": "1Key3"
        },
        {
          "time": 111108,
          "key": "1Key5"
        },
        {
          "time": 111531,
          "key": "1Key3"
        },
        {
          "time": 111531,
          "key": "1Key4"
        },
        {
          "time": 111813,
          "key": "1Key3"
        },
        {
          "time": 111813,
          "key": "1Key5"
        },
        {
          "time": 112095,
          "key": "1Key5"
        },
        {
          "time": 112095,
          "key": "1Key7"
        },
        {
          "time": 112377,
          "key": "1Key5"
        },
        {
          "time": 112377,
          "key": "1Key7"
        },
        {
          "time": 112659,
          "key": "1Key5"
        },
        {
          "time": 112659,
          "key": "1Key7"
        },
        {
          "time": 112800,
          "key": "1Key1"
        },
        {
          "time": 112800,
          "key": "1Key4"
        },
        {
          "time": 113082,
          "key": "1Key1"
        },
        {
          "time": 113082,
          "key": "1Key4"
        },
        {
          "time": 113364,
          "key": "1Key1"
        },
        {
          "time": 113364,
          "key": "1Key5"
        },
        {
          "time": 113787,
          "key": "1Key1"
        },
        {
          "time": 113787,
          "key": "1Key4"
        },
        {
          "time": 114210,
          "key": "1Key1"
        },
        {
          "time": 114210,
          "key": "1Key5"
        },
        {
          "time": 114492,
          "key": "1Key4"
        },
        {
          "time": 114492,
          "key": "1Key8"
        },
        {
          "time": 114633,
          "key": "1Key4"
        },
        {
          "time": 114633,
          "key": "1Key8"
        },
        {
          "time": 114915,
          "key": "1Key4"
        },
        {
          "time": 114915,
          "key": "1Key8"
        },
        {
          "time": 115056,
          "key": "1Key2"
        },
        {
          "time": 115056,
          "key": "1Key4"
        },
        {
          "time": 115338,
          "key": "1Key2"
        },
        {
          "time": 115338,
          "key": "1Key4"
        },
        {
          "time": 115338,
          "key": "1Key9"
        },
        {
          "time": 115620,
          "key": "1Key2"
        },
        {
          "time": 115620,
          "key": "1Key5"
        },
        {
          "time": 116043,
          "key": "1Key2"
        },
        {
          "time": 116043,
          "key": "1Key4"
        },
        {
          "time": 116325,
          "key": "1Key2"
        },
        {
          "time": 116325,
          "key": "1Key5"
        },
        {
          "time": 116607,
          "key": "1Key4"
        },
        {
          "time": 116607,
          "key": "1Key7"
        },
        {
          "time": 116889,
          "key": "1Key4"
        },
        {
          "time": 116889,
          "key": "1Key7"
        },
        {
          "time": 117030,
          "key": "1Key5"
        },
        {
          "time": 117312,
          "key": "1Key0"
        },
        {
          "time": 117312,
          "key": "1Key2"
        },
        {
          "time": 117312,
          "key": "1Key9"
        },
        {
          "time": 117453,
          "key": "1Key9"
        },
        {
          "time": 117594,
          "key": "1Key2"
        },
        {
          "time": 117594,
          "key": "1Key4"
        },
        {
          "time": 117876,
          "key": "1Key2"
        },
        {
          "time": 117876,
          "key": "1Key5"
        },
        {
          "time": 117876,
          "key": "1Key8"
        },
        {
          "time": 118017,
          "key": "1Key8"
        },
        {
          "time": 118299,
          "key": "1Key2"
        },
        {
          "time": 118299,
          "key": "1Key4"
        },
        {
          "time": 118440,
          "key": "1Key7"
        },
        {
          "time": 118581,
          "key": "1Key2"
        },
        {
          "time": 118581,
          "key": "1Key5"
        },
        {
          "time": 118863,
          "key": "1Key5"
        },
        {
          "time": 118863,
          "key": "1Key8"
        },
        {
          "time": 119145,
          "key": "1Key5"
        },
        {
          "time": 119145,
          "key": "1Key8"
        },
        {
          "time": 119427,
          "key": "1Key5"
        },
        {
          "time": 119427,
          "key": "1Key8"
        },
        {
          "time": 119568,
          "key": "1Key0"
        },
        {
          "time": 119568,
          "key": "1Key3"
        },
        {
          "time": 119568,
          "key": "1Key4"
        },
        {
          "time": 119850,
          "key": "1Key3"
        },
        {
          "time": 119850,
          "key": "1Key4"
        },
        {
          "time": 120132,
          "key": "1Key3"
        },
        {
          "time": 120132,
          "key": "1Key5"
        },
        {
          "time": 120555,
          "key": "1Key3"
        },
        {
          "time": 120555,
          "key": "1Key4"
        },
        {
          "time": 120837,
          "key": "1Key3"
        },
        {
          "time": 120837,
          "key": "1Key5"
        },
        {
          "time": 121119,
          "key": "1Key5"
        },
        {
          "time": 121119,
          "key": "1Key7"
        },
        {
          "time": 121401,
          "key": "1Key5"
        },
        {
          "time": 121401,
          "key": "1Key7"
        },
        {
          "time": 121683,
          "key": "1Key5"
        },
        {
          "time": 121683,
          "key": "1Key7"
        },
        {
          "time": 121824,
          "key": "1Key1"
        },
        {
          "time": 121824,
          "key": "1Key4"
        },
        {
          "time": 122106,
          "key": "1Key1"
        },
        {
          "time": 122106,
          "key": "1Key4"
        },
        {
          "time": 122388,
          "key": "1Key1"
        },
        {
          "time": 122388,
          "key": "1Key5"
        },
        {
          "time": 122811,
          "key": "1Key1"
        },
        {
          "time": 122811,
          "key": "1Key4"
        },
        {
          "time": 123234,
          "key": "1Key1"
        },
        {
          "time": 123234,
          "key": "1Key5"
        },
        {
          "time": 123516,
          "key": "1Key4"
        },
        {
          "time": 123516,
          "key": "1Key8"
        },
        {
          "time": 123657,
          "key": "1Key4"
        },
        {
          "time": 123657,
          "key": "1Key8"
        },
        {
          "time": 123939,
          "key": "1Key4"
        },
        {
          "time": 123939,
          "key": "1Key8"
        },
        {
          "time": 124080,
          "key": "1Key2"
        },
        {
          "time": 124080,
          "key": "1Key4"
        },
        {
          "time": 124362,
          "key": "1Key2"
        },
        {
          "time": 124362,
          "key": "1Key4"
        },
        {
          "time": 124362,
          "key": "1Key9"
        },
        {
          "time": 124644,
          "key": "1Key2"
        },
        {
          "time": 124644,
          "key": "1Key5"
        },
        {
          "time": 125067,
          "key": "1Key2"
        },
        {
          "time": 125067,
          "key": "1Key4"
        },
        {
          "time": 125349,
          "key": "1Key2"
        },
        {
          "time": 125349,
          "key": "1Key5"
        },
        {
          "time": 125631,
          "key": "1Key4"
        },
        {
          "time": 125631,
          "key": "1Key7"
        },
        {
          "time": 125913,
          "key": "1Key4"
        },
        {
          "time": 125913,
          "key": "1Key7"
        },
        {
          "time": 126054,
          "key": "1Key5"
        },
        {
          "time": 126336,
          "key": "1Key0"
        },
        {
          "time": 126336,
          "key": "1Key2"
        },
        {
          "time": 126336,
          "key": "1Key9"
        },
        {
          "time": 126477,
          "key": "1Key9"
        },
        {
          "time": 126618,
          "key": "1Key2"
        },
        {
          "time": 126618,
          "key": "1Key4"
        },
        {
          "time": 126900,
          "key": "1Key2"
        },
        {
          "time": 126900,
          "key": "1Key5"
        },
        {
          "time": 126900,
          "key": "1Key8"
        },
        {
          "time": 127041,
          "key": "1Key8"
        },
        {
          "time": 127323,
          "key": "1Key2"
        },
        {
          "time": 127323,
          "key": "1Key4"
        },
        {
          "time": 127464,
          "key": "1Key7"
        },
        {
          "time": 127605,
          "key": "1Key2"
        },
        {
          "time": 127605,
          "key": "1Key5"
        },
        {
          "time": 127887,
          "key": "1Key5"
        },
        {
          "time": 127887,
          "key": "1Key8"
        },
        {
          "time": 128169,
          "key": "1Key5"
        },
        {
          "time": 128169,
          "key": "1Key8"
        },
        {
          "time": 128451,
          "key": "1Key5"
        },
        {
          "time": 128451,
          "key": "1Key8"
        },
        {
          "time": 128592,
          "key": "1Key0"
        },
        {
          "time": 128592,
          "key": "1Key3"
        },
        {
          "time": 128592,
          "key": "1Key4"
        },
        {
          "time": 128874,
          "key": "1Key3"
        },
        {
          "time": 128874,
          "key": "1Key4"
        },
        {
          "time": 129156,
          "key": "1Key3"
        },
        {
          "time": 129156,
          "key": "1Key5"
        },
        {
          "time": 129579,
          "key": "1Key3"
        },
        {
          "time": 129579,
          "key": "1Key4"
        },
        {
          "time": 129861,
          "key": "1Key3"
        },
        {
          "time": 129861,
          "key": "1Key5"
        },
        {
          "time": 130143,
          "key": "1Key5"
        },
        {
          "time": 130143,
          "key": "1Key7"
        },
        {
          "time": 130425,
          "key": "1Key5"
        },
        {
          "time": 130425,
          "key": "1Key7"
        },
        {
          "time": 130707,
          "key": "1Key5"
        },
        {
          "time": 130707,
          "key": "1Key7"
        },
        {
          "time": 130848,
          "key": "1Key1"
        },
        {
          "time": 130848,
          "key": "1Key4"
        },
        {
          "time": 131130,
          "key": "1Key1"
        },
        {
          "time": 131130,
          "key": "1Key4"
        },
        {
          "time": 131412,
          "key": "1Key1"
        },
        {
          "time": 131412,
          "key": "1Key5"
        },
        {
          "time": 131835,
          "key": "1Key1"
        },
        {
          "time": 131835,
          "key": "1Key4"
        },
        {
          "time": 132258,
          "key": "1Key1"
        },
        {
          "time": 132258,
          "key": "1Key5"
        },
        {
          "time": 132540,
          "key": "1Key4"
        },
        {
          "time": 132540,
          "key": "1Key8"
        },
        {
          "time": 132681,
          "key": "1Key4"
        },
        {
          "time": 132681,
          "key": "1Key8"
        },
        {
          "time": 132963,
          "key": "1Key4"
        },
        {
          "time": 132963,
          "key": "1Key8"
        },
        {
          "time": 133104,
          "key": "1Key2"
        },
        {
          "time": 133104,
          "key": "1Key4"
        },
        {
          "time": 133386,
          "key": "1Key2"
        },
        {
          "time": 133386,
          "key": "1Key4"
        },
        {
          "time": 133386,
          "key": "1Key9"
        },
        {
          "time": 133668,
          "key": "1Key2"
        },
        {
          "time": 133668,
          "key": "1Key5"
        },
        {
          "time": 134091,
          "key": "1Key2"
        },
        {
          "time": 134091,
          "key": "1Key4"
        },
        {
          "time": 134373,
          "key": "1Key2"
        },
        {
          "time": 134373,
          "key": "1Key5"
        },
        {
          "time": 134655,
          "key": "1Key4"
        },
        {
          "time": 134655,
          "key": "1Key7"
        },
        {
          "time": 134937,
          "key": "1Key4"
        },
        {
          "time": 134937,
          "key": "1Key7"
        },
        {
          "time": 135078,
          "key": "1Key5"
        },
        {
          "time": 135360,
          "key": "1Key0"
        },
        {
          "time": 135360,
          "key": "1Key2"
        },
        {
          "time": 135360,
          "key": "1Key9"
        },
        {
          "time": 135501,
          "key": "1Key9"
        },
        {
          "time": 135642,
          "key": "1Key2"
        },
        {
          "time": 135642,
          "key": "1Key4"
        },
        {
          "time": 135924,
          "key": "1Key2"
        },
        {
          "time": 135924,
          "key": "1Key5"
        },
        {
          "time": 135924,
          "key": "1Key8"
        },
        {
          "time": 136065,
          "key": "1Key8"
        },
        {
          "time": 136347,
          "key": "1Key2"
        },
        {
          "time": 136347,
          "key": "1Key4"
        },
        {
          "time": 136488,
          "key": "1Key7"
        },
        {
          "time": 136629,
          "key": "1Key2"
        },
        {
          "time": 136629,
          "key": "1Key5"
        },
        {
          "time": 136911,
          "key": "1Key7"
        },
        {
          "time": 137052,
          "key": "1Key6"
        },
        {
          "time": 137616,
          "key": "1Key2"
        },
        {
          "time": 137616,
          "key": "1Key5"
        }
      ]
    }
  ]