[
    {
      "name": "Avatar: The Last Airbender - Avatar's Love",
      "bpm": 200,
      "bitsPerPage": 16,
      "pitchLevel": 0,
      "isComposed": false,
      "songNotes": [
        {
          "time": 500,
          "key": "1Key0",
          "l": 1
        },
        {
          "time": 800,
          "key": "1Key2",
          "l": 1
        },
        {
          "time": 1100,
          "key": "1Key4",
          "l": 1
        },
        {
          "time": 1100,
          "key": "1Key6",
          "l": 1
        },
        {
          "time": 1700,
          "key": "1Key1",
          "l": 1
        },
        {
          "time": 2000,
          "key": "1Key3",
          "l": 1
        },
        {
          "time": 2300,
          "key": "1Key5",
          "l": 1
        },
        {
          "time": 2300,
          "key": "1Key7",
          "l": 1
        },
        {
          "time": 2900,
          "key": "1Key2",
          "l": 1
        },
        {
          "time": 3200,
          "key": "1Key4",
          "l": 1
        },
        {
          "time": 3500,
          "key": "1Key6",
          "l": 1
        },
        {
          "time": 3500,
          "key": "1Key8",
          "l": 1
        },
        {
          "time": 3800,
          "key": "1Key7",
          "l": 1
        },
        {
          "time": 4400,
          "key": "1Key1",
          "l": 1
        },
        {
          "time": 4700,
          "key": "1Key3",
          "l": 1
        },
        {
          "time": 5000,
          "key": "1Key5",
          "l": 1
        },
        {
          "time": 5000,
          "key": "1Key7",
          "l": 1
        },
        {
          "time": 5300,
          "key": "1Key6",
          "l": 1
        },
        {
          "time": 5900,
          "key": "1Key0",
          "l": 1
        },
        {
          "time": 5900,
          "key": "1Key2",
          "l": 1
        },
        {
          "time": 5900,
          "key": "1Key4",
          "l": 1
        },
        {
          "time": 5900,
          "key": "1Key7",
          "l": 1
        },
        {
          "time": 6200,
          "key": "1Key6",
          "l": 1
        },
        {
          "time": 6500,
          "key": "1Key4",
          "l": 1
        },
        {
          "time": 6800,
          "key": "1Key2",
          "l": 1
        },
        {
          "time": 7100,
          "key": "1Key7",
          "l": 1
        },
        {
          "time": 7400,
          "key": "1Key6",
          "l": 1
        },
        {
          "time": 7700,
          "key": "1Key4",
          "l": 1
        },
        {
          "time": 8000,
          "key": "1Key2",
          "l": 1
        },
        {
          "time": 8300,
          "key": "1Key0",
          "l": 1
        },
        {
          "time": 8300,
          "key": "1Key4",
          "l": 1
        },
        {
          "time": 8300,
          "key": "1Key7",
          "l": 1
        },
        {
          "time": 8600,
          "key": "1Key6",
          "l": 1
        },
        {
          "time": 8900,
          "key": "1Key4",
          "l": 1
        },
        {
          "time": 9200,
          "key": "1Key2",
          "l": 1
        },
        {
          "time": 9500,
          "key": "1Key7",
          "l": 1
        },
        {
          "time": 9800,
          "key": "1Key6",
          "l": 1
        },
        {
          "time": 10100,
          "key": "1Key4",
          "l": 1
        },
        {
          "time": 10400,
          "key": "1Key2",
          "l": 1
        },
        {
          "time": 10700,
          "key": "1Key0",
          "l": 1
        },
        {
          "time": 10700,
          "key": "1Key3",
          "l": 1
        },
        {
          "time": 11000,
          "key": "1Key2",
          "l": 1
        },
        {
          "time": 11300,
          "key": "1Key3",
          "l": 1
        },
        {
          "time": 11600,
          "key": "1Key0",
          "l": 1
        },
        {
          "time": 11900,
          "key": "1Key3",
          "l": 1
        },
        {
          "time": 12200,
          "key": "1Key2",
          "l": 1
        },
        {
          "time": 12500,
          "key": "1Key3",
          "l": 1
        },
        {
          "time": 12800,
          "key": "1Key2",
          "l": 1
        },
        {
          "time": 13100,
          "key": "1Key0",
          "l": 1
        },
        {
          "time": 13400,
          "key": "1Key0",
          "l": 1
        },
        {
          "time": 13400,
          "key": "1Key3",
          "l": 1
        },
        {
          "time": 13700,
          "key": "1Key2",
          "l": 1
        },
        {
          "time": 14000,
          "key": "1Key3",
          "l": 1
        },
        {
          "time": 14300,
          "key": "1Key0",
          "l": 1
        },
        {
          "time": 14600,
          "key": "1Key3",
          "l": 1
        },
        {
          "time": 14900,
          "key": "1Key2",
          "l": 1
        },
        {
          "time": 15200,
          "key": "1Key3",
          "l": 1
        },
        {
          "time": 15500,
          "key": "1Key2",
          "l": 1
        },
        {
          "time": 15800,
          "key": "1Key4",
          "l": 1
        },
        {
          "time": 16100,
          "key": "1Key6",
          "l": 1
        },
        {
          "time": 16400,
          "key": "1Key0",
          "l": 1
        },
        {
          "time": 16400,
          "key": "1Key2",
          "l": 1
        },
        {
          "time": 16400,
          "key": "1Key4",
          "l": 1
        },
        {
          "time": 16400,
          "key": "1Key7",
          "l": 1
        },
        {
          "time": 16700,
          "key": "1Key6",
          "l": 1
        },
        {
          "time": 17000,
          "key": "1Key4",
          "l": 1
        },
        {
          "time": 17300,
          "key": "1Key2",
          "l": 1
        },
        {
          "time": 17600,
          "key": "1Key7",
          "l": 1
        },
        {
          "time": 17900,
          "key": "1Key6",
          "l": 1
        },
        {
          "time": 18200,
          "key": "1Key4",
          "l": 1
        },
        {
          "time": 18500,
          "key": "1Key2",
          "l": 1
        },
        {
          "time": 18800,
          "key": "1Key0",
          "l": 1
        },
        {
          "time": 18800,
          "key": "1Key2",
          "l": 1
        },
        {
          "time": 18800,
          "key": "1Key4",
          "l": 1
        },
        {
          "time": 18800,
          "key": "1Key7",
          "l": 1
        },
        {
          "time": 19100,
          "key": "1Key6",
          "l": 1
        },
        {
          "time": 19400,
          "key": "1Key4",
          "l": 1
        },
        {
          "time": 19700,
          "key": "1Key2",
          "l": 1
        },
        {
          "time": 20000,
          "key": "1Key7",
          "l": 1
        },
        {
          "time": 20300,
          "key": "1Key6",
          "l": 1
        },
        {
          "time": 20600,
          "key": "1Key4",
          "l": 1
        },
        {
          "time": 20900,
          "key": "1Key2",
          "l": 1
        },
        {
          "time": 21200,
          "key": "1Key0",
          "l": 1
        },
        {
          "time": 21200,
          "key": "1Key3",
          "l": 1
        },
        {
          "time": 21500,
          "key": "1Key2",
          "l": 1
        },
        {
          "time": 21800,
          "key": "1Key3",
          "l": 1
        },
        {
          "time": 22100,
          "key": "1Key4",
          "l": 1
        },
        {
          "time": 22400,
          "key": "1Key5",
          "l": 1
        },
        {
          "time": 22700,
          "key": "1Key4",
          "l": 1
        },
        {
          "time": 23000,
          "key": "1Key5",
          "l": 1
        },
        {
          "time": 23300,
          "key": "1Key6",
          "l": 1
        },
        {
          "time": 23600,
          "key": "1Key7",
          "l": 1
        },
        {
          "time": 23900,
          "key": "1Key6",
          "l": 1
        },
        {
          "time": 24200,
          "key": "1Key7",
          "l": 1
        },
        {
          "time": 24500,
          "key": "1Key8",
          "l": 1
        },
        {
          "time": 24800,
          "key": "1Key9",
          "l": 1
        },
        {
          "time": 25400,
          "key": "1Key7",
          "l": 1
        },
        {
          "time": 25400,
          "key": "1Key14",
          "l": 1
        },
        {
          "time": 25700,
          "key": "1Key13",
          "l": 1
        },
        {
          "time": 26000,
          "key": "1Key11",
          "l": 1
        },
        {
          "time": 26300,
          "key": "1Key9",
          "l": 1
        },
        {
          "time": 26600,
          "key": "1Key14",
          "l": 1
        },
        {
          "time": 26900,
          "key": "1Key13",
          "l": 1
        },
        {
          "time": 27200,
          "key": "1Key11",
          "l": 1
        },
        {
          "time": 27500,
          "key": "1Key9",
          "l": 1
        },
        {
          "time": 27800,
          "key": "1Key14",
          "l": 1
        },
        {
          "time": 28100,
          "key": "1Key13",
          "l": 1
        },
        {
          "time": 28400,
          "key": "1Key11",
          "l": 1
        },
        {
          "time": 28700,
          "key": "1Key9",
          "l": 1
        },
        {
          "time": 29000,
          "key": "1Key14",
          "l": 1
        },
        {
          "time": 29300,
          "key": "1Key13",
          "l": 1
        },
        {
          "time": 29600,
          "key": "1Key11",
          "l": 1
        },
        {
          "time": 29900,
          "key": "1Key9",
          "l": 1
        },
        {
          "time": 30500,
          "key": "1Key0",
          "l": 1
        },
        {
          "time": 30500,
          "key": "1Key2",
          "l": 1
        },
        {
          "time": 30500,
          "key": "1Key4",
          "l": 1
        },
        {
          "time": 30500,
          "key": "1Key7",
          "l": 1
        },
        {
          "time": 30500,
          "key": "1Key9",
          "l": 1
        },
        {
          "time": 30500,
          "key": "1Key14",
          "l": 1
        }
      ]
    }
  ]