[{"name":"Beggin Måneskin (short ver)","bpm":530,"bitsPerPage":16,"pitchLevel":3,"isComposed":"true","songNotes":[{"time":400,"key":"1Key2"},{"time":400,"key":"1Key5"},{"time":1078,"key":"1Key2"},{"time":1078,"key":"1Key5"},{"time":1304,"key":"1Key8"},{"time":1756,"key":"1Key7"},{"time":2208,"key":"1Key3"},{"time":2434,"key":"1Key8"},{"time":2773,"key":"1Key7"},{"time":2886,"key":"1Key3"},{"time":3112,"key":"1Key8"},{"time":3338,"key":"1Key5"},{"time":3564,"key":"1Key7"},{"time":4016,"key":"1Key2"},{"time":4016,"key":"1Key6"},{"time":4694,"key":"1Key2"},{"time":4694,"key":"1Key6"},{"time":4920,"key":"1Key8"},{"time":5146,"key":"1Key8"},{"time":5372,"key":"1Key7"},{"time":5598,"key":"1Key7"},{"time":5824,"key":"1Key4"},{"time":5824,"key":"1Key6"},{"time":6276,"key":"1Key4"},{"time":6276,"key":"1Key6"},{"time":6728,"key":"1Key7"},{"time":7180,"key":"1Key6"},{"time":7632,"key":"1Key2"},{"time":7632,"key":"1Key5"},{"time":8310,"key":"1Key2"},{"time":8310,"key":"1Key5"},{"time":8536,"key":"1Key8"},{"time":8988,"key":"1Key7"},{"time":9440,"key":"1Key3"},{"time":9666,"key":"1Key8"},{"time":10005,"key":"1Key7"},{"time":10118,"key":"1Key3"},{"time":10344,"key":"1Key8"},{"time":10570,"key":"1Key5"},{"time":10796,"key":"1Key7"},{"time":11248,"key":"1Key2"},{"time":11248,"key":"1Key6"},{"time":11926,"key":"1Key2"},{"time":11926,"key":"1Key6"},{"time":12152,"key":"1Key8"},{"time":12378,"key":"1Key8"},{"time":12604,"key":"1Key7"},{"time":12830,"key":"1Key7"},{"time":13056,"key":"1Key4"},{"time":13056,"key":"1Key6"},{"time":13508,"key":"1Key6"},{"time":13734,"key":"1Key4"},{"time":13960,"key":"1Key7"},{"time":14412,"key":"1Key6"},{"time":14864,"key":"1Key2"},{"time":14864,"key":"1Key5"},{"time":15542,"key":"1Key5"},{"time":15542,"key":"1Key8"},{"time":15994,"key":"1Key7"},{"time":16220,"key":"1Key7"},{"time":16672,"key":"1Key3"},{"time":17237,"key":"1Key5"},{"time":17350,"key":"1Key3"},{"time":17350,"key":"1Key8"},{"time":17802,"key":"1Key7"},{"time":18028,"key":"1Key7"},{"time":18480,"key":"1Key4"},{"time":19158,"key":"1Key4"},{"time":19158,"key":"1Key6"},{"time":19271,"key":"1Key8"},{"time":19610,"key":"1Key7"},{"time":19836,"key":"1Key7"},{"time":20062,"key":"1Key7"},{"time":20288,"key":"1Key2"},{"time":20288,"key":"1Key6"},{"time":20627,"key":"1Key6"},{"time":20740,"key":"1Key6"},{"time":20966,"key":"1Key2"},{"time":21079,"key":"1Key6"},{"time":21192,"key":"1Key6"},{"time":21418,"key":"1Key7"},{"time":21644,"key":"1Key7"},{"time":22096,"key":"1Key2"},{"time":22096,"key":"1Key5"},{"time":22661,"key":"1Key5"},{"time":22774,"key":"1Key2"},{"time":22774,"key":"1Key8"},{"time":23226,"key":"1Key7"},{"time":23452,"key":"1Key7"},{"time":23904,"key":"1Key3"},{"time":24469,"key":"1Key5"},{"time":24582,"key":"1Key3"},{"time":24582,"key":"1Key8"},{"time":25034,"key":"1Key7"},{"time":25260,"key":"1Key7"},{"time":25712,"key":"1Key4"},{"time":26390,"key":"1Key4"},{"time":26390,"key":"1Key6"},{"time":26503,"key":"1Key8"},{"time":26842,"key":"1Key7"},{"time":27068,"key":"1Key7"},{"time":27407,"key":"1Key7"},{"time":27520,"key":"1Key2"},{"time":27520,"key":"1Key6"},{"time":27746,"key":"1Key6"},{"time":27972,"key":"1Key6"},{"time":28198,"key":"1Key2"},{"time":28311,"key":"1Key6"},{"time":28424,"key":"1Key6"},{"time":28650,"key":"1Key7"},{"time":28876,"key":"1Key7"},{"time":29102,"key":"1Key5"},{"time":29328,"key":"1Key2"},{"time":29328,"key":"1Key5"},{"time":29328,"key":"1Key7"},{"time":29441,"key":"1Key5"},{"time":29554,"key":"1Key5"},{"time":29667,"key":"1Key5"},{"time":29893,"key":"1Key5"},{"time":30006,"key":"1Key2"},{"time":30119,"key":"1Key5"},{"time":30232,"key":"1Key5"},{"time":30458,"key":"1Key5"},{"time":30684,"key":"1Key5"},{"time":30910,"key":"1Key5"},{"time":31136,"key":"1Key3"},{"time":31136,"key":"1Key7"},{"time":31249,"key":"1Key5"},{"time":31362,"key":"1Key5"},{"time":31475,"key":"1Key5"},{"time":31701,"key":"1Key5"},{"time":31814,"key":"1Key3"},{"time":31927,"key":"1Key5"},{"time":32040,"key":"1Key5"},{"time":32266,"key":"1Key5"},{"time":32492,"key":"1Key5"},{"time":32944,"key":"1Key3"},{"time":32944,"key":"1Key6"},{"time":32944,"key":"1Key7"},{"time":33057,"key":"1Key5"},{"time":33170,"key":"1Key5"},{"time":33283,"key":"1Key5"},{"time":33509,"key":"1Key5"},{"time":33622,"key":"1Key3"},{"time":33735,"key":"1Key5"},{"time":33848,"key":"1Key5"},{"time":34074,"key":"1Key5"},{"time":34300,"key":"1Key5"},{"time":34526,"key":"1Key5"},{"time":34639,"key":"1Key5"},{"time":34752,"key":"1Key2"},{"time":34752,"key":"1Key7"},{"time":34978,"key":"1Key5"},{"time":35091,"key":"1Key5"},{"time":35204,"key":"1Key5"},{"time":35430,"key":"1Key2"},{"time":35430,"key":"1Key5"},{"time":35656,"key":"1Key5"},{"time":35882,"key":"1Key5"},{"time":35995,"key":"1Key5"},{"time":36334,"key":"1Key5"},{"time":36560,"key":"1Key1"},{"time":36560,"key":"1Key5"},{"time":36560,"key":"1Key7"},{"time":36786,"key":"1Key5"},{"time":36899,"key":"1Key5"},{"time":37125,"key":"1Key5"},{"time":37238,"key":"1Key1"},{"time":37238,"key":"1Key5"},{"time":37464,"key":"1Key8"},{"time":37916,"key":"1Key7"},{"time":38255,"key":"1Key5"},{"time":38368,"key":"1Key3"},{"time":38368,"key":"1Key5"},{"time":38594,"key":"1Key5"},{"time":38707,"key":"1Key5"},{"time":38933,"key":"1Key5"},{"time":39046,"key":"1Key3"},{"time":39046,"key":"1Key5"},{"time":39272,"key":"1Key8"},{"time":39498,"key":"1Key5"},{"time":39724,"key":"1Key7"},{"time":40176,"key":"1Key2"},{"time":40176,"key":"1Key4"},{"time":40176,"key":"1Key6"},{"time":40854,"key":"1Key2"},{"time":40854,"key":"1Key4"},{"time":41306,"key":"1Key6"},{"time":41532,"key":"1Key5"},{"time":41758,"key":"1Key7"},{"time":41984,"key":"1Key2"},{"time":41984,"key":"1Key6"},{"time":42662,"key":"1Key2"},{"time":43114,"key":"1Key6"},{"time":43340,"key":"1Key6"},{"time":43566,"key":"1Key6"},{"time":43792,"key":"1Key2"},{"time":43792,"key":"1Key5"},{"time":44018,"key":"1Key0"},{"time":44244,"key":"1Key2"},{"time":44244,"key":"1Key5"},{"time":44470,"key":"1Key5"},{"time":44583,"key":"1Key2"},{"time":44696,"key":"1Key8"},{"time":44809,"key":"1Key2"},{"time":44809,"key":"1Key5"},{"time":44922,"key":"1Key0"},{"time":45148,"key":"1Key2"},{"time":45148,"key":"1Key5"},{"time":45148,"key":"1Key7"},{"time":45600,"key":"1Key1"},{"time":45826,"key":"1Key1"},{"time":45826,"key":"1Key3"},{"time":45826,"key":"1Key8"},{"time":46052,"key":"1Key3"},{"time":46052,"key":"1Key5"},{"time":46278,"key":"1Key7"},{"time":46391,"key":"1Key3"},{"time":46391,"key":"1Key5"},{"time":46504,"key":"1Key8"},{"time":46617,"key":"1Key3"},{"time":46730,"key":"1Key1"},{"time":46730,"key":"1Key5"},{"time":46956,"key":"1Key3"},{"time":46956,"key":"1Key5"},{"time":46956,"key":"1Key7"},{"time":47408,"key":"1Key1"},{"time":47408,"key":"1Key6"},{"time":47634,"key":"1Key1"},{"time":47860,"key":"1Key3"},{"time":47860,"key":"1Key5"},{"time":48086,"key":"1Key6"},{"time":48199,"key":"1Key3"},{"time":48199,"key":"1Key5"},{"time":48312,"key":"1Key8"},{"time":48425,"key":"1Key3"},{"time":48425,"key":"1Key5"},{"time":48538,"key":"1Key1"},{"time":48538,"key":"1Key8"},{"time":48764,"key":"1Key3"},{"time":48764,"key":"1Key5"},{"time":48764,"key":"1Key7"},{"time":48990,"key":"1Key7"},{"time":49216,"key":"1Key2"},{"time":49216,"key":"1Key6"},{"time":49442,"key":"1Key2"},{"time":49668,"key":"1Key4"},{"time":49668,"key":"1Key6"},{"time":50007,"key":"1Key4"},{"time":50120,"key":"1Key7"},{"time":50233,"key":"1Key4"},{"time":50346,"key":"1Key2"},{"time":50572,"key":"1Key4"},{"time":50572,"key":"1Key6"},{"time":51024,"key":"1Key5"},{"time":51250,"key":"1Key0"},{"time":51476,"key":"1Key2"},{"time":51476,"key":"1Key5"},{"time":51702,"key":"1Key5"},{"time":51815,"key":"1Key0"},{"time":51815,"key":"1Key2"},{"time":51928,"key":"1Key8"},{"time":52041,"key":"1Key2"},{"time":52041,"key":"1Key5"},{"time":52154,"key":"1Key0"},{"time":52380,"key":"1Key2"},{"time":52380,"key":"1Key5"},{"time":52380,"key":"1Key7"},{"time":52832,"key":"1Key1"},{"time":53058,"key":"1Key3"},{"time":53058,"key":"1Key8"},{"time":53284,"key":"1Key3"},{"time":53284,"key":"1Key5"},{"time":53510,"key":"1Key7"},{"time":53623,"key":"1Key3"},{"time":53623,"key":"1Key5"},{"time":53736,"key":"1Key8"},{"time":53849,"key":"1Key3"},{"time":53962,"key":"1Key1"},{"time":53962,"key":"1Key5"},{"time":54188,"key":"1Key3"},{"time":54188,"key":"1Key5"},{"time":54188,"key":"1Key7"},{"time":54640,"key":"1Key2"},{"time":54640,"key":"1Key6"},{"time":54866,"key":"1Key2"},{"time":55092,"key":"1Key4"},{"time":55318,"key":"1Key6"},{"time":55431,"key":"1Key2"},{"time":55431,"key":"1Key4"},{"time":55544,"key":"1Key8"},{"time":55657,"key":"1Key4"},{"time":55657,"key":"1Key6"},{"time":55770,"key":"1Key2"},{"time":55770,"key":"1Key8"},{"time":55996,"key":"1Key4"},{"time":55996,"key":"1Key7"},{"time":56222,"key":"1Key7"},{"time":56448,"key":"1Key2"},{"time":56448,"key":"1Key6"},{"time":56674,"key":"1Key2"},{"time":56900,"key":"1Key4"},{"time":56900,"key":"1Key6"},{"time":57239,"key":"1Key4"},{"time":57352,"key":"1Key7"},{"time":57465,"key":"1Key4"},{"time":57578,"key":"1Key2"},{"time":57804,"key":"1Key2"},{"time":57804,"key":"1Key4"},{"time":57804,"key":"1Key6"},{"time":58256,"key":"1Key0"},{"time":58256,"key":"1Key2"},{"time":58256,"key":"1Key5"}],"composedSong":[{"no":[{"n":2,"l":1},{"n":5,"l":1}],"co":"rgb(218, 216, 179)"},{"no":[],"co":"rgb(218, 216, 179)"},{"no":[],"co":"rgb(218, 216, 179)"},{"no":[],"co":"rgb(218, 216, 179)"},{"no":[],"co":"rgb(218, 216, 179)"},{"no":[],"co":"rgb(218, 216, 179)"},{"no":[{"n":2,"l":1},{"n":5,"l":1}],"co":"rgb(218, 216, 179)"},{"no":[],"co":"rgb(218, 216, 179)"},{"no":[{"n":8,"l":1}],"co":"rgb(218, 216, 179)"},{"no":[],"co":"rgb(218, 216, 179)"},{"no":[],"co":"rgb(218, 216, 179)"},{"no":[],"co":"rgb(218, 216, 179)"},{"no":[{"n":7,"l":1}],"co":"rgb(218, 216, 179)"},{"no":[],"co":"rgb(218, 216, 179)"},{"no":[],"co":"rgb(218, 216, 179)"},{"no":[],"co":"rgb(218, 216, 179)"},{"no":[{"n":3,"l":1}],"co":"rgb(218, 216, 179)"},{"no":[],"co":"rgb(218, 216, 179)"},{"no":[{"n":8,"l":1}],"co":"rgb(218, 216, 179)"},{"no":[],"co":"rgb(218, 216, 179)"},{"no":[],"co":"rgb(218, 216, 179)"},{"no":[{"n":7,"l":1}],"co":"rgb(218, 216, 179)"},{"no":[{"n":3,"l":1}],"co":"rgb(218, 216, 179)"},{"no":[],"co":"rgb(218, 216, 179)"},{"no":[{"n":8,"l":1}],"co":"rgb(218, 216, 179)"},{"no":[],"co":"rgb(218, 216, 179)"},{"no":[{"n":5,"l":1}],"co":"rgb(218, 216, 179)"},{"no":[],"co":"rgb(218, 216, 179)"},{"no":[{"n":7,"l":1}],"co":"rgb(218, 216, 179)"},{"no":[],"co":"rgb(218, 216, 179)"},{"no":[],"co":"rgb(218, 216, 179)"},{"no":[],"co":"rgb(218, 216, 179)"},{"no":[{"n":2,"l":1},{"n":6,"l":1}],"co":"rgb(218, 216, 179)"},{"no":[],"co":"rgb(218, 216, 179)"},{"no":[],"co":"rgb(218, 216, 179)"},{"no":[],"co":"rgb(218, 216, 179)"},{"no":[],"co":"rgb(218, 216, 179)"},{"no":[],"co":"rgb(218, 216, 179)"},{"no":[{"n":2,"l":1},{"n":6,"l":1}],"co":"rgb(218, 216, 179)"},{"no":[],"co":"rgb(218, 216, 179)"},{"no":[{"n":8,"l":1}],"co":"rgb(218, 216, 179)"},{"no":[],"co":"rgb(218, 216, 179)"},{"no":[{"n":8,"l":1}],"co":"rgb(218, 216, 179)"},{"no":[],"co":"rgb(218, 216, 179)"},{"no":[{"n":7,"l":1}],"co":"rgb(218, 216, 179)"},{"no":[],"co":"rgb(218, 216, 179)"},{"no":[{"n":7,"l":1}],"co":"rgb(218, 216, 179)"},{"no":[],"co":"rgb(218, 216, 179)"},{"no":[{"n":4,"l":1},{"n":6,"l":1}],"co":"rgb(218, 216, 179)"},{"no":[],"co":"rgb(218, 216, 179)"},{"no":[],"co":"rgb(218, 216, 179)"},{"no":[],"co":"rgb(218, 216, 179)"},{"no":[{"n":4,"l":1},{"n":6,"l":1}],"co":"rgb(218, 216, 179)"},{"no":[],"co":"rgb(218, 216, 179)"},{"no":[],"co":"rgb(218, 216, 179)"},{"no":[],"co":"rgb(218, 216, 179)"},{"no":[{"n":7,"l":1}],"co":"rgb(218, 216, 179)"},{"no":[],"co":"rgb(218, 216, 179)"},{"no":[],"co":"rgb(218, 216, 179)"},{"no":[],"co":"rgb(218, 216, 179)"},{"no":[{"n":6,"l":1}],"co":"rgb(218, 216, 179)"},{"no":[],"co":"rgb(218, 216, 179)"},{"no":[],"co":"rgb(218, 216, 179)"},{"no":[],"co":"rgb(218, 216, 179)"},{"no":[{"n":2,"l":1},{"n":5,"l":1}],"co":"rgb(218, 216, 179)"},{"no":[],"co":"rgb(218, 216, 179)"},{"no":[],"co":"rgb(218, 216, 179)"},{"no":[],"co":"rgb(218, 216, 179)"},{"no":[],"co":"rgb(218, 216, 179)"},{"no":[],"co":"rgb(218, 216, 179)"},{"no":[{"n":2,"l":1},{"n":5,"l":1}],"co":"rgb(218, 216, 179)"},{"no":[],"co":"rgb(218, 216, 179)"},{"no":[{"n":8,"l":1}],"co":"rgb(218, 216, 179)"},{"no":[],"co":"rgb(218, 216, 179)"},{"no":[],"co":"rgb(218, 216, 179)"},{"no":[],"co":"rgb(218, 216, 179)"},{"no":[{"n":7,"l":1}],"co":"rgb(218, 216, 179)"},{"no":[],"co":"rgb(218, 216, 179)"},{"no":[],"co":"rgb(218, 216, 179)"},{"no":[],"co":"rgb(218, 216, 179)"},{"no":[{"n":3,"l":1}],"co":"rgb(218, 216, 179)"},{"no":[],"co":"rgb(218, 216, 179)"},{"no":[{"n":8,"l":1}],"co":"rgb(218, 216, 179)"},{"no":[],"co":"rgb(218, 216, 179)"},{"no":[],"co":"rgb(218, 216, 179)"},{"no":[{"n":7,"l":1}],"co":"rgb(218, 216, 179)"},{"no":[{"n":3,"l":1}],"co":"rgb(218, 216, 179)"},{"no":[],"co":"rgb(218, 216, 179)"},{"no":[{"n":8,"l":1}],"co":"rgb(218, 216, 179)"},{"no":[],"co":"rgb(218, 216, 179)"},{"no":[{"n":5,"l":1}],"co":"rgb(218, 216, 179)"},{"no":[],"co":"rgb(218, 216, 179)"},{"no":[{"n":7,"l":1}],"co":"rgb(218, 216, 179)"},{"no":[],"co":"rgb(218, 216, 179)"},{"no":[],"co":"rgb(218, 216, 179)"},{"no":[],"co":"rgb(218, 216, 179)"},{"no":[{"n":2,"l":1},{"n":6,"l":1}],"co":"rgb(218, 216, 179)"},{"no":[],"co":"rgb(218, 216, 179)"},{"no":[],"co":"rgb(218, 216, 179)"},{"no":[],"co":"rgb(218, 216, 179)"},{"no":[],"co":"rgb(218, 216, 179)"},{"no":[],"co":"rgb(218, 216, 179)"},{"no":[{"n":2,"l":1},{"n":6,"l":1}],"co":"rgb(218, 216, 179)"},{"no":[],"co":"rgb(218, 216, 179)"},{"no":[{"n":8,"l":1}],"co":"rgb(218, 216, 179)"},{"no":[],"co":"rgb(218, 216, 179)"},{"no":[{"n":8,"l":1}],"co":"rgb(218, 216, 179)"},{"no":[],"co":"rgb(218, 216, 179)"},{"no":[{"n":7,"l":1}],"co":"rgb(218, 216, 179)"},{"no":[],"co":"rgb(218, 216, 179)"},{"no":[{"n":7,"l":1}],"co":"rgb(218, 216, 179)"},{"no":[],"co":"rgb(218, 216, 179)"},{"no":[{"n":4,"l":1},{"n":6,"l":1}],"co":"rgb(218, 216, 179)"},{"no":[],"co":"rgb(218, 216, 179)"},{"no":[],"co":"rgb(218, 216, 179)"},{"no":[],"co":"rgb(218, 216, 179)"},{"no":[{"n":6,"l":1}],"co":"rgb(218, 216, 179)"},{"no":[],"co":"rgb(218, 216, 179)"},{"no":[{"n":4,"l":1}],"co":"rgb(218, 216, 179)"},{"no":[],"co":"rgb(218, 216, 179)"},{"no":[{"n":7,"l":1}],"co":"rgb(218, 216, 179)"},{"no":[],"co":"rgb(218, 216, 179)"},{"no":[],"co":"rgb(218, 216, 179)"},{"no":[],"co":"rgb(218, 216, 179)"},{"no":[{"n":6,"l":1}],"co":"rgb(218, 216, 179)"},{"no":[],"co":"rgb(218, 216, 179)"},{"no":[],"co":"rgb(218, 216, 179)"},{"no":[],"co":"rgb(218, 216, 179)"},{"no":[{"n":2,"l":1},{"n":5,"l":1}],"co":"rgb(218, 216, 179)"},{"no":[],"co":"rgb(218, 216, 179)"},{"no":[],"co":"rgb(218, 216, 179)"},{"no":[],"co":"rgb(218, 216, 179)"},{"no":[],"co":"rgb(218, 216, 179)"},{"no":[],"co":"rgb(218, 216, 179)"},{"no":[{"n":5,"l":1},{"n":8,"l":1}],"co":"rgb(218, 216, 179)"},{"no":[],"co":"rgb(218, 216, 179)"},{"no":[],"co":"rgb(218, 216, 179)"},{"no":[],"co":"rgb(218, 216, 179)"},{"no":[{"n":7,"l":1}],"co":"rgb(218, 216, 179)"},{"no":[],"co":"rgb(218, 216, 179)"},{"no":[{"n":7,"l":1}],"co":"rgb(218, 216, 179)"},{"no":[],"co":"rgb(218, 216, 179)"},{"no":[],"co":"rgb(218, 216, 179)"},{"no":[],"co":"rgb(218, 216, 179)"},{"no":[{"n":3,"l":1}],"co":"rgb(218, 216, 179)"},{"no":[],"co":"rgb(218, 216, 179)"},{"no":[],"co":"rgb(218, 216, 179)"},{"no":[],"co":"rgb(218, 216, 179)"},{"no":[],"co":"rgb(218, 216, 179)"},{"no":[{"n":5,"l":1}],"co":"rgb(218, 216, 179)"},{"no":[{"n":3,"l":1},{"n":8,"l":1}],"co":"rgb(218, 216, 179)"},{"no":[],"co":"rgb(218, 216, 179)"},{"no":[],"co":"rgb(218, 216, 179)"},{"no":[],"co":"rgb(218, 216, 179)"},{"no":[{"n":7,"l":1}],"co":"rgb(218, 216, 179)"},{"no":[],"co":"rgb(218, 216, 179)"},{"no":[{"n":7,"l":1}],"co":"rgb(218, 216, 179)"},{"no":[],"co":"rgb(218, 216, 179)"},{"no":[],"co":"rgb(218, 216, 179)"},{"no":[],"co":"rgb(218, 216, 179)"},{"no":[{"n":4,"l":1}],"co":"rgb(218, 216, 179)"},{"no":[],"co":"rgb(218, 216, 179)"},{"no":[],"co":"rgb(218, 216, 179)"},{"no":[],"co":"rgb(218, 216, 179)"},{"no":[],"co":"rgb(218, 216, 179)"},{"no":[],"co":"rgb(218, 216, 179)"},{"no":[{"n":4,"l":1},{"n":6,"l":1}],"co":"rgb(218, 216, 179)"},{"no":[{"n":8,"l":1}],"co":"rgb(218, 216, 179)"},{"no":[],"co":"rgb(218, 216, 179)"},{"no":[],"co":"rgb(218, 216, 179)"},{"no":[{"n":7,"l":1}],"co":"rgb(218, 216, 179)"},{"no":[],"co":"rgb(218, 216, 179)"},{"no":[{"n":7,"l":1}],"co":"rgb(218, 216, 179)"},{"no":[],"co":"rgb(218, 216, 179)"},{"no":[{"n":7,"l":1}],"co":"rgb(218, 216, 179)"},{"no":[],"co":"rgb(218, 216, 179)"},{"no":[{"n":2,"l":1},{"n":6,"l":1}],"co":"rgb(218, 216, 179)"},{"no":[],"co":"rgb(218, 216, 179)"},{"no":[],"co":"rgb(218, 216, 179)"},{"no":[{"n":6,"l":1}],"co":"rgb(218, 216, 179)"},{"no":[{"n":6,"l":1}],"co":"rgb(218, 216, 179)"},{"no":[],"co":"rgb(218, 216, 179)"},{"no":[{"n":2,"l":1}],"co":"rgb(218, 216, 179)"},{"no":[{"n":6,"l":1}],"co":"rgb(218, 216, 179)"},{"no":[{"n":6,"l":1}],"co":"rgb(218, 216, 179)"},{"no":[],"co":"rgb(218, 216, 179)"},{"no":[{"n":7,"l":1}],"co":"rgb(218, 216, 179)"},{"no":[],"co":"rgb(218, 216, 179)"},{"no":[{"n":7,"l":1}],"co":"rgb(218, 216, 179)"},{"no":[],"co":"rgb(218, 216, 179)"},{"no":[],"co":"rgb(218, 216, 179)"},{"no":[],"co":"rgb(218, 216, 179)"},{"no":[{"n":2,"l":1},{"n":5,"l":1}],"co":"rgb(218, 216, 179)"},{"no":[],"co":"rgb(218, 216, 179)"},{"no":[],"co":"rgb(218, 216, 179)"},{"no":[],"co":"rgb(218, 216, 179)"},{"no":[],"co":"rgb(218, 216, 179)"},{"no":[{"n":5,"l":1}],"co":"rgb(218, 216, 179)"},{"no":[{"n":2,"l":1},{"n":8,"l":1}],"co":"rgb(218, 216, 179)"},{"no":[],"co":"rgb(218, 216, 179)"},{"no":[],"co":"rgb(218, 216, 179)"},{"no":[],"co":"rgb(218, 216, 179)"},{"no":[{"n":7,"l":1}],"co":"rgb(218, 216, 179)"},{"no":[],"co":"rgb(218, 216, 179)"},{"no":[{"n":7,"l":1}],"co":"rgb(218, 216, 179)"},{"no":[],"co":"rgb(218, 216, 179)"},{"no":[],"co":"rgb(218, 216, 179)"},{"no":[],"co":"rgb(218, 216, 179)"},{"no":[{"n":3,"l":1}],"co":"rgb(218, 216, 179)"},{"no":[],"co":"rgb(218, 216, 179)"},{"no":[],"co":"rgb(218, 216, 179)"},{"no":[],"co":"rgb(218, 216, 179)"},{"no":[],"co":"rgb(218, 216, 179)"},{"no":[{"n":5,"l":1}],"co":"rgb(218, 216, 179)"},{"no":[{"n":3,"l":1},{"n":8,"l":1}],"co":"rgb(218, 216, 179)"},{"no":[],"co":"rgb(218, 216, 179)"},{"no":[],"co":"rgb(218, 216, 179)"},{"no":[],"co":"rgb(218, 216, 179)"},{"no":[{"n":7,"l":1}],"co":"rgb(218, 216, 179)"},{"no":[],"co":"rgb(218, 216, 179)"},{"no":[{"n":7,"l":1}],"co":"rgb(218, 216, 179)"},{"no":[],"co":"rgb(218, 216, 179)"},{"no":[],"co":"rgb(218, 216, 179)"},{"no":[],"co":"rgb(218, 216, 179)"},{"no":[{"n":4,"l":1}],"co":"rgb(218, 216, 179)"},{"no":[],"co":"rgb(218, 216, 179)"},{"no":[],"co":"rgb(218, 216, 179)"},{"no":[],"co":"rgb(218, 216, 179)"},{"no":[],"co":"rgb(218, 216, 179)"},{"no":[],"co":"rgb(218, 216, 179)"},{"no":[{"n":4,"l":1},{"n":6,"l":1}],"co":"rgb(218, 216, 179)"},{"no":[{"n":8,"l":1}],"co":"rgb(218, 216, 179)"},{"no":[],"co":"rgb(218, 216, 179)"},{"no":[],"co":"rgb(218, 216, 179)"},{"no":[{"n":7,"l":1}],"co":"rgb(218, 216, 179)"},{"no":[],"co":"rgb(218, 216, 179)"},{"no":[{"n":7,"l":1}],"co":"rgb(218, 216, 179)"},{"no":[],"co":"rgb(218, 216, 179)"},{"no":[],"co":"rgb(218, 216, 179)"},{"no":[{"n":7,"l":1}],"co":"rgb(218, 216, 179)"},{"no":[{"n":2,"l":1},{"n":6,"l":1}],"co":"rgb(218, 216, 179)"},{"no":[],"co":"rgb(218, 216, 179)"},{"no":[{"n":6,"l":1}],"co":"rgb(218, 216, 179)"},{"no":[],"co":"rgb(218, 216, 179)"},{"no":[{"n":6,"l":1}],"co":"rgb(218, 216, 179)"},{"no":[],"co":"rgb(218, 216, 179)"},{"no":[{"n":2,"l":1}],"co":"rgb(218, 216, 179)"},{"no":[{"n":6,"l":1}],"co":"rgb(218, 216, 179)"},{"no":[{"n":6,"l":1}],"co":"rgb(218, 216, 179)"},{"no":[],"co":"rgb(218, 216, 179)"},{"no":[{"n":7,"l":1}],"co":"rgb(218, 216, 179)"},{"no":[],"co":"rgb(218, 216, 179)"},{"no":[{"n":7,"l":1}],"co":"rgb(218, 216, 179)"},{"no":[],"co":"rgb(218, 216, 179)"},{"no":[{"n":5,"l":1}],"co":"rgb(218, 216, 179)"},{"no":[],"co":"rgb(218, 216, 179)"},{"no":[{"n":2,"l":1},{"n":5,"l":1},{"n":7,"l":1}],"co":"rgb(218, 216, 179)"},{"no":[{"n":5,"l":1}],"co":"rgb(218, 216, 179)"},{"no":[{"n":5,"l":1}],"co":"rgb(218, 216, 179)"},{"no":[{"n":5,"l":1}],"co":"rgb(218, 216, 179)"},{"no":[],"co":"rgb(218, 216, 179)"},{"no":[{"n":5,"l":1}],"co":"rgb(218, 216, 179)"},{"no":[{"n":2,"l":1}],"co":"rgb(218, 216, 179)"},{"no":[{"n":5,"l":1}],"co":"rgb(218, 216, 179)"},{"no":[{"n":5,"l":1}],"co":"rgb(218, 216, 179)"},{"no":[],"co":"rgb(218, 216, 179)"},{"no":[{"n":5,"l":1}],"co":"rgb(218, 216, 179)"},{"no":[],"co":"rgb(218, 216, 179)"},{"no":[{"n":5,"l":1}],"co":"rgb(218, 216, 179)"},{"no":[],"co":"rgb(218, 216, 179)"},{"no":[{"n":5,"l":1}],"co":"rgb(218, 216, 179)"},{"no":[],"co":"rgb(218, 216, 179)"},{"no":[{"n":3,"l":1},{"n":7,"l":1}],"co":"rgb(218, 216, 179)"},{"no":[{"n":5,"l":1}],"co":"rgb(218, 216, 179)"},{"no":[{"n":5,"l":1}],"co":"rgb(218, 216, 179)"},{"no":[{"n":5,"l":1}],"co":"rgb(218, 216, 179)"},{"no":[],"co":"rgb(218, 216, 179)"},{"no":[{"n":5,"l":1}],"co":"rgb(218, 216, 179)"},{"no":[{"n":3,"l":1}],"co":"rgb(218, 216, 179)"},{"no":[{"n":5,"l":1}],"co":"rgb(218, 216, 179)"},{"no":[{"n":5,"l":1}],"co":"rgb(218, 216, 179)"},{"no":[],"co":"rgb(218, 216, 179)"},{"no":[{"n":5,"l":1}],"co":"rgb(218, 216, 179)"},{"no":[],"co":"rgb(218, 216, 179)"},{"no":[{"n":5,"l":1}],"co":"rgb(218, 216, 179)"},{"no":[],"co":"rgb(218, 216, 179)"},{"no":[],"co":"rgb(218, 216, 179)"},{"no":[],"co":"rgb(218, 216, 179)"},{"no":[{"n":3,"l":1},{"n":6,"l":1},{"n":7,"l":1}],"co":"rgb(218, 216, 179)"},{"no":[{"n":5,"l":1}],"co":"rgb(218, 216, 179)"},{"no":[{"n":5,"l":1}],"co":"rgb(218, 216, 179)"},{"no":[{"n":5,"l":1}],"co":"rgb(218, 216, 179)"},{"no":[],"co":"rgb(218, 216, 179)"},{"no":[{"n":5,"l":1}],"co":"rgb(218, 216, 179)"},{"no":[{"n":3,"l":1}],"co":"rgb(218, 216, 179)"},{"no":[{"n":5,"l":1}],"co":"rgb(218, 216, 179)"},{"no":[{"n":5,"l":1}],"co":"rgb(218, 216, 179)"},{"no":[],"co":"rgb(218, 216, 179)"},{"no":[{"n":5,"l":1}],"co":"rgb(218, 216, 179)"},{"no":[],"co":"rgb(218, 216, 179)"},{"no":[{"n":5,"l":1}],"co":"rgb(218, 216, 179)"},{"no":[],"co":"rgb(218, 216, 179)"},{"no":[{"n":5,"l":1}],"co":"rgb(218, 216, 179)"},{"no":[{"n":5,"l":1}],"co":"rgb(218, 216, 179)"},{"no":[{"n":2,"l":1},{"n":7,"l":1}],"co":"rgb(218, 216, 179)"},{"no":[],"co":"rgb(218, 216, 179)"},{"no":[{"n":5,"l":1}],"co":"rgb(218, 216, 179)"},{"no":[{"n":5,"l":1}],"co":"rgb(218, 216, 179)"},{"no":[{"n":5,"l":1}],"co":"rgb(218, 216, 179)"},{"no":[],"co":"rgb(218, 216, 179)"},{"no":[{"n":2,"l":1},{"n":5,"l":1}],"co":"rgb(218, 216, 179)"},{"no":[],"co":"rgb(218, 216, 179)"},{"no":[{"n":5,"l":1}],"co":"rgb(218, 216, 179)"},{"no":[],"co":"rgb(218, 216, 179)"},{"no":[{"n":5,"l":1}],"co":"rgb(218, 216, 179)"},{"no":[{"n":5,"l":1}],"co":"rgb(218, 216, 179)"},{"no":[],"co":"rgb(218, 216, 179)"},{"no":[],"co":"rgb(218, 216, 179)"},{"no":[{"n":5,"l":1}],"co":"rgb(218, 216, 179)"},{"no":[],"co":"rgb(218, 216, 179)"},{"no":[{"n":1,"l":1},{"n":5,"l":1},{"n":7,"l":1}],"co":"rgb(218, 216, 179)"},{"no":[],"co":"rgb(218, 216, 179)"},{"no":[{"n":5,"l":1}],"co":"rgb(218, 216, 179)"},{"no":[{"n":5,"l":1}],"co":"rgb(218, 216, 179)"},{"no":[],"co":"rgb(218, 216, 179)"},{"no":[{"n":5,"l":1}],"co":"rgb(218, 216, 179)"},{"no":[{"n":1,"l":1},{"n":5,"l":1}],"co":"rgb(218, 216, 179)"},{"no":[],"co":"rgb(218, 216, 179)"},{"no":[{"n":8,"l":1}],"co":"rgb(218, 216, 179)"},{"no":[],"co":"rgb(218, 216, 179)"},{"no":[],"co":"rgb(218, 216, 179)"},{"no":[],"co":"rgb(218, 216, 179)"},{"no":[{"n":7,"l":1}],"co":"rgb(218, 216, 179)"},{"no":[],"co":"rgb(218, 216, 179)"},{"no":[],"co":"rgb(218, 216, 179)"},{"no":[{"n":5,"l":1}],"co":"rgb(218, 216, 179)"},{"no":[{"n":3,"l":1},{"n":5,"l":1}],"co":"rgb(218, 216, 179)"},{"no":[],"co":"rgb(218, 216, 179)"},{"no":[{"n":5,"l":1}],"co":"rgb(218, 216, 179)"},{"no":[{"n":5,"l":1}],"co":"rgb(218, 216, 179)"},{"no":[],"co":"rgb(218, 216, 179)"},{"no":[{"n":5,"l":1}],"co":"rgb(218, 216, 179)"},{"no":[{"n":3,"l":1},{"n":5,"l":1}],"co":"rgb(218, 216, 179)"},{"no":[],"co":"rgb(218, 216, 179)"},{"no":[{"n":8,"l":1}],"co":"rgb(218, 216, 179)"},{"no":[],"co":"rgb(218, 216, 179)"},{"no":[{"n":5,"l":1}],"co":"rgb(218, 216, 179)"},{"no":[],"co":"rgb(218, 216, 179)"},{"no":[{"n":7,"l":1}],"co":"rgb(218, 216, 179)"},{"no":[],"co":"rgb(218, 216, 179)"},{"no":[],"co":"rgb(218, 216, 179)"},{"no":[],"co":"rgb(218, 216, 179)"},{"no":[{"n":2,"l":1},{"n":4,"l":1},{"n":6,"l":1}],"co":"rgb(218, 216, 179)"},{"no":[],"co":"rgb(218, 216, 179)"},{"no":[],"co":"rgb(218, 216, 179)"},{"no":[],"co":"rgb(218, 216, 179)"},{"no":[],"co":"rgb(218, 216, 179)"},{"no":[],"co":"rgb(218, 216, 179)"},{"no":[{"n":2,"l":1},{"n":4,"l":1}],"co":"rgb(218, 216, 179)"},{"no":[],"co":"rgb(218, 216, 179)"},{"no":[],"co":"rgb(218, 216, 179)"},{"no":[],"co":"rgb(218, 216, 179)"},{"no":[{"n":6,"l":1}],"co":"rgb(218, 216, 179)"},{"no":[],"co":"rgb(218, 216, 179)"},{"no":[{"n":5,"l":1}],"co":"rgb(218, 216, 179)"},{"no":[],"co":"rgb(218, 216, 179)"},{"no":[{"n":7,"l":1}],"co":"rgb(218, 216, 179)"},{"no":[],"co":"rgb(218, 216, 179)"},{"no":[{"n":2,"l":1},{"n":6,"l":1}],"co":"rgb(218, 216, 179)"},{"no":[],"co":"rgb(218, 216, 179)"},{"no":[],"co":"rgb(218, 216, 179)"},{"no":[],"co":"rgb(218, 216, 179)"},{"no":[],"co":"rgb(218, 216, 179)"},{"no":[],"co":"rgb(218, 216, 179)"},{"no":[{"n":2,"l":1}],"co":"rgb(218, 216, 179)"},{"no":[],"co":"rgb(218, 216, 179)"},{"no":[],"co":"rgb(218, 216, 179)"},{"no":[],"co":"rgb(218, 216, 179)"},{"no":[{"n":6,"l":1}],"co":"rgb(218, 216, 179)"},{"no":[],"co":"rgb(218, 216, 179)"},{"no":[{"n":6,"l":1}],"co":"rgb(218, 216, 179)"},{"no":[],"co":"rgb(218, 216, 179)"},{"no":[{"n":6,"l":1}],"co":"rgb(218, 216, 179)"},{"no":[],"co":"rgb(218, 216, 179)"},{"no":[{"n":2,"l":1},{"n":5,"l":1}],"co":"rgb(218, 216, 179)"},{"no":[],"co":"rgb(218, 216, 179)"},{"no":[{"n":0,"l":1}],"co":"rgb(218, 216, 179)"},{"no":[],"co":"rgb(218, 216, 179)"},{"no":[{"n":2,"l":1},{"n":5,"l":1}],"co":"rgb(218, 216, 179)"},{"no":[],"co":"rgb(218, 216, 179)"},{"no":[{"n":5,"l":1}],"co":"rgb(218, 216, 179)"},{"no":[{"n":2,"l":1}],"co":"rgb(218, 216, 179)"},{"no":[{"n":8,"l":1}],"co":"rgb(218, 216, 179)"},{"no":[{"n":2,"l":1},{"n":5,"l":1}],"co":"rgb(218, 216, 179)"},{"no":[{"n":0,"l":1}],"co":"rgb(218, 216, 179)"},{"no":[],"co":"rgb(218, 216, 179)"},{"no":[{"n":2,"l":1},{"n":5,"l":1},{"n":7,"l":1}],"co":"rgb(218, 216, 179)"},{"no":[],"co":"rgb(218, 216, 179)"},{"no":[],"co":"rgb(218, 216, 179)"},{"no":[],"co":"rgb(218, 216, 179)"},{"no":[{"n":1,"l":1}],"co":"rgb(218, 216, 179)"},{"no":[],"co":"rgb(218, 216, 179)"},{"no":[{"n":1,"l":1},{"n":3,"l":1},{"n":8,"l":1}],"co":"rgb(218, 216, 179)"},{"no":[],"co":"rgb(218, 216, 179)"},{"no":[{"n":3,"l":1},{"n":5,"l":1}],"co":"rgb(218, 216, 179)"},{"no":[],"co":"rgb(218, 216, 179)"},{"no":[{"n":7,"l":1}],"co":"rgb(218, 216, 179)"},{"no":[{"n":3,"l":1},{"n":5,"l":1}],"co":"rgb(218, 216, 179)"},{"no":[{"n":8,"l":1}],"co":"rgb(218, 216, 179)"},{"no":[{"n":3,"l":1}],"co":"rgb(218, 216, 179)"},{"no":[{"n":1,"l":1},{"n":5,"l":1}],"co":"rgb(218, 216, 179)"},{"no":[],"co":"rgb(218, 216, 179)"},{"no":[{"n":3,"l":1},{"n":5,"l":1},{"n":7,"l":1}],"co":"rgb(218, 216, 179)"},{"no":[],"co":"rgb(218, 216, 179)"},{"no":[],"co":"rgb(218, 216, 179)"},{"no":[],"co":"rgb(218, 216, 179)"},{"no":[{"n":1,"l":1},{"n":6,"l":1}],"co":"rgb(218, 216, 179)"},{"no":[],"co":"rgb(218, 216, 179)"},{"no":[{"n":1,"l":1}],"co":"rgb(218, 216, 179)"},{"no":[],"co":"rgb(218, 216, 179)"},{"no":[{"n":3,"l":1},{"n":5,"l":1}],"co":"rgb(218, 216, 179)"},{"no":[],"co":"rgb(218, 216, 179)"},{"no":[{"n":6,"l":1}],"co":"rgb(218, 216, 179)"},{"no":[{"n":3,"l":1},{"n":5,"l":1}],"co":"rgb(218, 216, 179)"},{"no":[{"n":8,"l":1}],"co":"rgb(218, 216, 179)"},{"no":[{"n":3,"l":1},{"n":5,"l":1}],"co":"rgb(218, 216, 179)"},{"no":[{"n":1,"l":1},{"n":8,"l":1}],"co":"rgb(218, 216, 179)"},{"no":[],"co":"rgb(218, 216, 179)"},{"no":[{"n":3,"l":1},{"n":5,"l":1},{"n":7,"l":1}],"co":"rgb(218, 216, 179)"},{"no":[],"co":"rgb(218, 216, 179)"},{"no":[{"n":7,"l":1}],"co":"rgb(218, 216, 179)"},{"no":[],"co":"rgb(218, 216, 179)"},{"no":[{"n":2,"l":1},{"n":6,"l":1}],"co":"rgb(218, 216, 179)"},{"no":[],"co":"rgb(218, 216, 179)"},{"no":[{"n":2,"l":1}],"co":"rgb(218, 216, 179)"},{"no":[],"co":"rgb(218, 216, 179)"},{"no":[{"n":4,"l":1},{"n":6,"l":1}],"co":"rgb(218, 216, 179)"},{"no":[],"co":"rgb(218, 216, 179)"},{"no":[],"co":"rgb(218, 216, 179)"},{"no":[{"n":4,"l":1}],"co":"rgb(218, 216, 179)"},{"no":[{"n":7,"l":1}],"co":"rgb(218, 216, 179)"},{"no":[{"n":4,"l":1}],"co":"rgb(218, 216, 179)"},{"no":[{"n":2,"l":1}],"co":"rgb(218, 216, 179)"},{"no":[],"co":"rgb(218, 216, 179)"},{"no":[{"n":4,"l":1},{"n":6,"l":1}],"co":"rgb(218, 216, 179)"},{"no":[],"co":"rgb(218, 216, 179)"},{"no":[],"co":"rgb(218, 216, 179)"},{"no":[],"co":"rgb(218, 216, 179)"},{"no":[{"n":5,"l":1}],"co":"rgb(218, 216, 179)"},{"no":[],"co":"rgb(218, 216, 179)"},{"no":[{"n":0,"l":1}],"co":"rgb(218, 216, 179)"},{"no":[],"co":"rgb(218, 216, 179)"},{"no":[{"n":2,"l":1},{"n":5,"l":1}],"co":"rgb(218, 216, 179)"},{"no":[],"co":"rgb(218, 216, 179)"},{"no":[{"n":5,"l":1}],"co":"rgb(218, 216, 179)"},{"no":[{"n":0,"l":1},{"n":2,"l":1}],"co":"rgb(218, 216, 179)"},{"no":[{"n":8,"l":1}],"co":"rgb(218, 216, 179)"},{"no":[{"n":2,"l":1},{"n":5,"l":1}],"co":"rgb(218, 216, 179)"},{"no":[{"n":0,"l":1}],"co":"rgb(218, 216, 179)"},{"no":[],"co":"rgb(218, 216, 179)"},{"no":[{"n":2,"l":1},{"n":5,"l":1},{"n":7,"l":1}],"co":"rgb(218, 216, 179)"},{"no":[],"co":"rgb(218, 216, 179)"},{"no":[],"co":"rgb(218, 216, 179)"},{"no":[],"co":"rgb(218, 216, 179)"},{"no":[{"n":1,"l":1}],"co":"rgb(218, 216, 179)"},{"no":[],"co":"rgb(218, 216, 179)"},{"no":[{"n":3,"l":1},{"n":8,"l":1}],"co":"rgb(218, 216, 179)"},{"no":[],"co":"rgb(218, 216, 179)"},{"no":[{"n":3,"l":1},{"n":5,"l":1}],"co":"rgb(218, 216, 179)"},{"no":[],"co":"rgb(218, 216, 179)"},{"no":[{"n":7,"l":1}],"co":"rgb(218, 216, 179)"},{"no":[{"n":3,"l":1},{"n":5,"l":1}],"co":"rgb(218, 216, 179)"},{"no":[{"n":8,"l":1}],"co":"rgb(218, 216, 179)"},{"no":[{"n":3,"l":1}],"co":"rgb(218, 216, 179)"},{"no":[{"n":1,"l":1},{"n":5,"l":1}],"co":"rgb(218, 216, 179)"},{"no":[],"co":"rgb(218, 216, 179)"},{"no":[{"n":3,"l":1},{"n":5,"l":1},{"n":7,"l":1}],"co":"rgb(218, 216, 179)"},{"no":[],"co":"rgb(218, 216, 179)"},{"no":[],"co":"rgb(218, 216, 179)"},{"no":[],"co":"rgb(218, 216, 179)"},{"no":[{"n":2,"l":1},{"n":6,"l":1}],"co":"rgb(218, 216, 179)"},{"no":[],"co":"rgb(218, 216, 179)"},{"no":[{"n":2,"l":1}],"co":"rgb(218, 216, 179)"},{"no":[],"co":"rgb(218, 216, 179)"},{"no":[{"n":4,"l":1}],"co":"rgb(218, 216, 179)"},{"no":[],"co":"rgb(218, 216, 179)"},{"no":[{"n":6,"l":1}],"co":"rgb(218, 216, 179)"},{"no":[{"n":2,"l":1},{"n":4,"l":1}],"co":"rgb(218, 216, 179)"},{"no":[{"n":8,"l":1}],"co":"rgb(218, 216, 179)"},{"no":[{"n":4,"l":1},{"n":6,"l":1}],"co":"rgb(218, 216, 179)"},{"no":[{"n":2,"l":1},{"n":8,"l":1}],"co":"rgb(218, 216, 179)"},{"no":[],"co":"rgb(218, 216, 179)"},{"no":[{"n":4,"l":1},{"n":7,"l":1}],"co":"rgb(218, 216, 179)"},{"no":[],"co":"rgb(218, 216, 179)"},{"no":[{"n":7,"l":1}],"co":"rgb(218, 216, 179)"},{"no":[],"co":"rgb(218, 216, 179)"},{"no":[{"n":2,"l":1},{"n":6,"l":1}],"co":"rgb(218, 216, 179)"},{"no":[],"co":"rgb(218, 216, 179)"},{"no":[{"n":2,"l":1}],"co":"rgb(218, 216, 179)"},{"no":[],"co":"rgb(218, 216, 179)"},{"no":[{"n":4,"l":1},{"n":6,"l":1}],"co":"rgb(218, 216, 179)"},{"no":[],"co":"rgb(218, 216, 179)"},{"no":[],"co":"rgb(218, 216, 179)"},{"no":[{"n":4,"l":1}],"co":"rgb(218, 216, 179)"},{"no":[{"n":7,"l":1}],"co":"rgb(218, 216, 179)"},{"no":[{"n":4,"l":1}],"co":"rgb(218, 216, 179)"},{"no":[{"n":2,"l":1}],"co":"rgb(218, 216, 179)"},{"no":[],"co":"rgb(218, 216, 179)"},{"no":[{"n":2,"l":1},{"n":4,"l":1},{"n":6,"l":1}],"co":"rgb(218, 216, 179)"},{"no":[],"co":"rgb(218, 216, 179)"},{"no":[],"co":"rgb(218, 216, 179)"},{"no":[],"co":"rgb(218, 216, 179)"},{"no":[{"n":0,"l":1},{"n":2,"l":1},{"n":5,"l":1}],"co":"rgb(218, 216, 179)"},{"no":[],"co":"rgb(218, 216, 179)"},{"no":[],"co":"rgb(218, 216, 179)"},{"no":[],"co":"rgb(218, 216, 179)"}]}]