[{"name":"BigFish (Begonia) _Hard","bpm":150,"bitsPerPage":16,"pitchLevel":1,"isComposed":true,"songNotes":[{"time":400,"key":"1Key3"},{"time":400,"key":"1Key5"},{"time":400,"key":"1Key7"},{"time":400,"key":"1Key9"},{"time":800,"key":"1Key5"},{"time":800,"key":"1Key8"},{"time":1200,"key":"1Key7"},{"time":1200,"key":"1Key9"},{"time":1600,"key":"1Key12"},{"time":2000,"key":"1Key4"},{"time":2000,"key":"1Key6"},{"time":2000,"key":"1Key8"},{"time":2000,"key":"1Key9"},{"time":2400,"key":"1Key6"},{"time":2400,"key":"1Key8"},{"time":2800,"key":"1Key8"},{"time":2800,"key":"1Key9"},{"time":3200,"key":"1Key13"},{"time":3600,"key":"1Key5"},{"time":3600,"key":"1Key7"},{"time":3600,"key":"1Key8"},{"time":3600,"key":"1Key9"},{"time":4000,"key":"1Key6"},{"time":4000,"key":"1Key8"},{"time":4400,"key":"1Key7"},{"time":4400,"key":"1Key9"},{"time":4800,"key":"1Key9"},{"time":4800,"key":"1Key12"},{"time":4800,"key":"1Key14"},{"time":5200,"key":"1Key8"},{"time":5200,"key":"1Key11"},{"time":5200,"key":"1Key13"},{"time":6000,"key":"1Key6"},{"time":6000,"key":"1Key8"},{"time":6000,"key":"1Key11"},{"time":6800,"key":"1Key3"},{"time":6800,"key":"1Key5"},{"time":6800,"key":"1Key7"},{"time":6800,"key":"1Key9"},{"time":7200,"key":"1Key5"},{"time":7200,"key":"1Key8"},{"time":7600,"key":"1Key7"},{"time":7600,"key":"1Key9"},{"time":8000,"key":"1Key12"},{"time":8400,"key":"1Key4"},{"time":8400,"key":"1Key6"},{"time":8400,"key":"1Key8"},{"time":8400,"key":"1Key9"},{"time":8800,"key":"1Key6"},{"time":8800,"key":"1Key8"},{"time":9200,"key":"1Key8"},{"time":9200,"key":"1Key9"},{"time":9600,"key":"1Key13"},{"time":10000,"key":"1Key1"},{"time":10000,"key":"1Key8"},{"time":10000,"key":"1Key9"},{"time":10000,"key":"1Key11"},{"time":10400,"key":"1Key1"},{"time":10800,"key":"1Key2"},{"time":10800,"key":"1Key6"},{"time":10800,"key":"1Key8"},{"time":11200,"key":"1Key4"},{"time":11600,"key":"1Key2"},{"time":11600,"key":"1Key4"},{"time":11600,"key":"1Key6"},{"time":12400,"key":"1Key1"},{"time":12400,"key":"1Key2"},{"time":12400,"key":"1Key4"},{"time":13600,"key":"1Key3"},{"time":13600,"key":"1Key5"},{"time":13600,"key":"1Key7"},{"time":13600,"key":"1Key9"},{"time":14000,"key":"1Key5"},{"time":14000,"key":"1Key8"},{"time":14400,"key":"1Key7"},{"time":14400,"key":"1Key9"},{"time":14800,"key":"1Key12"},{"time":15200,"key":"1Key4"},{"time":15200,"key":"1Key6"},{"time":15200,"key":"1Key8"},{"time":15200,"key":"1Key9"},{"time":15600,"key":"1Key6"},{"time":15600,"key":"1Key8"},{"time":16000,"key":"1Key8"},{"time":16000,"key":"1Key9"},{"time":16400,"key":"1Key13"},{"time":16800,"key":"1Key5"},{"time":16800,"key":"1Key7"},{"time":16800,"key":"1Key8"},{"time":16800,"key":"1Key9"},{"time":17200,"key":"1Key6"},{"time":17200,"key":"1Key8"},{"time":17600,"key":"1Key7"},{"time":17600,"key":"1Key9"},{"time":18000,"key":"1Key9"},{"time":18000,"key":"1Key12"},{"time":18000,"key":"1Key14"},{"time":18400,"key":"1Key8"},{"time":18400,"key":"1Key11"},{"time":18400,"key":"1Key13"},{"time":19200,"key":"1Key6"},{"time":19200,"key":"1Key8"},{"time":19200,"key":"1Key11"},{"time":20000,"key":"1Key1"},{"time":20000,"key":"1Key3"},{"time":20000,"key":"1Key5"},{"time":20000,"key":"1Key8"},{"time":20400,"key":"1Key9"},{"time":20800,"key":"1Key5"},{"time":21600,"key":"1Key2"},{"time":21600,"key":"1Key4"},{"time":21600,"key":"1Key6"},{"time":21600,"key":"1Key8"},{"time":22000,"key":"1Key9"},{"time":22400,"key":"1Key5"},{"time":22800,"key":"1Key4"},{"time":23200,"key":"1Key0"},{"time":23200,"key":"1Key2"},{"time":23200,"key":"1Key5"},{"time":24000,"key":"1Key6"},{"time":24000,"key":"1Key13"},{"time":24800,"key":"1Key7"},{"time":24800,"key":"1Key14"},{"time":25600,"key":"1Key6"},{"time":25600,"key":"1Key13"},{"time":26400,"key":"1Key0"},{"time":26400,"key":"1Key2"},{"time":26400,"key":"1Key5"},{"time":26800,"key":"1Key7"},{"time":27200,"key":"1Key5"},{"time":27200,"key":"1Key7"},{"time":27600,"key":"1Key8"},{"time":28000,"key":"1Key6"},{"time":28000,"key":"1Key8"},{"time":28400,"key":"1Key9"},{"time":28800,"key":"1Key7"},{"time":28800,"key":"1Key9"},{"time":29200,"key":"1Key11"},{"time":29400,"key":"1Key12"},{"time":29600,"key":"1Key2"},{"time":29700,"key":"1Key6"},{"time":29800,"key":"1Key8"},{"time":29900,"key":"1Key11"},{"time":30900,"key":"1Key7"},{"time":30900,"key":"1Key9"},{"time":31300,"key":"1Key6"},{"time":31300,"key":"1Key8"},{"time":32500,"key":"1Key3"},{"time":32500,"key":"1Key5"},{"time":32900,"key":"1Key7"},{"time":33300,"key":"1Key5"},{"time":33300,"key":"1Key7"},{"time":33700,"key":"1Key8"},{"time":34100,"key":"1Key6"},{"time":34100,"key":"1Key8"},{"time":34500,"key":"1Key9"},{"time":34900,"key":"1Key7"},{"time":34900,"key":"1Key9"},{"time":35300,"key":"1Key0"},{"time":35300,"key":"1Key5"},{"time":35700,"key":"1Key1"},{"time":36100,"key":"1Key2"},{"time":36100,"key":"1Key4"},{"time":36900,"key":"1Key6"},{"time":36900,"key":"1Key13"},{"time":37300,"key":"1Key4"},{"time":37300,"key":"1Key11"},{"time":38500,"key":"1Key0"},{"time":38500,"key":"1Key2"},{"time":38500,"key":"1Key5"},{"time":38900,"key":"1Key7"},{"time":39300,"key":"1Key5"},{"time":39300,"key":"1Key7"},{"time":39700,"key":"1Key8"},{"time":40100,"key":"1Key6"},{"time":40100,"key":"1Key8"},{"time":40500,"key":"1Key9"},{"time":40900,"key":"1Key7"},{"time":40900,"key":"1Key9"},{"time":41300,"key":"1Key11"},{"time":41500,"key":"1Key12"},{"time":41700,"key":"1Key2"},{"time":41800,"key":"1Key6"},{"time":41900,"key":"1Key8"},{"time":42000,"key":"1Key11"},{"time":42600,"key":"1Key7"},{"time":42600,"key":"1Key9"},{"time":43000,"key":"1Key6"},{"time":43000,"key":"1Key8"},{"time":44200,"key":"1Key1"},{"time":44200,"key":"1Key3"},{"time":44200,"key":"1Key5"},{"time":44200,"key":"1Key8"},{"time":44600,"key":"1Key9"},{"time":45000,"key":"1Key5"},{"time":45800,"key":"1Key2"},{"time":45800,"key":"1Key4"},{"time":45800,"key":"1Key6"},{"time":45800,"key":"1Key8"},{"time":46200,"key":"1Key9"},{"time":46600,"key":"1Key5"},{"time":47000,"key":"1Key4"},{"time":47400,"key":"1Key0"},{"time":47400,"key":"1Key2"},{"time":47400,"key":"1Key5"},{"time":48200,"key":"1Key7"},{"time":48200,"key":"1Key14"},{"time":48600,"key":"1Key6"},{"time":48600,"key":"1Key13"},{"time":49000,"key":"1Key5"},{"time":49000,"key":"1Key12"},{"time":49400,"key":"1Key2"},{"time":49400,"key":"1Key9"},{"time":49800,"key":"1Key0"},{"time":49800,"key":"1Key2"},{"time":49800,"key":"1Key5"},{"time":50200,"key":"1Key7"},{"time":50600,"key":"1Key1"},{"time":50600,"key":"1Key5"},{"time":50600,"key":"1Key8"},{"time":51000,"key":"1Key3"},{"time":51400,"key":"1Key4"},{"time":51800,"key":"1Key3"},{"time":51800,"key":"1Key7"},{"time":52200,"key":"1Key1"},{"time":52200,"key":"1Key5"},{"time":53000,"key":"1Key3"},{"time":53000,"key":"1Key5"},{"time":53400,"key":"1Key7"},{"time":53800,"key":"1Key2"},{"time":53800,"key":"1Key6"},{"time":53800,"key":"1Key8"},{"time":54200,"key":"1Key4"},{"time":54600,"key":"1Key5"},{"time":55000,"key":"1Key4"},{"time":55000,"key":"1Key7"},{"time":55400,"key":"1Key7"},{"time":55400,"key":"1Key9"},{"time":56200,"key":"1Key2"},{"time":56200,"key":"1Key4"},{"time":56200,"key":"1Key7"},{"time":56200,"key":"1Key9"},{"time":56600,"key":"1Key9"},{"time":56600,"key":"1Key11"},{"time":57000,"key":"1Key3"},{"time":57000,"key":"1Key10"},{"time":57000,"key":"1Key12"},{"time":57400,"key":"1Key5"},{"time":57800,"key":"1Key7"},{"time":57800,"key":"1Key10"},{"time":57800,"key":"1Key12"},{"time":58200,"key":"1Key9"},{"time":58200,"key":"1Key11"},{"time":58600,"key":"1Key4"},{"time":58600,"key":"1Key9"},{"time":59000,"key":"1Key3"},{"time":59000,"key":"1Key8"},{"time":59400,"key":"1Key2"},{"time":59400,"key":"1Key7"},{"time":60200,"key":"1Key0"},{"time":60200,"key":"1Key7"},{"time":60200,"key":"1Key8"},{"time":60600,"key":"1Key1"},{"time":61000,"key":"1Key2"},{"time":61000,"key":"1Key7"},{"time":61000,"key":"1Key9"},{"time":61400,"key":"1Key4"},{"time":61800,"key":"1Key7"},{"time":62200,"key":"1Key4"},{"time":62600,"key":"1Key2"},{"time":62600,"key":"1Key5"},{"time":63000,"key":"1Key7"},{"time":63400,"key":"1Key1"},{"time":63400,"key":"1Key5"},{"time":63400,"key":"1Key8"},{"time":63800,"key":"1Key3"},{"time":64200,"key":"1Key4"},{"time":64600,"key":"1Key3"},{"time":64600,"key":"1Key7"},{"time":65000,"key":"1Key1"},{"time":65000,"key":"1Key5"},{"time":65800,"key":"1Key3"},{"time":65800,"key":"1Key5"},{"time":66200,"key":"1Key7"},{"time":66600,"key":"1Key2"},{"time":66600,"key":"1Key6"},{"time":66600,"key":"1Key8"},{"time":67000,"key":"1Key4"},{"time":67400,"key":"1Key5"},{"time":67400,"key":"1Key7"},{"time":67800,"key":"1Key4"},{"time":68200,"key":"1Key7"},{"time":68200,"key":"1Key9"},{"time":69000,"key":"1Key2"},{"time":69000,"key":"1Key4"},{"time":70200,"key":"1Key1"},{"time":70200,"key":"1Key3"},{"time":70200,"key":"1Key5"},{"time":70200,"key":"1Key8"},{"time":70600,"key":"1Key9"},{"time":71000,"key":"1Key5"},{"time":71400,"key":"1Key2"},{"time":71400,"key":"1Key4"},{"time":71400,"key":"1Key6"},{"time":71400,"key":"1Key8"},{"time":71800,"key":"1Key9"},{"time":72200,"key":"1Key5"},{"time":72600,"key":"1Key4"},{"time":73000,"key":"1Key0"},{"time":73000,"key":"1Key2"},{"time":73000,"key":"1Key5"},{"time":73800,"key":"1Key2"},{"time":73800,"key":"1Key6"},{"time":74200,"key":"1Key7"},{"time":74600,"key":"1Key5"},{"time":74600,"key":"1Key8"},{"time":75000,"key":"1Key9"},{"time":75400,"key":"1Key6"},{"time":75400,"key":"1Key9"},{"time":75800,"key":"1Key8"},{"time":75800,"key":"1Key11"},{"time":76200,"key":"1Key5"},{"time":76200,"key":"1Key12"},{"time":76200,"key":"1Key14"},{"time":76600,"key":"1Key6"},{"time":77000,"key":"1Key7"},{"time":77400,"key":"1Key8"},{"time":77400,"key":"1Key11"},{"time":77400,"key":"1Key13"},{"time":77800,"key":"1Key2"},{"time":77800,"key":"1Key8"},{"time":77800,"key":"1Key9"},{"time":78200,"key":"1Key4"},{"time":78600,"key":"1Key6"},{"time":78600,"key":"1Key9"},{"time":79000,"key":"1Key8"},{"time":79400,"key":"1Key3"},{"time":79400,"key":"1Key5"},{"time":79400,"key":"1Key7"},{"time":80200,"key":"1Key1"},{"time":80200,"key":"1Key5"},{"time":80200,"key":"1Key7"},{"time":80600,"key":"1Key8"},{"time":81000,"key":"1Key2"},{"time":81000,"key":"1Key7"},{"time":81000,"key":"1Key9"},{"time":81400,"key":"1Key4"},{"time":81800,"key":"1Key7"},{"time":81800,"key":"1Key9"},{"time":82200,"key":"1Key8"},{"time":82600,"key":"1Key3"},{"time":82600,"key":"1Key5"},{"time":82600,"key":"1Key7"},{"time":83000,"key":"1Key5"},{"time":83600,"key":"1Key7"},{"time":83600,"key":"1Key10"},{"time":83600,"key":"1Key12"},{"time":84000,"key":"1Key12"},{"time":84000,"key":"1Key14"},{"time":84400,"key":"1Key4"},{"time":84400,"key":"1Key11"},{"time":84400,"key":"1Key13"},{"time":84800,"key":"1Key6"},{"time":84800,"key":"1Key10"},{"time":84800,"key":"1Key12"},{"time":85200,"key":"1Key4"},{"time":85200,"key":"1Key8"},{"time":85200,"key":"1Key11"},{"time":85600,"key":"1Key6"},{"time":85600,"key":"1Key8"},{"time":86000,"key":"1Key0"},{"time":86000,"key":"1Key8"},{"time":86000,"key":"1Key9"},{"time":86400,"key":"1Key1"},{"time":86800,"key":"1Key2"},{"time":87200,"key":"1Key4"},{"time":87600,"key":"1Key2"},{"time":87600,"key":"1Key6"},{"time":87800,"key":"1Key7"},{"time":88000,"key":"1Key5"},{"time":88000,"key":"1Key8"},{"time":88200,"key":"1Key6"},{"time":88200,"key":"1Key9"},{"time":88400,"key":"1Key6"},{"time":88400,"key":"1Key9"},{"time":88800,"key":"1Key8"},{"time":88800,"key":"1Key11"},{"time":89200,"key":"1Key5"},{"time":89200,"key":"1Key12"},{"time":89200,"key":"1Key14"},{"time":89600,"key":"1Key6"},{"time":90000,"key":"1Key7"},{"time":90400,"key":"1Key8"},{"time":90400,"key":"1Key11"},{"time":90400,"key":"1Key13"},{"time":90800,"key":"1Key2"},{"time":90800,"key":"1Key8"},{"time":90800,"key":"1Key9"},{"time":91200,"key":"1Key4"},{"time":91600,"key":"1Key6"},{"time":91600,"key":"1Key9"},{"time":92000,"key":"1Key8"},{"time":92400,"key":"1Key3"},{"time":92400,"key":"1Key5"},{"time":92400,"key":"1Key7"},{"time":93200,"key":"1Key1"},{"time":93200,"key":"1Key5"},{"time":93200,"key":"1Key7"},{"time":93600,"key":"1Key6"},{"time":93600,"key":"1Key8"},{"time":94000,"key":"1Key2"},{"time":94000,"key":"1Key4"},{"time":94000,"key":"1Key7"},{"time":94000,"key":"1Key9"},{"time":95200,"key":"1Key1"},{"time":95200,"key":"1Key3"},{"time":95200,"key":"1Key5"},{"time":95200,"key":"1Key8"},{"time":95600,"key":"1Key9"},{"time":96000,"key":"1Key5"},{"time":96800,"key":"1Key2"},{"time":96800,"key":"1Key4"},{"time":96800,"key":"1Key6"},{"time":96800,"key":"1Key8"},{"time":97200,"key":"1Key9"},{"time":97600,"key":"1Key5"},{"time":98000,"key":"1Key4"},{"time":98400,"key":"1Key0"},{"time":98400,"key":"1Key2"},{"time":98400,"key":"1Key5"},{"time":99200,"key":"1Key6"},{"time":99200,"key":"1Key13"},{"time":99600,"key":"1Key7"},{"time":99600,"key":"1Key14"},{"time":100000,"key":"1Key5"},{"time":100000,"key":"1Key12"},{"time":100800,"key":"1Key1"},{"time":100800,"key":"1Key3"},{"time":100800,"key":"1Key5"},{"time":100800,"key":"1Key8"},{"time":101200,"key":"1Key9"},{"time":101600,"key":"1Key5"},{"time":102400,"key":"1Key2"},{"time":102400,"key":"1Key4"},{"time":102400,"key":"1Key6"},{"time":102400,"key":"1Key8"},{"time":102800,"key":"1Key9"},{"time":103200,"key":"1Key5"},{"time":103200,"key":"1Key12"},{"time":103600,"key":"1Key4"},{"time":103600,"key":"1Key11"},{"time":104000,"key":"1Key3"},{"time":104100,"key":"1Key5"},{"time":104200,"key":"1Key7"},{"time":104300,"key":"1Key9"},{"time":104400,"key":"1Key12"},{"time":104600,"key":"1Key7"},{"time":105000,"key":"1Key9"},{"time":105400,"key":"1Key12"},{"time":105800,"key":"1Key4"},{"time":105800,"key":"1Key6"},{"time":105800,"key":"1Key8"},{"time":105800,"key":"1Key9"},{"time":105800,"key":"1Key12"},{"time":106200,"key":"1Key6"},{"time":106600,"key":"1Key8"},{"time":106600,"key":"1Key13"},{"time":107000,"key":"1Key5"},{"time":107100,"key":"1Key7"},{"time":107200,"key":"1Key8"},{"time":107300,"key":"1Key9"},{"time":107400,"key":"1Key12"},{"time":107600,"key":"1Key11"},{"time":108000,"key":"1Key9"},{"time":108400,"key":"1Key8"},{"time":108800,"key":"1Key5"},{"time":109200,"key":"1Key4"},{"time":109600,"key":"1Key2"},{"time":110000,"key":"1Key1"},{"time":110400,"key":"1Key0"},{"time":110500,"key":"1Key2"},{"time":110600,"key":"1Key5"},{"time":110700,"key":"1Key7"},{"time":110800,"key":"1Key9"},{"time":110900,"key":"1Key12"}]}]