[{"name":"Billie Eilish ft. Khalid - Lovely (by Kenny)","type":"composed","bpm":200,"pitch":"C","version":3,"folderId":null,"data":{"isComposed":true,"isComposedVersion":true,"appName":"Sky"},"breakpoints":[0],"instruments":[{"name":"Piano","volume":100,"pitch":"","visible":true,"icon":"circle","alias":"","muted":false}],"columns":[[0,[[2,"1"],[5,"1"]]],[0,[]],[0,[]],[0,[]],[0,[]],[0,[]],[0,[]],[0,[]],[0,[]],[3,[]],[0,[[3,"1"],[0,"1"],[5,"1"]]],[0,[]],[0,[]],[0,[]],[0,[]],[0,[]],[0,[]],[0,[]],[0,[]],[0,[[7,"1"]]],[0,[]],[0,[]],[2,[]],[0,[[5,"1"],[8,"1"],[2,"1"]]],[0,[]],[0,[]],[0,[]],[0,[]],[0,[]],[0,[]],[0,[]],[1,[]],[0,[[4,"1"],[2,"1"],[9,"1"],[6,"1"]]],[0,[]],[0,[]],[1,[]],[0,[[7,"1"]]],[0,[]],[0,[]],[3,[]],[0,[[5,"1"],[0,"1"],[3,"1"]]],[0,[]],[0,[]],[0,[]],[0,[]],[0,[]],[0,[]],[1,[]],[2,[]],[3,[]],[0,[[10,"1"]]],[1,[]],[0,[[9,"1"]]],[0,[]],[3,[]],[1,[[8,"1"]]],[2,[]],[0,[[2,"1"],[9,"1"],[5,"1"]]],[0,[]],[0,[]],[0,[]],[0,[]],[0,[]],[0,[]],[0,[]],[0,[]],[0,[]],[1,[]],[0,[[6,"1"],[4,"1"],[2,"1"]]],[0,[]],[0,[]],[0,[]],[0,[]],[0,[]],[0,[]],[0,[]],[0,[]],[2,[]],[1,[[8,"1"],[0,"1"],[3,"1"]]],[2,[]],[3,[]],[1,[[9,"1"]]],[3,[]],[1,[[9,"1"]]],[2,[]],[3,[]],[1,[[8,"1"]]],[2,[]],[0,[[8,"1"]]],[1,[]],[2,[]],[3,[]],[0,[[7,"1"]]],[0,[]],[0,[]],[0,[]],[0,[]],[0,[]],[0,[]],[0,[]],[1,[]],[3,[[2,"1"]]],[1,[[8,"1"],[5,"1"]]],[3,[]],[1,[[9,"1"]]],[2,[]],[1,[[9,"1"]]],[2,[]],[3,[]],[1,[[8,"1"]]],[2,[]],[0,[[8,"1"]]],[1,[]],[2,[]],[0,[[7,"1"]]],[1,[]],[3,[]],[0,[[6,"1"],[2,"1"],[4,"1"]]],[0,[]],[0,[]],[0,[]],[0,[]],[0,[]],[0,[]],[1,[[3,"1"],[0,"1"],[8,"1"]]],[2,[]],[3,[]],[1,[[9,"1"]]],[2,[]],[1,[[9,"1"]]],[2,[]],[3,[]],[1,[[8,"1"]]],[3,[]],[0,[[8,"1"]]],[1,[]],[2,[]],[0,[[7,"1"]]],[0,[]],[0,[]],[0,[]],[0,[]],[0,[]],[0,[]],[0,[]],[3,[]],[1,[[2,"1"],[5,"1"],[8,"1"]]],[2,[]],[1,[[9,"1"]]],[2,[]],[1,[[9,"1"]]],[2,[]],[3,[]],[1,[[8,"1"]]],[2,[]],[0,[[8,"1"]]],[1,[]],[3,[]],[0,[[7,"1"]]],[1,[]],[0,[[4,"1"],[2,"1"],[6,"1"]]],[1,[]],[1,[[8,"1"]]],[2,[]],[1,[[9,"1"]]],[2,[]],[3,[]],[0,[[8,"1"]]],[1,[]],[0,[[7,"1"]]],[1,[]],[0,[[5,"1"],[3,"1"],[0,"1"]]],[0,[]],[0,[]],[2,[]],[0,[[6,"1"],[0,"1"],[3,"1"]]],[0,[]],[0,[]],[2,[]],[0,[[0,"1"],[3,"1"],[7,"1"]]],[0,[]],[0,[]],[2,[]],[0,[[0,"1"],[3,"1"],[8,"1"]]],[1,[]],[0,[[9,"1"]]],[1,[]],[0,[[2,"1"],[5,"1"],[12,"1"]]],[0,[]],[0,[]],[3,[]],[3,[]],[0,[[5,"1"],[2,"1"],[11,"1"]]],[0,[]],[0,[]],[2,[]],[0,[[4,"1"],[2,"1"],[9,"1"],[7,"1"]]],[1,[]],[1,[[8,"1"]]],[3,[]],[1,[[9,"1"]]],[2,[]],[0,[[2,"1"],[6,"1"],[8,"1"]]],[1,[]],[0,[[7,"1"]]],[1,[]],[0,[[0,"1"],[5,"1"],[3,"1"]]],[0,[]],[0,[]],[0,[[0,"1"],[6,"1"],[3,"1"]]],[0,[]],[0,[]],[2,[]],[3,[]],[0,[[3,"1"],[7,"1"],[0,"1"]]],[0,[]],[0,[]],[2,[]],[0,[[0,"1"],[3,"1"],[8,"1"]]],[1,[]],[2,[]],[0,[[9,"1"]]],[1,[]],[2,[]],[0,[[2,"1"],[5,"1"],[12,"1"]]],[0,[]],[0,[]],[1,[]],[3,[]],[0,[[2,"1"],[5,"1"],[11,"1"]]],[0,[]],[0,[]],[2,[]],[3,[]],[0,[[2,"1"],[7,"1"],[9,"1"],[4,"1"]]],[1,[]],[3,[]],[1,[[8,"1"]]],[3,[]],[1,[[9,"1"]]],[2,[]],[0,[[8,"1"],[6,"1"]]],[0,[]],[2,[]],[3,[]],[0,[[7,"1"]]],[1,[]],[0,[[5,"1"],[0,"1"],[3,"1"]]],[0,[]],[0,[]],[2,[]],[3,[]],[0,[[6,"1"],[0,"1"],[3,"1"]]],[0,[]],[0,[]],[1,[]],[0,[[0,"1"],[3,"1"],[7,"1"]]],[0,[]],[0,[]],[2,[]],[0,[[3,"1"],[0,"1"],[8,"1"]]],[1,[]],[2,[]],[0,[[9,"1"]]],[1,[]],[3,[[5,"1"],[2,"1"]]],[0,[[12,"1"]]],[0,[]],[0,[]],[2,[]],[3,[]],[0,[[2,"1"],[5,"1"],[11,"1"]]],[0,[]],[0,[]],[2,[]],[3,[]],[0,[[4,"1"],[2,"1"],[7,"1"],[9,"1"]]],[1,[]],[1,[[8,"1"]]],[2,[]],[1,[[9,"1"]]],[2,[]],[0,[[8,"1"]]],[1,[]],[3,[]],[0,[[7,"1"]]],[2,[]],[3,[]],[0,[[3,"1"],[0,"1"],[5,"1"]]],[0,[]],[0,[]],[0,[]],[1,[]],[2,[]],[3,[]],[0,[[6,"1"]]],[0,[]],[0,[]],[0,[]],[0,[]],[1,[]],[2,[]],[0,[[7,"1"]]],[0,[]],[0,[]],[0,[]],[0,[]],[0,[]],[0,[[8,"1"]]],[0,[]],[1,[]],[3,[]],[0,[[9,"1"]]],[0,[]],[1,[]],[2,[]],[0,[[5,"1"],[12,"1"],[2,"1"]]],[0,[]],[0,[]],[0,[]],[0,[]],[1,[]],[2,[]],[3,[]],[0,[[11,"1"]]],[0,[]],[0,[]],[0,[]],[0,[]],[1,[]],[2,[]],[0,[[2,"1"],[4,"1"],[9,"1"],[7,"1"]]],[0,[]],[0,[]],[0,[]],[0,[]],[0,[]],[0,[]],[0,[]],[1,[]],[3,[]],[0,[[9,"1"],[3,"1"],[0,"1"]]],[0,[]],[2,[]],[2,[[8,"1"]]],[2,[[7,"1"]]],[3,[]],[0,[[6,"1"]]],[1,[]],[0,[[5,"1"]]],[0,[]],[0,[]],[0,[]],[3,[]],[2,[[8,"1"]]],[2,[[7,"1"]]],[0,[[6,"1"]]],[0,[]],[0,[]],[2,[]],[0,[[2,"1"],[5,"1"],[9,"1"]]],[0,[]],[3,[]],[2,[[8,"1"]]],[2,[[7,"1"]]],[3,[]],[0,[[6,"1"]]],[2,[]],[3,[]],[0,[[5,"1"]]],[1,[]],[0,[[4,"1"],[2,"1"],[6,"1"]]],[2,[]],[3,[]],[0,[[5,"1"]]],[2,[]],[3,[]],[0,[[7,"1"]]],[0,[]],[1,[]],[2,[]],[3,[]],[0,[[0,"1"],[9,"1"],[3,"1"]]],[0,[]],[2,[[8,"1"]]],[3,[]],[2,[[7,"1"]]],[3,[]],[0,[[6,"1"]]],[2,[]],[3,[]],[0,[[5,"1"]]],[0,[]],[0,[]],[0,[]],[1,[]],[2,[[8,"1"]]],[3,[]],[2,[[7,"1"]]],[3,[]],[0,[[6,"1"]]],[0,[]],[0,[]],[1,[]],[2,[]],[0,[[5,"1"],[2,"1"]]],[1,[]],[2,[]],[3,[]],[0,[[6,"1"]]],[0,[[7,"1"]]],[3,[]],[0,[[6,"1"]]],[0,[]],[0,[]],[1,[]],[2,[]],[3,[]],[3,[[6,"1"]]],[0,[[4,"1"],[2,"1"]]],[0,[]],[1,[]],[3,[]],[0,[[5,"1"]]],[0,[]],[0,[]],[0,[]],[1,[]],[2,[]],[3,[]],[0,[[7,"1"]]],[0,[]],[0,[]],[0,[]],[0,[]],[0,[]],[0,[]],[0,[]],[0,[]],[0,[]],[0,[]],[0,[]],[0,[]],[0,[]],[0,[]],[0,[]],[0,[]],[0,[]],[0,[]],[0,[]],[0,[]],[2,[]],[3,[]],[0,[[9,"1"]]],[0,[]],[0,[]],[1,[]],[3,[]],[0,[[9,"1"]]],[0,[]],[0,[]],[1,[]],[2,[]],[0,[[9,"1"]]],[0,[]],[0,[]],[1,[]],[2,[]],[0,[[8,"1"]]],[0,[]],[0,[]],[0,[]],[0,[[9,"1"]]],[0,[]],[0,[]],[1,[]],[2,[]],[3,[]],[0,[[9,"1"]]],[0,[]],[0,[]],[1,[]],[2,[]],[3,[]],[0,[[9,"1"]]],[0,[]],[0,[]],[1,[]],[2,[[8,"1"]]],[0,[[7,"1"]]],[0,[]],[1,[]],[3,[]],[0,[[6,"1"]]],[0,[]],[0,[]],[0,[]],[0,[]],[0,[]],[0,[]],[0,[[9,"1"]]],[3,[]],[0,[[9,"1"]]],[3,[]],[0,[[9,"1"]]],[3,[]],[0,[[8,"1"]]],[0,[[8,"1"]]],[0,[]],[2,[]],[0,[[7,"1"]]],[0,[]],[0,[]],[0,[]],[0,[]],[0,[]],[0,[]],[1,[]],[3,[]],[0,[[9,"1"]]],[0,[[9,"1"]]],[3,[]],[0,[[9,"1"]]],[1,[[8,"1"]]],[2,[]],[3,[]],[0,[[8,"1"]]],[0,[]],[2,[]],[0,[[7,"1"]]],[0,[]],[2,[]],[3,[]],[0,[[6,"1"]]],[0,[]],[0,[]],[0,[]],[0,[]],[2,[]],[0,[[9,"1"]]],[0,[[9,"1"]]],[1,[[9,"1"]]],[2,[]],[3,[]],[1,[[8,"1"]]],[2,[]],[3,[]],[0,[[8,"1"]]],[0,[]],[3,[]],[0,[[7,"1"]]],[0,[]],[0,[]],[0,[]],[0,[]],[0,[]],[0,[]],[2,[]],[0,[[9,"1"]]],[0,[[9,"1"]]],[3,[]],[0,[[8,"1"]]],[0,[]],[2,[]],[3,[]],[0,[[7,"1"]]],[0,[]],[3,[]],[0,[[6,"1"]]],[0,[]],[0,[]],[0,[]],[0,[]],[0,[]],[0,[]],[0,[]],[0,[]],[0,[]],[0,[]],[0,[]],[0,[]],[0,[]],[0,[]],[0,[]],[0,[]],[0,[]],[0,[]],[0,[]],[0,[]],[0,[]],[0,[]],[0,[]],[0,[]],[0,[]],[0,[]],[0,[]],[0,[]],[0,[]],[0,[]],[0,[]],[0,[]],[0,[]],[0,[]],[0,[]],[0,[]],[1,[]],[0,[[8,"1"]]],[2,[]],[0,[[9,"1"]]],[2,[]],[3,[]],[0,[[8,"1"]]],[0,[]],[0,[]],[0,[[3,"1"],[0,"1"],[5,"1"]]],[0,[]],[0,[]],[0,[]],[0,[]],[0,[]],[2,[]],[3,[]],[3,[[6,"1"]]],[0,[[3,"1"]]],[0,[]],[0,[]],[0,[]],[0,[]],[0,[]],[1,[]],[0,[[7,"1"]]],[0,[]],[0,[]],[0,[]],[0,[]],[0,[]],[1,[]],[2,[]],[3,[]],[3,[[3,"1"],[8,"1"]]],[0,[[0,"1"]]],[0,[]],[1,[]],[3,[]],[0,[[9,"1"]]],[0,[]],[1,[]],[2,[]],[3,[]],[0,[[5,"1"],[2,"1"],[12,"1"]]],[0,[]],[0,[]],[0,[]],[0,[]],[0,[]],[3,[]],[0,[[11,"1"]]],[0,[]],[0,[]],[0,[]],[0,[]],[0,[]],[2,[]],[3,[]],[0,[[4,"1"],[2,"1"],[9,"1"],[7,"1"]]],[0,[]],[0,[]],[0,[]],[0,[]],[0,[]],[0,[]],[0,[]],[1,[]],[2,[]],[3,[[9,"1"],[2,"1"]]],[0,[[5,"1"]]],[0,[]],[1,[]],[2,[]],[3,[]],[0,[[8,"1"]]],[0,[]],[0,[]],[0,[]],[0,[]],[0,[]],[1,[]],[3,[]],[0,[[0,"1"],[3,"1"],[5,"1"]]],[0,[]],[0,[]],[0,[]],[0,[]],[0,[]],[0,[]],[1,[]],[3,[]],[0,[[6,"1"],[3,"1"]]],[0,[]],[0,[]],[0,[]],[0,[]],[0,[]],[0,[]],[1,[]],[2,[]],[3,[]],[0,[[7,"1"]]],[0,[]],[0,[]],[0,[]],[0,[]],[0,[]],[1,[]],[2,[]],[3,[]],[0,[[3,"1"],[8,"1"]]],[0,[]],[1,[]],[2,[]],[0,[[9,"1"]]],[0,[]],[1,[]],[2,[]],[0,[[7,"1"],[12,"1"]]],[0,[]],[0,[]],[0,[]],[0,[]],[0,[]],[3,[]],[0,[[6,"1"],[11,"1"]]],[0,[]],[0,[]],[0,[]],[0,[]],[0,[]],[1,[]],[2,[]],[3,[]],[0,[[4,"1"],[2,"1"],[7,"1"],[9,"1"]]],[0,[]],[0,[]],[0,[]],[0,[]],[0,[]],[0,[]],[0,[]],[0,[]],[0,[]],[0,[]],[0,[]],[0,[]],[0,[]],[0,[]],[0,[]],[0,[]],[0,[]],[1,[]],[0,[[9,"1"],[0,"1"],[3,"1"]]],[0,[]],[1,[]],[2,[[8,"1"]]],[3,[]],[1,[[7,"1"]]],[0,[[6,"1"]]],[1,[]],[2,[]],[0,[[5,"1"]]],[0,[]],[0,[]],[0,[]],[0,[]],[2,[]],[3,[]],[2,[[8,"1"]]],[3,[]],[2,[[7,"1"]]],[3,[]],[0,[[6,"1"]]],[0,[]],[0,[]],[0,[]],[3,[]],[0,[[4,"1"],[2,"1"],[5,"1"]]],[0,[]],[0,[]],[1,[]],[2,[]],[3,[]],[1,[[6,"1"]]],[2,[]],[3,[]],[0,[[7,"1"]]],[3,[]],[0,[[6,"1"]]],[0,[]],[0,[]],[0,[]],[2,[]],[3,[]],[3,[]],[0,[[6,"1"],[4,"1"],[2,"1"]]],[1,[]],[2,[]],[0,[[5,"1"]]],[0,[]],[0,[]],[1,[]],[3,[]],[3,[[0,"1"]]],[1,[[7,"1"]]],[0,[[4,"1"]]],[0,[]],[0,[]],[0,[]],[0,[]],[0,[]],[0,[]],[0,[]],[0,[]],[0,[]],[0,[]],[0,[]],[0,[]],[0,[]],[1,[]],[2,[]],[3,[]],[1,[[8,"1"]]],[2,[]],[1,[[9,"1"]]],[2,[]],[3,[]],[0,[[8,"1"]]],[1,[]],[3,[]],[0,[[7,"1"]]],[1,[]],[0,[[0,"1"],[5,"1"],[3,"1"]]],[0,[]],[0,[]],[2,[]],[0,[[3,"1"],[0,"1"],[6,"1"]]],[0,[]],[0,[]],[2,[]],[3,[]],[0,[[3,"1"],[0,"1"],[7,"1"]]],[0,[]],[0,[]],[1,[]],[0,[[3,"1"],[8,"1"],[0,"1"]]],[1,[]],[0,[[9,"1"]]],[1,[]],[2,[]],[0,[[5,"1"],[2,"1"],[12,"1"]]],[0,[]],[0,[]],[1,[]],[3,[]],[0,[[2,"1"],[5,"1"],[11,"1"]]],[0,[]],[0,[]],[2,[]],[3,[]],[0,[[7,"1"],[2,"1"],[4,"1"],[9,"1"]]],[1,[]],[1,[[8,"1"]]],[2,[]],[1,[[9,"1"]]],[3,[]],[0,[[6,"1"],[2,"1"],[8,"1"]]],[1,[]],[3,[]],[0,[[7,"1"]]],[1,[]],[0,[[5,"1"],[0,"1"],[3,"1"]]],[0,[]],[0,[]],[1,[]],[0,[[3,"1"],[6,"1"],[0,"1"]]],[0,[]],[0,[]],[2,[]],[0,[[7,"1"],[3,"1"],[0,"1"]]],[0,[]],[0,[]],[2,[]],[0,[[3,"1"],[8,"1"],[0,"1"]]],[1,[]],[3,[]],[0,[[9,"1"]]],[1,[]],[3,[]],[0,[[2,"1"],[5,"1"],[12,"1"]]],[0,[]],[0,[]],[2,[]],[3,[]],[3,[[11,"1"],[2,"1"]]],[0,[[5,"1"]]],[0,[]],[0,[]],[2,[]],[0,[[4,"1"],[9,"1"],[2,"1"],[7,"1"]]],[2,[]],[3,[]],[1,[[8,"1"]]],[2,[]],[1,[[9,"1"]]],[2,[]],[0,[[8,"1"]]],[1,[]],[0,[[7,"1"]]],[2,[]],[3,[]],[0,[[3,"1"],[0,"1"],[5,"1"]]],[0,[]],[0,[]],[1,[]],[2,[]],[3,[]],[0,[[6,"1"]]],[0,[]],[0,[]],[0,[]],[1,[]],[0,[[7,"1"]]],[0,[]],[0,[]],[0,[]],[0,[]],[2,[]],[3,[]],[0,[[8,"1"]]],[0,[]],[2,[]],[3,[]],[0,[[9,"1"]]],[0,[]],[1,[]],[0,[[2,"1"],[12,"1"],[5,"1"]]],[0,[]],[0,[]],[0,[]],[1,[]],[2,[]],[3,[]],[0,[[11,"1"]]],[0,[]],[0,[]],[0,[]],[1,[]],[2,[[7,"1"]]],[3,[]],[3,[[9,"1"]]],[1,[[4,"1"]]],[3,[]],[0,[[2,"1"]]],[0,[]],[0,[]],[0,[]],[0,[]],[0,[]],[0,[]],[0,[]],[3,[]],[3,[[2,"1"],[9,"1"]]],[0,[[5,"1"]]],[0,[]],[0,[]],[3,[]],[1,[[8,"1"]]],[1,[[7,"1"]]],[2,[]],[0,[[6,"1"]]],[0,[]],[2,[]],[0,[[5,"1"]]],[0,[]],[0,[]],[0,[]],[0,[]],[1,[]],[2,[]],[1,[[8,"1"]]],[1,[[7,"1"]]],[2,[]],[0,[[6,"1"]]],[0,[]],[0,[]],[0,[]],[0,[]],[3,[]],[0,[[5,"1"],[9,"1"],[2,"1"]]],[0,[]],[0,[]],[0,[]],[2,[]],[1,[[8,"1"]]],[3,[]],[1,[[7,"1"]]],[3,[]],[0,[[6,"1"]]],[0,[]],[1,[]],[2,[]],[3,[]],[0,[[5,"1"]]],[0,[]],[1,[]],[2,[]],[0,[[6,"1"],[4,"1"],[2,"1"]]],[0,[]],[1,[]],[2,[]],[0,[[5,"1"]]],[0,[]],[1,[]],[2,[]],[3,[]],[0,[[7,"1"]]],[0,[]],[0,[]],[0,[]],[0,[]],[0,[]],[2,[]],[3,[]],[0,[[9,"1"],[3,"1"],[0,"1"]]],[0,[]],[0,[]],[1,[]],[2,[]],[1,[[8,"1"]]],[3,[]],[1,[[7,"1"]]],[2,[]],[3,[]],[0,[[6,"1"]]],[0,[]],[1,[]],[3,[]],[0,[[5,"1"]]],[0,[]],[0,[]],[0,[]],[0,[]],[0,[]],[0,[[8,"1"]]],[2,[]],[3,[]],[0,[[7,"1"]]],[1,[]],[0,[[6,"1"]]],[0,[]],[0,[]],[0,[]],[0,[]],[1,[]],[2,[]],[3,[]],[0,[[5,"1"],[2,"1"]]],[0,[]],[1,[]],[2,[]],[0,[[6,"1"]]],[0,[[7,"1"]]],[1,[]],[0,[[6,"1"]]],[0,[]],[0,[]],[0,[]],[0,[]],[3,[]],[0,[[6,"1"],[2,"1"],[4,"1"]]],[0,[]],[1,[]],[2,[]],[3,[]],[0,[[5,"1"]]],[0,[]],[0,[]],[0,[]],[0,[]],[0,[]],[0,[]],[0,[]],[0,[]],[0,[[7,"1"]]]],"id":"c8809ad9-3729-1f9c-cc0d","pitchLevel":0,"isComposed":true,"bitsPerPage":16,"isEncrypted":false,"songNotes":[{"key":"1Key2","time":100},{"key":"1Key5","time":100},{"key":"1Key3","time":2837},{"key":"1Key0","time":2837},{"key":"1Key5","time":2837},{"key":"1Key7","time":5537},{"key":"1Key5","time":6512},{"key":"1Key8","time":6512},{"key":"1Key2","time":6512},{"key":"1Key4","time":9062},{"key":"1Key2","time":9062},{"key":"1Key9","time":9062},{"key":"1Key6","time":9062},{"key":"1Key7","time":10112},{"key":"1Key5","time":11049},{"key":"1Key0","time":11049},{"key":"1Key3","time":11049},{"key":"1Key10","time":13411},{"key":"1Key9","time":13861},{"key":"1Key8","time":14498},{"key":"1Key2","time":14723},{"key":"1Key9","time":14723},{"key":"1Key5","time":14723},{"key":"1Key6","time":17873},{"key":"1Key4","time":17873},{"key":"1Key2","time":17873},{"key":"1Key8","time":20648},{"key":"1Key0","time":20648},{"key":"1Key3","time":20648},{"key":"1Key9","time":20910},{"key":"1Key9","time":21097},{"key":"1Key8","time":21359},{"key":"1Key8","time":21584},{"key":"1Key7","time":22146},{"key":"1Key2","time":24696},{"key":"1Key8","time":24733},{"key":"1Key5","time":24733},{"key":"1Key9","time":24920},{"key":"1Key9","time":25145},{"key":"1Key8","time":25407},{"key":"1Key8","time":25632},{"key":"1Key7","time":26157},{"key":"1Key6","time":26644},{"key":"1Key2","time":26644},{"key":"1Key4","time":26644},{"key":"1Key3","time":28744},{"key":"1Key0","time":28744},{"key":"1Key8","time":28744},{"key":"1Key9","time":29006},{"key":"1Key9","time":29231},{"key":"1Key8","time":29493},{"key":"1Key8","time":29680},{"key":"1Key7","time":30205},{"key":"1Key2","time":32642},{"key":"1Key5","time":32642},{"key":"1Key8","time":32642},{"key":"1Key9","time":32867},{"key":"1Key9","time":33092},{"key":"1Key8","time":33354},{"key":"1Key8","time":33579},{"key":"1Key7","time":34066},{"key":"1Key4","time":34516},{"key":"1Key2","time":34516},{"key":"1Key6","time":34516},{"key":"1Key8","time":34966},{"key":"1Key9","time":35191},{"key":"1Key8","time":35453},{"key":"1Key7","time":35903},{"key":"1Key5","time":36353},{"key":"1Key3","time":36353},{"key":"1Key0","time":36353},{"key":"1Key6","time":37328},{"key":"1Key0","time":37328},{"key":"1Key3","time":37328},{"key":"1Key0","time":38303},{"key":"1Key3","time":38303},{"key":"1Key7","time":38303},{"key":"1Key0","time":39278},{"key":"1Key3","time":39278},{"key":"1Key8","time":39278},{"key":"1Key9","time":39728},{"key":"1Key2","time":40178},{"key":"1Key5","time":40178},{"key":"1Key12","time":40178},{"key":"1Key5","time":41152},{"key":"1Key2","time":41152},{"key":"1Key11","time":41152},{"key":"1Key4","time":42127},{"key":"1Key2","time":42127},{"key":"1Key9","time":42127},{"key":"1Key7","time":42127},{"key":"1Key8","time":42577},{"key":"1Key9","time":42764},{"key":"1Key2","time":42989},{"key":"1Key6","time":42989},{"key":"1Key8","time":42989},{"key":"1Key7","time":43439},{"key":"1Key0","time":43889},{"key":"1Key5","time":43889},{"key":"1Key3","time":43889},{"key":"1Key0","time":44789},{"key":"1Key6","time":44789},{"key":"1Key3","time":44789},{"key":"1Key3","time":45801},{"key":"1Key7","time":45801},{"key":"1Key0","time":45801},{"key":"1Key0","time":46776},{"key":"1Key3","time":46776},{"key":"1Key8","time":46776},{"key":"1Key9","time":47301},{"key":"1Key2","time":47826},{"key":"1Key5","time":47826},{"key":"1Key12","time":47826},{"key":"1Key2","time":48913},{"key":"1Key5","time":48913},{"key":"1Key11","time":48913},{"key":"1Key2","time":49925},{"key":"1Key7","time":49925},{"key":"1Key9","time":49925},{"key":"1Key4","time":49925},{"key":"1Key8","time":50412},{"key":"1Key9","time":50599},{"key":"1Key8","time":50824},{"key":"1Key6","time":50824},{"key":"1Key7","time":51536},{"key":"1Key5","time":51986},{"key":"1Key0","time":51986},{"key":"1Key3","time":51986},{"key":"1Key6","time":52998},{"key":"1Key0","time":52998},{"key":"1Key3","time":52998},{"key":"1Key0","time":54048},{"key":"1Key3","time":54048},{"key":"1Key7","time":54048},{"key":"1Key3","time":55023},{"key":"1Key0","time":55023},{"key":"1Key8","time":55023},{"key":"1Key9","time":55548},{"key":"1Key5","time":55998},{"key":"1Key2","time":55998},{"key":"1Key12","time":56035},{"key":"1Key2","time":57047},{"key":"1Key5","time":57047},{"key":"1Key11","time":57047},{"key":"1Key4","time":58059},{"key":"1Key2","time":58059},{"key":"1Key7","time":58059},{"key":"1Key9","time":58059},{"key":"1Key8","time":58509},{"key":"1Key9","time":58734},{"key":"1Key8","time":58959},{"key":"1Key7","time":59446},{"key":"1Key3","time":59858},{"key":"1Key0","time":59858},{"key":"1Key5","time":59858},{"key":"1Key6","time":61320},{"key":"1Key7","time":63045},{"key":"1Key8","time":64845},{"key":"1Key9","time":65632},{"key":"1Key5","time":66457},{"key":"1Key12","time":66457},{"key":"1Key2","time":66457},{"key":"1Key11","time":68219},{"key":"1Key2","time":69944},{"key":"1Key4","time":69944},{"key":"1Key9","time":69944},{"key":"1Key7","time":69944},{"key":"1Key9","time":72531},{"key":"1Key3","time":72531},{"key":"1Key0","time":72531},{"key":"1Key8","time":73206},{"key":"1Key7","time":73281},{"key":"1Key6","time":73393},{"key":"1Key5","time":73843},{"key":"1Key8","time":75080},{"key":"1Key7","time":75155},{"key":"1Key6","time":75230},{"key":"1Key2","time":76205},{"key":"1Key5","time":76205},{"key":"1Key9","time":76205},{"key":"1Key8","time":76842},{"key":"1Key7","time":76917},{"key":"1Key6","time":77029},{"key":"1Key5","time":77441},{"key":"1Key4","time":77891},{"key":"1Key2","time":77891},{"key":"1Key6","time":77891},{"key":"1Key5","time":78303},{"key":"1Key7","time":78715},{"key":"1Key0","time":79577},{"key":"1Key9","time":79577},{"key":"1Key3","time":79577},{"key":"1Key8","time":80177},{"key":"1Key7","time":80289},{"key":"1Key6","time":80401},{"key":"1Key5","time":80813},{"key":"1Key8","time":82163},{"key":"1Key7","time":82275},{"key":"1Key6","time":82387},{"key":"1Key5","time":83512},{"key":"1Key2","time":83512},{"key":"1Key6","time":84074},{"key":"1Key7","time":84374},{"key":"1Key6","time":84711},{"key":"1Key6","time":85873},{"key":"1Key4","time":85910},{"key":"1Key2","time":85910},{"key":"1Key5","time":86697},{"key":"1Key7","time":88159},{"key":"1Key9","time":94571},{"key":"1Key9","time":95658},{"key":"1Key9","time":96783},{"key":"1Key8","time":97908},{"key":"1Key9","time":99108},{"key":"1Key9","time":100270},{"key":"1Key9","time":101432},{"key":"1Key8","time":102482},{"key":"1Key7","time":102557},{"key":"1Key6","time":103344},{"key":"1Key9","time":105444},{"key":"1Key9","time":105781},{"key":"1Key9","time":106118},{"key":"1Key8","time":106455},{"key":"1Key8","time":106755},{"key":"1Key7","time":107430},{"key":"1Key9","time":109717},{"key":"1Key9","time":110017},{"key":"1Key9","time":110354},{"key":"1Key8","time":110654},{"key":"1Key8","time":110916},{"key":"1Key7","time":111591},{"key":"1Key6","time":112303},{"key":"1Key9","time":113878},{"key":"1Key9","time":114178},{"key":"1Key9","time":114478},{"key":"1Key8","time":114740},{"key":"1Key8","time":115002},{"key":"1Key7","time":115639},{"key":"1Key9","time":117814},{"key":"1Key9","time":118114},{"key":"1Key8","time":118451},{"key":"1Key7","time":119163},{"key":"1Key6","time":119800},{"key":"1Key8","time":131050},{"key":"1Key9","time":131425},{"key":"1Key8","time":131837},{"key":"1Key3","time":132737},{"key":"1Key0","time":132737},{"key":"1Key5","time":132737},{"key":"1Key6","time":134649},{"key":"1Key3","time":134686},{"key":"1Key7","time":136636},{"key":"1Key3","time":138698},{"key":"1Key8","time":138698},{"key":"1Key0","time":138735},{"key":"1Key9","time":139522},{"key":"1Key5","time":140384},{"key":"1Key2","time":140384},{"key":"1Key12","time":140384},{"key":"1Key11","time":142221},{"key":"1Key4","time":144133},{"key":"1Key2","time":144133},{"key":"1Key9","time":144133},{"key":"1Key7","time":144133},{"key":"1Key9","time":146758},{"key":"1Key2","time":146758},{"key":"1Key5","time":146795},{"key":"1Key8","time":147657},{"key":"1Key0","time":149644},{"key":"1Key3","time":149644},{"key":"1Key5","time":149644},{"key":"1Key6","time":151931},{"key":"1Key3","time":151931},{"key":"1Key7","time":154293},{"key":"1Key3","time":156355},{"key":"1Key8","time":156355},{"key":"1Key9","time":157180},{"key":"1Key7","time":158005},{"key":"1Key12","time":158005},{"key":"1Key6","time":159842},{"key":"1Key11","time":159842},{"key":"1Key4","time":161904},{"key":"1Key2","time":161904},{"key":"1Key7","time":161904},{"key":"1Key9","time":161904},{"key":"1Key9","time":167454},{"key":"1Key0","time":167454},{"key":"1Key3","time":167454},{"key":"1Key8","time":168204},{"key":"1Key7","time":168316},{"key":"1Key6","time":168466},{"key":"1Key5","time":168991},{"key":"1Key8","time":170603},{"key":"1Key7","time":170715},{"key":"1Key6","time":170827},{"key":"1Key4","time":172064},{"key":"1Key2","time":172064},{"key":"1Key5","time":172064},{"key":"1Key6","time":173226},{"key":"1Key7","time":173488},{"key":"1Key6","time":173825},{"key":"1Key6","time":175174},{"key":"1Key4","time":175174},{"key":"1Key2","time":175174},{"key":"1Key5","time":175699},{"key":"1Key0","time":176786},{"key":"1Key7","time":176823},{"key":"1Key4","time":176973},{"key":"1Key8","time":181435},{"key":"1Key9","time":181660},{"key":"1Key8","time":181922},{"key":"1Key7","time":182409},{"key":"1Key0","time":182859},{"key":"1Key5","time":182859},{"key":"1Key3","time":182859},{"key":"1Key3","time":183834},{"key":"1Key0","time":183834},{"key":"1Key6","time":183834},{"key":"1Key3","time":184846},{"key":"1Key0","time":184846},{"key":"1Key7","time":184846},{"key":"1Key3","time":185896},{"key":"1Key8","time":185896},{"key":"1Key0","time":185896},{"key":"1Key9","time":186346},{"key":"1Key5","time":186871},{"key":"1Key2","time":186871},{"key":"1Key12","time":186871},{"key":"1Key2","time":187958},{"key":"1Key5","time":187958},{"key":"1Key11","time":187958},{"key":"1Key7","time":188970},{"key":"1Key2","time":188970},{"key":"1Key4","time":188970},{"key":"1Key9","time":188970},{"key":"1Key8","time":189420},{"key":"1Key9","time":189645},{"key":"1Key6","time":189832},{"key":"1Key2","time":189832},{"key":"1Key8","time":189832},{"key":"1Key7","time":190319},{"key":"1Key5","time":190769},{"key":"1Key0","time":190769},{"key":"1Key3","time":190769},{"key":"1Key3","time":191819},{"key":"1Key6","time":191819},{"key":"1Key0","time":191819},{"key":"1Key7","time":192794},{"key":"1Key3","time":192794},{"key":"1Key0","time":192794},{"key":"1Key3","time":193769},{"key":"1Key8","time":193769},{"key":"1Key0","time":193769},{"key":"1Key9","time":194256},{"key":"1Key2","time":194743},{"key":"1Key5","time":194743},{"key":"1Key12","time":194743},{"key":"1Key11","time":195755},{"key":"1Key2","time":195755},{"key":"1Key5","time":195792},{"key":"1Key4","time":196767},{"key":"1Key9","time":196767},{"key":"1Key2","time":196767},{"key":"1Key7","time":196767},{"key":"1Key8","time":197179},{"key":"1Key9","time":197404},{"key":"1Key8","time":197629},{"key":"1Key7","time":198079},{"key":"1Key3","time":198491},{"key":"1Key0","time":198491},{"key":"1Key5","time":198491},{"key":"1Key6","time":199653},{"key":"1Key7","time":201003},{"key":"1Key8","time":202615},{"key":"1Key9","time":203327},{"key":"1Key2","time":204077},{"key":"1Key12","time":204077},{"key":"1Key5","time":204077},{"key":"1Key11","time":205539},{"key":"1Key7","time":206889},{"key":"1Key9","time":207001},{"key":"1Key4","time":207038},{"key":"1Key2","time":207225},{"key":"1Key2","time":209662},{"key":"1Key9","time":209662},{"key":"1Key5","time":209699},{"key":"1Key8","time":210636},{"key":"1Key7","time":210786},{"key":"1Key6","time":211011},{"key":"1Key5","time":211686},{"key":"1Key8","time":213411},{"key":"1Key7","time":213561},{"key":"1Key6","time":213786},{"key":"1Key5","time":215323},{"key":"1Key9","time":215323},{"key":"1Key2","time":215323},{"key":"1Key8","time":216598},{"key":"1Key7","time":216785},{"key":"1Key6","time":216972},{"key":"1Key5","time":217834},{"key":"1Key6","time":218659},{"key":"1Key4","time":218659},{"key":"1Key2","time":218659},{"key":"1Key5","time":219484},{"key":"1Key7","time":220346},{"key":"1Key9","time":222258},{"key":"1Key3","time":222258},{"key":"1Key0","time":222258},{"key":"1Key8","time":223383},{"key":"1Key7","time":223570},{"key":"1Key6","time":223832},{"key":"1Key5","time":224619},{"key":"1Key8","time":226419},{"key":"1Key7","time":226831},{"key":"1Key6","time":227281},{"key":"1Key5","time":229043},{"key":"1Key2","time":229043},{"key":"1Key6","time":229868},{"key":"1Key7","time":230168},{"key":"1Key6","time":230618},{"key":"1Key6","time":232155},{"key":"1Key2","time":232155},{"key":"1Key4","time":232155},{"key":"1Key5","time":233017},{"key":"1Key7","time":235717}]}]