[
	{
		"name": "Binary Sunset - Star Wars",
		"bpm": 120,
		"bitsPerPage": 16,
		"pitchLevel": 0,
		"helpText": "\n    After the download:\n    1/ go to https://sky-music.herokuapp.com\n    2/ Press 'manage recordings'\n    3/ Import the text file\n    4/ Listen to your song being played!\n    ",
		"songNotes": [
			{
				"key": "1Key2",
				"time": 700
			},
			{
				"key": "1Key0",
				"time": 1200
			},
			{
				"key": "1Key2",
				"time": 1200
			},
			{
				"key": "1Key5",
				"time": 1200
			},
			{
				"key": "1Key1",
				"time": 2200
			},
			{
				"key": "1Key3",
				"time": 2200
			},
			{
				"key": "1Key6",
				"time": 2200
			},
			{
				"key": "1Key7",
				"time": 3200
			},
			{
				"key": "1Key8",
				"time": 3700
			},
			{
				"key": "1Key2",
				"time": 4200
			},
			{
				"key": "1Key4",
				"time": 4200
			},
			{
				"key": "1Key7",
				"time": 4200
			},
			{
				"key": "1Key0",
				"time": 5200
			},
			{
				"key": "1Key2",
				"time": 5200
			},
			{
				"key": "1Key2",
				"time": 6200
			},
			{
				"key": "1Key0",
				"time": 6700
			},
			{
				"key": "1Key2",
				"time": 6700
			},
			{
				"key": "1Key5",
				"time": 6700
			},
			{
				"key": "1Key6",
				"time": 7700
			},
			{
				"key": "1Key0",
				"time": 8200
			},
			{
				"key": "1Key2",
				"time": 8200
			},
			{
				"key": "1Key7",
				"time": 8200
			},
			{
				"key": "1Key5",
				"time": 8700
			},
			{
				"key": "1Key7",
				"time": 9200
			},
			{
				"key": "1Key5",
				"time": 9700
			},
			{
				"key": "1Key9",
				"time": 10200
			},
			{
				"key": "1Key1",
				"time": 10700
			},
			{
				"key": "1Key3",
				"time": 10700
			},
			{
				"key": "1Key8",
				"time": 10700
			},
			{
				"key": "1Key2",
				"time": 11700
			},
			{
				"key": "1Key0",
				"time": 12200
			},
			{
				"key": "1Key2",
				"time": 12200
			},
			{
				"key": "1Key5",
				"time": 12200
			},
			{
				"key": "1Key6",
				"time": 13200
			},
			{
				"key": "1Key0",
				"time": 13700
			},
			{
				"key": "1Key2",
				"time": 13700
			},
			{
				"key": "1Key7",
				"time": 13700
			},
			{
				"key": "1Key5",
				"time": 14200
			},
			{
				"key": "1Key9",
				"time": 14700
			},
			{
				"key": "1Key7",
				"time": 15200
			},
			{
				"key": "1Key5",
				"time": 15700
			},
			{
				"key": "1Key7",
				"time": 15700
			},
			{
				"key": "1Key9",
				"time": 15700
			},
			{
				"key": "1Key12",
				"time": 15700
			},
			{
				"key": "1Key0",
				"time": 16700
			},
			{
				"key": "1Key2",
				"time": 16700
			},
			{
				"key": "1Key5",
				"time": 16700
			},
			{
				"key": "1Key7",
				"time": 17700
			},
			{
				"key": "1Key6",
				"time": 18200
			},
			{
				"key": "1Key5",
				"time": 18700
			},
			{
				"key": "1Key2",
				"time": 19200
			},
			{
				"key": "1Key4",
				"time": 19200
			},
			{
				"key": "1Key9",
				"time": 19200
			},
			{
				"key": "1Key8",
				"time": 20200
			},
			{
				"key": "1Key7",
				"time": 20700
			},
			{
				"key": "1Key0",
				"time": 21200
			},
			{
				"key": "1Key2",
				"time": 21200
			},
			{
				"key": "1Key7",
				"time": 21700
			},
			{
				"key": "1Key0",
				"time": 22200
			},
			{
				"key": "1Key2",
				"time": 22200
			},
			{
				"key": "1Key5",
				"time": 22200
			}
		]
	}
]