[
    {
      "name": "Bonnie's Lullaby- FNaF 3 Minigame",
      "bpm": 220,
      "songNotes": [
        {
          "time": 400,
          "key": "1Key13"
        },
        {
          "time": 672,
          "key": "1Key14"
        },
        {
          "time": 944,
          "key": "1Key13"
        },
        {
          "time": 1216,
          "key": "1Key9"
        },
        {
          "time": 1828,
          "key": "1Key13"
        },
        {
          "time": 2100,
          "key": "1Key12"
        },
        {
          "time": 2372,
          "key": "1Key13"
        },
        {
          "time": 2644,
          "key": "1Key12"
        },
        {
          "time": 2916,
          "key": "1Key9"
        },
        {
          "time": 3528,
          "key": "1Key9"
        },
        {
          "time": 3528,
          "key": "1Key12"
        },
        {
          "time": 3800,
          "key": "1Key10"
        },
        {
          "time": 3800,
          "key": "1Key13"
        },
        {
          "time": 4412,
          "key": "1Key12"
        },
        {
          "time": 4684,
          "key": "1Key12"
        },
        {
          "time": 4956,
          "key": "1Key11"
        },
        {
          "time": 5228,
          "key": "1Key10"
        },
        {
          "time": 5500,
          "key": "1Key9"
        },
        {
          "time": 5772,
          "key": "1Key11"
        },
        {
          "time": 6044,
          "key": "1Key13"
        },
        {
          "time": 6316,
          "key": "1Key9"
        },
        {
          "time": 6996,
          "key": "1Key13"
        },
        {
          "time": 7268,
          "key": "1Key10"
        },
        {
          "time": 7268,
          "key": "1Key13"
        },
        {
          "time": 7880,
          "key": "1Key12"
        },
        {
          "time": 8152,
          "key": "1Key12"
        },
        {
          "time": 8424,
          "key": "1Key11"
        },
        {
          "time": 8696,
          "key": "1Key10"
        },
        {
          "time": 8968,
          "key": "1Key9"
        },
        {
          "time": 9240,
          "key": "1Key11"
        },
        {
          "time": 9512,
          "key": "1Key13"
        },
        {
          "time": 9784,
          "key": "1Key9"
        },
        {
          "time": 10056,
          "key": "1Key13"
        },
        {
          "time": 10736,
          "key": "1Key13"
        },
        {
          "time": 11008,
          "key": "1Key14"
        },
        {
          "time": 11280,
          "key": "1Key13"
        },
        {
          "time": 11552,
          "key": "1Key9"
        },
        {
          "time": 12164,
          "key": "1Key13"
        },
        {
          "time": 12436,
          "key": "1Key12"
        },
        {
          "time": 12708,
          "key": "1Key13"
        },
        {
          "time": 12980,
          "key": "1Key12"
        },
        {
          "time": 13252,
          "key": "1Key10"
        },
        {
          "time": 13864,
          "key": "1Key9"
        },
        {
          "time": 13864,
          "key": "1Key14"
        },
        {
          "time": 14136,
          "key": "1Key8"
        },
        {
          "time": 14748,
          "key": "1Key7"
        },
        {
          "time": 14748,
          "key": "1Key14"
        },
        {
          "time": 15020,
          "key": "1Key7"
        },
        {
          "time": 15020,
          "key": "1Key14"
        },
        {
          "time": 15292,
          "key": "1Key6"
        },
        {
          "time": 15292,
          "key": "1Key13"
        },
        {
          "time": 15564,
          "key": "1Key5"
        },
        {
          "time": 15564,
          "key": "1Key12"
        },
        {
          "time": 15836,
          "key": "1Key6"
        },
        {
          "time": 16108,
          "key": "1Key8"
        },
        {
          "time": 16380,
          "key": "1Key11"
        },
        {
          "time": 16652,
          "key": "1Key13"
        },
        {
          "time": 16924,
          "key": "1Key13"
        },
        {
          "time": 17808,
          "key": "1Key13"
        },
        {
          "time": 18080,
          "key": "1Key14"
        },
        {
          "time": 18352,
          "key": "1Key13"
        },
        {
          "time": 18624,
          "key": "1Key9"
        },
        {
          "time": 19236,
          "key": "1Key13"
        },
        {
          "time": 19508,
          "key": "1Key12"
        },
        {
          "time": 19780,
          "key": "1Key13"
        },
        {
          "time": 20052,
          "key": "1Key12"
        },
        {
          "time": 20324,
          "key": "1Key9"
        },
        {
          "time": 20936,
          "key": "1Key9"
        },
        {
          "time": 20936,
          "key": "1Key12"
        },
        {
          "time": 21208,
          "key": "1Key10"
        },
        {
          "time": 21208,
          "key": "1Key13"
        },
        {
          "time": 21820,
          "key": "1Key12"
        },
        {
          "time": 22092,
          "key": "1Key12"
        },
        {
          "time": 22364,
          "key": "1Key11"
        },
        {
          "time": 22636,
          "key": "1Key10"
        },
        {
          "time": 22908,
          "key": "1Key9"
        },
        {
          "time": 23180,
          "key": "1Key11"
        },
        {
          "time": 23452,
          "key": "1Key13"
        },
        {
          "time": 23724,
          "key": "1Key9"
        },
        {
          "time": 24404,
          "key": "1Key13"
        },
        {
          "time": 24676,
          "key": "1Key10"
        },
        {
          "time": 24676,
          "key": "1Key13"
        },
        {
          "time": 25288,
          "key": "1Key12"
        },
        {
          "time": 25560,
          "key": "1Key12"
        },
        {
          "time": 25832,
          "key": "1Key11"
        },
        {
          "time": 26104,
          "key": "1Key10"
        },
        {
          "time": 26376,
          "key": "1Key9"
        },
        {
          "time": 26648,
          "key": "1Key11"
        },
        {
          "time": 26920,
          "key": "1Key13"
        },
        {
          "time": 27192,
          "key": "1Key9"
        },
        {
          "time": 27464,
          "key": "1Key13"
        },
        {
          "time": 28144,
          "key": "1Key13"
        },
        {
          "time": 28416,
          "key": "1Key14"
        },
        {
          "time": 28688,
          "key": "1Key13"
        },
        {
          "time": 28960,
          "key": "1Key9"
        },
        {
          "time": 29572,
          "key": "1Key13"
        },
        {
          "time": 29844,
          "key": "1Key12"
        },
        {
          "time": 30116,
          "key": "1Key13"
        },
        {
          "time": 30388,
          "key": "1Key12"
        },
        {
          "time": 30660,
          "key": "1Key10"
        },
        {
          "time": 31272,
          "key": "1Key9"
        },
        {
          "time": 31272,
          "key": "1Key14"
        },
        {
          "time": 31544,
          "key": "1Key8"
        },
        {
          "time": 32156,
          "key": "1Key7"
        },
        {
          "time": 32156,
          "key": "1Key14"
        },
        {
          "time": 32428,
          "key": "1Key7"
        },
        {
          "time": 32428,
          "key": "1Key14"
        },
        {
          "time": 32700,
          "key": "1Key6"
        },
        {
          "time": 32700,
          "key": "1Key13"
        },
        {
          "time": 32972,
          "key": "1Key5"
        },
        {
          "time": 32972,
          "key": "1Key12"
        },
        {
          "time": 33244,
          "key": "1Key6"
        },
        {
          "time": 33516,
          "key": "1Key8"
        },
        {
          "time": 33788,
          "key": "1Key11"
        },
        {
          "time": 34060,
          "key": "1Key13"
        },
        {
          "time": 34332,
          "key": "1Key13"
        },
        {
          "time": 35216,
          "key": "1Key13"
        },
        {
          "time": 35488,
          "key": "1Key14"
        },
        {
          "time": 35760,
          "key": "1Key13"
        },
        {
          "time": 36032,
          "key": "1Key9"
        },
        {
          "time": 36644,
          "key": "1Key13"
        },
        {
          "time": 36916,
          "key": "1Key12"
        },
        {
          "time": 37188,
          "key": "1Key13"
        },
        {
          "time": 37460,
          "key": "1Key12"
        },
        {
          "time": 37732,
          "key": "1Key9"
        },
        {
          "time": 38344,
          "key": "1Key9"
        },
        {
          "time": 38344,
          "key": "1Key12"
        },
        {
          "time": 38616,
          "key": "1Key10"
        },
        {
          "time": 38616,
          "key": "1Key13"
        },
        {
          "time": 39228,
          "key": "1Key12"
        },
        {
          "time": 39500,
          "key": "1Key12"
        },
        {
          "time": 39772,
          "key": "1Key11"
        },
        {
          "time": 40044,
          "key": "1Key10"
        },
        {
          "time": 40316,
          "key": "1Key9"
        },
        {
          "time": 40588,
          "key": "1Key11"
        },
        {
          "time": 40860,
          "key": "1Key13"
        },
        {
          "time": 41132,
          "key": "1Key9"
        },
        {
          "time": 41812,
          "key": "1Key13"
        },
        {
          "time": 42084,
          "key": "1Key10"
        },
        {
          "time": 42084,
          "key": "1Key13"
        },
        {
          "time": 42764,
          "key": "1Key12"
        },
        {
          "time": 43036,
          "key": "1Key12"
        },
        {
          "time": 43308,
          "key": "1Key11"
        },
        {
          "time": 43580,
          "key": "1Key10"
        },
        {
          "time": 43852,
          "key": "1Key4"
        },
        {
          "time": 44124,
          "key": "1Key6"
        },
        {
          "time": 44396,
          "key": "1Key9"
        }
      ]
    }
  ]