[{"name":"Imagining - Brian Crain (G)  (FineTyler)","bpm":400,"bitsPerPage":16,"pitchLevel":7,"isComposed":true,"songNotes":[{"time":400,"key":"1Key1"},{"time":700,"key":"1Key3"},{"time":1000,"key":"1Key1"},{"time":1000,"key":"1Key8"},{"time":1300,"key":"1Key3"},{"time":1600,"key":"1Key1"},{"time":1600,"key":"1Key10"},{"time":1900,"key":"1Key3"},{"time":2200,"key":"1Key1"},{"time":2500,"key":"1Key3"},{"time":2800,"key":"1Key0"},{"time":3100,"key":"1Key3"},{"time":3400,"key":"1Key0"},{"time":3400,"key":"1Key7"},{"time":3700,"key":"1Key3"},{"time":4000,"key":"1Key0"},{"time":4000,"key":"1Key10"},{"time":4300,"key":"1Key3"},{"time":4600,"key":"1Key0"},{"time":4900,"key":"1Key3"},{"time":5200,"key":"1Key0"},{"time":5500,"key":"1Key2"},{"time":5800,"key":"1Key0"},{"time":5800,"key":"1Key7"},{"time":6100,"key":"1Key2"},{"time":6400,"key":"1Key0"},{"time":6400,"key":"1Key9"},{"time":6700,"key":"1Key2"},{"time":7000,"key":"1Key0"},{"time":7300,"key":"1Key2"},{"time":7600,"key":"1Key4"},{"time":7600,"key":"1Key11"},{"time":7900,"key":"1Key6"},{"time":8200,"key":"1Key4"},{"time":8500,"key":"1Key6"},{"time":8800,"key":"1Key4"},{"time":8800,"key":"1Key8"},{"time":9100,"key":"1Key6"},{"time":9400,"key":"1Key4"},{"time":9700,"key":"1Key6"},{"time":10000,"key":"1Key1"},{"time":10300,"key":"1Key3"},{"time":10600,"key":"1Key1"},{"time":10600,"key":"1Key8"},{"time":10900,"key":"1Key3"},{"time":11200,"key":"1Key1"},{"time":11200,"key":"1Key10"},{"time":11500,"key":"1Key3"},{"time":11800,"key":"1Key1"},{"time":12100,"key":"1Key3"},{"time":12400,"key":"1Key0"},{"time":12700,"key":"1Key3"},{"time":13000,"key":"1Key0"},{"time":13000,"key":"1Key7"},{"time":13300,"key":"1Key3"},{"time":13600,"key":"1Key0"},{"time":13600,"key":"1Key10"},{"time":13900,"key":"1Key3"},{"time":14200,"key":"1Key0"},{"time":14500,"key":"1Key3"},{"time":14800,"key":"1Key0"},{"time":14800,"key":"1Key12"},{"time":15100,"key":"1Key2"},{"time":15400,"key":"1Key0"},{"time":15700,"key":"1Key2"},{"time":16000,"key":"1Key0"},{"time":16000,"key":"1Key9"},{"time":16300,"key":"1Key2"},{"time":16600,"key":"1Key0"},{"time":16900,"key":"1Key2"},{"time":17200,"key":"1Key4"},{"time":17200,"key":"1Key11"},{"time":17500,"key":"1Key6"},{"time":17800,"key":"1Key4"},{"time":18100,"key":"1Key6"},{"time":18400,"key":"1Key4"},{"time":18400,"key":"1Key8"},{"time":18700,"key":"1Key6"},{"time":19000,"key":"1Key4"},{"time":19300,"key":"1Key6"},{"time":19600,"key":"1Key1"},{"time":19600,"key":"1Key10"},{"time":19900,"key":"1Key3"},{"time":20200,"key":"1Key1"},{"time":20500,"key":"1Key3"},{"time":20500,"key":"1Key9"},{"time":20800,"key":"1Key1"},{"time":20800,"key":"1Key9"},{"time":21100,"key":"1Key3"},{"time":21400,"key":"1Key1"},{"time":21400,"key":"1Key8"},{"time":21700,"key":"1Key3"},{"time":22000,"key":"1Key0"},{"time":22000,"key":"1Key9"},{"time":22300,"key":"1Key3"},{"time":22600,"key":"1Key0"},{"time":22900,"key":"1Key3"},{"time":22900,"key":"1Key8"},{"time":23200,"key":"1Key0"},{"time":23200,"key":"1Key8"},{"time":23500,"key":"1Key3"},{"time":23800,"key":"1Key0"},{"time":23800,"key":"1Key7"},{"time":24100,"key":"1Key3"},{"time":24400,"key":"1Key0"},{"time":24400,"key":"1Key9"},{"time":24700,"key":"1Key2"},{"time":25000,"key":"1Key0"},{"time":25300,"key":"1Key2"},{"time":25300,"key":"1Key8"},{"time":25600,"key":"1Key0"},{"time":25600,"key":"1Key8"},{"time":25900,"key":"1Key2"},{"time":26200,"key":"1Key0"},{"time":26200,"key":"1Key7"},{"time":26500,"key":"1Key2"},{"time":26800,"key":"1Key1"},{"time":26800,"key":"1Key6"},{"time":27100,"key":"1Key4"},{"time":27400,"key":"1Key1"},{"time":27700,"key":"1Key4"},{"time":27700,"key":"1Key5"},{"time":28000,"key":"1Key1"},{"time":28000,"key":"1Key5"},{"time":28300,"key":"1Key4"},{"time":28600,"key":"1Key1"},{"time":28600,"key":"1Key4"},{"time":28900,"key":"1Key4"},{"time":29200,"key":"1Key1"},{"time":29200,"key":"1Key10"},{"time":29500,"key":"1Key3"},{"time":29800,"key":"1Key1"},{"time":30100,"key":"1Key3"},{"time":30100,"key":"1Key9"},{"time":30400,"key":"1Key1"},{"time":30400,"key":"1Key9"},{"time":30700,"key":"1Key3"},{"time":31000,"key":"1Key1"},{"time":31000,"key":"1Key8"},{"time":31300,"key":"1Key3"},{"time":31600,"key":"1Key0"},{"time":31600,"key":"1Key9"},{"time":31900,"key":"1Key3"},{"time":32200,"key":"1Key0"},{"time":32500,"key":"1Key3"},{"time":32500,"key":"1Key8"},{"time":32800,"key":"1Key0"},{"time":32800,"key":"1Key8"},{"time":33100,"key":"1Key3"},{"time":33400,"key":"1Key0"},{"time":33400,"key":"1Key7"},{"time":33700,"key":"1Key3"},{"time":34000,"key":"1Key0"},{"time":34000,"key":"1Key9"},{"time":34300,"key":"1Key2"},{"time":34600,"key":"1Key0"},{"time":34900,"key":"1Key2"},{"time":34900,"key":"1Key10"},{"time":35200,"key":"1Key0"},{"time":35200,"key":"1Key10"},{"time":35500,"key":"1Key2"},{"time":35800,"key":"1Key0"},{"time":35800,"key":"1Key11"},{"time":36100,"key":"1Key2"},{"time":36400,"key":"1Key1"},{"time":36400,"key":"1Key11"},{"time":36700,"key":"1Key4"},{"time":37000,"key":"1Key1"},{"time":37300,"key":"1Key4"},{"time":37600,"key":"1Key1"},{"time":37600,"key":"1Key8"},{"time":37900,"key":"1Key4"},{"time":38200,"key":"1Key1"},{"time":38500,"key":"1Key4"},{"time":38800,"key":"1Key1"},{"time":38950,"key":"1Key3"},{"time":39100,"key":"1Key3"},{"time":39100,"key":"1Key8"},{"time":39250,"key":"1Key1"},{"time":39400,"key":"1Key1"},{"time":39400,"key":"1Key3"},{"time":39550,"key":"1Key8"},{"time":39700,"key":"1Key1"},{"time":39700,"key":"1Key3"},{"time":39850,"key":"1Key3"},{"time":40000,"key":"1Key1"},{"time":40000,"key":"1Key8"},{"time":40150,"key":"1Key1"},{"time":40300,"key":"1Key3"},{"time":40450,"key":"1Key8"},{"time":40600,"key":"1Key1"},{"time":40900,"key":"1Key3"},{"time":41200,"key":"1Key0"},{"time":41350,"key":"1Key3"},{"time":41500,"key":"1Key3"},{"time":41500,"key":"1Key7"},{"time":41650,"key":"1Key0"},{"time":41800,"key":"1Key0"},{"time":41800,"key":"1Key3"},{"time":41950,"key":"1Key7"},{"time":42100,"key":"1Key0"},{"time":42100,"key":"1Key3"},{"time":42250,"key":"1Key3"},{"time":42400,"key":"1Key0"},{"time":42400,"key":"1Key7"},{"time":42550,"key":"1Key0"},{"time":42700,"key":"1Key3"},{"time":42850,"key":"1Key7"},{"time":43000,"key":"1Key0"},{"time":43300,"key":"1Key3"},{"time":43600,"key":"1Key0"},{"time":43750,"key":"1Key2"},{"time":43900,"key":"1Key2"},{"time":43900,"key":"1Key7"},{"time":44050,"key":"1Key0"},{"time":44200,"key":"1Key0"},{"time":44200,"key":"1Key2"},{"time":44350,"key":"1Key7"},{"time":44500,"key":"1Key0"},{"time":44500,"key":"1Key2"},{"time":44650,"key":"1Key2"},{"time":44800,"key":"1Key0"},{"time":44800,"key":"1Key7"},{"time":44950,"key":"1Key0"},{"time":45100,"key":"1Key2"},{"time":45250,"key":"1Key7"},{"time":45400,"key":"1Key0"},{"time":45700,"key":"1Key2"},{"time":46000,"key":"1Key1"},{"time":46000,"key":"1Key6"},{"time":46000,"key":"1Key13"},{"time":46300,"key":"1Key4"},{"time":46600,"key":"1Key1"},{"time":46900,"key":"1Key4"},{"time":46900,"key":"1Key5"},{"time":46900,"key":"1Key12"},{"time":47200,"key":"1Key1"},{"time":47200,"key":"1Key5"},{"time":47200,"key":"1Key12"},{"time":47500,"key":"1Key4"},{"time":47800,"key":"1Key1"},{"time":47800,"key":"1Key4"},{"time":47800,"key":"1Key11"},{"time":48100,"key":"1Key4"},{"time":48400,"key":"1Key1"},{"time":48550,"key":"1Key3"},{"time":48700,"key":"1Key3"},{"time":48700,"key":"1Key8"},{"time":48850,"key":"1Key1"},{"time":49000,"key":"1Key1"},{"time":49000,"key":"1Key3"},{"time":49150,"key":"1Key8"},{"time":49300,"key":"1Key1"},{"time":49300,"key":"1Key3"},{"time":49450,"key":"1Key3"},{"time":49600,"key":"1Key1"},{"time":49600,"key":"1Key8"},{"time":49750,"key":"1Key1"},{"time":49900,"key":"1Key3"},{"time":50050,"key":"1Key8"},{"time":50200,"key":"1Key1"},{"time":50500,"key":"1Key3"},{"time":50800,"key":"1Key0"},{"time":50950,"key":"1Key3"},{"time":51100,"key":"1Key3"},{"time":51100,"key":"1Key7"},{"time":51250,"key":"1Key0"},{"time":51400,"key":"1Key0"},{"time":51400,"key":"1Key3"},{"time":51550,"key":"1Key7"},{"time":51700,"key":"1Key0"},{"time":51700,"key":"1Key3"},{"time":51850,"key":"1Key3"},{"time":52000,"key":"1Key0"},{"time":52000,"key":"1Key7"},{"time":52150,"key":"1Key0"},{"time":52300,"key":"1Key3"},{"time":52450,"key":"1Key7"},{"time":52600,"key":"1Key0"},{"time":52900,"key":"1Key3"},{"time":53200,"key":"1Key0"},{"time":53350,"key":"1Key2"},{"time":53500,"key":"1Key2"},{"time":53500,"key":"1Key7"},{"time":53650,"key":"1Key0"},{"time":53800,"key":"1Key0"},{"time":53800,"key":"1Key2"},{"time":53950,"key":"1Key7"},{"time":54100,"key":"1Key0"},{"time":54100,"key":"1Key2"},{"time":54250,"key":"1Key2"},{"time":54400,"key":"1Key0"},{"time":54400,"key":"1Key7"},{"time":54550,"key":"1Key0"},{"time":54700,"key":"1Key2"},{"time":54850,"key":"1Key7"},{"time":55000,"key":"1Key0"},{"time":55300,"key":"1Key2"},{"time":55600,"key":"1Key1"},{"time":55600,"key":"1Key6"},{"time":55600,"key":"1Key13"},{"time":55900,"key":"1Key4"},{"time":56200,"key":"1Key1"},{"time":56500,"key":"1Key4"},{"time":56500,"key":"1Key7"},{"time":56500,"key":"1Key14"},{"time":56800,"key":"1Key1"},{"time":56800,"key":"1Key7"},{"time":56800,"key":"1Key14"},{"time":57100,"key":"1Key4"},{"time":57400,"key":"1Key1"},{"time":57400,"key":"1Key4"},{"time":57400,"key":"1Key11"},{"time":57700,"key":"1Key4"},{"time":58000,"key":"1Key1"},{"time":58000,"key":"1Key3"},{"time":58000,"key":"1Key10"},{"time":58300,"key":"1Key3"},{"time":58600,"key":"1Key1"},{"time":58900,"key":"1Key2"},{"time":58900,"key":"1Key9"},{"time":59200,"key":"1Key2"},{"time":59200,"key":"1Key9"},{"time":59500,"key":"1Key3"},{"time":59800,"key":"1Key1"},{"time":59800,"key":"1Key8"},{"time":60100,"key":"1Key3"},{"time":60400,"key":"1Key0"},{"time":60400,"key":"1Key2"},{"time":60400,"key":"1Key9"},{"time":60700,"key":"1Key3"},{"time":61000,"key":"1Key0"},{"time":61300,"key":"1Key1"},{"time":61300,"key":"1Key3"},{"time":61300,"key":"1Key8"},{"time":61600,"key":"1Key2"},{"time":61600,"key":"1Key8"},{"time":61900,"key":"1Key3"},{"time":62200,"key":"1Key0"},{"time":62200,"key":"1Key7"},{"time":62500,"key":"1Key3"},{"time":62800,"key":"1Key0"},{"time":62800,"key":"1Key2"},{"time":62800,"key":"1Key9"},{"time":63100,"key":"1Key2"},{"time":63400,"key":"1Key0"},{"time":63700,"key":"1Key1"},{"time":63700,"key":"1Key2"},{"time":63700,"key":"1Key8"},{"time":64000,"key":"1Key0"},{"time":64000,"key":"1Key1"},{"time":64000,"key":"1Key8"},{"time":64300,"key":"1Key2"},{"time":64600,"key":"1Key0"},{"time":64600,"key":"1Key7"},{"time":64900,"key":"1Key2"},{"time":65200,"key":"1Key1"},{"time":65200,"key":"1Key6"},{"time":65200,"key":"1Key13"},{"time":65500,"key":"1Key4"},{"time":65800,"key":"1Key1"},{"time":66100,"key":"1Key4"},{"time":66100,"key":"1Key5"},{"time":66100,"key":"1Key12"},{"time":66400,"key":"1Key1"},{"time":66400,"key":"1Key5"},{"time":66400,"key":"1Key12"},{"time":66700,"key":"1Key4"},{"time":67000,"key":"1Key1"},{"time":67000,"key":"1Key4"},{"time":67000,"key":"1Key11"},{"time":67300,"key":"1Key4"},{"time":67600,"key":"1Key1"},{"time":67600,"key":"1Key3"},{"time":67600,"key":"1Key10"},{"time":67900,"key":"1Key3"},{"time":68200,"key":"1Key1"},{"time":68500,"key":"1Key2"},{"time":68500,"key":"1Key9"},{"time":68800,"key":"1Key2"},{"time":68800,"key":"1Key9"},{"time":69100,"key":"1Key3"},{"time":69400,"key":"1Key1"},{"time":69400,"key":"1Key8"},{"time":69700,"key":"1Key3"},{"time":70000,"key":"1Key0"},{"time":70000,"key":"1Key2"},{"time":70000,"key":"1Key9"},{"time":70300,"key":"1Key3"},{"time":70600,"key":"1Key0"},{"time":70900,"key":"1Key1"},{"time":70900,"key":"1Key3"},{"time":70900,"key":"1Key8"},{"time":71200,"key":"1Key2"},{"time":71200,"key":"1Key8"},{"time":71500,"key":"1Key3"},{"time":71800,"key":"1Key0"},{"time":71800,"key":"1Key7"},{"time":72100,"key":"1Key3"},{"time":72400,"key":"1Key0"},{"time":72400,"key":"1Key2"},{"time":72400,"key":"1Key9"},{"time":72700,"key":"1Key2"},{"time":73000,"key":"1Key0"},{"time":73300,"key":"1Key1"},{"time":73300,"key":"1Key3"},{"time":73300,"key":"1Key10"},{"time":73600,"key":"1Key0"},{"time":73600,"key":"1Key1"},{"time":73600,"key":"1Key3"},{"time":73600,"key":"1Key10"},{"time":73900,"key":"1Key2"},{"time":74200,"key":"1Key0"},{"time":74200,"key":"1Key4"},{"time":74200,"key":"1Key11"},{"time":74500,"key":"1Key2"},{"time":74800,"key":"1Key1"},{"time":74800,"key":"1Key4"},{"time":74800,"key":"1Key11"},{"time":75100,"key":"1Key4"},{"time":75400,"key":"1Key1"},{"time":75700,"key":"1Key4"},{"time":76000,"key":"1Key1"},{"time":76000,"key":"1Key8"},{"time":76300,"key":"1Key4"},{"time":76600,"key":"1Key1"},{"time":76900,"key":"1Key4"},{"time":77200,"key":"1Key1"},{"time":77500,"key":"1Key3"},{"time":77800,"key":"1Key1"},{"time":77800,"key":"1Key8"},{"time":78100,"key":"1Key3"},{"time":78400,"key":"1Key1"},{"time":78400,"key":"1Key10"},{"time":78700,"key":"1Key3"},{"time":79000,"key":"1Key1"},{"time":79300,"key":"1Key3"},{"time":79600,"key":"1Key0"},{"time":79900,"key":"1Key3"},{"time":80200,"key":"1Key0"},{"time":80200,"key":"1Key7"},{"time":80500,"key":"1Key3"},{"time":80800,"key":"1Key0"},{"time":80800,"key":"1Key10"},{"time":81100,"key":"1Key3"},{"time":81400,"key":"1Key0"},{"time":81700,"key":"1Key3"},{"time":82000,"key":"1Key0"},{"time":82300,"key":"1Key2"},{"time":82600,"key":"1Key0"},{"time":82600,"key":"1Key7"},{"time":82900,"key":"1Key2"},{"time":83200,"key":"1Key0"},{"time":83200,"key":"1Key9"},{"time":83500,"key":"1Key2"},{"time":83800,"key":"1Key0"},{"time":84100,"key":"1Key2"},{"time":84400,"key":"1Key1"},{"time":84400,"key":"1Key11"},{"time":84700,"key":"1Key4"},{"time":85000,"key":"1Key1"},{"time":85300,"key":"1Key4"},{"time":85600,"key":"1Key1"},{"time":85600,"key":"1Key8"},{"time":85900,"key":"1Key4"},{"time":86200,"key":"1Key1"},{"time":86500,"key":"1Key4"},{"time":86800,"key":"1Key1"},{"time":87100,"key":"1Key3"},{"time":87400,"key":"1Key1"},{"time":87400,"key":"1Key8"},{"time":87700,"key":"1Key3"},{"time":88000,"key":"1Key1"},{"time":88000,"key":"1Key10"},{"time":88300,"key":"1Key3"},{"time":88600,"key":"1Key1"},{"time":88900,"key":"1Key3"},{"time":89200,"key":"1Key0"},{"time":89200,"key":"1Key12"},{"time":89500,"key":"1Key3"},{"time":89800,"key":"1Key0"},{"time":90100,"key":"1Key3"},{"time":90400,"key":"1Key0"},{"time":90400,"key":"1Key10"},{"time":90700,"key":"1Key3"},{"time":91000,"key":"1Key0"},{"time":91300,"key":"1Key3"},{"time":91600,"key":"1Key0"},{"time":91600,"key":"1Key12"},{"time":91900,"key":"1Key2"},{"time":92200,"key":"1Key0"},{"time":92500,"key":"1Key2"},{"time":92800,"key":"1Key0"},{"time":92800,"key":"1Key9"},{"time":93100,"key":"1Key2"},{"time":93400,"key":"1Key0"},{"time":93700,"key":"1Key2"},{"time":94000,"key":"1Key1"},{"time":94000,"key":"1Key11"},{"time":94300,"key":"1Key4"},{"time":94600,"key":"1Key1"},{"time":94900,"key":"1Key4"},{"time":95200,"key":"1Key1"},{"time":95200,"key":"1Key8"},{"time":95500,"key":"1Key4"},{"time":95800,"key":"1Key1"},{"time":96100,"key":"1Key4"},{"time":96400,"key":"1Key1"},{"time":96550,"key":"1Key3"},{"time":96700,"key":"1Key3"},{"time":96700,"key":"1Key8"},{"time":96850,"key":"1Key1"},{"time":97000,"key":"1Key1"},{"time":97000,"key":"1Key3"},{"time":97150,"key":"1Key8"},{"time":97300,"key":"1Key1"},{"time":97300,"key":"1Key3"},{"time":97450,"key":"1Key3"},{"time":97600,"key":"1Key1"},{"time":97600,"key":"1Key8"},{"time":97750,"key":"1Key1"},{"time":97900,"key":"1Key3"},{"time":98050,"key":"1Key8"},{"time":98200,"key":"1Key2"},{"time":98350,"key":"1Key3"},{"time":98500,"key":"1Key1"},{"time":98650,"key":"1Key3"},{"time":98800,"key":"1Key0"},{"time":98950,"key":"1Key3"},{"time":99100,"key":"1Key3"},{"time":99100,"key":"1Key7"},{"time":99250,"key":"1Key0"},{"time":99400,"key":"1Key0"},{"time":99400,"key":"1Key3"},{"time":99550,"key":"1Key7"},{"time":99700,"key":"1Key0"},{"time":99700,"key":"1Key3"},{"time":99850,"key":"1Key3"},{"time":100000,"key":"1Key0"},{"time":100000,"key":"1Key7"},{"time":100150,"key":"1Key0"},{"time":100300,"key":"1Key3"},{"time":100450,"key":"1Key7"},{"time":100600,"key":"1Key1"},{"time":100750,"key":"1Key3"},{"time":100900,"key":"1Key0"},{"time":101050,"key":"1Key3"},{"time":101200,"key":"1Key0"},{"time":101350,"key":"1Key2"},{"time":101500,"key":"1Key2"},{"time":101500,"key":"1Key7"},{"time":101650,"key":"1Key0"},{"time":101800,"key":"1Key0"},{"time":101800,"key":"1Key2"},{"time":101950,"key":"1Key7"},{"time":102100,"key":"1Key0"},{"time":102100,"key":"1Key2"},{"time":102250,"key":"1Key2"},{"time":102400,"key":"1Key0"},{"time":102400,"key":"1Key7"},{"time":102550,"key":"1Key0"},{"time":102700,"key":"1Key2"},{"time":102850,"key":"1Key7"},{"time":103000,"key":"1Key1"},{"time":103150,"key":"1Key2"},{"time":103300,"key":"1Key0"},{"time":103450,"key":"1Key2"},{"time":103600,"key":"1Key1"},{"time":103600,"key":"1Key6"},{"time":103600,"key":"1Key13"},{"time":103900,"key":"1Key4"},{"time":104200,"key":"1Key1"},{"time":104500,"key":"1Key4"},{"time":104500,"key":"1Key7"},{"time":104500,"key":"1Key14"},{"time":104800,"key":"1Key1"},{"time":104800,"key":"1Key7"},{"time":104800,"key":"1Key14"},{"time":105100,"key":"1Key4"},{"time":105400,"key":"1Key1"},{"time":105400,"key":"1Key4"},{"time":105400,"key":"1Key11"},{"time":105700,"key":"1Key4"},{"time":106000,"key":"1Key1"},{"time":106150,"key":"1Key3"},{"time":106300,"key":"1Key3"},{"time":106300,"key":"1Key8"},{"time":106450,"key":"1Key1"},{"time":106600,"key":"1Key1"},{"time":106600,"key":"1Key3"},{"time":106750,"key":"1Key8"},{"time":106900,"key":"1Key1"},{"time":106900,"key":"1Key3"},{"time":107050,"key":"1Key3"},{"time":107200,"key":"1Key1"},{"time":107200,"key":"1Key8"},{"time":107350,"key":"1Key1"},{"time":107500,"key":"1Key3"},{"time":107650,"key":"1Key8"},{"time":107800,"key":"1Key2"},{"time":107950,"key":"1Key3"},{"time":108100,"key":"1Key1"},{"time":108250,"key":"1Key3"},{"time":108400,"key":"1Key0"},{"time":108550,"key":"1Key3"},{"time":108700,"key":"1Key3"},{"time":108700,"key":"1Key7"},{"time":108850,"key":"1Key0"},{"time":109000,"key":"1Key0"},{"time":109000,"key":"1Key3"},{"time":109150,"key":"1Key7"},{"time":109300,"key":"1Key0"},{"time":109300,"key":"1Key3"},{"time":109450,"key":"1Key3"},{"time":109600,"key":"1Key0"},{"time":109600,"key":"1Key7"},{"time":109750,"key":"1Key0"},{"time":109900,"key":"1Key3"},{"time":110050,"key":"1Key7"},{"time":110200,"key":"1Key1"},{"time":110350,"key":"1Key3"},{"time":110500,"key":"1Key0"},{"time":110650,"key":"1Key3"},{"time":110800,"key":"1Key0"},{"time":110950,"key":"1Key2"},{"time":111100,"key":"1Key2"},{"time":111100,"key":"1Key7"},{"time":111250,"key":"1Key0"},{"time":111400,"key":"1Key0"},{"time":111400,"key":"1Key2"},{"time":111550,"key":"1Key7"},{"time":111700,"key":"1Key0"},{"time":111700,"key":"1Key2"},{"time":111850,"key":"1Key2"},{"time":112000,"key":"1Key0"},{"time":112000,"key":"1Key7"},{"time":112150,"key":"1Key0"},{"time":112300,"key":"1Key2"},{"time":112450,"key":"1Key7"},{"time":112600,"key":"1Key1"},{"time":112750,"key":"1Key2"},{"time":112900,"key":"1Key0"},{"time":113050,"key":"1Key2"},{"time":113200,"key":"1Key1"},{"time":113200,"key":"1Key6"},{"time":113200,"key":"1Key13"},{"time":113500,"key":"1Key4"},{"time":113800,"key":"1Key1"},{"time":114100,"key":"1Key4"},{"time":114100,"key":"1Key5"},{"time":114100,"key":"1Key12"},{"time":114400,"key":"1Key1"},{"time":114400,"key":"1Key5"},{"time":114400,"key":"1Key12"},{"time":114700,"key":"1Key4"},{"time":115000,"key":"1Key1"},{"time":115000,"key":"1Key4"},{"time":115000,"key":"1Key11"},{"time":115300,"key":"1Key4"},{"time":115600,"key":"1Key1"},{"time":115750,"key":"1Key3"},{"time":115900,"key":"1Key3"},{"time":115900,"key":"1Key8"},{"time":116050,"key":"1Key1"},{"time":116200,"key":"1Key1"},{"time":116200,"key":"1Key3"},{"time":116350,"key":"1Key8"},{"time":116500,"key":"1Key1"},{"time":116500,"key":"1Key3"},{"time":116650,"key":"1Key3"},{"time":116800,"key":"1Key1"},{"time":116800,"key":"1Key8"},{"time":116950,"key":"1Key1"},{"time":117100,"key":"1Key3"},{"time":117250,"key":"1Key8"},{"time":117400,"key":"1Key2"},{"time":117550,"key":"1Key3"},{"time":117700,"key":"1Key1"},{"time":117850,"key":"1Key3"},{"time":118000,"key":"1Key0"},{"time":118150,"key":"1Key3"},{"time":118300,"key":"1Key3"},{"time":118300,"key":"1Key7"},{"time":118450,"key":"1Key0"},{"time":118600,"key":"1Key0"},{"time":118600,"key":"1Key3"},{"time":118750,"key":"1Key7"},{"time":118900,"key":"1Key0"},{"time":118900,"key":"1Key3"},{"time":119050,"key":"1Key3"},{"time":119200,"key":"1Key0"},{"time":119200,"key":"1Key7"},{"time":119350,"key":"1Key0"},{"time":119500,"key":"1Key3"},{"time":119650,"key":"1Key7"},{"time":119800,"key":"1Key1"},{"time":119950,"key":"1Key3"},{"time":120100,"key":"1Key0"},{"time":120250,"key":"1Key3"},{"time":120400,"key":"1Key0"},{"time":120550,"key":"1Key2"},{"time":120700,"key":"1Key2"},{"time":120700,"key":"1Key7"},{"time":120850,"key":"1Key0"},{"time":121000,"key":"1Key0"},{"time":121000,"key":"1Key2"},{"time":121150,"key":"1Key7"},{"time":121300,"key":"1Key0"},{"time":121300,"key":"1Key2"},{"time":121450,"key":"1Key2"},{"time":121600,"key":"1Key0"},{"time":121600,"key":"1Key7"},{"time":121750,"key":"1Key0"},{"time":121900,"key":"1Key2"},{"time":122050,"key":"1Key7"},{"time":122200,"key":"1Key1"},{"time":122350,"key":"1Key2"},{"time":122500,"key":"1Key0"},{"time":122650,"key":"1Key2"},{"time":122800,"key":"1Key1"},{"time":122800,"key":"1Key6"},{"time":122800,"key":"1Key13"},{"time":123100,"key":"1Key4"},{"time":123400,"key":"1Key1"},{"time":123700,"key":"1Key4"},{"time":123700,"key":"1Key7"},{"time":123700,"key":"1Key14"},{"time":124000,"key":"1Key1"},{"time":124000,"key":"1Key7"},{"time":124000,"key":"1Key14"},{"time":124300,"key":"1Key4"},{"time":124600,"key":"1Key1"},{"time":124600,"key":"1Key4"},{"time":124600,"key":"1Key11"},{"time":124900,"key":"1Key4"},{"time":125200,"key":"1Key1"},{"time":125200,"key":"1Key3"},{"time":125200,"key":"1Key10"},{"time":125500,"key":"1Key3"},{"time":125800,"key":"1Key1"},{"time":126100,"key":"1Key2"},{"time":126100,"key":"1Key9"},{"time":126400,"key":"1Key2"},{"time":126400,"key":"1Key9"},{"time":126700,"key":"1Key3"},{"time":127000,"key":"1Key1"},{"time":127000,"key":"1Key8"},{"time":127300,"key":"1Key3"},{"time":127600,"key":"1Key0"},{"time":127600,"key":"1Key2"},{"time":127600,"key":"1Key9"},{"time":127900,"key":"1Key3"},{"time":128200,"key":"1Key0"},{"time":128500,"key":"1Key1"},{"time":128500,"key":"1Key3"},{"time":128500,"key":"1Key8"},{"time":128800,"key":"1Key2"},{"time":128800,"key":"1Key8"},{"time":129100,"key":"1Key3"},{"time":129400,"key":"1Key0"},{"time":129400,"key":"1Key7"},{"time":129700,"key":"1Key3"},{"time":130000,"key":"1Key0"},{"time":130000,"key":"1Key2"},{"time":130000,"key":"1Key9"},{"time":130300,"key":"1Key2"},{"time":130600,"key":"1Key0"},{"time":130900,"key":"1Key1"},{"time":130900,"key":"1Key2"},{"time":130900,"key":"1Key8"},{"time":131200,"key":"1Key0"},{"time":131200,"key":"1Key1"},{"time":131200,"key":"1Key8"},{"time":131500,"key":"1Key2"},{"time":131800,"key":"1Key0"},{"time":131800,"key":"1Key7"},{"time":132100,"key":"1Key2"},{"time":132400,"key":"1Key1"},{"time":132400,"key":"1Key6"},{"time":132400,"key":"1Key13"},{"time":132700,"key":"1Key4"},{"time":133000,"key":"1Key1"},{"time":133300,"key":"1Key4"},{"time":133300,"key":"1Key5"},{"time":133300,"key":"1Key12"},{"time":133600,"key":"1Key1"},{"time":133600,"key":"1Key5"},{"time":133600,"key":"1Key12"},{"time":133900,"key":"1Key4"},{"time":134200,"key":"1Key1"},{"time":134200,"key":"1Key4"},{"time":134200,"key":"1Key11"},{"time":134500,"key":"1Key4"},{"time":134800,"key":"1Key1"},{"time":134800,"key":"1Key3"},{"time":134800,"key":"1Key10"},{"time":135100,"key":"1Key3"},{"time":135400,"key":"1Key1"},{"time":135700,"key":"1Key2"},{"time":135700,"key":"1Key9"},{"time":136000,"key":"1Key2"},{"time":136000,"key":"1Key9"},{"time":136300,"key":"1Key3"},{"time":136600,"key":"1Key1"},{"time":136600,"key":"1Key8"},{"time":136900,"key":"1Key3"},{"time":137200,"key":"1Key0"},{"time":137200,"key":"1Key2"},{"time":137200,"key":"1Key9"},{"time":137500,"key":"1Key3"},{"time":137800,"key":"1Key0"},{"time":138100,"key":"1Key1"},{"time":138100,"key":"1Key3"},{"time":138100,"key":"1Key8"},{"time":138400,"key":"1Key2"},{"time":138400,"key":"1Key8"},{"time":138700,"key":"1Key3"},{"time":139000,"key":"1Key0"},{"time":139000,"key":"1Key7"},{"time":139300,"key":"1Key3"},{"time":139600,"key":"1Key0"},{"time":139600,"key":"1Key2"},{"time":139600,"key":"1Key9"},{"time":139900,"key":"1Key2"},{"time":140200,"key":"1Key0"},{"time":140500,"key":"1Key1"},{"time":140500,"key":"1Key3"},{"time":140500,"key":"1Key10"},{"time":140800,"key":"1Key0"},{"time":140800,"key":"1Key1"},{"time":140800,"key":"1Key3"},{"time":140800,"key":"1Key10"},{"time":141100,"key":"1Key2"},{"time":141400,"key":"1Key0"},{"time":141400,"key":"1Key4"},{"time":141400,"key":"1Key11"},{"time":141700,"key":"1Key2"},{"time":142000,"key":"1Key1"},{"time":142000,"key":"1Key4"},{"time":142000,"key":"1Key11"},{"time":142300,"key":"1Key4"},{"time":142600,"key":"1Key1"},{"time":142900,"key":"1Key4"},{"time":143200,"key":"1Key1"},{"time":143200,"key":"1Key8","l":3},{"time":143500,"key":"1Key4"},{"time":143800,"key":"1Key1"},{"time":144100,"key":"1Key4"},{"time":144400,"key":"1Key1"},{"time":144400,"key":"1Key10","l":2},{"time":144700,"key":"1Key3"},{"time":145000,"key":"1Key1"},{"time":145300,"key":"1Key3"},{"time":145300,"key":"1Key9","l":2},{"time":145600,"key":"1Key1"},{"time":145600,"key":"1Key9","l":2},{"time":145900,"key":"1Key3"},{"time":146200,"key":"1Key1"},{"time":146200,"key":"1Key8","l":2},{"time":146500,"key":"1Key3"},{"time":146800,"key":"1Key0"},{"time":146800,"key":"1Key9","l":2},{"time":147100,"key":"1Key3"},{"time":147400,"key":"1Key0"},{"time":147700,"key":"1Key3"},{"time":147700,"key":"1Key8","l":2},{"time":148000,"key":"1Key0"},{"time":148000,"key":"1Key8","l":2},{"time":148300,"key":"1Key3"},{"time":148600,"key":"1Key0"},{"time":148600,"key":"1Key7","l":2},{"time":148900,"key":"1Key3"},{"time":149200,"key":"1Key0"},{"time":149200,"key":"1Key9","l":2},{"time":149500,"key":"1Key2"},{"time":149800,"key":"1Key0"},{"time":150100,"key":"1Key2"},{"time":150100,"key":"1Key8","l":2},{"time":150400,"key":"1Key0"},{"time":150400,"key":"1Key8","l":2},{"time":150700,"key":"1Key2"},{"time":151000,"key":"1Key0"},{"time":151000,"key":"1Key7","l":2},{"time":151300,"key":"1Key2"},{"time":151600,"key":"1Key1"},{"time":151600,"key":"1Key6","l":2},{"time":151900,"key":"1Key4"},{"time":152200,"key":"1Key1"},{"time":152500,"key":"1Key4"},{"time":152500,"key":"1Key5","l":2},{"time":152800,"key":"1Key1"},{"time":152800,"key":"1Key5","l":2},{"time":153100,"key":"1Key4"},{"time":153400,"key":"1Key1"},{"time":153400,"key":"1Key4","l":2},{"time":153700,"key":"1Key4"},{"time":154000,"key":"1Key1"},{"time":154000,"key":"1Key10","l":2},{"time":154300,"key":"1Key3"},{"time":154600,"key":"1Key1"},{"time":154900,"key":"1Key3"},{"time":154900,"key":"1Key9","l":2},{"time":155200,"key":"1Key1"},{"time":155200,"key":"1Key9","l":2},{"time":155500,"key":"1Key3"},{"time":155800,"key":"1Key1"},{"time":155800,"key":"1Key8","l":2},{"time":156100,"key":"1Key3"},{"time":156400,"key":"1Key0"},{"time":156400,"key":"1Key9","l":2},{"time":156700,"key":"1Key3"},{"time":157000,"key":"1Key0"},{"time":157300,"key":"1Key3"},{"time":157300,"key":"1Key8","l":2},{"time":157600,"key":"1Key0"},{"time":157600,"key":"1Key8","l":2},{"time":157900,"key":"1Key3"},{"time":158200,"key":"1Key0"},{"time":158200,"key":"1Key7","l":2},{"time":158500,"key":"1Key3"},{"time":158800,"key":"1Key0"},{"time":158800,"key":"1Key9","l":2},{"time":159100,"key":"1Key2"},{"time":159400,"key":"1Key0"},{"time":159700,"key":"1Key2"},{"time":159700,"key":"1Key10","l":2},{"time":160000,"key":"1Key0"},{"time":160000,"key":"1Key10","l":2},{"time":160300,"key":"1Key2"},{"time":160600,"key":"1Key0"},{"time":160600,"key":"1Key11","l":2},{"time":160900,"key":"1Key2"},{"time":161200,"key":"1Key1"},{"time":161200,"key":"1Key11","l":2},{"time":161500,"key":"1Key4"},{"time":161800,"key":"1Key1"},{"time":162100,"key":"1Key4"},{"time":162400,"key":"1Key1"},{"time":162400,"key":"1Key8","l":2},{"time":162700,"key":"1Key4"},{"time":163000,"key":"1Key1"},{"time":163300,"key":"1Key4"},{"time":163600,"key":"1Key1"},{"time":163600,"key":"1Key10","l":2},{"time":163900,"key":"1Key3"},{"time":164200,"key":"1Key1"},{"time":164500,"key":"1Key3"},{"time":164500,"key":"1Key9","l":2},{"time":164800,"key":"1Key1"},{"time":164800,"key":"1Key9","l":2},{"time":165100,"key":"1Key3"},{"time":165400,"key":"1Key1"},{"time":165400,"key":"1Key8","l":2},{"time":165700,"key":"1Key3"},{"time":166000,"key":"1Key0"},{"time":166000,"key":"1Key9","l":2},{"time":166300,"key":"1Key3"},{"time":166600,"key":"1Key0"},{"time":166900,"key":"1Key3"},{"time":166900,"key":"1Key8","l":2},{"time":167200,"key":"1Key0"},{"time":167200,"key":"1Key8","l":2},{"time":167500,"key":"1Key3"},{"time":167800,"key":"1Key0"},{"time":167800,"key":"1Key7","l":2},{"time":168100,"key":"1Key3"},{"time":168400,"key":"1Key0"},{"time":168400,"key":"1Key9","l":2},{"time":168700,"key":"1Key2"},{"time":169000,"key":"1Key0"},{"time":169300,"key":"1Key2"},{"time":169300,"key":"1Key8","l":2},{"time":169600,"key":"1Key0"},{"time":169600,"key":"1Key8","l":2},{"time":169900,"key":"1Key2"},{"time":170200,"key":"1Key0"},{"time":170200,"key":"1Key7","l":2},{"time":170500,"key":"1Key2"},{"time":170800,"key":"1Key1"},{"time":170800,"key":"1Key6","l":2},{"time":171100,"key":"1Key4"},{"time":171400,"key":"1Key1"},{"time":171700,"key":"1Key4"},{"time":171700,"key":"1Key5","l":2},{"time":172000,"key":"1Key1"},{"time":172000,"key":"1Key5","l":2},{"time":172300,"key":"1Key4"},{"time":172600,"key":"1Key1"},{"time":172600,"key":"1Key4","l":2},{"time":172900,"key":"1Key4"},{"time":173200,"key":"1Key1"},{"time":173200,"key":"1Key10","l":2},{"time":173500,"key":"1Key3"},{"time":173800,"key":"1Key1"},{"time":174100,"key":"1Key3"},{"time":174100,"key":"1Key9","l":2},{"time":174400,"key":"1Key1"},{"time":174400,"key":"1Key9","l":2},{"time":174700,"key":"1Key3"},{"time":175000,"key":"1Key1"},{"time":175000,"key":"1Key8","l":2},{"time":175300,"key":"1Key3"},{"time":175600,"key":"1Key0"},{"time":175600,"key":"1Key9","l":2},{"time":175900,"key":"1Key3"},{"time":176200,"key":"1Key0"},{"time":176500,"key":"1Key3"},{"time":176500,"key":"1Key8","l":2},{"time":176800,"key":"1Key0"},{"time":176800,"key":"1Key8","l":2},{"time":177100,"key":"1Key3"},{"time":177400,"key":"1Key0"},{"time":177400,"key":"1Key7","l":2},{"time":177700,"key":"1Key3"},{"time":178000,"key":"1Key0"},{"time":178000,"key":"1Key9","l":2},{"time":178300,"key":"1Key2"},{"time":178600,"key":"1Key0"},{"time":178900,"key":"1Key2"},{"time":178900,"key":"1Key10","l":2},{"time":179200,"key":"1Key0"},{"time":179200,"key":"1Key10","l":2},{"time":179500,"key":"1Key2"},{"time":179800,"key":"1Key0"},{"time":179800,"key":"1Key11","l":2},{"time":180100,"key":"1Key2"},{"time":180400,"key":"1Key1"},{"time":180400,"key":"1Key11","l":2},{"time":180700,"key":"1Key4"},{"time":181000,"key":"1Key1"},{"time":181300,"key":"1Key4"},{"time":181600,"key":"1Key1"},{"time":181900,"key":"1Key4"},{"time":182200,"key":"1Key1"},{"time":182500,"key":"1Key4"},{"time":182800,"key":"1Key1"},{"time":183155,"key":"1Key4"},{"time":183528,"key":"1Key1"},{"time":183921,"key":"1Key4"},{"time":184333,"key":"1Key1"},{"time":184913,"key":"1Key4"},{"time":185531,"key":"1Key1"},{"time":186206,"key":"1Key4"},{"time":187143,"key":"1Key1"}]}]