[{"name":"Hanava - Sky Children Music Studio  (havana)","bpm":800,"pitchLevel":10,"bitsPerPage":16,"isComposed":true,"songNotes":[{"time":1575,"key":"Key0","l":2},{"time":2175,"key":"Key0","l":2},{"time":2175,"key":"Key2","l":2},{"time":2475,"key":"Key0","l":2},{"time":2475,"key":"Key2","l":2},{"time":2775,"key":"Key3","l":2},{"time":3075,"key":"Key3","l":2},{"time":3375,"key":"Key0","l":2},{"time":3375,"key":"Key3","l":2},{"time":3675,"key":"Key2","l":2},{"time":4275,"key":"Key6","l":2},{"time":4575,"key":"Key1","l":2},{"time":4575,"key":"Key3","l":2},{"time":4575,"key":"Key6","l":2},{"time":5475,"key":"Key3","l":2},{"time":5775,"key":"Key0","l":2},{"time":5775,"key":"Key3","l":2},{"time":6075,"key":"Key2","l":2},{"time":6375,"key":"Key0","l":2},{"time":6975,"key":"Key0","l":2},{"time":6975,"key":"Key2","l":2},{"time":7275,"key":"Key0","l":2},{"time":7275,"key":"Key2","l":2},{"time":7575,"key":"Key3","l":2},{"time":7875,"key":"Key3","l":2},{"time":8175,"key":"Key0","l":2},{"time":8175,"key":"Key3","l":2},{"time":8475,"key":"Key2","l":2},{"time":9075,"key":"Key6","l":2},{"time":9375,"key":"Key1","l":2},{"time":9375,"key":"Key3","l":2},{"time":9375,"key":"Key6","l":2},{"time":10275,"key":"Key3","l":2},{"time":10575,"key":"Key0","l":2},{"time":10575,"key":"Key2","l":2},{"time":10875,"key":"Key7","l":2},{"time":11175,"key":"Key0","l":2},{"time":11175,"key":"Key9","l":2},{"time":11475,"key":"Key9","l":2},{"time":11775,"key":"Key0","l":2},{"time":11775,"key":"Key2","l":2},{"time":11775,"key":"Key7","l":2},{"time":12075,"key":"Key0","l":2},{"time":12075,"key":"Key2","l":2},{"time":12075,"key":"Key7","l":2},{"time":12375,"key":"Key3","l":2},{"time":12375,"key":"Key5","l":2},{"time":12675,"key":"Key3","l":2},{"time":12975,"key":"Key0","l":2},{"time":12975,"key":"Key3","l":2},{"time":13275,"key":"Key2","l":2},{"time":13875,"key":"Key6","l":2},{"time":13875,"key":"Key9","l":2},{"time":14175,"key":"Key1","l":2},{"time":14175,"key":"Key3","l":2},{"time":14175,"key":"Key6","l":2},{"time":14175,"key":"Key8","l":2},{"time":14475,"key":"Key9","l":2},{"time":14775,"key":"Key10","l":2},{"time":15075,"key":"Key3","l":2},{"time":15075,"key":"Key9","l":2},{"time":15375,"key":"Key0","l":2},{"time":15375,"key":"Key3","l":2},{"time":15375,"key":"Key8","l":2},{"time":15675,"key":"Key2","l":2},{"time":15675,"key":"Key7","l":2},{"time":15975,"key":"Key0","l":2},{"time":15975,"key":"Key9","l":2},{"time":16275,"key":"Key9","l":2},{"time":16575,"key":"Key0","l":2},{"time":16575,"key":"Key2","l":2},{"time":16575,"key":"Key7","l":2},{"time":16875,"key":"Key0","l":2},{"time":16875,"key":"Key2","l":2},{"time":16875,"key":"Key7","l":2},{"time":17175,"key":"Key3","l":2},{"time":17175,"key":"Key5","l":2},{"time":17475,"key":"Key3","l":2},{"time":17775,"key":"Key0","l":2},{"time":17775,"key":"Key3","l":2},{"time":18075,"key":"Key2","l":2},{"time":18675,"key":"Key6","l":2},{"time":18675,"key":"Key9","l":2},{"time":18975,"key":"Key1","l":2},{"time":18975,"key":"Key3","l":2},{"time":18975,"key":"Key6","l":2},{"time":18975,"key":"Key8","l":2},{"time":19275,"key":"Key9","l":2},{"time":19575,"key":"Key10","l":2},{"time":19875,"key":"Key3","l":2},{"time":19875,"key":"Key9","l":2},{"time":20175,"key":"Key0","l":2},{"time":20175,"key":"Key2","l":2},{"time":20175,"key":"Key8","l":2},{"time":20475,"key":"Key7","l":2},{"time":20775,"key":"Key0","l":2},{"time":20775,"key":"Key9","l":2},{"time":21075,"key":"Key9","l":2},{"time":21375,"key":"Key0","l":2},{"time":21375,"key":"Key2","l":2},{"time":21375,"key":"Key7","l":2},{"time":21675,"key":"Key0","l":2},{"time":21675,"key":"Key2","l":2},{"time":21675,"key":"Key7","l":2},{"time":21975,"key":"Key3","l":2},{"time":21975,"key":"Key5","l":2},{"time":22275,"key":"Key3","l":2},{"time":22575,"key":"Key0","l":2},{"time":22575,"key":"Key3","l":2},{"time":22875,"key":"Key2","l":2},{"time":23475,"key":"Key6","l":2},{"time":23475,"key":"Key9","l":2},{"time":23775,"key":"Key1","l":2},{"time":23775,"key":"Key3","l":2},{"time":23775,"key":"Key6","l":2},{"time":23775,"key":"Key8","l":2},{"time":24075,"key":"Key9","l":2},{"time":24375,"key":"Key10","l":2},{"time":24675,"key":"Key3","l":2},{"time":24675,"key":"Key9","l":2},{"time":24975,"key":"Key0","l":2},{"time":24975,"key":"Key3","l":2},{"time":24975,"key":"Key8","l":2},{"time":25275,"key":"Key2","l":2},{"time":25275,"key":"Key7","l":2},{"time":25575,"key":"Key0","l":2},{"time":25575,"key":"Key9","l":2},{"time":25875,"key":"Key7","l":2},{"time":26175,"key":"Key0","l":2},{"time":26175,"key":"Key2","l":2},{"time":26475,"key":"Key0","l":2},{"time":26475,"key":"Key2","l":2},{"time":26475,"key":"Key9","l":2},{"time":26775,"key":"Key3","l":2},{"time":26775,"key":"Key8","l":2},{"time":27075,"key":"Key3","l":2},{"time":27075,"key":"Key9","l":2},{"time":27375,"key":"Key0","l":2},{"time":27375,"key":"Key2","l":2},{"time":27375,"key":"Key3","l":1},{"time":27375,"key":"Key8","l":2},{"time":27675,"key":"Key2","l":2},{"time":27675,"key":"Key7","l":2},{"time":27975,"key":"Key9","l":2},{"time":28275,"key":"Key6","l":2},{"time":28575,"key":"Key1","l":1},{"time":28575,"key":"Key3","l":1},{"time":28575,"key":"Key6","l":1},{"time":28875,"key":"Key7","l":2},{"time":29175,"key":"Key6","l":2},{"time":29475,"key":"Key3","l":1},{"time":29475,"key":"Key7","l":2},{"time":29775,"key":"Key0","l":1},{"time":29775,"key":"Key2","l":1},{"time":29775,"key":"Key6","l":2},{"time":30075,"key":"Key7","l":2},{"time":30225,"key":"Key9","l":2},{"time":30375,"key":"Key0","l":2},{"time":30375,"key":"Key7","l":2},{"time":30375,"key":"Key12","l":2},{"time":30525,"key":"Key12","l":2},{"time":30675,"key":"Key12","l":2},{"time":30825,"key":"Key12","l":2},{"time":30975,"key":"Key0","l":2},{"time":30975,"key":"Key2","l":2},{"time":30975,"key":"Key9","l":2},{"time":31275,"key":"Key0","l":2},{"time":31275,"key":"Key2","l":2},{"time":31275,"key":"Key9","l":2},{"time":31425,"key":"Key9","l":2},{"time":31575,"key":"Key3","l":2},{"time":31575,"key":"Key5","l":2},{"time":31575,"key":"Key10","l":2},{"time":31875,"key":"Key3","l":2},{"time":31875,"key":"Key9","l":2},{"time":32175,"key":"Key0","l":2},{"time":32175,"key":"Key3","l":2},{"time":32175,"key":"Key8","l":2},{"time":32475,"key":"Key2","l":2},{"time":32475,"key":"Key9","l":2},{"time":33075,"key":"Key6","l":2},{"time":33375,"key":"Key1","l":2},{"time":33375,"key":"Key3","l":2},{"time":33375,"key":"Key6","l":2},{"time":33675,"key":"Key9","l":2},{"time":33975,"key":"Key8","l":2},{"time":34275,"key":"Key3","l":2},{"time":34275,"key":"Key9","l":2},{"time":34575,"key":"Key0","l":2},{"time":34575,"key":"Key3","l":2},{"time":34575,"key":"Key8","l":2},{"time":34875,"key":"Key2","l":2},{"time":34875,"key":"Key7","l":2},{"time":35025,"key":"Key9","l":2},{"time":35175,"key":"Key0","l":2},{"time":35175,"key":"Key7","l":2},{"time":35175,"key":"Key12","l":2},{"time":35400,"key":"Key12","l":2},{"time":35625,"key":"Key12","l":2},{"time":35775,"key":"Key0","l":2},{"time":35775,"key":"Key2","l":2},{"time":35775,"key":"Key7","l":2},{"time":35775,"key":"Key9","l":2},{"time":36000,"key":"Key9","l":2},{"time":36075,"key":"Key0","l":2},{"time":36075,"key":"Key2","l":2},{"time":36225,"key":"Key9","l":2},{"time":36375,"key":"Key3","l":2},{"time":36375,"key":"Key5","l":2},{"time":36375,"key":"Key10","l":2},{"time":36675,"key":"Key3","l":2},{"time":36675,"key":"Key9","l":2},{"time":36975,"key":"Key0","l":2},{"time":36975,"key":"Key3","l":2},{"time":36975,"key":"Key8","l":2},{"time":37275,"key":"Key2","l":2},{"time":37275,"key":"Key9","l":2},{"time":37875,"key":"Key6","l":2},{"time":38175,"key":"Key1","l":2},{"time":38175,"key":"Key3","l":2},{"time":38175,"key":"Key6","l":2},{"time":38475,"key":"Key9","l":2},{"time":38775,"key":"Key8","l":2},{"time":39075,"key":"Key3","l":2},{"time":39075,"key":"Key9","l":2},{"time":39375,"key":"Key0","l":2},{"time":39375,"key":"Key2","l":2},{"time":39375,"key":"Key8","l":2},{"time":39675,"key":"Key7","l":2},{"time":39675,"key":"Key9","l":2},{"time":39975,"key":"Key0","l":2},{"time":39975,"key":"Key7","l":2},{"time":39975,"key":"Key12","l":2},{"time":40125,"key":"Key12","l":2},{"time":40425,"key":"Key12","l":2},{"time":40575,"key":"Key0","l":2},{"time":40575,"key":"Key2","l":2},{"time":40575,"key":"Key7","l":2},{"time":40575,"key":"Key12","l":2},{"time":40875,"key":"Key0","l":2},{"time":40875,"key":"Key2","l":2},{"time":40875,"key":"Key6","l":2},{"time":40875,"key":"Key13","l":2},{"time":41175,"key":"Key3","l":2},{"time":41175,"key":"Key7","l":2},{"time":41175,"key":"Key9","l":2},{"time":41175,"key":"Key14","l":2},{"time":41475,"key":"Key3","l":2},{"time":41475,"key":"Key6","l":2},{"time":41475,"key":"Key13","l":2},{"time":41775,"key":"Key0","l":2},{"time":41775,"key":"Key3","l":2},{"time":41775,"key":"Key5","l":2},{"time":41775,"key":"Key12","l":2},{"time":42075,"key":"Key2","l":2},{"time":42075,"key":"Key6","l":2},{"time":42075,"key":"Key8","l":2},{"time":42075,"key":"Key13","l":2},{"time":42675,"key":"Key6","l":2},{"time":42975,"key":"Key1","l":2},{"time":42975,"key":"Key3","l":2},{"time":42975,"key":"Key6","l":2},{"time":43275,"key":"Key9","l":2},{"time":43575,"key":"Key8","l":2},{"time":43875,"key":"Key3","l":2},{"time":43875,"key":"Key9","l":2},{"time":44175,"key":"Key0","l":2},{"time":44175,"key":"Key3","l":2},{"time":44175,"key":"Key8","l":2},{"time":44475,"key":"Key2","l":2},{"time":44475,"key":"Key7","l":2},{"time":44625,"key":"Key9","l":2},{"time":44775,"key":"Key0","l":2},{"time":44775,"key":"Key7","l":2},{"time":44775,"key":"Key12","l":2},{"time":45000,"key":"Key12","l":2},{"time":45225,"key":"Key12","l":2},{"time":45375,"key":"Key0","l":2},{"time":45375,"key":"Key2","l":2},{"time":45375,"key":"Key7","l":2},{"time":45375,"key":"Key9","l":2},{"time":45675,"key":"Key0","l":2},{"time":45675,"key":"Key2","l":2},{"time":45675,"key":"Key9","l":2},{"time":45975,"key":"Key3","l":2},{"time":45975,"key":"Key10","l":2},{"time":46275,"key":"Key3","l":2},{"time":46275,"key":"Key9","l":2},{"time":46575,"key":"Key0","l":2},{"time":46575,"key":"Key3","l":2},{"time":46575,"key":"Key8","l":2},{"time":46875,"key":"Key2","l":2},{"time":46875,"key":"Key9","l":2},{"time":47475,"key":"Key6","l":2},{"time":47775,"key":"Key1","l":2},{"time":47775,"key":"Key3","l":2},{"time":47775,"key":"Key6","l":2},{"time":48075,"key":"Key9","l":2},{"time":48375,"key":"Key8","l":2},{"time":48675,"key":"Key3","l":2},{"time":48675,"key":"Key9","l":2},{"time":48975,"key":"Key0","l":2},{"time":48975,"key":"Key2","l":2},{"time":48975,"key":"Key5","l":2},{"time":49125,"key":"Key5","l":2},{"time":49275,"key":"Key5","l":2},{"time":49575,"key":"Key0","l":2},{"time":49575,"key":"Key4","l":2},{"time":49575,"key":"Key11","l":2},{"time":49875,"key":"Key5","l":2},{"time":49875,"key":"Key12","l":2},{"time":50175,"key":"Key0","l":2},{"time":50175,"key":"Key2","l":2},{"time":50475,"key":"Key0","l":2},{"time":50475,"key":"Key2","l":2},{"time":50475,"key":"Key4","l":2},{"time":50475,"key":"Key11","l":2},{"time":50775,"key":"Key3","l":2},{"time":50775,"key":"Key5","l":2},{"time":50775,"key":"Key12","l":2},{"time":51075,"key":"Key2","l":2},{"time":51075,"key":"Key3","l":2},{"time":51075,"key":"Key9","l":2},{"time":51375,"key":"Key0","l":2},{"time":51375,"key":"Key1","l":2},{"time":51375,"key":"Key3","l":2},{"time":51375,"key":"Key8","l":2},{"time":51450,"key":"Key9","l":2},{"time":51525,"key":"Key8","l":2},{"time":51675,"key":"Key2","l":2},{"time":51675,"key":"Key7","l":2},{"time":51975,"key":"Key1","l":2},{"time":51975,"key":"Key8","l":2},{"time":52275,"key":"Key1","l":2},{"time":52275,"key":"Key6","l":2},{"time":52275,"key":"Key13","l":2},{"time":52575,"key":"Key1","l":2},{"time":52575,"key":"Key3","l":2},{"time":52575,"key":"Key6","l":2},{"time":52875,"key":"Key6","l":2},{"time":52875,"key":"Key11","l":2},{"time":53175,"key":"Key6","l":2},{"time":53175,"key":"Key11","l":2},{"time":53475,"key":"Key3","l":2},{"time":53475,"key":"Key11","l":2},{"time":53625,"key":"Key11","l":2},{"time":53775,"key":"Key0","l":2},{"time":53775,"key":"Key3","l":2},{"time":53775,"key":"Key11","l":2},{"time":54075,"key":"Key2","l":2},{"time":54075,"key":"Key6","l":2},{"time":54075,"key":"Key11","l":2},{"time":54375,"key":"Key0","l":2},{"time":54375,"key":"Key5","l":2},{"time":54375,"key":"Key12","l":2},{"time":54675,"key":"Key2","l":2},{"time":54675,"key":"Key5","l":2},{"time":54675,"key":"Key9","l":2},{"time":54975,"key":"Key0","l":2},{"time":54975,"key":"Key2","l":2},{"time":55275,"key":"Key0","l":2},{"time":55275,"key":"Key2","l":2},{"time":55275,"key":"Key9","l":2},{"time":55575,"key":"Key3","l":2},{"time":55575,"key":"Key5","l":2},{"time":55575,"key":"Key8","l":2},{"time":55875,"key":"Key3","l":2},{"time":55875,"key":"Key9","l":2},{"time":56175,"key":"Key0","l":2},{"time":56175,"key":"Key3","l":2},{"time":56175,"key":"Key8","l":2},{"time":56475,"key":"Key2","l":2},{"time":56475,"key":"Key7","l":2},{"time":56775,"key":"Key9","l":2},{"time":57075,"key":"Key2","l":2},{"time":57075,"key":"Key6","l":2},{"time":57375,"key":"Key1","l":2},{"time":57375,"key":"Key3","l":2},{"time":57375,"key":"Key6","l":1},{"time":58275,"key":"Key3","l":2},{"time":58275,"key":"Key4","l":2},{"time":58275,"key":"Key11","l":2},{"time":58425,"key":"Key5","l":2},{"time":58425,"key":"Key12","l":2},{"time":58575,"key":"Key0","l":2},{"time":58575,"key":"Key2","l":2},{"time":58575,"key":"Key5","l":2},{"time":58575,"key":"Key12","l":2},{"time":58725,"key":"Key5","l":2},{"time":58725,"key":"Key12","l":2},{"time":58875,"key":"Key5","l":2},{"time":58875,"key":"Key12","l":2},{"time":59175,"key":"Key0","l":2},{"time":59175,"key":"Key4","l":2},{"time":59175,"key":"Key11","l":2},{"time":59475,"key":"Key5","l":2},{"time":59475,"key":"Key12","l":2},{"time":59775,"key":"Key0","l":2},{"time":59775,"key":"Key2","l":2},{"time":60075,"key":"Key0","l":2},{"time":60075,"key":"Key2","l":2},{"time":60075,"key":"Key4","l":2},{"time":60075,"key":"Key11","l":2},{"time":60375,"key":"Key3","l":2},{"time":60375,"key":"Key5","l":2},{"time":60375,"key":"Key12","l":2},{"time":60675,"key":"Key2","l":2},{"time":60675,"key":"Key3","l":2},{"time":60675,"key":"Key9","l":2},{"time":60975,"key":"Key0","l":2},{"time":60975,"key":"Key2","l":2},{"time":60975,"key":"Key3","l":2},{"time":60975,"key":"Key8","l":2},{"time":61050,"key":"Key9","l":2},{"time":61125,"key":"Key8","l":2},{"time":61275,"key":"Key2","l":2},{"time":61275,"key":"Key7","l":2},{"time":61575,"key":"Key1","l":2},{"time":61575,"key":"Key8","l":2},{"time":61875,"key":"Key1","l":2},{"time":61875,"key":"Key6","l":2},{"time":61875,"key":"Key13","l":2},{"time":62175,"key":"Key1","l":2},{"time":62175,"key":"Key3","l":2},{"time":62175,"key":"Key6","l":2},{"time":62475,"key":"Key6","l":2},{"time":62475,"key":"Key11","l":2},{"time":62775,"key":"Key6","l":2},{"time":62775,"key":"Key11","l":2},{"time":63075,"key":"Key3","l":2},{"time":63075,"key":"Key11","l":2},{"time":63375,"key":"Key0","l":2},{"time":63375,"key":"Key3","l":2},{"time":63375,"key":"Key11","l":2},{"time":63675,"key":"Key2","l":2},{"time":63675,"key":"Key6","l":2},{"time":63675,"key":"Key11","l":2},{"time":63975,"key":"Key0","l":2},{"time":63975,"key":"Key5","l":2},{"time":63975,"key":"Key12","l":2},{"time":64275,"key":"Key2","l":2},{"time":64275,"key":"Key5","l":2},{"time":64275,"key":"Key9","l":2},{"time":64575,"key":"Key0","l":2},{"time":64575,"key":"Key2","l":2},{"time":64875,"key":"Key0","l":2},{"time":64875,"key":"Key2","l":2},{"time":64875,"key":"Key5","l":2},{"time":64875,"key":"Key12","l":2},{"time":65175,"key":"Key2","l":2},{"time":65175,"key":"Key3","l":1},{"time":65175,"key":"Key5","l":2},{"time":65175,"key":"Key9","l":2},{"time":65475,"key":"Key3","l":2},{"time":65625,"key":"Key2","l":2},{"time":65625,"key":"Key9","l":2},{"time":65775,"key":"Key0","l":2},{"time":65775,"key":"Key3","l":2},{"time":65775,"key":"Key7","l":2},{"time":65775,"key":"Key14","l":2},{"time":66075,"key":"Key2","l":2},{"time":66075,"key":"Key6","l":2},{"time":66075,"key":"Key13","l":2},{"time":66675,"key":"Key5","l":2},{"time":66675,"key":"Key6","l":2},{"time":66675,"key":"Key12","l":2},{"time":66975,"key":"Key1","l":2},{"time":66975,"key":"Key3","l":2},{"time":66975,"key":"Key5","l":2},{"time":66975,"key":"Key6","l":1},{"time":66975,"key":"Key12","l":2},{"time":67275,"key":"Key5","l":2},{"time":67275,"key":"Key12","l":2},{"time":67575,"key":"Key5","l":2},{"time":67575,"key":"Key12","l":2},{"time":67875,"key":"Key3","l":2},{"time":67875,"key":"Key5","l":2},{"time":67875,"key":"Key12","l":2},{"time":68175,"key":"Key0","l":2},{"time":68175,"key":"Key2","l":2},{"time":68175,"key":"Key5","l":2},{"time":68175,"key":"Key12","l":2},{"time":68475,"key":"Key7","l":2},{"time":68775,"key":"Key0","l":1},{"time":68775,"key":"Key5","l":2},{"time":68775,"key":"Key9","l":2},{"time":69075,"key":"Key2","l":2},{"time":69075,"key":"Key9","l":2},{"time":69375,"key":"Key0","l":1},{"time":69375,"key":"Key2","l":1},{"time":69375,"key":"Key5","l":2},{"time":69375,"key":"Key7","l":2},{"time":69675,"key":"Key0","l":1},{"time":69675,"key":"Key2","l":1},{"time":69675,"key":"Key5","l":2},{"time":69675,"key":"Key7","l":2},{"time":69975,"key":"Key0","l":2},{"time":69975,"key":"Key3","l":1},{"time":69975,"key":"Key5","l":2},{"time":70275,"key":"Key3","l":2},{"time":70575,"key":"Key0","l":1},{"time":70575,"key":"Key3","l":2},{"time":70875,"key":"Key2","l":1},{"time":70875,"key":"Key5","l":2},{"time":71475,"key":"Key6","l":2},{"time":71475,"key":"Key9","l":2},{"time":71775,"key":"Key1","l":1},{"time":71775,"key":"Key3","l":1},{"time":71775,"key":"Key5","l":2},{"time":71775,"key":"Key6","l":1},{"time":71775,"key":"Key8","l":2},{"time":72075,"key":"Key6","l":2},{"time":72075,"key":"Key9","l":2},{"time":72375,"key":"Key5","l":2},{"time":72375,"key":"Key10","l":2},{"time":72675,"key":"Key3","l":1},{"time":72675,"key":"Key6","l":2},{"time":72675,"key":"Key9","l":2},{"time":72975,"key":"Key0","l":1},{"time":72975,"key":"Key3","l":1},{"time":72975,"key":"Key6","l":2},{"time":72975,"key":"Key8","l":2},{"time":73275,"key":"Key2","l":2},{"time":73275,"key":"Key5","l":2},{"time":73275,"key":"Key7","l":2},{"time":73575,"key":"Key0","l":1},{"time":73575,"key":"Key5","l":2},{"time":73575,"key":"Key9","l":2},{"time":73875,"key":"Key2","l":2},{"time":73875,"key":"Key9","l":2},{"time":74175,"key":"Key0","l":1},{"time":74175,"key":"Key2","l":1},{"time":74175,"key":"Key5","l":2},{"time":74175,"key":"Key7","l":2},{"time":74475,"key":"Key0","l":1},{"time":74475,"key":"Key2","l":1},{"time":74475,"key":"Key5","l":2},{"time":74475,"key":"Key7","l":2},{"time":74775,"key":"Key0","l":2},{"time":74775,"key":"Key3","l":1},{"time":74775,"key":"Key5","l":2},{"time":75075,"key":"Key3","l":2},{"time":75375,"key":"Key0","l":1},{"time":75375,"key":"Key3","l":2},{"time":75675,"key":"Key2","l":1},{"time":75675,"key":"Key5","l":2},{"time":76275,"key":"Key6","l":2},{"time":76275,"key":"Key9","l":2},{"time":76575,"key":"Key1","l":1},{"time":76575,"key":"Key3","l":1},{"time":76575,"key":"Key5","l":2},{"time":76575,"key":"Key6","l":1},{"time":76575,"key":"Key8","l":2},{"time":76875,"key":"Key6","l":2},{"time":76875,"key":"Key9","l":2},{"time":77175,"key":"Key5","l":2},{"time":77175,"key":"Key10","l":2},{"time":77475,"key":"Key3","l":1},{"time":77475,"key":"Key6","l":2},{"time":77475,"key":"Key9","l":2},{"time":77775,"key":"Key0","l":1},{"time":77775,"key":"Key2","l":1},{"time":77775,"key":"Key6","l":2},{"time":77775,"key":"Key8","l":2},{"time":78075,"key":"Key2","l":2},{"time":78075,"key":"Key5","l":2},{"time":78075,"key":"Key7","l":2},{"time":78375,"key":"Key0","l":1},{"time":78375,"key":"Key5","l":2},{"time":78375,"key":"Key9","l":2},{"time":78675,"key":"Key2","l":2},{"time":78675,"key":"Key9","l":2},{"time":78975,"key":"Key0","l":1},{"time":78975,"key":"Key2","l":1},{"time":78975,"key":"Key5","l":2},{"time":78975,"key":"Key7","l":2},{"time":79275,"key":"Key0","l":1},{"time":79275,"key":"Key2","l":1},{"time":79275,"key":"Key5","l":2},{"time":79275,"key":"Key7","l":2},{"time":79575,"key":"Key0","l":2},{"time":79575,"key":"Key3","l":1},{"time":79575,"key":"Key5","l":2},{"time":79875,"key":"Key3","l":2},{"time":80175,"key":"Key0","l":1},{"time":80175,"key":"Key3","l":2},{"time":80475,"key":"Key2","l":1},{"time":80475,"key":"Key5","l":2},{"time":81075,"key":"Key6","l":2},{"time":81075,"key":"Key9","l":2},{"time":81375,"key":"Key1","l":1},{"time":81375,"key":"Key3","l":1},{"time":81375,"key":"Key5","l":2},{"time":81375,"key":"Key6","l":1},{"time":81375,"key":"Key8","l":2},{"time":81675,"key":"Key6","l":2},{"time":81675,"key":"Key9","l":2},{"time":81975,"key":"Key5","l":2},{"time":81975,"key":"Key10","l":2},{"time":82275,"key":"Key3","l":1},{"time":82275,"key":"Key6","l":2},{"time":82275,"key":"Key9","l":2},{"time":82575,"key":"Key0","l":1},{"time":82575,"key":"Key3","l":1},{"time":82575,"key":"Key6","l":2},{"time":82575,"key":"Key8","l":2},{"time":82875,"key":"Key2","l":2},{"time":82875,"key":"Key5","l":2},{"time":82875,"key":"Key7","l":2},{"time":83175,"key":"Key0","l":1},{"time":83175,"key":"Key5","l":2},{"time":83175,"key":"Key9","l":2},{"time":83475,"key":"Key2","l":2},{"time":83475,"key":"Key7","l":2},{"time":83775,"key":"Key0","l":1},{"time":83775,"key":"Key2","l":1},{"time":83775,"key":"Key5","l":2},{"time":84075,"key":"Key0","l":1},{"time":84075,"key":"Key2","l":1},{"time":84075,"key":"Key7","l":2},{"time":84075,"key":"Key9","l":2},{"time":84375,"key":"Key3","l":1},{"time":84375,"key":"Key5","l":2},{"time":84375,"key":"Key8","l":2},{"time":84675,"key":"Key3","l":2},{"time":84675,"key":"Key9","l":2},{"time":84975,"key":"Key0","l":1},{"time":84975,"key":"Key3","l":1},{"time":84975,"key":"Key5","l":2},{"time":84975,"key":"Key8","l":2},{"time":85275,"key":"Key2","l":1},{"time":85275,"key":"Key5","l":2},{"time":85275,"key":"Key7","l":2},{"time":85575,"key":"Key6","l":2},{"time":85575,"key":"Key9","l":2},{"time":85875,"key":"Key5","l":2},{"time":85875,"key":"Key6","l":2},{"time":86175,"key":"Key1","l":1},{"time":86175,"key":"Key3","l":1},{"time":86175,"key":"Key5","l":2},{"time":86475,"key":"Key5","l":2},{"time":86475,"key":"Key7","l":2},{"time":86775,"key":"Key5","l":2},{"time":86775,"key":"Key6","l":2},{"time":87075,"key":"Key3","l":1},{"time":87075,"key":"Key5","l":2},{"time":87075,"key":"Key7","l":2},{"time":87375,"key":"Key0","l":1},{"time":87375,"key":"Key2","l":1},{"time":87375,"key":"Key5","l":2},{"time":87375,"key":"Key6","l":2},{"time":87675,"key":"Key5","l":2},{"time":87675,"key":"Key7","l":2},{"time":87975,"key":"Key0","l":1},{"time":87975,"key":"Key5","l":2},{"time":87975,"key":"Key12","l":2},{"time":88275,"key":"Key5","l":2},{"time":88575,"key":"Key0","l":1},{"time":88575,"key":"Key2","l":1},{"time":88575,"key":"Key5","l":2},{"time":88875,"key":"Key0","l":1},{"time":88875,"key":"Key2","l":1},{"time":88875,"key":"Key4","l":2},{"time":88875,"key":"Key11","l":2},{"time":89175,"key":"Key3","l":1},{"time":89175,"key":"Key5","l":2},{"time":89175,"key":"Key12","l":2},{"time":89475,"key":"Key2","l":2},{"time":89475,"key":"Key3","l":1},{"time":89475,"key":"Key9","l":2},{"time":89775,"key":"Key0","l":1},{"time":89775,"key":"Key1","l":2},{"time":89775,"key":"Key3","l":1},{"time":89775,"key":"Key8","l":2},{"time":90075,"key":"Key0","l":2},{"time":90075,"key":"Key2","l":1},{"time":90075,"key":"Key7","l":2},{"time":90375,"key":"Key1","l":2},{"time":90375,"key":"Key8","l":2},{"time":90675,"key":"Key2","l":2},{"time":90675,"key":"Key6","l":1},{"time":90675,"key":"Key13","l":2},{"time":90975,"key":"Key1","l":1},{"time":90975,"key":"Key3","l":1},{"time":90975,"key":"Key6","l":1},{"time":91275,"key":"Key6","l":2},{"time":91575,"key":"Key6","l":2},{"time":91875,"key":"Key3","l":1},{"time":91875,"key":"Key6","l":2},{"time":92175,"key":"Key0","l":1},{"time":92175,"key":"Key3","l":1},{"time":92175,"key":"Key6","l":2},{"time":92475,"key":"Key2","l":1},{"time":92475,"key":"Key6","l":2},{"time":92475,"key":"Key9","l":2},{"time":92625,"key":"Key11","l":2},{"time":92775,"key":"Key0","l":1},{"time":92775,"key":"Key5","l":2},{"time":92775,"key":"Key12","l":2},{"time":93075,"key":"Key5","l":2},{"time":93375,"key":"Key0","l":1},{"time":93375,"key":"Key2","l":1},{"time":93375,"key":"Key5","l":2},{"time":93675,"key":"Key0","l":1},{"time":93675,"key":"Key2","l":1},{"time":93675,"key":"Key4","l":2},{"time":93675,"key":"Key11","l":2},{"time":93975,"key":"Key3","l":1},{"time":93975,"key":"Key5","l":2},{"time":93975,"key":"Key12","l":2},{"time":94275,"key":"Key2","l":2},{"time":94275,"key":"Key3","l":1},{"time":94275,"key":"Key9","l":2},{"time":94575,"key":"Key0","l":1},{"time":94575,"key":"Key3","l":1},{"time":94725,"key":"Key1","l":2},{"time":94725,"key":"Key8","l":2},{"time":94875,"key":"Key0","l":2},{"time":94875,"key":"Key2","l":1},{"time":94875,"key":"Key7","l":2},{"time":95175,"key":"Key1","l":2},{"time":95175,"key":"Key8","l":2},{"time":95475,"key":"Key3","l":2},{"time":95475,"key":"Key6","l":1},{"time":95475,"key":"Key13","l":2},{"time":95775,"key":"Key1","l":1},{"time":95775,"key":"Key3","l":1},{"time":95775,"key":"Key6","l":1},{"time":95775,"key":"Key11","l":2},{"time":96075,"key":"Key6","l":2},{"time":96375,"key":"Key6","l":2},{"time":96675,"key":"Key3","l":1},{"time":96675,"key":"Key6","l":2},{"time":96975,"key":"Key0","l":1},{"time":96975,"key":"Key2","l":1},{"time":96975,"key":"Key6","l":2},{"time":97575,"key":"Key0","l":1},{"time":97575,"key":"Key5","l":2},{"time":97575,"key":"Key12","l":2},{"time":97875,"key":"Key5","l":2},{"time":98175,"key":"Key0","l":1},{"time":98175,"key":"Key2","l":1},{"time":98175,"key":"Key5","l":2},{"time":98475,"key":"Key0","l":1},{"time":98475,"key":"Key2","l":1},{"time":98475,"key":"Key4","l":2},{"time":98475,"key":"Key11","l":2},{"time":98775,"key":"Key3","l":1},{"time":98775,"key":"Key5","l":2},{"time":98775,"key":"Key12","l":2},{"time":99075,"key":"Key2","l":2},{"time":99075,"key":"Key3","l":1},{"time":99075,"key":"Key9","l":2},{"time":99375,"key":"Key0","l":1},{"time":99375,"key":"Key1","l":2},{"time":99375,"key":"Key3","l":1},{"time":99375,"key":"Key8","l":2},{"time":99675,"key":"Key0","l":2},{"time":99675,"key":"Key2","l":1},{"time":99675,"key":"Key7","l":2},{"time":99975,"key":"Key1","l":2},{"time":99975,"key":"Key8","l":2},{"time":100275,"key":"Key3","l":2},{"time":100275,"key":"Key6","l":1},{"time":100275,"key":"Key13","l":2},{"time":100575,"key":"Key1","l":1},{"time":100575,"key":"Key3","l":1},{"time":100575,"key":"Key6","l":1},{"time":100875,"key":"Key6","l":2},{"time":101175,"key":"Key6","l":2},{"time":101475,"key":"Key3","l":1},{"time":101475,"key":"Key6","l":2},{"time":101775,"key":"Key0","l":1},{"time":101775,"key":"Key3","l":1},{"time":101775,"key":"Key6","l":2},{"time":102075,"key":"Key2","l":1},{"time":102075,"key":"Key6","l":2},{"time":102075,"key":"Key9","l":2},{"time":102225,"key":"Key10","l":2},{"time":102300,"key":"Key11","l":2},{"time":102375,"key":"Key0","l":1},{"time":102375,"key":"Key5","l":2},{"time":102375,"key":"Key12","l":2},{"time":102675,"key":"Key5","l":2},{"time":102975,"key":"Key0","l":1},{"time":102975,"key":"Key2","l":1},{"time":102975,"key":"Key5","l":2},{"time":103275,"key":"Key0","l":1},{"time":103275,"key":"Key2","l":1},{"time":103275,"key":"Key4","l":2},{"time":103275,"key":"Key11","l":2},{"time":103575,"key":"Key3","l":1},{"time":103575,"key":"Key5","l":2},{"time":103575,"key":"Key12","l":2},{"time":103875,"key":"Key2","l":2},{"time":103875,"key":"Key3","l":1},{"time":103875,"key":"Key9","l":2},{"time":104175,"key":"Key0","l":1},{"time":104175,"key":"Key3","l":1},{"time":104325,"key":"Key1","l":2},{"time":104325,"key":"Key8","l":2},{"time":104475,"key":"Key0","l":2},{"time":104475,"key":"Key2","l":1},{"time":104475,"key":"Key7","l":2},{"time":104775,"key":"Key3","l":2},{"time":104775,"key":"Key6","l":2},{"time":104775,"key":"Key13","l":2},{"time":105075,"key":"Key6","l":1},{"time":105375,"key":"Key1","l":1},{"time":105375,"key":"Key3","l":1},{"time":105375,"key":"Key6","l":1},{"time":105675,"key":"Key7","l":2},{"time":105975,"key":"Key6","l":2},{"time":106275,"key":"Key3","l":1},{"time":106275,"key":"Key7","l":2},{"time":106575,"key":"Key0","l":1},{"time":106575,"key":"Key2","l":1},{"time":106575,"key":"Key6","l":2},{"time":106875,"key":"Key7","l":2},{"time":107175,"key":"Key0","l":2},{"time":107175,"key":"Key5","l":2}],"fromLibrary":true}]