[{"name":"Carol of the Bells (Sz9)  (sz9)","bpm":200,"pitchLevel":0,"bitsPerPage":16,"isComposed":true,"songNotes":[{"time":400,"key":"Key14"},{"time":700,"key":"Key13"},{"time":850,"key":"Key14"},{"time":1000,"key":"Key12"},{"time":1900,"key":"Key14"},{"time":2200,"key":"Key13"},{"time":2350,"key":"Key14"},{"time":2500,"key":"Key12"},{"time":3400,"key":"Key14"},{"time":3700,"key":"Key13"},{"time":3850,"key":"Key14"},{"time":4000,"key":"Key12"},{"time":4300,"key":"Key14"},{"time":4600,"key":"Key13"},{"time":4750,"key":"Key14"},{"time":4900,"key":"Key12"},{"time":5200,"key":"Key14"},{"time":5500,"key":"Key13"},{"time":5650,"key":"Key14"},{"time":5800,"key":"Key12"},{"time":6100,"key":"Key14"},{"time":6400,"key":"Key13"},{"time":6550,"key":"Key14"},{"time":6700,"key":"Key12"},{"time":7000,"key":"Key5"},{"time":7000,"key":"Key14"},{"time":7300,"key":"Key13"},{"time":7450,"key":"Key14"},{"time":7600,"key":"Key12"},{"time":7900,"key":"Key4"},{"time":7900,"key":"Key14"},{"time":8200,"key":"Key13"},{"time":8350,"key":"Key14"},{"time":8500,"key":"Key12"},{"time":8800,"key":"Key3"},{"time":8800,"key":"Key14"},{"time":9100,"key":"Key13"},{"time":9250,"key":"Key14"},{"time":9400,"key":"Key12"},{"time":9700,"key":"Key2"},{"time":9700,"key":"Key14"},{"time":10000,"key":"Key13"},{"time":10150,"key":"Key14"},{"time":10300,"key":"Key12"},{"time":10600,"key":"Key5"},{"time":10600,"key":"Key14"},{"time":10900,"key":"Key13"},{"time":11050,"key":"Key14"},{"time":11200,"key":"Key12"},{"time":11500,"key":"Key4"},{"time":11500,"key":"Key14"},{"time":11800,"key":"Key13"},{"time":11950,"key":"Key14"},{"time":12100,"key":"Key12"},{"time":12400,"key":"Key3"},{"time":12400,"key":"Key14"},{"time":12700,"key":"Key13"},{"time":12850,"key":"Key14"},{"time":13000,"key":"Key12"},{"time":13300,"key":"Key2"},{"time":13300,"key":"Key14"},{"time":13600,"key":"Key13"},{"time":13750,"key":"Key14"},{"time":13900,"key":"Key12"},{"time":14200,"key":"Key5"},{"time":14200,"key":"Key9"},{"time":14500,"key":"Key8"},{"time":14650,"key":"Key9"},{"time":14800,"key":"Key7"},{"time":15100,"key":"Key4"},{"time":15100,"key":"Key9"},{"time":15400,"key":"Key8"},{"time":15550,"key":"Key9"},{"time":15700,"key":"Key7"},{"time":16000,"key":"Key5"},{"time":16000,"key":"Key9"},{"time":16300,"key":"Key8"},{"time":16450,"key":"Key9"},{"time":16600,"key":"Key7"},{"time":16900,"key":"Key4"},{"time":16900,"key":"Key9"},{"time":17200,"key":"Key8"},{"time":17350,"key":"Key9"},{"time":17500,"key":"Key7"},{"time":17800,"key":"Key7"},{"time":17800,"key":"Key12"},{"time":18100,"key":"Key7"},{"time":18100,"key":"Key12"},{"time":18250,"key":"Key7"},{"time":18250,"key":"Key12"},{"time":18400,"key":"Key6"},{"time":18400,"key":"Key11"},{"time":18550,"key":"Key5"},{"time":18550,"key":"Key10"},{"time":18700,"key":"Key4"},{"time":18700,"key":"Key9"},{"time":19000,"key":"Key4"},{"time":19000,"key":"Key9"},{"time":19150,"key":"Key4"},{"time":19150,"key":"Key9"},{"time":19300,"key":"Key3"},{"time":19300,"key":"Key8"},{"time":19450,"key":"Key2"},{"time":19450,"key":"Key7"},{"time":19600,"key":"Key3"},{"time":19600,"key":"Key8"},{"time":19900,"key":"Key3"},{"time":19900,"key":"Key8"},{"time":20050,"key":"Key3"},{"time":20050,"key":"Key8"},{"time":20200,"key":"Key4"},{"time":20200,"key":"Key9"},{"time":20350,"key":"Key3"},{"time":20350,"key":"Key8"},{"time":20500,"key":"Key2"},{"time":20500,"key":"Key3"},{"time":20500,"key":"Key7"},{"time":20500,"key":"Key8"},{"time":20800,"key":"Key1"},{"time":20800,"key":"Key6"},{"time":20950,"key":"Key2"},{"time":20950,"key":"Key7"},{"time":21100,"key":"Key0"},{"time":21100,"key":"Key5"},{"time":21700,"key":"Key2"},{"time":21850,"key":"Key3"},{"time":22000,"key":"Key4"},{"time":22150,"key":"Key5"},{"time":22300,"key":"Key6"},{"time":22450,"key":"Key7"},{"time":22600,"key":"Key8"},{"time":22750,"key":"Key9"},{"time":22900,"key":"Key8"},{"time":23200,"key":"Key7"},{"time":23500,"key":"Key2"},{"time":23650,"key":"Key3"},{"time":23800,"key":"Key4"},{"time":23950,"key":"Key5"},{"time":24100,"key":"Key6"},{"time":24250,"key":"Key7"},{"time":24400,"key":"Key8"},{"time":24550,"key":"Key9"},{"time":24700,"key":"Key8"},{"time":25000,"key":"Key7"},{"time":25300,"key":"Key7"},{"time":25600,"key":"Key6"},{"time":25750,"key":"Key7"},{"time":25900,"key":"Key5"},{"time":26200,"key":"Key7"},{"time":26500,"key":"Key6"},{"time":26650,"key":"Key7"},{"time":26800,"key":"Key5"},{"time":27100,"key":"Key7"},{"time":27400,"key":"Key6"},{"time":27550,"key":"Key7"},{"time":27700,"key":"Key5"},{"time":28000,"key":"Key7"},{"time":28300,"key":"Key6"},{"time":28450,"key":"Key7"},{"time":28600,"key":"Key5"},{"time":28900,"key":"Key0"},{"time":28975,"key":"Key2"},{"time":29050,"key":"Key5"},{"time":29125,"key":"Key2"},{"time":30100,"key":"Key7"},{"time":30100,"key":"Key12"},{"time":30400,"key":"Key6"},{"time":30400,"key":"Key11"},{"time":30850,"key":"Key5"},{"time":30850,"key":"Key10"},{"time":31000,"key":"Key4"},{"time":31000,"key":"Key9"},{"time":31300,"key":"Key3"},{"time":31300,"key":"Key8"},{"time":31750,"key":"Key2"},{"time":31750,"key":"Key7"},{"time":31900,"key":"Key1"},{"time":31900,"key":"Key6"},{"time":32050,"key":"Key2"},{"time":32050,"key":"Key5"},{"time":32800,"key":"Key7"},{"time":32800,"key":"Key12"}],"fromLibrary":true}]