[
    {
      "name": "Chitty Chitty Bang Bang (Paripi Koumei OP)Hard",
      "bpm": 500,
      "songNotes": [
        {
          "time": 1920,
          "key": "1Key4"
        },
        {
          "time": 2160,
          "key": "1Key5"
        },
        {
          "time": 3600,
          "key": "1Key5"
        },
        {
          "time": 4080,
          "key": "1Key5"
        },
        {
          "time": 4560,
          "key": "1Key5"
        },
        {
          "time": 5040,
          "key": "1Key5"
        },
        {
          "time": 5520,
          "key": "1Key5"
        },
        {
          "time": 6000,
          "key": "1Key5"
        },
        {
          "time": 6480,
          "key": "1Key5"
        },
        {
          "time": 6960,
          "key": "1Key5"
        },
        {
          "time": 7440,
          "key": "1Key5"
        },
        {
          "time": 7920,
          "key": "1Key5"
        },
        {
          "time": 8400,
          "key": "1Key5"
        },
        {
          "time": 8880,
          "key": "1Key12"
        },
        {
          "time": 8880,
          "key": "1Key14"
        },
        {
          "time": 9000,
          "key": "1Key12"
        },
        {
          "time": 9000,
          "key": "1Key14"
        },
        {
          "time": 9240,
          "key": "1Key12"
        },
        {
          "time": 9240,
          "key": "1Key14"
        },
        {
          "time": 9360,
          "key": "1Key12"
        },
        {
          "time": 9360,
          "key": "1Key14"
        },
        {
          "time": 9600,
          "key": "1Key5"
        },
        {
          "time": 9600,
          "key": "1Key7"
        },
        {
          "time": 9720,
          "key": "1Key5"
        },
        {
          "time": 9720,
          "key": "1Key7"
        },
        {
          "time": 9960,
          "key": "1Key5"
        },
        {
          "time": 9960,
          "key": "1Key7"
        },
        {
          "time": 10080,
          "key": "1Key5"
        },
        {
          "time": 10080,
          "key": "1Key7"
        },
        {
          "time": 10800,
          "key": "1Key2"
        },
        {
          "time": 10800,
          "key": "1Key5"
        },
        {
          "time": 11040,
          "key": "1Key5"
        },
        {
          "time": 11160,
          "key": "1Key2"
        },
        {
          "time": 11400,
          "key": "1Key2"
        },
        {
          "time": 11520,
          "key": "1Key5"
        },
        {
          "time": 11640,
          "key": "1Key2"
        },
        {
          "time": 11760,
          "key": "1Key6"
        },
        {
          "time": 11880,
          "key": "1Key2"
        },
        {
          "time": 11880,
          "key": "1Key5"
        },
        {
          "time": 12000,
          "key": "1Key7"
        },
        {
          "time": 12120,
          "key": "1Key2"
        },
        {
          "time": 12240,
          "key": "1Key6"
        },
        {
          "time": 12360,
          "key": "1Key2"
        },
        {
          "time": 12360,
          "key": "1Key5"
        },
        {
          "time": 12480,
          "key": "1Key4"
        },
        {
          "time": 12720,
          "key": "1Key0"
        },
        {
          "time": 12720,
          "key": "1Key3"
        },
        {
          "time": 12720,
          "key": "1Key5"
        },
        {
          "time": 12960,
          "key": "1Key0"
        },
        {
          "time": 13080,
          "key": "1Key3"
        },
        {
          "time": 13320,
          "key": "1Key3"
        },
        {
          "time": 13440,
          "key": "1Key5"
        },
        {
          "time": 13560,
          "key": "1Key0"
        },
        {
          "time": 13560,
          "key": "1Key3"
        },
        {
          "time": 13680,
          "key": "1Key6"
        },
        {
          "time": 13800,
          "key": "1Key3"
        },
        {
          "time": 13920,
          "key": "1Key7"
        },
        {
          "time": 14040,
          "key": "1Key0"
        },
        {
          "time": 14040,
          "key": "1Key3"
        },
        {
          "time": 14160,
          "key": "1Key6"
        },
        {
          "time": 14280,
          "key": "1Key3"
        },
        {
          "time": 14400,
          "key": "1Key5"
        },
        {
          "time": 14520,
          "key": "1Key0"
        },
        {
          "time": 14640,
          "key": "1Key0"
        },
        {
          "time": 14640,
          "key": "1Key4"
        },
        {
          "time": 14640,
          "key": "1Key7"
        },
        {
          "time": 14880,
          "key": "1Key0"
        },
        {
          "time": 15000,
          "key": "1Key4"
        },
        {
          "time": 15240,
          "key": "1Key0"
        },
        {
          "time": 15240,
          "key": "1Key4"
        },
        {
          "time": 15360,
          "key": "1Key7"
        },
        {
          "time": 15480,
          "key": "1Key4"
        },
        {
          "time": 15600,
          "key": "1Key8"
        },
        {
          "time": 15720,
          "key": "1Key0"
        },
        {
          "time": 15720,
          "key": "1Key4"
        },
        {
          "time": 15840,
          "key": "1Key9"
        },
        {
          "time": 15960,
          "key": "1Key4"
        },
        {
          "time": 16080,
          "key": "1Key8"
        },
        {
          "time": 16200,
          "key": "1Key0"
        },
        {
          "time": 16200,
          "key": "1Key4"
        },
        {
          "time": 16320,
          "key": "1Key7"
        },
        {
          "time": 16440,
          "key": "1Key4"
        },
        {
          "time": 16560,
          "key": "1Key1"
        },
        {
          "time": 16560,
          "key": "1Key4"
        },
        {
          "time": 16560,
          "key": "1Key6"
        },
        {
          "time": 16800,
          "key": "1Key1"
        },
        {
          "time": 16920,
          "key": "1Key4"
        },
        {
          "time": 17160,
          "key": "1Key4"
        },
        {
          "time": 17280,
          "key": "1Key6"
        },
        {
          "time": 17400,
          "key": "1Key1"
        },
        {
          "time": 17400,
          "key": "1Key4"
        },
        {
          "time": 17520,
          "key": "1Key7"
        },
        {
          "time": 17640,
          "key": "1Key4"
        },
        {
          "time": 17640,
          "key": "1Key8"
        },
        {
          "time": 17760,
          "key": "1Key7"
        },
        {
          "time": 17880,
          "key": "1Key1"
        },
        {
          "time": 17880,
          "key": "1Key4"
        },
        {
          "time": 17880,
          "key": "1Key8"
        },
        {
          "time": 18000,
          "key": "1Key6"
        },
        {
          "time": 18240,
          "key": "1Key4"
        },
        {
          "time": 18480,
          "key": "1Key2"
        },
        {
          "time": 18480,
          "key": "1Key5"
        },
        {
          "time": 18720,
          "key": "1Key5"
        },
        {
          "time": 18840,
          "key": "1Key2"
        },
        {
          "time": 19080,
          "key": "1Key2"
        },
        {
          "time": 19200,
          "key": "1Key5"
        },
        {
          "time": 19320,
          "key": "1Key2"
        },
        {
          "time": 19320,
          "key": "1Key5"
        },
        {
          "time": 19440,
          "key": "1Key6"
        },
        {
          "time": 19560,
          "key": "1Key2"
        },
        {
          "time": 19680,
          "key": "1Key7"
        },
        {
          "time": 19800,
          "key": "1Key2"
        },
        {
          "time": 19800,
          "key": "1Key5"
        },
        {
          "time": 19920,
          "key": "1Key6"
        },
        {
          "time": 20040,
          "key": "1Key2"
        },
        {
          "time": 20160,
          "key": "1Key4"
        },
        {
          "time": 20280,
          "key": "1Key2"
        },
        {
          "time": 20400,
          "key": "1Key0"
        },
        {
          "time": 20400,
          "key": "1Key3"
        },
        {
          "time": 20400,
          "key": "1Key5"
        },
        {
          "time": 20640,
          "key": "1Key0"
        },
        {
          "time": 20760,
          "key": "1Key3"
        },
        {
          "time": 21000,
          "key": "1Key0"
        },
        {
          "time": 21000,
          "key": "1Key3"
        },
        {
          "time": 21120,
          "key": "1Key5"
        },
        {
          "time": 21240,
          "key": "1Key3"
        },
        {
          "time": 21360,
          "key": "1Key6"
        },
        {
          "time": 21480,
          "key": "1Key0"
        },
        {
          "time": 21480,
          "key": "1Key3"
        },
        {
          "time": 21600,
          "key": "1Key7"
        },
        {
          "time": 21720,
          "key": "1Key3"
        },
        {
          "time": 21840,
          "key": "1Key6"
        },
        {
          "time": 21960,
          "key": "1Key0"
        },
        {
          "time": 21960,
          "key": "1Key3"
        },
        {
          "time": 22080,
          "key": "1Key5"
        },
        {
          "time": 22200,
          "key": "1Key3"
        },
        {
          "time": 22320,
          "key": "1Key0"
        },
        {
          "time": 22320,
          "key": "1Key4"
        },
        {
          "time": 22320,
          "key": "1Key7"
        },
        {
          "time": 22560,
          "key": "1Key0"
        },
        {
          "time": 22680,
          "key": "1Key4"
        },
        {
          "time": 22920,
          "key": "1Key0"
        },
        {
          "time": 22920,
          "key": "1Key4"
        },
        {
          "time": 23040,
          "key": "1Key7"
        },
        {
          "time": 23160,
          "key": "1Key4"
        },
        {
          "time": 23280,
          "key": "1Key8"
        },
        {
          "time": 23400,
          "key": "1Key0"
        },
        {
          "time": 23400,
          "key": "1Key4"
        },
        {
          "time": 23520,
          "key": "1Key9"
        },
        {
          "time": 23640,
          "key": "1Key4"
        },
        {
          "time": 23760,
          "key": "1Key8"
        },
        {
          "time": 23880,
          "key": "1Key0"
        },
        {
          "time": 23880,
          "key": "1Key4"
        },
        {
          "time": 24000,
          "key": "1Key7"
        },
        {
          "time": 24120,
          "key": "1Key4"
        },
        {
          "time": 24240,
          "key": "1Key1"
        },
        {
          "time": 24240,
          "key": "1Key4"
        },
        {
          "time": 24240,
          "key": "1Key6"
        },
        {
          "time": 24600,
          "key": "1Key4"
        },
        {
          "time": 24960,
          "key": "1Key6"
        },
        {
          "time": 25200,
          "key": "1Key7"
        },
        {
          "time": 25440,
          "key": "1Key8"
        },
        {
          "time": 25680,
          "key": "1Key2"
        },
        {
          "time": 25680,
          "key": "1Key7"
        },
        {
          "time": 25680,
          "key": "1Key9"
        },
        {
          "time": 25920,
          "key": "1Key4"
        },
        {
          "time": 25920,
          "key": "1Key6"
        },
        {
          "time": 25920,
          "key": "1Key11"
        },
        {
          "time": 26160,
          "key": "1Key2"
        },
        {
          "time": 26160,
          "key": "1Key5"
        },
        {
          "time": 26400,
          "key": "1Key0"
        },
        {
          "time": 26640,
          "key": "1Key2"
        },
        {
          "time": 26880,
          "key": "1Key5"
        },
        {
          "time": 27120,
          "key": "1Key2"
        },
        {
          "time": 27360,
          "key": "1Key5"
        },
        {
          "time": 27600,
          "key": "1Key5"
        },
        {
          "time": 27840,
          "key": "1Key6"
        },
        {
          "time": 28080,
          "key": "1Key0"
        },
        {
          "time": 28080,
          "key": "1Key3"
        },
        {
          "time": 28080,
          "key": "1Key7"
        },
        {
          "time": 28320,
          "key": "1Key0"
        },
        {
          "time": 28560,
          "key": "1Key3"
        },
        {
          "time": 28800,
          "key": "1Key0"
        },
        {
          "time": 29040,
          "key": "1Key3"
        },
        {
          "time": 29280,
          "key": "1Key0"
        },
        {
          "time": 29520,
          "key": "1Key3"
        },
        {
          "time": 29760,
          "key": "1Key0"
        },
        {
          "time": 30000,
          "key": "1Key0"
        },
        {
          "time": 30000,
          "key": "1Key4"
        },
        {
          "time": 30000,
          "key": "1Key7"
        },
        {
          "time": 30240,
          "key": "1Key0"
        },
        {
          "time": 30240,
          "key": "1Key7"
        },
        {
          "time": 30480,
          "key": "1Key4"
        },
        {
          "time": 30480,
          "key": "1Key7"
        },
        {
          "time": 30600,
          "key": "1Key7"
        },
        {
          "time": 30720,
          "key": "1Key0"
        },
        {
          "time": 30840,
          "key": "1Key7"
        },
        {
          "time": 30960,
          "key": "1Key4"
        },
        {
          "time": 31200,
          "key": "1Key0"
        },
        {
          "time": 31200,
          "key": "1Key6"
        },
        {
          "time": 31440,
          "key": "1Key4"
        },
        {
          "time": 31440,
          "key": "1Key7"
        },
        {
          "time": 31680,
          "key": "1Key0"
        },
        {
          "time": 31680,
          "key": "1Key9"
        },
        {
          "time": 31920,
          "key": "1Key1"
        },
        {
          "time": 31920,
          "key": "1Key4"
        },
        {
          "time": 31920,
          "key": "1Key8"
        },
        {
          "time": 32040,
          "key": "1Key7"
        },
        {
          "time": 32160,
          "key": "1Key1"
        },
        {
          "time": 32160,
          "key": "1Key8"
        },
        {
          "time": 32400,
          "key": "1Key4"
        },
        {
          "time": 32640,
          "key": "1Key1"
        },
        {
          "time": 32880,
          "key": "1Key4"
        },
        {
          "time": 33120,
          "key": "1Key1"
        },
        {
          "time": 33360,
          "key": "1Key2"
        },
        {
          "time": 33360,
          "key": "1Key4"
        },
        {
          "time": 33600,
          "key": "1Key4"
        },
        {
          "time": 33840,
          "key": "1Key2"
        },
        {
          "time": 33840,
          "key": "1Key5"
        },
        {
          "time": 34080,
          "key": "1Key5"
        },
        {
          "time": 34320,
          "key": "1Key2"
        },
        {
          "time": 34560,
          "key": "1Key5"
        },
        {
          "time": 34800,
          "key": "1Key2"
        },
        {
          "time": 35040,
          "key": "1Key5"
        },
        {
          "time": 35280,
          "key": "1Key5"
        },
        {
          "time": 35520,
          "key": "1Key6"
        },
        {
          "time": 35760,
          "key": "1Key0"
        },
        {
          "time": 35760,
          "key": "1Key3"
        },
        {
          "time": 35760,
          "key": "1Key7"
        },
        {
          "time": 36000,
          "key": "1Key0"
        },
        {
          "time": 36240,
          "key": "1Key3"
        },
        {
          "time": 36480,
          "key": "1Key0"
        },
        {
          "time": 36720,
          "key": "1Key3"
        },
        {
          "time": 36960,
          "key": "1Key0"
        },
        {
          "time": 36960,
          "key": "1Key4"
        },
        {
          "time": 37200,
          "key": "1Key3"
        },
        {
          "time": 37200,
          "key": "1Key4"
        },
        {
          "time": 37440,
          "key": "1Key0"
        },
        {
          "time": 37440,
          "key": "1Key4"
        },
        {
          "time": 37680,
          "key": "1Key0"
        },
        {
          "time": 37680,
          "key": "1Key4"
        },
        {
          "time": 37680,
          "key": "1Key7"
        },
        {
          "time": 37920,
          "key": "1Key0"
        },
        {
          "time": 37920,
          "key": "1Key7"
        },
        {
          "time": 38160,
          "key": "1Key4"
        },
        {
          "time": 38160,
          "key": "1Key7"
        },
        {
          "time": 38400,
          "key": "1Key0"
        },
        {
          "time": 38400,
          "key": "1Key6"
        },
        {
          "time": 38640,
          "key": "1Key4"
        },
        {
          "time": 38640,
          "key": "1Key7"
        },
        {
          "time": 38880,
          "key": "1Key0"
        },
        {
          "time": 39120,
          "key": "1Key4"
        },
        {
          "time": 39120,
          "key": "1Key7"
        },
        {
          "time": 39360,
          "key": "1Key0"
        },
        {
          "time": 39360,
          "key": "1Key9"
        },
        {
          "time": 39600,
          "key": "1Key1"
        },
        {
          "time": 39600,
          "key": "1Key4"
        },
        {
          "time": 39600,
          "key": "1Key8"
        },
        {
          "time": 39720,
          "key": "1Key7"
        },
        {
          "time": 39840,
          "key": "1Key1"
        },
        {
          "time": 39840,
          "key": "1Key8"
        },
        {
          "time": 40080,
          "key": "1Key4"
        },
        {
          "time": 40320,
          "key": "1Key1"
        },
        {
          "time": 40560,
          "key": "1Key4"
        },
        {
          "time": 40800,
          "key": "1Key1"
        },
        {
          "time": 40800,
          "key": "1Key9"
        },
        {
          "time": 41040,
          "key": "1Key4"
        },
        {
          "time": 41040,
          "key": "1Key9"
        },
        {
          "time": 41280,
          "key": "1Key1"
        },
        {
          "time": 41280,
          "key": "1Key9"
        },
        {
          "time": 41520,
          "key": "1Key2"
        },
        {
          "time": 41520,
          "key": "1Key5"
        },
        {
          "time": 41760,
          "key": "1Key5"
        },
        {
          "time": 42000,
          "key": "1Key2"
        },
        {
          "time": 42000,
          "key": "1Key4"
        },
        {
          "time": 42240,
          "key": "1Key5"
        },
        {
          "time": 42480,
          "key": "1Key2"
        },
        {
          "time": 42720,
          "key": "1Key5"
        },
        {
          "time": 42720,
          "key": "1Key9"
        },
        {
          "time": 42960,
          "key": "1Key2"
        },
        {
          "time": 42960,
          "key": "1Key9"
        },
        {
          "time": 43200,
          "key": "1Key5"
        },
        {
          "time": 43200,
          "key": "1Key9"
        },
        {
          "time": 43440,
          "key": "1Key0"
        },
        {
          "time": 43440,
          "key": "1Key3"
        },
        {
          "time": 43440,
          "key": "1Key5"
        },
        {
          "time": 43680,
          "key": "1Key0"
        },
        {
          "time": 43680,
          "key": "1Key4"
        },
        {
          "time": 43920,
          "key": "1Key3"
        },
        {
          "time": 43920,
          "key": "1Key4"
        },
        {
          "time": 44160,
          "key": "1Key0"
        },
        {
          "time": 44160,
          "key": "1Key5"
        },
        {
          "time": 44400,
          "key": "1Key3"
        },
        {
          "time": 44640,
          "key": "1Key0"
        },
        {
          "time": 44880,
          "key": "1Key3"
        },
        {
          "time": 45120,
          "key": "1Key0"
        },
        {
          "time": 45360,
          "key": "1Key0"
        },
        {
          "time": 45360,
          "key": "1Key4"
        },
        {
          "time": 45360,
          "key": "1Key7"
        },
        {
          "time": 45600,
          "key": "1Key0"
        },
        {
          "time": 45600,
          "key": "1Key7"
        },
        {
          "time": 45840,
          "key": "1Key4"
        },
        {
          "time": 45840,
          "key": "1Key7"
        },
        {
          "time": 45960,
          "key": "1Key6"
        },
        {
          "time": 46080,
          "key": "1Key0"
        },
        {
          "time": 46320,
          "key": "1Key4"
        },
        {
          "time": 46320,
          "key": "1Key7"
        },
        {
          "time": 46560,
          "key": "1Key0"
        },
        {
          "time": 46560,
          "key": "1Key7"
        },
        {
          "time": 46800,
          "key": "1Key4"
        },
        {
          "time": 46800,
          "key": "1Key7"
        },
        {
          "time": 47040,
          "key": "1Key0"
        },
        {
          "time": 47040,
          "key": "1Key9"
        },
        {
          "time": 47280,
          "key": "1Key1"
        },
        {
          "time": 47280,
          "key": "1Key4"
        },
        {
          "time": 47280,
          "key": "1Key8"
        },
        {
          "time": 47400,
          "key": "1Key7"
        },
        {
          "time": 47520,
          "key": "1Key1"
        },
        {
          "time": 47520,
          "key": "1Key8"
        },
        {
          "time": 47760,
          "key": "1Key4"
        },
        {
          "time": 48000,
          "key": "1Key1"
        },
        {
          "time": 48240,
          "key": "1Key4"
        },
        {
          "time": 48480,
          "key": "1Key1"
        },
        {
          "time": 48480,
          "key": "1Key9"
        },
        {
          "time": 48720,
          "key": "1Key4"
        },
        {
          "time": 48720,
          "key": "1Key9"
        },
        {
          "time": 48960,
          "key": "1Key1"
        },
        {
          "time": 48960,
          "key": "1Key9"
        },
        {
          "time": 49200,
          "key": "1Key2"
        },
        {
          "time": 49200,
          "key": "1Key5"
        },
        {
          "time": 49440,
          "key": "1Key2"
        },
        {
          "time": 49440,
          "key": "1Key4"
        },
        {
          "time": 49680,
          "key": "1Key4"
        },
        {
          "time": 49680,
          "key": "1Key5"
        },
        {
          "time": 49920,
          "key": "1Key2"
        },
        {
          "time": 49920,
          "key": "1Key5"
        },
        {
          "time": 50160,
          "key": "1Key5"
        },
        {
          "time": 50400,
          "key": "1Key2"
        },
        {
          "time": 50400,
          "key": "1Key9"
        },
        {
          "time": 50520,
          "key": "1Key9"
        },
        {
          "time": 50640,
          "key": "1Key5"
        },
        {
          "time": 50640,
          "key": "1Key9"
        },
        {
          "time": 50880,
          "key": "1Key2"
        },
        {
          "time": 50880,
          "key": "1Key9"
        },
        {
          "time": 51120,
          "key": "1Key0"
        },
        {
          "time": 51120,
          "key": "1Key3"
        },
        {
          "time": 51120,
          "key": "1Key5"
        },
        {
          "time": 51360,
          "key": "1Key0"
        },
        {
          "time": 51360,
          "key": "1Key4"
        },
        {
          "time": 51600,
          "key": "1Key3"
        },
        {
          "time": 51600,
          "key": "1Key4"
        },
        {
          "time": 51840,
          "key": "1Key0"
        },
        {
          "time": 51840,
          "key": "1Key5"
        },
        {
          "time": 52080,
          "key": "1Key3"
        },
        {
          "time": 52320,
          "key": "1Key0"
        },
        {
          "time": 52320,
          "key": "1Key3"
        },
        {
          "time": 52560,
          "key": "1Key3"
        },
        {
          "time": 52800,
          "key": "1Key0"
        },
        {
          "time": 53040,
          "key": "1Key0"
        },
        {
          "time": 53040,
          "key": "1Key4"
        },
        {
          "time": 53040,
          "key": "1Key7"
        },
        {
          "time": 53280,
          "key": "1Key0"
        },
        {
          "time": 53280,
          "key": "1Key7"
        },
        {
          "time": 53520,
          "key": "1Key4"
        },
        {
          "time": 53520,
          "key": "1Key7"
        },
        {
          "time": 53640,
          "key": "1Key6"
        },
        {
          "time": 53760,
          "key": "1Key0"
        },
        {
          "time": 54000,
          "key": "1Key4"
        },
        {
          "time": 54000,
          "key": "1Key7"
        },
        {
          "time": 54240,
          "key": "1Key0"
        },
        {
          "time": 54240,
          "key": "1Key7"
        },
        {
          "time": 54480,
          "key": "1Key4"
        },
        {
          "time": 54480,
          "key": "1Key7"
        },
        {
          "time": 54720,
          "key": "1Key0"
        },
        {
          "time": 54720,
          "key": "1Key9"
        },
        {
          "time": 54960,
          "key": "1Key1"
        },
        {
          "time": 54960,
          "key": "1Key4"
        },
        {
          "time": 54960,
          "key": "1Key8"
        },
        {
          "time": 55200,
          "key": "1Key1"
        },
        {
          "time": 55200,
          "key": "1Key7"
        },
        {
          "time": 55440,
          "key": "1Key2"
        },
        {
          "time": 55440,
          "key": "1Key8"
        },
        {
          "time": 55920,
          "key": "1Key0"
        },
        {
          "time": 55920,
          "key": "1Key3"
        },
        {
          "time": 55920,
          "key": "1Key5"
        },
        {
          "time": 56400,
          "key": "1Key1"
        },
        {
          "time": 56400,
          "key": "1Key4"
        },
        {
          "time": 56400,
          "key": "1Key6"
        },
        {
          "time": 56880,
          "key": "1Key0"
        },
        {
          "time": 56880,
          "key": "1Key2"
        },
        {
          "time": 56880,
          "key": "1Key5"
        },
        {
          "time": 57240,
          "key": "1Key0"
        },
        {
          "time": 57240,
          "key": "1Key2"
        },
        {
          "time": 57480,
          "key": "1Key2"
        },
        {
          "time": 57600,
          "key": "1Key5"
        },
        {
          "time": 57720,
          "key": "1Key2"
        },
        {
          "time": 57720,
          "key": "1Key5"
        },
        {
          "time": 57840,
          "key": "1Key6"
        },
        {
          "time": 57960,
          "key": "1Key2"
        },
        {
          "time": 58080,
          "key": "1Key7"
        },
        {
          "time": 58200,
          "key": "1Key2"
        },
        {
          "time": 58200,
          "key": "1Key5"
        },
        {
          "time": 58320,
          "key": "1Key6"
        },
        {
          "time": 58440,
          "key": "1Key2"
        },
        {
          "time": 58560,
          "key": "1Key4"
        },
        {
          "time": 58680,
          "key": "1Key2"
        },
        {
          "time": 58680,
          "key": "1Key5"
        },
        {
          "time": 58800,
          "key": "1Key0"
        },
        {
          "time": 58800,
          "key": "1Key3"
        },
        {
          "time": 58800,
          "key": "1Key5"
        },
        {
          "time": 59040,
          "key": "1Key0"
        },
        {
          "time": 59160,
          "key": "1Key3"
        },
        {
          "time": 59400,
          "key": "1Key3"
        },
        {
          "time": 59520,
          "key": "1Key0"
        },
        {
          "time": 59880,
          "key": "1Key0"
        },
        {
          "time": 60000,
          "key": "1Key0"
        },
        {
          "time": 60000,
          "key": "1Key3"
        },
        {
          "time": 60240,
          "key": "1Key0"
        },
        {
          "time": 60240,
          "key": "1Key5"
        },
        {
          "time": 60480,
          "key": "1Key0"
        },
        {
          "time": 60480,
          "key": "1Key6"
        },
        {
          "time": 60720,
          "key": "1Key0"
        },
        {
          "time": 60720,
          "key": "1Key4"
        },
        {
          "time": 60720,
          "key": "1Key7"
        },
        {
          "time": 60840,
          "key": "1Key0"
        },
        {
          "time": 60960,
          "key": "1Key7"
        },
        {
          "time": 61080,
          "key": "1Key0"
        },
        {
          "time": 61200,
          "key": "1Key4"
        },
        {
          "time": 61200,
          "key": "1Key7"
        },
        {
          "time": 61440,
          "key": "1Key0"
        },
        {
          "time": 61440,
          "key": "1Key4"
        },
        {
          "time": 61440,
          "key": "1Key7"
        },
        {
          "time": 61560,
          "key": "1Key0"
        },
        {
          "time": 61680,
          "key": "1Key7"
        },
        {
          "time": 61800,
          "key": "1Key0"
        },
        {
          "time": 61800,
          "key": "1Key4"
        },
        {
          "time": 61920,
          "key": "1Key4"
        },
        {
          "time": 61920,
          "key": "1Key6"
        },
        {
          "time": 62040,
          "key": "1Key0"
        },
        {
          "time": 62160,
          "key": "1Key4"
        },
        {
          "time": 62160,
          "key": "1Key7"
        },
        {
          "time": 62280,
          "key": "1Key0"
        },
        {
          "time": 62400,
          "key": "1Key4"
        },
        {
          "time": 62400,
          "key": "1Key9"
        },
        {
          "time": 62520,
          "key": "1Key0"
        },
        {
          "time": 62640,
          "key": "1Key1"
        },
        {
          "time": 62640,
          "key": "1Key4"
        },
        {
          "time": 62640,
          "key": "1Key8"
        },
        {
          "time": 62880,
          "key": "1Key1"
        },
        {
          "time": 62880,
          "key": "1Key4"
        },
        {
          "time": 62880,
          "key": "1Key8"
        },
        {
          "time": 63000,
          "key": "1Key1"
        },
        {
          "time": 63120,
          "key": "1Key4"
        },
        {
          "time": 63120,
          "key": "1Key9"
        },
        {
          "time": 63240,
          "key": "1Key1"
        },
        {
          "time": 63360,
          "key": "1Key1"
        },
        {
          "time": 63360,
          "key": "1Key4"
        },
        {
          "time": 63360,
          "key": "1Key8"
        },
        {
          "time": 63600,
          "key": "1Key1"
        },
        {
          "time": 63600,
          "key": "1Key4"
        },
        {
          "time": 63720,
          "key": "1Key1"
        },
        {
          "time": 63840,
          "key": "1Key4"
        },
        {
          "time": 63840,
          "key": "1Key9"
        },
        {
          "time": 63960,
          "key": "1Key1"
        },
        {
          "time": 64080,
          "key": "1Key1"
        },
        {
          "time": 64080,
          "key": "1Key4"
        },
        {
          "time": 64320,
          "key": "1Key1"
        },
        {
          "time": 64440,
          "key": "1Key1"
        },
        {
          "time": 64440,
          "key": "1Key4"
        },
        {
          "time": 64560,
          "key": "1Key2"
        },
        {
          "time": 64560,
          "key": "1Key5"
        },
        {
          "time": 64800,
          "key": "1Key5"
        },
        {
          "time": 64920,
          "key": "1Key2"
        },
        {
          "time": 65040,
          "key": "1Key2"
        },
        {
          "time": 65040,
          "key": "1Key5"
        },
        {
          "time": 65280,
          "key": "1Key2"
        },
        {
          "time": 65280,
          "key": "1Key5"
        },
        {
          "time": 65400,
          "key": "1Key2"
        },
        {
          "time": 65400,
          "key": "1Key5"
        },
        {
          "time": 65520,
          "key": "1Key6"
        },
        {
          "time": 65640,
          "key": "1Key2"
        },
        {
          "time": 65760,
          "key": "1Key2"
        },
        {
          "time": 65760,
          "key": "1Key5"
        },
        {
          "time": 65760,
          "key": "1Key7"
        },
        {
          "time": 66000,
          "key": "1Key2"
        },
        {
          "time": 66000,
          "key": "1Key6"
        },
        {
          "time": 66120,
          "key": "1Key2"
        },
        {
          "time": 66120,
          "key": "1Key5"
        },
        {
          "time": 66240,
          "key": "1Key4"
        },
        {
          "time": 66360,
          "key": "1Key2"
        },
        {
          "time": 66480,
          "key": "1Key0"
        },
        {
          "time": 66480,
          "key": "1Key3"
        },
        {
          "time": 66480,
          "key": "1Key5"
        },
        {
          "time": 66720,
          "key": "1Key0"
        },
        {
          "time": 66840,
          "key": "1Key0"
        },
        {
          "time": 66840,
          "key": "1Key3"
        },
        {
          "time": 67080,
          "key": "1Key0"
        },
        {
          "time": 67200,
          "key": "1Key0"
        },
        {
          "time": 67200,
          "key": "1Key3"
        },
        {
          "time": 67440,
          "key": "1Key0"
        },
        {
          "time": 67560,
          "key": "1Key0"
        },
        {
          "time": 67560,
          "key": "1Key3"
        },
        {
          "time": 67680,
          "key": "1Key3"
        },
        {
          "time": 67800,
          "key": "1Key0"
        },
        {
          "time": 67920,
          "key": "1Key0"
        },
        {
          "time": 67920,
          "key": "1Key3"
        },
        {
          "time": 67920,
          "key": "1Key5"
        },
        {
          "time": 68160,
          "key": "1Key0"
        },
        {
          "time": 68160,
          "key": "1Key6"
        },
        {
          "time": 68280,
          "key": "1Key0"
        },
        {
          "time": 68280,
          "key": "1Key3"
        },
        {
          "time": 68400,
          "key": "1Key0"
        },
        {
          "time": 68400,
          "key": "1Key4"
        },
        {
          "time": 68400,
          "key": "1Key7"
        },
        {
          "time": 68640,
          "key": "1Key0"
        },
        {
          "time": 68640,
          "key": "1Key4"
        },
        {
          "time": 68640,
          "key": "1Key7"
        },
        {
          "time": 68760,
          "key": "1Key0"
        },
        {
          "time": 68880,
          "key": "1Key7"
        },
        {
          "time": 69000,
          "key": "1Key0"
        },
        {
          "time": 69120,
          "key": "1Key0"
        },
        {
          "time": 69120,
          "key": "1Key4"
        },
        {
          "time": 69120,
          "key": "1Key7"
        },
        {
          "time": 69360,
          "key": "1Key0"
        },
        {
          "time": 69360,
          "key": "1Key7"
        },
        {
          "time": 69480,
          "key": "1Key0"
        },
        {
          "time": 69480,
          "key": "1Key4"
        },
        {
          "time": 69600,
          "key": "1Key6"
        },
        {
          "time": 69720,
          "key": "1Key0"
        },
        {
          "time": 69840,
          "key": "1Key0"
        },
        {
          "time": 69840,
          "key": "1Key4"
        },
        {
          "time": 69840,
          "key": "1Key7"
        },
        {
          "time": 70080,
          "key": "1Key0"
        },
        {
          "time": 70080,
          "key": "1Key9"
        },
        {
          "time": 70200,
          "key": "1Key0"
        },
        {
          "time": 70200,
          "key": "1Key4"
        },
        {
          "time": 70320,
          "key": "1Key1"
        },
        {
          "time": 70320,
          "key": "1Key4"
        },
        {
          "time": 70320,
          "key": "1Key8"
        },
        {
          "time": 70560,
          "key": "1Key1"
        },
        {
          "time": 70560,
          "key": "1Key8"
        },
        {
          "time": 70680,
          "key": "1Key1"
        },
        {
          "time": 70680,
          "key": "1Key4"
        },
        {
          "time": 70800,
          "key": "1Key9"
        },
        {
          "time": 70920,
          "key": "1Key1"
        },
        {
          "time": 71040,
          "key": "1Key1"
        },
        {
          "time": 71040,
          "key": "1Key4"
        },
        {
          "time": 71040,
          "key": "1Key8"
        },
        {
          "time": 71280,
          "key": "1Key1"
        },
        {
          "time": 71400,
          "key": "1Key1"
        },
        {
          "time": 71400,
          "key": "1Key4"
        },
        {
          "time": 71520,
          "key": "1Key9"
        },
        {
          "time": 71640,
          "key": "1Key1"
        },
        {
          "time": 71760,
          "key": "1Key1"
        },
        {
          "time": 71760,
          "key": "1Key4"
        },
        {
          "time": 72000,
          "key": "1Key1"
        },
        {
          "time": 72120,
          "key": "1Key1"
        },
        {
          "time": 72120,
          "key": "1Key4"
        },
        {
          "time": 72240,
          "key": "1Key2"
        },
        {
          "time": 72240,
          "key": "1Key5"
        },
        {
          "time": 72480,
          "key": "1Key5"
        },
        {
          "time": 72600,
          "key": "1Key2"
        },
        {
          "time": 72720,
          "key": "1Key2"
        },
        {
          "time": 72720,
          "key": "1Key5"
        },
        {
          "time": 72960,
          "key": "1Key2"
        },
        {
          "time": 72960,
          "key": "1Key5"
        },
        {
          "time": 73080,
          "key": "1Key2"
        },
        {
          "time": 73080,
          "key": "1Key5"
        },
        {
          "time": 73200,
          "key": "1Key6"
        },
        {
          "time": 73320,
          "key": "1Key2"
        },
        {
          "time": 73320,
          "key": "1Key5"
        },
        {
          "time": 73440,
          "key": "1Key2"
        },
        {
          "time": 73440,
          "key": "1Key5"
        },
        {
          "time": 73440,
          "key": "1Key7"
        },
        {
          "time": 73680,
          "key": "1Key2"
        },
        {
          "time": 73680,
          "key": "1Key6"
        },
        {
          "time": 73800,
          "key": "1Key2"
        },
        {
          "time": 73800,
          "key": "1Key5"
        },
        {
          "time": 73920,
          "key": "1Key4"
        },
        {
          "time": 74040,
          "key": "1Key2"
        },
        {
          "time": 74160,
          "key": "1Key0"
        },
        {
          "time": 74160,
          "key": "1Key3"
        },
        {
          "time": 74160,
          "key": "1Key5"
        },
        {
          "time": 74400,
          "key": "1Key0"
        },
        {
          "time": 74520,
          "key": "1Key3"
        },
        {
          "time": 74760,
          "key": "1Key0"
        },
        {
          "time": 74880,
          "key": "1Key0"
        },
        {
          "time": 74880,
          "key": "1Key3"
        },
        {
          "time": 75120,
          "key": "1Key0"
        },
        {
          "time": 75240,
          "key": "1Key0"
        },
        {
          "time": 75240,
          "key": "1Key3"
        },
        {
          "time": 75360,
          "key": "1Key3"
        },
        {
          "time": 75480,
          "key": "1Key0"
        },
        {
          "time": 75600,
          "key": "1Key0"
        },
        {
          "time": 75600,
          "key": "1Key3"
        },
        {
          "time": 75600,
          "key": "1Key5"
        },
        {
          "time": 75840,
          "key": "1Key0"
        },
        {
          "time": 75840,
          "key": "1Key6"
        },
        {
          "time": 75960,
          "key": "1Key3"
        },
        {
          "time": 76080,
          "key": "1Key0"
        },
        {
          "time": 76080,
          "key": "1Key4"
        },
        {
          "time": 76080,
          "key": "1Key7"
        },
        {
          "time": 76320,
          "key": "1Key0"
        },
        {
          "time": 76320,
          "key": "1Key7"
        },
        {
          "time": 76440,
          "key": "1Key0"
        },
        {
          "time": 76440,
          "key": "1Key4"
        },
        {
          "time": 76560,
          "key": "1Key7"
        },
        {
          "time": 76680,
          "key": "1Key0"
        },
        {
          "time": 76800,
          "key": "1Key0"
        },
        {
          "time": 76800,
          "key": "1Key4"
        },
        {
          "time": 76800,
          "key": "1Key7"
        },
        {
          "time": 77040,
          "key": "1Key0"
        },
        {
          "time": 77040,
          "key": "1Key7"
        },
        {
          "time": 77160,
          "key": "1Key0"
        },
        {
          "time": 77160,
          "key": "1Key4"
        },
        {
          "time": 77280,
          "key": "1Key6"
        },
        {
          "time": 77400,
          "key": "1Key0"
        },
        {
          "time": 77520,
          "key": "1Key0"
        },
        {
          "time": 77520,
          "key": "1Key4"
        },
        {
          "time": 77520,
          "key": "1Key7"
        },
        {
          "time": 77760,
          "key": "1Key0"
        },
        {
          "time": 77760,
          "key": "1Key9"
        },
        {
          "time": 77880,
          "key": "1Key0"
        },
        {
          "time": 77880,
          "key": "1Key4"
        },
        {
          "time": 78000,
          "key": "1Key1"
        },
        {
          "time": 78000,
          "key": "1Key4"
        },
        {
          "time": 78000,
          "key": "1Key8"
        },
        {
          "time": 78240,
          "key": "1Key1"
        },
        {
          "time": 78240,
          "key": "1Key8"
        },
        {
          "time": 78360,
          "key": "1Key1"
        },
        {
          "time": 78360,
          "key": "1Key4"
        },
        {
          "time": 78480,
          "key": "1Key9"
        },
        {
          "time": 78600,
          "key": "1Key1"
        },
        {
          "time": 78720,
          "key": "1Key1"
        },
        {
          "time": 78720,
          "key": "1Key4"
        },
        {
          "time": 78720,
          "key": "1Key8"
        },
        {
          "time": 78960,
          "key": "1Key1"
        },
        {
          "time": 79080,
          "key": "1Key1"
        },
        {
          "time": 79080,
          "key": "1Key4"
        },
        {
          "time": 79200,
          "key": "1Key9"
        },
        {
          "time": 79320,
          "key": "1Key1"
        },
        {
          "time": 79440,
          "key": "1Key1"
        },
        {
          "time": 79440,
          "key": "1Key4"
        },
        {
          "time": 79680,
          "key": "1Key1"
        },
        {
          "time": 79800,
          "key": "1Key1"
        },
        {
          "time": 79800,
          "key": "1Key4"
        },
        {
          "time": 79920,
          "key": "1Key2"
        },
        {
          "time": 79920,
          "key": "1Key5"
        },
        {
          "time": 80160,
          "key": "1Key5"
        },
        {
          "time": 80280,
          "key": "1Key2"
        },
        {
          "time": 80400,
          "key": "1Key2"
        },
        {
          "time": 80400,
          "key": "1Key5"
        },
        {
          "time": 80640,
          "key": "1Key2"
        },
        {
          "time": 80640,
          "key": "1Key5"
        },
        {
          "time": 80760,
          "key": "1Key2"
        },
        {
          "time": 80760,
          "key": "1Key5"
        },
        {
          "time": 80880,
          "key": "1Key6"
        },
        {
          "time": 81000,
          "key": "1Key2"
        },
        {
          "time": 81120,
          "key": "1Key2"
        },
        {
          "time": 81120,
          "key": "1Key5"
        },
        {
          "time": 81120,
          "key": "1Key7"
        },
        {
          "time": 81360,
          "key": "1Key2"
        },
        {
          "time": 81360,
          "key": "1Key6"
        },
        {
          "time": 81480,
          "key": "1Key2"
        },
        {
          "time": 81480,
          "key": "1Key5"
        },
        {
          "time": 81600,
          "key": "1Key4"
        },
        {
          "time": 81720,
          "key": "1Key2"
        },
        {
          "time": 81840,
          "key": "1Key0"
        },
        {
          "time": 81840,
          "key": "1Key3"
        },
        {
          "time": 81840,
          "key": "1Key5"
        },
        {
          "time": 82080,
          "key": "1Key0"
        },
        {
          "time": 82200,
          "key": "1Key3"
        },
        {
          "time": 82440,
          "key": "1Key0"
        },
        {
          "time": 82560,
          "key": "1Key0"
        },
        {
          "time": 82560,
          "key": "1Key3"
        },
        {
          "time": 82800,
          "key": "1Key0"
        },
        {
          "time": 82920,
          "key": "1Key0"
        },
        {
          "time": 82920,
          "key": "1Key3"
        },
        {
          "time": 83040,
          "key": "1Key3"
        },
        {
          "time": 83160,
          "key": "1Key0"
        },
        {
          "time": 83280,
          "key": "1Key0"
        },
        {
          "time": 83280,
          "key": "1Key3"
        },
        {
          "time": 83280,
          "key": "1Key5"
        },
        {
          "time": 83520,
          "key": "1Key0"
        },
        {
          "time": 83520,
          "key": "1Key6"
        },
        {
          "time": 83640,
          "key": "1Key0"
        },
        {
          "time": 83640,
          "key": "1Key3"
        },
        {
          "time": 83760,
          "key": "1Key0"
        },
        {
          "time": 83760,
          "key": "1Key4"
        },
        {
          "time": 83760,
          "key": "1Key7"
        },
        {
          "time": 84000,
          "key": "1Key0"
        },
        {
          "time": 84000,
          "key": "1Key7"
        },
        {
          "time": 84120,
          "key": "1Key0"
        },
        {
          "time": 84120,
          "key": "1Key4"
        },
        {
          "time": 84240,
          "key": "1Key7"
        },
        {
          "time": 84360,
          "key": "1Key0"
        },
        {
          "time": 84480,
          "key": "1Key0"
        },
        {
          "time": 84480,
          "key": "1Key4"
        },
        {
          "time": 84480,
          "key": "1Key7"
        },
        {
          "time": 84720,
          "key": "1Key0"
        },
        {
          "time": 84720,
          "key": "1Key7"
        },
        {
          "time": 84840,
          "key": "1Key0"
        },
        {
          "time": 84840,
          "key": "1Key4"
        },
        {
          "time": 84960,
          "key": "1Key6"
        },
        {
          "time": 85080,
          "key": "1Key0"
        },
        {
          "time": 85200,
          "key": "1Key0"
        },
        {
          "time": 85200,
          "key": "1Key4"
        },
        {
          "time": 85200,
          "key": "1Key7"
        },
        {
          "time": 85440,
          "key": "1Key0"
        },
        {
          "time": 85440,
          "key": "1Key9"
        },
        {
          "time": 85560,
          "key": "1Key0"
        },
        {
          "time": 85560,
          "key": "1Key4"
        },
        {
          "time": 85680,
          "key": "1Key1"
        },
        {
          "time": 85680,
          "key": "1Key4"
        },
        {
          "time": 85680,
          "key": "1Key8"
        },
        {
          "time": 85800,
          "key": "1Key1"
        },
        {
          "time": 85920,
          "key": "1Key8"
        },
        {
          "time": 86040,
          "key": "1Key1"
        },
        {
          "time": 86160,
          "key": "1Key1"
        },
        {
          "time": 86160,
          "key": "1Key4"
        },
        {
          "time": 86160,
          "key": "1Key9"
        },
        {
          "time": 86400,
          "key": "1Key1"
        },
        {
          "time": 86400,
          "key": "1Key8"
        },
        {
          "time": 86520,
          "key": "1Key1"
        },
        {
          "time": 86520,
          "key": "1Key4"
        },
        {
          "time": 86760,
          "key": "1Key1"
        },
        {
          "time": 86880,
          "key": "1Key1"
        },
        {
          "time": 86880,
          "key": "1Key4"
        },
        {
          "time": 86880,
          "key": "1Key9"
        },
        {
          "time": 87120,
          "key": "1Key1"
        },
        {
          "time": 87240,
          "key": "1Key1"
        },
        {
          "time": 87240,
          "key": "1Key4"
        },
        {
          "time": 87480,
          "key": "1Key1"
        },
        {
          "time": 87600,
          "key": "1Key4"
        },
        {
          "time": 87720,
          "key": "1Key4"
        },
        {
          "time": 87960,
          "key": "1Key4"
        },
        {
          "time": 88080,
          "key": "1Key4"
        },
        {
          "time": 88320,
          "key": "1Key4"
        },
        {
          "time": 88440,
          "key": "1Key4"
        },
        {
          "time": 88680,
          "key": "1Key4"
        },
        {
          "time": 88800,
          "key": "1Key4"
        },
        {
          "time": 89040,
          "key": "1Key4"
        },
        {
          "time": 89160,
          "key": "1Key4"
        },
        {
          "time": 89400,
          "key": "1Key4"
        },
        {
          "time": 89520,
          "key": "1Key4"
        },
        {
          "time": 89640,
          "key": "1Key4"
        },
        {
          "time": 89880,
          "key": "1Key4"
        },
        {
          "time": 90120,
          "key": "1Key0"
        },
        {
          "time": 90120,
          "key": "1Key2"
        },
        {
          "time": 90120,
          "key": "1Key4"
        },
        {
          "time": 90120,
          "key": "1Key7"
        }
      ]
    }
  ]