[{"name":"Viva la Vida 2","bpm":220,"bitsPerPage":16,"pitchLevel":0,"isComposed":"true","songNotes":[{"time":400,"key":"1Key3"},{"time":400,"key":"1Key5"},{"time":672,"key":"1Key3"},{"time":672,"key":"1Key5"},{"time":944,"key":"1Key3"},{"time":944,"key":"1Key5"},{"time":1216,"key":"1Key3"},{"time":1216,"key":"1Key5"},{"time":1352,"key":"1Key4"},{"time":1352,"key":"1Key6"},{"time":1624,"key":"1Key4"},{"time":1624,"key":"1Key6"},{"time":1896,"key":"1Key4"},{"time":1896,"key":"1Key6"},{"time":2168,"key":"1Key4"},{"time":2168,"key":"1Key6"},{"time":2304,"key":"1Key0"},{"time":2304,"key":"1Key4"},{"time":2576,"key":"1Key0"},{"time":2576,"key":"1Key4"},{"time":2848,"key":"1Key0"},{"time":2848,"key":"1Key4"},{"time":3120,"key":"1Key0"},{"time":3120,"key":"1Key4"},{"time":3256,"key":"1Key2"},{"time":3256,"key":"1Key5"},{"time":3528,"key":"1Key2"},{"time":3528,"key":"1Key5"},{"time":3800,"key":"1Key2"},{"time":3800,"key":"1Key5"},{"time":4072,"key":"1Key2"},{"time":4072,"key":"1Key5"},{"time":4208,"key":"1Key0"},{"time":4208,"key":"1Key3"},{"time":4208,"key":"1Key5"},{"time":4480,"key":"1Key0"},{"time":4480,"key":"1Key3"},{"time":4480,"key":"1Key5"},{"time":4752,"key":"1Key0"},{"time":4752,"key":"1Key3"},{"time":4752,"key":"1Key5"},{"time":5024,"key":"1Key0"},{"time":5024,"key":"1Key3"},{"time":5024,"key":"1Key5"},{"time":5160,"key":"1Key1"},{"time":5160,"key":"1Key4"},{"time":5160,"key":"1Key6"},{"time":5432,"key":"1Key1"},{"time":5432,"key":"1Key4"},{"time":5704,"key":"1Key1"},{"time":5704,"key":"1Key4"},{"time":5976,"key":"1Key1"},{"time":5976,"key":"1Key4"},{"time":5976,"key":"1Key6"},{"time":6112,"key":"1Key0"},{"time":6112,"key":"1Key2"},{"time":6112,"key":"1Key4"},{"time":6384,"key":"1Key0"},{"time":6384,"key":"1Key2"},{"time":6384,"key":"1Key4"},{"time":6656,"key":"1Key0"},{"time":6656,"key":"1Key2"},{"time":6656,"key":"1Key4"},{"time":6928,"key":"1Key0"},{"time":6928,"key":"1Key2"},{"time":6928,"key":"1Key4"},{"time":7064,"key":"1Key0"},{"time":7064,"key":"1Key2"},{"time":7064,"key":"1Key5"},{"time":7336,"key":"1Key0"},{"time":7336,"key":"1Key2"},{"time":7336,"key":"1Key5"},{"time":7608,"key":"1Key0"},{"time":7608,"key":"1Key2"},{"time":7608,"key":"1Key5"},{"time":7880,"key":"1Key0"},{"time":7880,"key":"1Key2"},{"time":7880,"key":"1Key5"},{"time":7880,"key":"1Key9"},{"time":8152,"key":"1Key0"},{"time":8152,"key":"1Key2"},{"time":8152,"key":"1Key5"},{"time":8152,"key":"1Key9"},{"time":8424,"key":"1Key0"},{"time":8424,"key":"1Key2"},{"time":8424,"key":"1Key5"},{"time":8424,"key":"1Key9"},{"time":8696,"key":"1Key0"},{"time":8696,"key":"1Key3"},{"time":8696,"key":"1Key5"},{"time":8696,"key":"1Key9"},{"time":8832,"key":"1Key0"},{"time":8832,"key":"1Key3"},{"time":8832,"key":"1Key5"},{"time":8832,"key":"1Key9"},{"time":9104,"key":"1Key0"},{"time":9104,"key":"1Key3"},{"time":9104,"key":"1Key5"},{"time":9240,"key":"1Key0"},{"time":9240,"key":"1Key3"},{"time":9240,"key":"1Key5"},{"time":9240,"key":"1Key10"},{"time":9512,"key":"1Key1"},{"time":9512,"key":"1Key4"},{"time":9512,"key":"1Key6"},{"time":9512,"key":"1Key8"},{"time":9784,"key":"1Key1"},{"time":9784,"key":"1Key4"},{"time":9784,"key":"1Key6"},{"time":10056,"key":"1Key1"},{"time":10056,"key":"1Key4"},{"time":10056,"key":"1Key6"},{"time":10328,"key":"1Key1"},{"time":10328,"key":"1Key4"},{"time":10328,"key":"1Key6"},{"time":10328,"key":"1Key8"},{"time":10464,"key":"1Key1"},{"time":10464,"key":"1Key4"},{"time":10464,"key":"1Key6"},{"time":10464,"key":"1Key8"},{"time":10736,"key":"1Key1"},{"time":10736,"key":"1Key4"},{"time":10736,"key":"1Key6"},{"time":10736,"key":"1Key7"},{"time":11008,"key":"1Key0"},{"time":11008,"key":"1Key2"},{"time":11008,"key":"1Key4"},{"time":11008,"key":"1Key8"},{"time":11280,"key":"1Key0"},{"time":11280,"key":"1Key2"},{"time":11280,"key":"1Key4"},{"time":11280,"key":"1Key8"},{"time":11552,"key":"1Key0"},{"time":11552,"key":"1Key2"},{"time":11552,"key":"1Key4"},{"time":11552,"key":"1Key7"},{"time":11824,"key":"1Key0"},{"time":11824,"key":"1Key2"},{"time":11824,"key":"1Key4"},{"time":11824,"key":"1Key8"},{"time":12096,"key":"1Key0"},{"time":12096,"key":"1Key2"},{"time":12096,"key":"1Key4"},{"time":12096,"key":"1Key9"},{"time":12368,"key":"1Key0"},{"time":12368,"key":"1Key2"},{"time":12368,"key":"1Key4"},{"time":12368,"key":"1Key7"},{"time":12504,"key":"1Key0"},{"time":12504,"key":"1Key2"},{"time":12504,"key":"1Key6"},{"time":12640,"key":"1Key0"},{"time":12640,"key":"1Key2"},{"time":12640,"key":"1Key5"},{"time":12776,"key":"1Key0"},{"time":12776,"key":"1Key2"},{"time":12776,"key":"1Key9"},{"time":13048,"key":"1Key0"},{"time":13048,"key":"1Key2"},{"time":13048,"key":"1Key9"},{"time":13320,"key":"1Key0"},{"time":13320,"key":"1Key2"},{"time":13320,"key":"1Key9"},{"time":13592,"key":"1Key0"},{"time":13592,"key":"1Key3"},{"time":13592,"key":"1Key5"},{"time":13592,"key":"1Key9"},{"time":13864,"key":"1Key0"},{"time":13864,"key":"1Key3"},{"time":13864,"key":"1Key5"},{"time":14136,"key":"1Key0"},{"time":14136,"key":"1Key3"},{"time":14136,"key":"1Key5"},{"time":14408,"key":"1Key0"},{"time":14408,"key":"1Key3"},{"time":14408,"key":"1Key5"},{"time":14680,"key":"1Key10"},{"time":14816,"key":"1Key0"},{"time":14816,"key":"1Key3"},{"time":14816,"key":"1Key5"},{"time":15088,"key":"1Key1"},{"time":15088,"key":"1Key4"},{"time":15088,"key":"1Key8"},{"time":15224,"key":"1Key1"},{"time":15224,"key":"1Key4"},{"time":15224,"key":"1Key6"},{"time":15496,"key":"1Key1"},{"time":15496,"key":"1Key4"},{"time":15496,"key":"1Key6"},{"time":15768,"key":"1Key1"},{"time":15768,"key":"1Key8"},{"time":15904,"key":"1Key1"},{"time":15904,"key":"1Key4"},{"time":15904,"key":"1Key6"},{"time":16176,"key":"1Key1"},{"time":16176,"key":"1Key4"},{"time":16176,"key":"1Key6"},{"time":16448,"key":"1Key1"},{"time":16448,"key":"1Key4"},{"time":16448,"key":"1Key6"},{"time":16448,"key":"1Key7"},{"time":16720,"key":"1Key7"},{"time":16992,"key":"1Key9"},{"time":17264,"key":"1Key0"},{"time":17264,"key":"1Key2"},{"time":17264,"key":"1Key4"},{"time":17264,"key":"1Key9"},{"time":17536,"key":"1Key0"},{"time":17536,"key":"1Key2"},{"time":17536,"key":"1Key4"},{"time":17536,"key":"1Key7"},{"time":17672,"key":"1Key0"},{"time":17672,"key":"1Key2"},{"time":17672,"key":"1Key4"},{"time":17672,"key":"1Key9"},{"time":17944,"key":"1Key0"},{"time":17944,"key":"1Key2"},{"time":17944,"key":"1Key4"},{"time":18216,"key":"1Key0"},{"time":18216,"key":"1Key2"},{"time":18216,"key":"1Key4"},{"time":18216,"key":"1Key9"},{"time":18352,"key":"1Key0"},{"time":18352,"key":"1Key3"},{"time":18352,"key":"1Key5"},{"time":18352,"key":"1Key8"},{"time":18624,"key":"1Key7"},{"time":18760,"key":"1Key0"},{"time":18760,"key":"1Key3"},{"time":18760,"key":"1Key5"},{"time":18760,"key":"1Key7"},{"time":19032,"key":"1Key0"},{"time":19032,"key":"1Key2"},{"time":19032,"key":"1Key5"},{"time":19304,"key":"1Key0"},{"time":19304,"key":"1Key2"},{"time":19304,"key":"1Key5"},{"time":19576,"key":"1Key0"},{"time":19576,"key":"1Key2"},{"time":19576,"key":"1Key5"},{"time":19848,"key":"1Key5"},{"time":20120,"key":"1Key0"},{"time":20120,"key":"1Key2"},{"time":20120,"key":"1Key5"},{"time":20392,"key":"1Key0"},{"time":20392,"key":"1Key3"},{"time":20392,"key":"1Key5"},{"time":20664,"key":"1Key0"},{"time":20664,"key":"1Key3"},{"time":20664,"key":"1Key5"},{"time":20936,"key":"1Key0"},{"time":20936,"key":"1Key3"},{"time":20936,"key":"1Key5"},{"time":21208,"key":"1Key3"},{"time":21208,"key":"1Key5"},{"time":21208,"key":"1Key9"},{"time":21344,"key":"1Key1"},{"time":21344,"key":"1Key3"},{"time":21344,"key":"1Key6"},{"time":21616,"key":"1Key1"},{"time":21616,"key":"1Key4"},{"time":21616,"key":"1Key6"},{"time":21616,"key":"1Key11"},{"time":21888,"key":"1Key1"},{"time":21888,"key":"1Key4"},{"time":21888,"key":"1Key6"},{"time":22160,"key":"1Key1"},{"time":22160,"key":"1Key4"},{"time":22160,"key":"1Key6"},{"time":22432,"key":"1Key1"},{"time":22432,"key":"1Key4"},{"time":22432,"key":"1Key6"},{"time":22704,"key":"1Key11"},{"time":22976,"key":"1Key1"},{"time":22976,"key":"1Key4"},{"time":22976,"key":"1Key6"},{"time":22976,"key":"1Key11"},{"time":23248,"key":"1Key1"},{"time":23248,"key":"1Key4"},{"time":23248,"key":"1Key6"},{"time":23248,"key":"1Key11"},{"time":23520,"key":"1Key0"},{"time":23520,"key":"1Key2"},{"time":23520,"key":"1Key4"},{"time":23520,"key":"1Key11"},{"time":23792,"key":"1Key0"},{"time":23792,"key":"1Key2"},{"time":23792,"key":"1Key4"},{"time":24064,"key":"1Key0"},{"time":24064,"key":"1Key2"},{"time":24064,"key":"1Key4"},{"time":24064,"key":"1Key9"},{"time":24336,"key":"1Key4"},{"time":24472,"key":"1Key0"},{"time":24472,"key":"1Key2"},{"time":24472,"key":"1Key4"},{"time":24472,"key":"1Key11"},{"time":24608,"key":"1Key0"},{"time":24608,"key":"1Key2"},{"time":24608,"key":"1Key4"},{"time":24608,"key":"1Key10"},{"time":24744,"key":"1Key0"},{"time":24744,"key":"1Key2"},{"time":24744,"key":"1Key5"},{"time":24744,"key":"1Key9"},{"time":25016,"key":"1Key2"},{"time":25016,"key":"1Key5"},{"time":25016,"key":"1Key9"},{"time":25288,"key":"1Key0"},{"time":25288,"key":"1Key3"},{"time":25288,"key":"1Key5"},{"time":25288,"key":"1Key9"},{"time":25560,"key":"1Key0"},{"time":25560,"key":"1Key3"},{"time":25560,"key":"1Key5"},{"time":25560,"key":"1Key9"},{"time":25832,"key":"1Key0"},{"time":25832,"key":"1Key3"},{"time":25832,"key":"1Key5"},{"time":25832,"key":"1Key9"},{"time":26104,"key":"1Key0"},{"time":26104,"key":"1Key3"},{"time":26104,"key":"1Key5"},{"time":26104,"key":"1Key9"},{"time":26376,"key":"1Key3"},{"time":26648,"key":"1Key0"},{"time":26648,"key":"1Key5"},{"time":26648,"key":"1Key9"},{"time":26920,"key":"1Key9"},{"time":27192,"key":"1Key0"},{"time":27192,"key":"1Key3"},{"time":27192,"key":"1Key5"},{"time":27464,"key":"1Key10"},{"time":27736,"key":"1Key1"},{"time":27736,"key":"1Key4"},{"time":27736,"key":"1Key6"},{"time":28008,"key":"1Key8"},{"time":28280,"key":"1Key1"},{"time":28280,"key":"1Key4"},{"time":28280,"key":"1Key6"},{"time":28552,"key":"1Key1"},{"time":28552,"key":"1Key4"},{"time":28552,"key":"1Key6"},{"time":28824,"key":"1Key1"},{"time":28824,"key":"1Key4"},{"time":28824,"key":"1Key6"},{"time":29096,"key":"1Key1"},{"time":29096,"key":"1Key4"},{"time":29096,"key":"1Key6"},{"time":29096,"key":"1Key7"},{"time":29368,"key":"1Key7"},{"time":29640,"key":"1Key0"},{"time":29640,"key":"1Key2"},{"time":29640,"key":"1Key4"},{"time":29640,"key":"1Key9"},{"time":29776,"key":"1Key8"},{"time":29912,"key":"1Key0"},{"time":29912,"key":"1Key2"},{"time":29912,"key":"1Key4"},{"time":29912,"key":"1Key7"},{"time":30048,"key":"1Key0"},{"time":30048,"key":"1Key2"},{"time":30048,"key":"1Key4"},{"time":30048,"key":"1Key7"},{"time":30320,"key":"1Key0"},{"time":30320,"key":"1Key2"},{"time":30320,"key":"1Key4"},{"time":30592,"key":"1Key9"},{"time":30728,"key":"1Key5"},{"time":30864,"key":"1Key0"},{"time":30864,"key":"1Key2"},{"time":30864,"key":"1Key8"},{"time":31000,"key":"1Key5"},{"time":31000,"key":"1Key7"},{"time":31272,"key":"1Key0"},{"time":31272,"key":"1Key2"},{"time":31272,"key":"1Key5"},{"time":31272,"key":"1Key7"},{"time":31544,"key":"1Key0"},{"time":31544,"key":"1Key2"},{"time":31544,"key":"1Key5"},{"time":31544,"key":"1Key7"},{"time":31816,"key":"1Key0"},{"time":31816,"key":"1Key2"},{"time":31816,"key":"1Key5"},{"time":32088,"key":"1Key0"},{"time":32088,"key":"1Key2"},{"time":32088,"key":"1Key5"},{"time":32360,"key":"1Key0"},{"time":32360,"key":"1Key2"},{"time":32360,"key":"1Key5"},{"time":32632,"key":"1Key7"},{"time":32904,"key":"1Key0"},{"time":32904,"key":"1Key3"},{"time":32904,"key":"1Key5"},{"time":32904,"key":"1Key7"},{"time":33176,"key":"1Key3"},{"time":33448,"key":"1Key0"},{"time":33448,"key":"1Key3"},{"time":33448,"key":"1Key5"},{"time":33720,"key":"1Key0"},{"time":33720,"key":"1Key3"},{"time":33720,"key":"1Key5"},{"time":33992,"key":"1Key11"},{"time":34128,"key":"1Key0"},{"time":34128,"key":"1Key3"},{"time":34128,"key":"1Key5"},{"time":34400,"key":"1Key1"},{"time":34400,"key":"1Key4"},{"time":34400,"key":"1Key6"},{"time":34400,"key":"1Key11"},{"time":34672,"key":"1Key1"},{"time":34672,"key":"1Key4"},{"time":34672,"key":"1Key6"},{"time":34672,"key":"1Key11"},{"time":34944,"key":"1Key1"},{"time":34944,"key":"1Key4"},{"time":34944,"key":"1Key6"},{"time":34944,"key":"1Key8"},{"time":35216,"key":"1Key1"},{"time":35216,"key":"1Key4"},{"time":35216,"key":"1Key6"},{"time":35216,"key":"1Key9"},{"time":35488,"key":"1Key1"},{"time":35488,"key":"1Key4"},{"time":35488,"key":"1Key6"},{"time":35488,"key":"1Key10"}]}]