[
  {
    "name": "d4vd - Here With Me",
    "bpm": 260,
    "songNotes": [
      {
        "time": 230,
        "key": "1Key0"
      },
      {
        "time": 230,
        "key": "1Key2"
      },
      {
        "time": 230,
        "key": "1Key11"
      },
      {
        "time": 1153,
        "key": "1Key9"
      },
      {
        "time": 2076,
        "key": "1Key3"
      },
      {
        "time": 2076,
        "key": "1Key6"
      },
      {
        "time": 3000,
        "key": "1Key9"
      },
      {
        "time": 3461,
        "key": "1Key0"
      },
      {
        "time": 3461,
        "key": "1Key7"
      },
      {
        "time": 3461,
        "key": "1Key12"
      },
      {
        "time": 4384,
        "key": "1Key12"
      },
      {
        "time": 5307,
        "key": "1Key1"
      },
      {
        "time": 5307,
        "key": "1Key4"
      },
      {
        "time": 5307,
        "key": "1Key11"
      },
      {
        "time": 6230,
        "key": "1Key8"
      },
      {
        "time": 7153,
        "key": "1Key3"
      },
      {
        "time": 7153,
        "key": "1Key5"
      },
      {
        "time": 7153,
        "key": "1Key7"
      },
      {
        "time": 8076,
        "key": "1Key9"
      },
      {
        "time": 8538,
        "key": "1Key7"
      },
      {
        "time": 8999,
        "key": "1Key2"
      },
      {
        "time": 8999,
        "key": "1Key7"
      },
      {
        "time": 10384,
        "key": "1Key7"
      },
      {
        "time": 10846,
        "key": "1Key3"
      },
      {
        "time": 10846,
        "key": "1Key5"
      },
      {
        "time": 10846,
        "key": "1Key8"
      },
      {
        "time": 11307,
        "key": "1Key9"
      },
      {
        "time": 11769,
        "key": "1Key10"
      },
      {
        "time": 12230,
        "key": "1Key11"
      },
      {
        "time": 12692,
        "key": "1Key4"
      },
      {
        "time": 12692,
        "key": "1Key6"
      },
      {
        "time": 12692,
        "key": "1Key9"
      },
      {
        "time": 13615,
        "key": "1Key8"
      },
      {
        "time": 14538,
        "key": "1Key2"
      },
      {
        "time": 14538,
        "key": "1Key7"
      },
      {
        "time": 14538,
        "key": "1Key11"
      },
      {
        "time": 15461,
        "key": "1Key11"
      },
      {
        "time": 15923,
        "key": "1Key9"
      },
      {
        "time": 16384,
        "key": "1Key2"
      },
      {
        "time": 16384,
        "key": "1Key6"
      },
      {
        "time": 17307,
        "key": "1Key9"
      },
      {
        "time": 18230,
        "key": "1Key2"
      },
      {
        "time": 18230,
        "key": "1Key7"
      },
      {
        "time": 18230,
        "key": "1Key12"
      },
      {
        "time": 18692,
        "key": "1Key13"
      },
      {
        "time": 19153,
        "key": "1Key14"
      },
      {
        "time": 19615,
        "key": "1Key12"
      },
      {
        "time": 20076,
        "key": "1Key1"
      },
      {
        "time": 20076,
        "key": "1Key4"
      },
      {
        "time": 20076,
        "key": "1Key9"
      },
      {
        "time": 20538,
        "key": "1Key8"
      },
      {
        "time": 20999,
        "key": "1Key7"
      },
      {
        "time": 21461,
        "key": "1Key5"
      },
      {
        "time": 21692,
        "key": "1Key9"
      },
      {
        "time": 21923,
        "key": "1Key0"
      },
      {
        "time": 21923,
        "key": "1Key3"
      },
      {
        "time": 21923,
        "key": "1Key5"
      },
      {
        "time": 21923,
        "key": "1Key9"
      },
      {
        "time": 22384,
        "key": "1Key7"
      },
      {
        "time": 22846,
        "key": "1Key3"
      },
      {
        "time": 23307,
        "key": "1Key2"
      },
      {
        "time": 23769,
        "key": "1Key6"
      },
      {
        "time": 24692,
        "key": "1Key7"
      },
      {
        "time": 25153,
        "key": "1Key3"
      },
      {
        "time": 25153,
        "key": "1Key5"
      },
      {
        "time": 25153,
        "key": "1Key8"
      },
      {
        "time": 25615,
        "key": "1Key9"
      },
      {
        "time": 26076,
        "key": "1Key10"
      },
      {
        "time": 26538,
        "key": "1Key11"
      },
      {
        "time": 26999,
        "key": "1Key4"
      },
      {
        "time": 26999,
        "key": "1Key6"
      },
      {
        "time": 26999,
        "key": "1Key9"
      },
      {
        "time": 27923,
        "key": "1Key8"
      },
      {
        "time": 28846,
        "key": "1Key4"
      },
      {
        "time": 28846,
        "key": "1Key7"
      },
      {
        "time": 28846,
        "key": "1Key9"
      },
      {
        "time": 29076,
        "key": "1Key11"
      },
      {
        "time": 29538,
        "key": "1Key9"
      },
      {
        "time": 29769,
        "key": "1Key11"
      },
      {
        "time": 30461,
        "key": "1Key11"
      },
      {
        "time": 30692,
        "key": "1Key2"
      },
      {
        "time": 30692,
        "key": "1Key6"
      },
      {
        "time": 30692,
        "key": "1Key11"
      },
      {
        "time": 31384,
        "key": "1Key9"
      },
      {
        "time": 31615,
        "key": "1Key9"
      },
      {
        "time": 32076,
        "key": "1Key9"
      },
      {
        "time": 32307,
        "key": "1Key9"
      },
      {
        "time": 32538,
        "key": "1Key2"
      },
      {
        "time": 32538,
        "key": "1Key5"
      },
      {
        "time": 32538,
        "key": "1Key8"
      },
      {
        "time": 33230,
        "key": "1Key7"
      },
      {
        "time": 33692,
        "key": "1Key7"
      },
      {
        "time": 34153,
        "key": "1Key7"
      },
      {
        "time": 34384,
        "key": "1Key1"
      },
      {
        "time": 34384,
        "key": "1Key4"
      },
      {
        "time": 34384,
        "key": "1Key11"
      },
      {
        "time": 35076,
        "key": "1Key9"
      },
      {
        "time": 35307,
        "key": "1Key9"
      },
      {
        "time": 35769,
        "key": "1Key9"
      },
      {
        "time": 36000,
        "key": "1Key9"
      },
      {
        "time": 36230,
        "key": "1Key3"
      },
      {
        "time": 36230,
        "key": "1Key5"
      },
      {
        "time": 36230,
        "key": "1Key8"
      },
      {
        "time": 36461,
        "key": "1Key7"
      },
      {
        "time": 36923,
        "key": "1Key5"
      },
      {
        "time": 37384,
        "key": "1Key9"
      },
      {
        "time": 37846,
        "key": "1Key2"
      },
      {
        "time": 37846,
        "key": "1Key6"
      },
      {
        "time": 38769,
        "key": "1Key9"
      },
      {
        "time": 39000,
        "key": "1Key8"
      },
      {
        "time": 39461,
        "key": "1Key7"
      },
      {
        "time": 39692,
        "key": "1Key1"
      },
      {
        "time": 39692,
        "key": "1Key5"
      },
      {
        "time": 39692,
        "key": "1Key8"
      },
      {
        "time": 39692,
        "key": "1Key10"
      },
      {
        "time": 40153,
        "key": "1Key11"
      },
      {
        "time": 40615,
        "key": "1Key9"
      },
      {
        "time": 41538,
        "key": "1Key8"
      },
      {
        "time": 41769,
        "key": "1Key1"
      },
      {
        "time": 41769,
        "key": "1Key4"
      },
      {
        "time": 41769,
        "key": "1Key6"
      },
      {
        "time": 41769,
        "key": "1Key8"
      },
      {
        "time": 42230,
        "key": "1Key9"
      },
      {
        "time": 42461,
        "key": "1Key8"
      },
      {
        "time": 42923,
        "key": "1Key8"
      },
      {
        "time": 43153,
        "key": "1Key7"
      },
      {
        "time": 43384,
        "key": "1Key8"
      },
      {
        "time": 43615,
        "key": "1Key0"
      },
      {
        "time": 43615,
        "key": "1Key4"
      },
      {
        "time": 43615,
        "key": "1Key7"
      },
      {
        "time": 44538,
        "key": "1Key9"
      },
      {
        "time": 44769,
        "key": "1Key9"
      },
      {
        "time": 45230,
        "key": "1Key11"
      },
      {
        "time": 45461,
        "key": "1Key2"
      },
      {
        "time": 45461,
        "key": "1Key6"
      },
      {
        "time": 45461,
        "key": "1Key11"
      },
      {
        "time": 46384,
        "key": "1Key9"
      },
      {
        "time": 46615,
        "key": "1Key9"
      },
      {
        "time": 47076,
        "key": "1Key12"
      },
      {
        "time": 47307,
        "key": "1Key13"
      },
      {
        "time": 47538,
        "key": "1Key14"
      },
      {
        "time": 47769,
        "key": "1Key2"
      },
      {
        "time": 47769,
        "key": "1Key5"
      },
      {
        "time": 47769,
        "key": "1Key7"
      },
      {
        "time": 48000,
        "key": "1Key13"
      },
      {
        "time": 48461,
        "key": "1Key12"
      },
      {
        "time": 48923,
        "key": "1Key9"
      },
      {
        "time": 49153,
        "key": "1Key11"
      },
      {
        "time": 49384,
        "key": "1Key1"
      },
      {
        "time": 49384,
        "key": "1Key4"
      },
      {
        "time": 49384,
        "key": "1Key11"
      },
      {
        "time": 49846,
        "key": "1Key9"
      },
      {
        "time": 50076,
        "key": "1Key12"
      },
      {
        "time": 50307,
        "key": "1Key9"
      },
      {
        "time": 50769,
        "key": "1Key9"
      },
      {
        "time": 51000,
        "key": "1Key0"
      },
      {
        "time": 51000,
        "key": "1Key3"
      },
      {
        "time": 51000,
        "key": "1Key8"
      },
      {
        "time": 51461,
        "key": "1Key7"
      },
      {
        "time": 52153,
        "key": "1Key5"
      },
      {
        "time": 53769,
        "key": "1Key2"
      },
      {
        "time": 53769,
        "key": "1Key6"
      },
      {
        "time": 54461,
        "key": "1Key8"
      },
      {
        "time": 54692,
        "key": "1Key8"
      },
      {
        "time": 55153,
        "key": "1Key7"
      },
      {
        "time": 55384,
        "key": "1Key2"
      },
      {
        "time": 55384,
        "key": "1Key4"
      },
      {
        "time": 55384,
        "key": "1Key5"
      },
      {
        "time": 55384,
        "key": "1Key9"
      },
      {
        "time": 55846,
        "key": "1Key10"
      },
      {
        "time": 56307,
        "key": "1Key9"
      },
      {
        "time": 56769,
        "key": "1Key7"
      },
      {
        "time": 57230,
        "key": "1Key8"
      },
      {
        "time": 57692,
        "key": "1Key11"
      },
      {
        "time": 58153,
        "key": "1Key1"
      },
      {
        "time": 58153,
        "key": "1Key4"
      },
      {
        "time": 58615,
        "key": "1Key9"
      },
      {
        "time": 59076,
        "key": "1Key11"
      },
      {
        "time": 59307,
        "key": "1Key11"
      },
      {
        "time": 59769,
        "key": "1Key0"
      },
      {
        "time": 59769,
        "key": "1Key4"
      },
      {
        "time": 59769,
        "key": "1Key9"
      },
      {
        "time": 62076,
        "key": "1Key0"
      },
      {
        "time": 62076,
        "key": "1Key4"
      },
      {
        "time": 62076,
        "key": "1Key9"
      },
      {
        "time": 63000,
        "key": "1Key9"
      },
      {
        "time": 63923,
        "key": "1Key3"
      },
      {
        "time": 63923,
        "key": "1Key7"
      },
      {
        "time": 63923,
        "key": "1Key13"
      },
      {
        "time": 64384,
        "key": "1Key12"
      },
      {
        "time": 65307,
        "key": "1Key12"
      },
      {
        "time": 65538,
        "key": "1Key12"
      },
      {
        "time": 66000,
        "key": "1Key11"
      },
      {
        "time": 66230,
        "key": "1Key1"
      },
      {
        "time": 66230,
        "key": "1Key4"
      },
      {
        "time": 66230,
        "key": "1Key11"
      },
      {
        "time": 66692,
        "key": "1Key10"
      },
      {
        "time": 67153,
        "key": "1Key9"
      },
      {
        "time": 67384,
        "key": "1Key0"
      },
      {
        "time": 67384,
        "key": "1Key4"
      },
      {
        "time": 67384,
        "key": "1Key9"
      },
      {
        "time": 67846,
        "key": "1Key8"
      },
      {
        "time": 68769,
        "key": "1Key7"
      },
      {
        "time": 69000,
        "key": "1Key0"
      },
      {
        "time": 69000,
        "key": "1Key4"
      },
      {
        "time": 69000,
        "key": "1Key11"
      },
      {
        "time": 69461,
        "key": "1Key7"
      },
      {
        "time": 69692,
        "key": "1Key10"
      },
      {
        "time": 70153,
        "key": "1Key11"
      },
      {
        "time": 70615,
        "key": "1Key0"
      },
      {
        "time": 70615,
        "key": "1Key3"
      },
      {
        "time": 70615,
        "key": "1Key9"
      },
      {
        "time": 71076,
        "key": "1Key8"
      },
      {
        "time": 71538,
        "key": "1Key8"
      },
      {
        "time": 72000,
        "key": "1Key7"
      },
      {
        "time": 72461,
        "key": "1Key1"
      },
      {
        "time": 72461,
        "key": "1Key4"
      },
      {
        "time": 72461,
        "key": "1Key9"
      },
      {
        "time": 72923,
        "key": "1Key7"
      },
      {
        "time": 73384,
        "key": "1Key8"
      },
      {
        "time": 73846,
        "key": "1Key7"
      },
      {
        "time": 74076,
        "key": "1Key0"
      },
      {
        "time": 74076,
        "key": "1Key2"
      },
      {
        "time": 76153,
        "key": "1Key0"
      },
      {
        "time": 76153,
        "key": "1Key4"
      },
      {
        "time": 76153,
        "key": "1Key9"
      },
      {
        "time": 77076,
        "key": "1Key9"
      },
      {
        "time": 77769,
        "key": "1Key3"
      },
      {
        "time": 77769,
        "key": "1Key7"
      },
      {
        "time": 77769,
        "key": "1Key13"
      },
      {
        "time": 78230,
        "key": "1Key12"
      },
      {
        "time": 78923,
        "key": "1Key12"
      },
      {
        "time": 79153,
        "key": "1Key12"
      },
      {
        "time": 79384,
        "key": "1Key12"
      },
      {
        "time": 79846,
        "key": "1Key11"
      },
      {
        "time": 80076,
        "key": "1Key1"
      },
      {
        "time": 80076,
        "key": "1Key4"
      },
      {
        "time": 80076,
        "key": "1Key11"
      },
      {
        "time": 80769,
        "key": "1Key10"
      },
      {
        "time": 81230,
        "key": "1Key9"
      },
      {
        "time": 81461,
        "key": "1Key0"
      },
      {
        "time": 81461,
        "key": "1Key4"
      },
      {
        "time": 81923,
        "key": "1Key11"
      },
      {
        "time": 82153,
        "key": "1Key12"
      },
      {
        "time": 82384,
        "key": "1Key11"
      },
      {
        "time": 82615,
        "key": "1Key1"
      },
      {
        "time": 82615,
        "key": "1Key4"
      },
      {
        "time": 82615,
        "key": "1Key11"
      },
      {
        "time": 83307,
        "key": "1Key10"
      },
      {
        "time": 83538,
        "key": "1Key9"
      },
      {
        "time": 83769,
        "key": "1Key0"
      },
      {
        "time": 83769,
        "key": "1Key2"
      },
      {
        "time": 83769,
        "key": "1Key9"
      },
      {
        "time": 84230,
        "key": "1Key7"
      },
      {
        "time": 84692,
        "key": "1Key1"
      },
      {
        "time": 84692,
        "key": "1Key4"
      },
      {
        "time": 84692,
        "key": "1Key6"
      },
      {
        "time": 85153,
        "key": "1Key7"
      },
      {
        "time": 85615,
        "key": "1Key1"
      },
      {
        "time": 85615,
        "key": "1Key4"
      },
      {
        "time": 85615,
        "key": "1Key6"
      },
      {
        "time": 86076,
        "key": "1Key0"
      },
      {
        "time": 86076,
        "key": "1Key4"
      },
      {
        "time": 86076,
        "key": "1Key5"
      },
      {
        "time": 87000,
        "key": "1Key0"
      },
      {
        "time": 87000,
        "key": "1Key3"
      },
      {
        "time": 88846,
        "key": "1Key3"
      },
      {
        "time": 89076,
        "key": "1Key3"
      },
      {
        "time": 89538,
        "key": "1Key3"
      },
      {
        "time": 89769,
        "key": "1Key1"
      },
      {
        "time": 89769,
        "key": "1Key4"
      },
      {
        "time": 89769,
        "key": "1Key6"
      },
      {
        "time": 89769,
        "key": "1Key9"
      },
      {
        "time": 91384,
        "key": "1Key3"
      },
      {
        "time": 91615,
        "key": "1Key1"
      },
      {
        "time": 91615,
        "key": "1Key4"
      },
      {
        "time": 91615,
        "key": "1Key6"
      },
      {
        "time": 91615,
        "key": "1Key8"
      },
      {
        "time": 93230,
        "key": "1Key3"
      },
      {
        "time": 93461,
        "key": "1Key2"
      },
      {
        "time": 93461,
        "key": "1Key4"
      },
      {
        "time": 93461,
        "key": "1Key7"
      },
      {
        "time": 93461,
        "key": "1Key11"
      },
      {
        "time": 94846,
        "key": "1Key9"
      },
      {
        "time": 95307,
        "key": "1Key3"
      },
      {
        "time": 95307,
        "key": "1Key6"
      },
      {
        "time": 96230,
        "key": "1Key9"
      },
      {
        "time": 97153,
        "key": "1Key0"
      },
      {
        "time": 97153,
        "key": "1Key7"
      },
      {
        "time": 97153,
        "key": "1Key12"
      },
      {
        "time": 98076,
        "key": "1Key12"
      },
      {
        "time": 99000,
        "key": "1Key1"
      },
      {
        "time": 99000,
        "key": "1Key4"
      },
      {
        "time": 99000,
        "key": "1Key11"
      },
      {
        "time": 99923,
        "key": "1Key8"
      },
      {
        "time": 100846,
        "key": "1Key3"
      },
      {
        "time": 100846,
        "key": "1Key5"
      },
      {
        "time": 100846,
        "key": "1Key7"
      },
      {
        "time": 101769,
        "key": "1Key9"
      },
      {
        "time": 102230,
        "key": "1Key7"
      },
      {
        "time": 102692,
        "key": "1Key2"
      },
      {
        "time": 102692,
        "key": "1Key7"
      },
      {
        "time": 103846,
        "key": "1Key7"
      },
      {
        "time": 104307,
        "key": "1Key3"
      },
      {
        "time": 104307,
        "key": "1Key5"
      },
      {
        "time": 104307,
        "key": "1Key8"
      },
      {
        "time": 104769,
        "key": "1Key9"
      },
      {
        "time": 105230,
        "key": "1Key10"
      },
      {
        "time": 105692,
        "key": "1Key11"
      },
      {
        "time": 106153,
        "key": "1Key4"
      },
      {
        "time": 106153,
        "key": "1Key6"
      },
      {
        "time": 106153,
        "key": "1Key9"
      },
      {
        "time": 107076,
        "key": "1Key8"
      },
      {
        "time": 108230,
        "key": "1Key2"
      },
      {
        "time": 108230,
        "key": "1Key7"
      },
      {
        "time": 108230,
        "key": "1Key11"
      },
      {
        "time": 109153,
        "key": "1Key11"
      },
      {
        "time": 109615,
        "key": "1Key9"
      },
      {
        "time": 110076,
        "key": "1Key2"
      },
      {
        "time": 110076,
        "key": "1Key6"
      },
      {
        "time": 111000,
        "key": "1Key9"
      },
      {
        "time": 111923,
        "key": "1Key2"
      },
      {
        "time": 111923,
        "key": "1Key7"
      },
      {
        "time": 111923,
        "key": "1Key12"
      },
      {
        "time": 112384,
        "key": "1Key13"
      },
      {
        "time": 112846,
        "key": "1Key14"
      },
      {
        "time": 113307,
        "key": "1Key12"
      },
      {
        "time": 113769,
        "key": "1Key1"
      },
      {
        "time": 113769,
        "key": "1Key4"
      },
      {
        "time": 113769,
        "key": "1Key9"
      },
      {
        "time": 114230,
        "key": "1Key8"
      },
      {
        "time": 114692,
        "key": "1Key7"
      },
      {
        "time": 115153,
        "key": "1Key5"
      },
      {
        "time": 115384,
        "key": "1Key9"
      },
      {
        "time": 115615,
        "key": "1Key0"
      },
      {
        "time": 115615,
        "key": "1Key3"
      },
      {
        "time": 115615,
        "key": "1Key5"
      },
      {
        "time": 115615,
        "key": "1Key9"
      },
      {
        "time": 116076,
        "key": "1Key7"
      },
      {
        "time": 116538,
        "key": "1Key3"
      },
      {
        "time": 117000,
        "key": "1Key2"
      },
      {
        "time": 117461,
        "key": "1Key6"
      },
      {
        "time": 118384,
        "key": "1Key7"
      },
      {
        "time": 118846,
        "key": "1Key3"
      },
      {
        "time": 118846,
        "key": "1Key5"
      },
      {
        "time": 118846,
        "key": "1Key8"
      },
      {
        "time": 119307,
        "key": "1Key9"
      },
      {
        "time": 119769,
        "key": "1Key10"
      },
      {
        "time": 120230,
        "key": "1Key11"
      },
      {
        "time": 120692,
        "key": "1Key4"
      },
      {
        "time": 120692,
        "key": "1Key6"
      },
      {
        "time": 120692,
        "key": "1Key9"
      },
      {
        "time": 121846,
        "key": "1Key7"
      },
      {
        "time": 122769,
        "key": "1Key0"
      },
      {
        "time": 122769,
        "key": "1Key4"
      },
      {
        "time": 122769,
        "key": "1Key7"
      }
    ]
  }
]