[{"name":"Deck the Halls  (ava)","bpm":240,"bitsPerPage":16,"pitchLevel":0,"isComposed":"true","songNotes":[{"time":0,"key":"1Key6","l":1},{"time":0,"key":"1Key8","l":1},{"time":0,"key":"1Key11","l":2},{"time":750,"key":"1Key7","l":1},{"time":750,"key":"1Key10","l":2},{"time":1000,"key":"1Key6","l":1},{"time":1000,"key":"1Key9","l":2},{"time":1500,"key":"1Key5","l":1},{"time":1500,"key":"1Key8","l":2},{"time":2000,"key":"1Key0","l":1},{"time":2000,"key":"1Key2","l":1},{"time":2000,"key":"1Key4","l":1},{"time":2000,"key":"1Key7","l":2},{"time":2500,"key":"1Key8","l":2},{"time":3000,"key":"1Key4","l":1},{"time":3000,"key":"1Key7","l":1},{"time":3000,"key":"1Key9","l":2},{"time":3500,"key":"1Key7","l":2},{"time":4000,"key":"1Key1","l":1},{"time":4000,"key":"1Key3","l":1},{"time":4000,"key":"1Key8","l":2},{"time":4250,"key":"1Key9","l":2},{"time":4500,"key":"1Key10","l":2},{"time":4750,"key":"1Key8","l":2},{"time":5000,"key":"1Key4","l":1},{"time":5000,"key":"1Key7","l":1},{"time":5000,"key":"1Key9","l":2},{"time":5750,"key":"1Key8","l":2},{"time":6000,"key":"1Key7","l":2},{"time":6500,"key":"1Key1","l":1},{"time":6500,"key":"1Key4","l":1},{"time":6500,"key":"1Key6","l":2},{"time":7000,"key":"1Key0","l":1},{"time":7000,"key":"1Key4","l":1},{"time":7000,"key":"1Key7","l":2},{"time":8000,"key":"1Key6","l":1},{"time":8000,"key":"1Key8","l":1},{"time":8000,"key":"1Key11","l":2},{"time":8750,"key":"1Key10","l":2},{"time":9000,"key":"1Key9","l":2},{"time":9500,"key":"1Key8","l":2},{"time":10000,"key":"1Key0","l":1},{"time":10000,"key":"1Key2","l":1},{"time":10000,"key":"1Key4","l":1},{"time":10000,"key":"1Key7","l":2},{"time":10500,"key":"1Key8","l":2},{"time":11000,"key":"1Key4","l":1},{"time":11000,"key":"1Key7","l":1},{"time":11000,"key":"1Key9","l":2},{"time":11500,"key":"1Key7","l":2},{"time":12000,"key":"1Key1","l":1},{"time":12000,"key":"1Key3","l":1},{"time":12000,"key":"1Key8","l":2},{"time":12250,"key":"1Key9","l":2},{"time":12500,"key":"1Key10","l":2},{"time":12750,"key":"1Key8","l":2},{"time":13000,"key":"1Key4","l":1},{"time":13000,"key":"1Key7","l":1},{"time":13000,"key":"1Key9","l":2},{"time":13750,"key":"1Key8","l":2},{"time":14000,"key":"1Key7","l":2},{"time":14500,"key":"1Key1","l":1},{"time":14500,"key":"1Key4","l":1},{"time":14500,"key":"1Key6","l":2},{"time":15000,"key":"1Key0","l":1},{"time":15000,"key":"1Key4","l":1},{"time":15000,"key":"1Key7","l":2},{"time":16000,"key":"1Key1","l":1},{"time":16000,"key":"1Key3","l":1},{"time":16000,"key":"1Key8","l":2},{"time":16750,"key":"1Key9","l":2},{"time":17000,"key":"1Key10","l":2},{"time":17500,"key":"1Key8","l":2},{"time":18000,"key":"1Key2","l":1},{"time":18000,"key":"1Key4","l":1},{"time":18000,"key":"1Key9","l":2},{"time":18750,"key":"1Key10","l":2},{"time":19000,"key":"1Key11","l":2},{"time":19500,"key":"1Key8","l":2},{"time":20000,"key":"1Key4","l":1},{"time":20000,"key":"1Key7","l":1},{"time":20000,"key":"1Key9","l":2},{"time":20250,"key":"1Key10","l":2},{"time":20500,"key":"1Key11","l":2},{"time":21000,"key":"1Key7","l":1},{"time":21000,"key":"1Key10","l":1},{"time":21000,"key":"1Key12","l":2},{"time":21250,"key":"1Key13","l":2},{"time":21500,"key":"1Key14","l":2},{"time":22000,"key":"1Key6","l":1},{"time":22000,"key":"1Key13","l":2},{"time":22500,"key":"1Key5","l":1},{"time":22500,"key":"1Key12","l":2},{"time":23000,"key":"1Key4","l":1},{"time":23000,"key":"1Key11","l":2},{"time":24000,"key":"1Key6","l":1},{"time":24000,"key":"1Key8","l":1},{"time":24000,"key":"1Key11","l":2},{"time":24750,"key":"1Key10","l":2},{"time":25000,"key":"1Key9","l":2},{"time":25500,"key":"1Key8","l":2},{"time":26000,"key":"1Key0","l":1},{"time":26000,"key":"1Key2","l":1},{"time":26000,"key":"1Key4","l":1},{"time":26000,"key":"1Key7","l":2},{"time":26500,"key":"1Key8","l":2},{"time":27000,"key":"1Key4","l":1},{"time":27000,"key":"1Key7","l":1},{"time":27000,"key":"1Key9","l":2},{"time":27500,"key":"1Key7","l":2},{"time":28000,"key":"1Key10","l":1},{"time":28000,"key":"1Key12","l":2},{"time":28250,"key":"1Key10","l":1},{"time":28250,"key":"1Key12","l":2},{"time":28500,"key":"1Key10","l":1},{"time":28500,"key":"1Key12","l":2},{"time":28750,"key":"1Key10","l":1},{"time":28750,"key":"1Key12","l":2},{"time":29000,"key":"1Key9","l":1},{"time":29000,"key":"1Key11","l":2},{"time":29750,"key":"1Key10","l":2},{"time":30000,"key":"1Key4","l":1},{"time":30000,"key":"1Key7","l":1},{"time":30000,"key":"1Key9","l":2},{"time":30500,"key":"1Key4","l":1},{"time":30500,"key":"1Key8","l":2},{"time":31000,"key":"1Key0","l":1},{"time":31000,"key":"1Key2","l":1},{"time":31000,"key":"1Key4","l":1},{"time":31000,"key":"1Key7","l":2}]}]