[{"name":"Say So - Doja Cat","bpm":200,"bitsPerPage":16,"pitchLevel":0,"isComposed":false,"songNotes":[{"time":500,"key":"1Key1","l":1},{"time":500,"key":"1Key3","l":1},{"time":500,"key":"1Key5","l":1},{"time":500,"key":"1Key12","l":1},{"time":800,"key":"1Key11","l":1},{"time":1100,"key":"1Key12","l":1},{"time":1400,"key":"1Key11","l":1},{"time":1700,"key":"1Key12","l":1},{"time":2300,"key":"1Key11","l":1},{"time":2900,"key":"1Key11","l":1},{"time":3200,"key":"1Key4","l":1},{"time":3200,"key":"1Key6","l":1},{"time":3200,"key":"1Key8","l":1},{"time":3200,"key":"1Key11","l":1},{"time":3500,"key":"1Key11","l":1},{"time":3800,"key":"1Key12","l":1},{"time":4100,"key":"1Key9","l":1},{"time":4400,"key":"1Key9","l":1},{"time":4700,"key":"1Key8","l":1},{"time":5300,"key":"1Key12","l":1},{"time":5600,"key":"1Key0","l":1},{"time":5600,"key":"1Key2","l":1},{"time":5600,"key":"1Key4","l":1},{"time":5600,"key":"1Key6","l":1},{"time":5600,"key":"1Key11","l":1},{"time":5900,"key":"1Key9","l":1},{"time":6200,"key":"1Key11","l":1},{"time":6500,"key":"1Key9","l":1},{"time":6800,"key":"1Key11","l":1},{"time":7100,"key":"1Key9","l":1},{"time":7700,"key":"1Key11","l":1},{"time":8000,"key":"1Key5","l":1},{"time":8000,"key":"1Key7","l":1},{"time":8000,"key":"1Key9","l":1},{"time":8000,"key":"1Key11","l":1},{"time":8300,"key":"1Key11","l":1},{"time":8600,"key":"1Key12","l":1},{"time":8900,"key":"1Key9","l":1},{"time":10100,"key":"1Key4","l":1},{"time":10400,"key":"1Key5","l":1},{"time":10700,"key":"1Key7","l":1},{"time":11000,"key":"1Key1","l":1},{"time":11000,"key":"1Key3","l":1},{"time":11000,"key":"1Key5","l":1},{"time":11000,"key":"1Key9","l":1},{"time":11300,"key":"1Key9","l":1},{"time":11600,"key":"1Key9","l":1},{"time":11900,"key":"1Key7","l":1},{"time":12200,"key":"1Key5","l":1},{"time":12500,"key":"1Key9","l":1},{"time":13100,"key":"1Key4","l":1},{"time":13100,"key":"1Key6","l":1},{"time":13100,"key":"1Key8","l":1},{"time":13100,"key":"1Key13","l":1},{"time":13400,"key":"1Key12","l":1},{"time":13700,"key":"1Key9","l":1},{"time":14000,"key":"1Key8","l":1},{"time":14300,"key":"1Key0","l":1},{"time":14300,"key":"1Key2","l":1},{"time":14300,"key":"1Key4","l":1},{"time":14300,"key":"1Key6","l":1},{"time":14300,"key":"1Key9","l":1},{"time":14600,"key":"1Key9","l":1},{"time":14900,"key":"1Key9","l":1},{"time":15200,"key":"1Key11","l":1},{"time":15500,"key":"1Key12","l":1},{"time":15800,"key":"1Key9","l":1},{"time":16400,"key":"1Key5","l":1},{"time":16400,"key":"1Key7","l":1},{"time":16400,"key":"1Key9","l":1},{"time":16700,"key":"1Key9","l":1},{"time":17000,"key":"1Key9","l":1},{"time":17300,"key":"1Key11","l":1},{"time":17600,"key":"1Key12","l":1},{"time":17900,"key":"1Key9","l":1},{"time":18200,"key":"1Key4","l":1},{"time":18500,"key":"1Key5","l":1},{"time":18800,"key":"1Key7","l":1},{"time":19100,"key":"1Key1","l":1},{"time":19100,"key":"1Key3","l":1},{"time":19100,"key":"1Key5","l":1},{"time":19100,"key":"1Key9","l":1},{"time":19400,"key":"1Key9","l":1},{"time":19700,"key":"1Key9","l":1},{"time":20000,"key":"1Key7","l":1},{"time":20300,"key":"1Key5","l":1},{"time":20600,"key":"1Key9","l":1},{"time":21200,"key":"1Key4","l":1},{"time":21200,"key":"1Key6","l":1},{"time":21200,"key":"1Key8","l":1},{"time":21200,"key":"1Key13","l":1},{"time":21500,"key":"1Key12","l":1},{"time":21800,"key":"1Key9","l":1},{"time":22100,"key":"1Key7","l":1},{"time":22400,"key":"1Key8","l":1},{"time":22700,"key":"1Key9","l":1},{"time":23000,"key":"1Key0","l":1},{"time":23000,"key":"1Key2","l":1},{"time":23000,"key":"1Key4","l":1},{"time":23000,"key":"1Key6","l":1},{"time":23000,"key":"1Key11","l":1},{"time":23300,"key":"1Key11","l":1},{"time":23600,"key":"1Key11","l":1},{"time":23900,"key":"1Key11","l":1},{"time":24200,"key":"1Key9","l":1},{"time":24500,"key":"1Key11","l":1},{"time":24800,"key":"1Key12","l":1},{"time":25100,"key":"1Key4","l":1},{"time":25400,"key":"1Key5","l":1},{"time":25700,"key":"1Key7","l":1},{"time":26000,"key":"1Key5","l":1},{"time":26000,"key":"1Key7","l":1},{"time":26000,"key":"1Key9","l":1},{"time":26000,"key":"1Key11","l":1},{"time":26300,"key":"1Key11","l":1},{"time":26600,"key":"1Key11","l":1},{"time":26900,"key":"1Key11","l":1},{"time":27200,"key":"1Key9","l":1},{"time":27500,"key":"1Key11","l":1},{"time":27800,"key":"1Key12","l":1},{"time":28100,"key":"1Key1","l":1},{"time":28100,"key":"1Key3","l":1},{"time":28100,"key":"1Key5","l":1},{"time":28100,"key":"1Key12","l":1},{"time":28400,"key":"1Key11","l":1},{"time":28700,"key":"1Key9","l":1},{"time":29000,"key":"1Key8","l":1},{"time":29300,"key":"1Key4","l":1},{"time":29300,"key":"1Key6","l":1},{"time":29300,"key":"1Key7","l":1},{"time":29300,"key":"1Key8","l":1},{"time":29600,"key":"1Key6","l":1},{"time":29900,"key":"1Key5","l":1},{"time":30200,"key":"1Key4","l":1},{"time":30500,"key":"1Key0","l":1},{"time":30500,"key":"1Key2","l":1},{"time":30500,"key":"1Key4","l":1},{"time":30500,"key":"1Key6","l":1},{"time":30500,"key":"1Key11","l":1},{"time":30800,"key":"1Key9","l":1},{"time":31100,"key":"1Key8","l":1},{"time":31400,"key":"1Key7","l":1},{"time":31700,"key":"1Key5","l":1},{"time":31700,"key":"1Key6","l":1},{"time":31700,"key":"1Key7","l":1},{"time":31700,"key":"1Key9","l":1},{"time":32000,"key":"1Key5","l":1},{"time":32300,"key":"1Key4","l":1},{"time":32600,"key":"1Key5","l":1},{"time":32900,"key":"1Key1","l":1},{"time":32900,"key":"1Key3","l":1},{"time":32900,"key":"1Key5","l":1},{"time":32900,"key":"1Key12","l":1},{"time":33200,"key":"1Key11","l":1},{"time":33500,"key":"1Key9","l":1},{"time":33800,"key":"1Key8","l":1},{"time":34100,"key":"1Key4","l":1},{"time":34100,"key":"1Key6","l":1},{"time":34100,"key":"1Key7","l":1},{"time":34100,"key":"1Key8","l":1},{"time":34400,"key":"1Key6","l":1},{"time":34700,"key":"1Key5","l":1},{"time":35000,"key":"1Key4","l":1},{"time":35300,"key":"1Key0","l":1},{"time":35300,"key":"1Key2","l":1},{"time":35300,"key":"1Key4","l":1},{"time":35300,"key":"1Key6","l":1},{"time":35300,"key":"1Key8","l":1},{"time":35900,"key":"1Key9","l":1},{"time":36500,"key":"1Key4","l":1},{"time":36800,"key":"1Key5","l":1},{"time":37100,"key":"1Key5","l":1},{"time":37100,"key":"1Key7","l":1},{"time":37100,"key":"1Key9","l":1},{"time":37400,"key":"1Key7","l":1},{"time":37700,"key":"1Key7","l":1},{"time":38000,"key":"1Key7","l":1},{"time":38300,"key":"1Key8","l":1},{"time":38600,"key":"1Key9","l":1},{"time":38900,"key":"1Key1","l":1},{"time":38900,"key":"1Key3","l":1},{"time":38900,"key":"1Key5","l":1},{"time":38900,"key":"1Key12","l":1},{"time":39200,"key":"1Key11","l":1},{"time":39500,"key":"1Key12","l":1},{"time":39800,"key":"1Key11","l":1},{"time":40100,"key":"1Key12","l":1},{"time":40700,"key":"1Key11","l":1},{"time":41300,"key":"1Key11","l":1},{"time":41600,"key":"1Key4","l":1},{"time":41600,"key":"1Key6","l":1},{"time":41600,"key":"1Key8","l":1},{"time":41600,"key":"1Key11","l":1},{"time":41900,"key":"1Key11","l":1},{"time":42200,"key":"1Key12","l":1},{"time":42500,"key":"1Key9","l":1},{"time":42800,"key":"1Key9","l":1},{"time":43100,"key":"1Key8","l":1},{"time":43700,"key":"1Key12","l":1},{"time":44000,"key":"1Key0","l":1},{"time":44000,"key":"1Key2","l":1},{"time":44000,"key":"1Key4","l":1},{"time":44000,"key":"1Key6","l":1},{"time":44000,"key":"1Key11","l":1},{"time":44300,"key":"1Key9","l":1},{"time":44600,"key":"1Key11","l":1},{"time":44900,"key":"1Key9","l":1},{"time":45200,"key":"1Key11","l":1},{"time":45500,"key":"1Key9","l":1},{"time":46100,"key":"1Key11","l":1},{"time":46400,"key":"1Key5","l":1},{"time":46400,"key":"1Key7","l":1},{"time":46400,"key":"1Key9","l":1},{"time":46400,"key":"1Key11","l":1},{"time":46700,"key":"1Key11","l":1},{"time":47000,"key":"1Key12","l":1},{"time":47300,"key":"1Key9","l":1},{"time":48500,"key":"1Key1","l":1},{"time":48500,"key":"1Key3","l":1},{"time":48500,"key":"1Key5","l":1},{"time":48500,"key":"1Key12","l":1},{"time":48800,"key":"1Key11","l":1},{"time":49100,"key":"1Key12","l":1},{"time":49400,"key":"1Key11","l":1},{"time":49700,"key":"1Key12","l":1},{"time":50300,"key":"1Key11","l":1},{"time":50900,"key":"1Key11","l":1},{"time":51200,"key":"1Key4","l":1},{"time":51200,"key":"1Key6","l":1},{"time":51200,"key":"1Key8","l":1},{"time":51200,"key":"1Key11","l":1},{"time":51500,"key":"1Key11","l":1},{"time":51800,"key":"1Key12","l":1},{"time":52100,"key":"1Key9","l":1},{"time":52400,"key":"1Key9","l":1},{"time":52700,"key":"1Key8","l":1},{"time":53300,"key":"1Key12","l":1},{"time":53600,"key":"1Key0","l":1},{"time":53600,"key":"1Key2","l":1},{"time":53600,"key":"1Key4","l":1},{"time":53600,"key":"1Key6","l":1},{"time":53600,"key":"1Key11","l":1},{"time":53900,"key":"1Key9","l":1},{"time":54200,"key":"1Key11","l":1},{"time":54500,"key":"1Key9","l":1},{"time":54800,"key":"1Key11","l":1},{"time":55100,"key":"1Key9","l":1},{"time":55700,"key":"1Key11","l":1},{"time":56000,"key":"1Key5","l":1},{"time":56000,"key":"1Key7","l":1},{"time":56000,"key":"1Key9","l":1},{"time":56000,"key":"1Key11","l":1},{"time":56300,"key":"1Key11","l":1},{"time":56600,"key":"1Key12","l":1},{"time":56900,"key":"1Key9","l":1}]}]