[{"name":"Still D.R.E.","bpm":200,"bitsPerPage":16,"pitchLevel":0,"isComposed":true,"songNotes":[{"time":400,"key":"1Key7"},{"time":1000,"key":"1Key9"},{"time":1600,"key":"1Key12"},{"time":2050,"key":"1Key7"},{"time":2500,"key":"1Key9"},{"time":2950,"key":"1Key12"},{"time":3325,"key":"1Key7"},{"time":3700,"key":"1Key9"},{"time":4075,"key":"1Key12"},{"time":4412,"key":"1Key7"},{"time":4749,"key":"1Key9"},{"time":5086,"key":"1Key12"},{"time":5423,"key":"1Key7"},{"time":5423,"key":"1Key9"},{"time":5423,"key":"1Key12"},{"time":5723,"key":"1Key7"},{"time":5723,"key":"1Key9"},{"time":5723,"key":"1Key12"},{"time":6023,"key":"1Key7"},{"time":6023,"key":"1Key9"},{"time":6023,"key":"1Key12"},{"time":6323,"key":"1Key7"},{"time":6323,"key":"1Key9"},{"time":6323,"key":"1Key12"},{"time":6623,"key":"1Key7"},{"time":6623,"key":"1Key9"},{"time":6623,"key":"1Key12"},{"time":6923,"key":"1Key7"},{"time":6923,"key":"1Key9"},{"time":6923,"key":"1Key12"},{"time":7223,"key":"1Key7"},{"time":7223,"key":"1Key9"},{"time":7223,"key":"1Key12"},{"time":7523,"key":"1Key7"},{"time":7523,"key":"1Key9"},{"time":7523,"key":"1Key12"},{"time":7823,"key":"1Key6"},{"time":7823,"key":"1Key9"},{"time":7823,"key":"1Key12"},{"time":8123,"key":"1Key6"},{"time":8123,"key":"1Key9"},{"time":8123,"key":"1Key12"},{"time":8423,"key":"1Key6"},{"time":8423,"key":"1Key9"},{"time":8423,"key":"1Key12"},{"time":8723,"key":"1Key6"},{"time":8723,"key":"1Key9"},{"time":8723,"key":"1Key11"},{"time":9023,"key":"1Key6"},{"time":9023,"key":"1Key9"},{"time":9023,"key":"1Key11"},{"time":9323,"key":"1Key6"},{"time":9323,"key":"1Key9"},{"time":9323,"key":"1Key11"},{"time":9623,"key":"1Key6"},{"time":9623,"key":"1Key9"},{"time":9623,"key":"1Key11"},{"time":9923,"key":"1Key6"},{"time":9923,"key":"1Key9"},{"time":9923,"key":"1Key11"},{"time":10223,"key":"1Key5"},{"time":10223,"key":"1Key7"},{"time":10223,"key":"1Key9"},{"time":10223,"key":"1Key12"},{"time":10523,"key":"1Key7"},{"time":10523,"key":"1Key9"},{"time":10523,"key":"1Key12"},{"time":10823,"key":"1Key7"},{"time":10823,"key":"1Key9"},{"time":10823,"key":"1Key12"},{"time":11123,"key":"1Key7"},{"time":11123,"key":"1Key9"},{"time":11123,"key":"1Key12"},{"time":11423,"key":"1Key7"},{"time":11423,"key":"1Key9"},{"time":11423,"key":"1Key12"},{"time":11723,"key":"1Key7"},{"time":11723,"key":"1Key9"},{"time":11723,"key":"1Key12"},{"time":12023,"key":"1Key6"},{"time":12023,"key":"1Key7"},{"time":12023,"key":"1Key9"},{"time":12023,"key":"1Key12"},{"time":12323,"key":"1Key7"},{"time":12323,"key":"1Key9"},{"time":12323,"key":"1Key12"},{"time":12623,"key":"1Key2"},{"time":12623,"key":"1Key6"},{"time":12623,"key":"1Key9"},{"time":12623,"key":"1Key12"},{"time":12923,"key":"1Key6"},{"time":12923,"key":"1Key9"},{"time":12923,"key":"1Key12"},{"time":13223,"key":"1Key6"},{"time":13223,"key":"1Key9"},{"time":13223,"key":"1Key12"},{"time":13523,"key":"1Key6"},{"time":13523,"key":"1Key9"},{"time":13523,"key":"1Key11"},{"time":13823,"key":"1Key6"},{"time":13823,"key":"1Key9"},{"time":13823,"key":"1Key11"},{"time":14123,"key":"1Key6"},{"time":14123,"key":"1Key9"},{"time":14123,"key":"1Key11"},{"time":14423,"key":"1Key6"},{"time":14423,"key":"1Key9"},{"time":14423,"key":"1Key11"},{"time":14723,"key":"1Key6"},{"time":14723,"key":"1Key9"},{"time":14723,"key":"1Key11"}]}]