[{"name":"Can't Help Falling in Love  (Kenny)","bpm":200,"pitchLevel":1,"bitsPerPage":16,"isComposed":false,"songNotes":[{"time":1004,"key":"Key2"},{"time":1009,"key":"Key0"},{"time":1013,"key":"Key7"},{"time":3008,"key":"Key2"},{"time":3014,"key":"Key6"},{"time":3017,"key":"Key11"},{"time":4823,"key":"Key5"},{"time":4826,"key":"Key7"},{"time":4834,"key":"Key2"},{"time":7247,"key":"Key8"},{"time":7699,"key":"Key9"},{"time":8125,"key":"Key1"},{"time":8150,"key":"Key5"},{"time":8152,"key":"Key10"},{"time":10217,"key":"Key4"},{"time":10223,"key":"Key2"},{"time":10226,"key":"Key9"},{"time":12287,"key":"Key4"},{"time":12290,"key":"Key8"},{"time":12298,"key":"Key1"},{"time":14577,"key":"Key4"},{"time":15450,"key":"Key5"},{"time":15455,"key":"Key3"},{"time":15458,"key":"Key7"},{"time":17013,"key":"Key6"},{"time":17029,"key":"Key4"},{"time":17035,"key":"Key8"},{"time":17457,"key":"Key7"},{"time":17673,"key":"Key6"},{"time":17845,"key":"Key5"},{"time":18226,"key":"Key6"},{"time":18633,"key":"Key5"},{"time":18636,"key":"Key9"},{"time":18638,"key":"Key7"},{"time":20318,"key":"Key8"},{"time":20943,"key":"Key9"},{"time":21511,"key":"Key10"},{"time":21906,"key":"Key2"},{"time":21908,"key":"Key9"},{"time":21921,"key":"Key4"},{"time":23847,"key":"Key8"},{"time":23850,"key":"Key4"},{"time":23881,"key":"Key1"},{"time":25839,"key":"Key0"},{"time":25841,"key":"Key2"},{"time":25842,"key":"Key7"},{"time":29731,"key":"Key2"},{"time":29742,"key":"Key7"},{"time":29748,"key":"Key0"},{"time":30141,"key":"Key4"},{"time":30565,"key":"Key7"},{"time":30986,"key":"Key4"},{"time":31388,"key":"Key2"},{"time":31413,"key":"Key11"},{"time":31432,"key":"Key6"},{"time":31808,"key":"Key4"},{"time":32245,"key":"Key6"},{"time":32652,"key":"Key4"},{"time":33053,"key":"Key2"},{"time":33059,"key":"Key7"},{"time":33061,"key":"Key5"},{"time":33443,"key":"Key2"},{"time":33869,"key":"Key5"},{"time":34285,"key":"Key7"},{"time":34664,"key":"Key9"},{"time":35543,"key":"Key8"},{"time":35962,"key":"Key9"},{"time":36330,"key":"Key1"},{"time":36359,"key":"Key10"},{"time":36385,"key":"Key5"},{"time":36746,"key":"Key3"},{"time":37162,"key":"Key5"},{"time":37581,"key":"Key3"},{"time":37969,"key":"Key2"},{"time":37973,"key":"Key9"},{"time":37994,"key":"Key4"},{"time":38382,"key":"Key4"},{"time":38857,"key":"Key6"},{"time":39244,"key":"Key4"},{"time":39612,"key":"Key4"},{"time":39621,"key":"Key8"},{"time":39639,"key":"Key1"},{"time":40066,"key":"Key4"},{"time":40477,"key":"Key6"},{"time":40796,"key":"Key8"},{"time":40916,"key":"Key6"},{"time":41026,"key":"Key8"},{"time":41128,"key":"Key11"},{"time":41987,"key":"Key7"},{"time":42381,"key":"Key6"},{"time":42742,"key":"Key3"},{"time":42746,"key":"Key7"},{"time":42754,"key":"Key5"},{"time":43178,"key":"Key3"},{"time":43586,"key":"Key5"},{"time":43974,"key":"Key7"},{"time":44363,"key":"Key4"},{"time":44369,"key":"Key8"},{"time":44386,"key":"Key6"},{"time":44741,"key":"Key7"},{"time":44938,"key":"Key6"},{"time":45094,"key":"Key5"},{"time":45525,"key":"Key6"},{"time":45911,"key":"Key9"},{"time":45915,"key":"Key5"},{"time":45919,"key":"Key7"},{"time":46284,"key":"Key5"},{"time":46707,"key":"Key7"},{"time":47105,"key":"Key9"},{"time":47500,"key":"Key8"},{"time":48161,"key":"Key9"},{"time":48733,"key":"Key10"},{"time":49133,"key":"Key2"},{"time":49140,"key":"Key4"},{"time":49142,"key":"Key9"},{"time":49546,"key":"Key4"},{"time":49967,"key":"Key6"},{"time":50388,"key":"Key4"},{"time":50784,"key":"Key4"},{"time":50795,"key":"Key8"},{"time":50806,"key":"Key1"},{"time":51167,"key":"Key4"},{"time":51624,"key":"Key6"},{"time":52027,"key":"Key8"},{"time":52453,"key":"Key7"},{"time":52461,"key":"Key0"},{"time":52465,"key":"Key2"},{"time":52902,"key":"Key7"},{"time":53270,"key":"Key9"},{"time":53646,"key":"Key7"},{"time":53728,"key":"Key9"},{"time":53835,"key":"Key11"},{"time":53945,"key":"Key14"},{"time":55529,"key":"Key4"},{"time":55537,"key":"Key2"},{"time":55543,"key":"Key6"},{"time":56025,"key":"Key9"},{"time":56660,"key":"Key11"},{"time":56842,"key":"Key13"},{"time":57095,"key":"Key12"},{"time":57104,"key":"Key7"},{"time":57122,"key":"Key3"},{"time":58800,"key":"Key4"},{"time":58812,"key":"Key2"},{"time":58816,"key":"Key6"},{"time":59378,"key":"Key9"},{"time":59909,"key":"Key11"},{"time":60133,"key":"Key13"},{"time":60410,"key":"Key12"},{"time":60417,"key":"Key7"},{"time":60432,"key":"Key3"},{"time":62051,"key":"Key6"},{"time":62065,"key":"Key4"},{"time":62067,"key":"Key2"},{"time":62618,"key":"Key9"},{"time":63148,"key":"Key11"},{"time":63353,"key":"Key13"},{"time":63594,"key":"Key12"},{"time":63617,"key":"Key3"},{"time":63620,"key":"Key7"},{"time":65198,"key":"Key4"},{"time":65203,"key":"Key2"},{"time":65205,"key":"Key11"},{"time":65592,"key":"Key11"},{"time":65738,"key":"Key9"},{"time":66864,"key":"Key9"},{"time":67224,"key":"Key11"},{"time":67645,"key":"Key9"},{"time":68044,"key":"Key1"},{"time":68063,"key":"Key5"},{"time":68065,"key":"Key10"},{"time":69155,"key":"Key9"},{"time":69325,"key":"Key10"},{"time":69591,"key":"Key11"},{"time":69629,"key":"Key8"},{"time":69639,"key":"Key4"},{"time":70442,"key":"Key6"},{"time":71283,"key":"Key2"},{"time":71296,"key":"Key7"},{"time":71332,"key":"Key0"},{"time":71688,"key":"Key4"},{"time":72091,"key":"Key7"},{"time":72553,"key":"Key4"},{"time":72938,"key":"Key2"},{"time":72951,"key":"Key11"},{"time":72965,"key":"Key6"},{"time":73331,"key":"Key4"},{"time":73762,"key":"Key6"},{"time":74165,"key":"Key4"},{"time":74547,"key":"Key2"},{"time":74552,"key":"Key5"},{"time":74554,"key":"Key7"},{"time":74945,"key":"Key2"},{"time":75390,"key":"Key5"},{"time":75791,"key":"Key7"},{"time":76192,"key":"Key9"},{"time":77069,"key":"Key8"},{"time":77493,"key":"Key9"},{"time":77850,"key":"Key1"},{"time":77854,"key":"Key5"},{"time":77861,"key":"Key10"},{"time":78240,"key":"Key3"},{"time":78658,"key":"Key5"},{"time":79067,"key":"Key3"},{"time":79477,"key":"Key2"},{"time":79481,"key":"Key9"},{"time":79484,"key":"Key4"},{"time":79876,"key":"Key4"},{"time":80301,"key":"Key6"},{"time":80705,"key":"Key4"},{"time":81113,"key":"Key4"},{"time":81115,"key":"Key1"},{"time":81117,"key":"Key8"},{"time":81469,"key":"Key4"},{"time":81942,"key":"Key6"},{"time":82322,"key":"Key8"},{"time":82439,"key":"Key6"},{"time":82527,"key":"Key8"},{"time":82658,"key":"Key11"},{"time":83498,"key":"Key7"},{"time":83854,"key":"Key6"},{"time":84179,"key":"Key3"},{"time":84201,"key":"Key7"},{"time":84234,"key":"Key5"},{"time":84611,"key":"Key3"},{"time":85013,"key":"Key5"},{"time":85417,"key":"Key7"},{"time":85825,"key":"Key4"},{"time":85830,"key":"Key8"},{"time":85834,"key":"Key6"},{"time":86259,"key":"Key7"},{"time":86431,"key":"Key6"},{"time":86613,"key":"Key5"},{"time":87019,"key":"Key6"},{"time":87408,"key":"Key9"},{"time":87417,"key":"Key5"},{"time":87419,"key":"Key7"},{"time":87777,"key":"Key5"},{"time":88168,"key":"Key7"},{"time":88535,"key":"Key9"},{"time":88951,"key":"Key8"},{"time":89627,"key":"Key9"},{"time":90272,"key":"Key10"},{"time":90652,"key":"Key9"},{"time":90672,"key":"Key2"},{"time":90674,"key":"Key4"},{"time":91030,"key":"Key4"},{"time":91439,"key":"Key6"},{"time":91845,"key":"Key4"},{"time":92241,"key":"Key8"},{"time":92244,"key":"Key4"},{"time":92249,"key":"Key1"},{"time":92644,"key":"Key4"},{"time":93066,"key":"Key6"},{"time":93488,"key":"Key8"},{"time":93905,"key":"Key2"},{"time":93910,"key":"Key7"},{"time":93934,"key":"Key0"},{"time":94329,"key":"Key7"},{"time":94720,"key":"Key9"},{"time":95103,"key":"Key7"},{"time":95162,"key":"Key9"},{"time":95298,"key":"Key11"},{"time":95407,"key":"Key14"},{"time":96582,"key":"Key7"},{"time":96959,"key":"Key6"},{"time":97313,"key":"Key3"},{"time":97316,"key":"Key7"},{"time":97321,"key":"Key5"},{"time":97733,"key":"Key3"},{"time":98124,"key":"Key5"},{"time":98486,"key":"Key7"},{"time":98905,"key":"Key4"},{"time":98908,"key":"Key8"},{"time":98910,"key":"Key6"},{"time":99321,"key":"Key7"},{"time":99510,"key":"Key6"},{"time":99671,"key":"Key5"},{"time":100078,"key":"Key6"},{"time":100478,"key":"Key9"},{"time":100481,"key":"Key5"},{"time":100484,"key":"Key7"},{"time":100850,"key":"Key5"},{"time":101296,"key":"Key7"},{"time":101690,"key":"Key9"},{"time":102130,"key":"Key8"},{"time":102789,"key":"Key9"},{"time":103409,"key":"Key10"},{"time":103772,"key":"Key4"},{"time":103780,"key":"Key9"},{"time":103783,"key":"Key2"},{"time":104163,"key":"Key4"},{"time":104581,"key":"Key6"},{"time":105019,"key":"Key4"},{"time":105410,"key":"Key1"},{"time":105412,"key":"Key4"},{"time":105416,"key":"Key8"},{"time":105822,"key":"Key4"},{"time":106254,"key":"Key6"},{"time":106685,"key":"Key8"},{"time":107088,"key":"Key7"},{"time":107091,"key":"Key2"},{"time":107097,"key":"Key0"},{"time":107585,"key":"Key7"},{"time":108034,"key":"Key9"},{"time":108446,"key":"Key7"},{"time":108618,"key":"Key9"},{"time":108792,"key":"Key11"},{"time":108984,"key":"Key14"}],"fromLibrary":true}]