[
    {
      "name": "Lose Yourself - Eminem",
      "bpm": 470,
      "songNotes": [
        {
          "time": 381,
          "key": "1Key12"
        },
        {
          "time": 762,
          "key": "1Key14"
        },
        {
          "time": 1143,
          "key": "1Key9"
        },
        {
          "time": 1143,
          "key": "1Key12"
        },
        {
          "time": 1524,
          "key": "1Key14"
        },
        {
          "time": 1905,
          "key": "1Key11"
        },
        {
          "time": 2413,
          "key": "1Key13"
        },
        {
          "time": 2794,
          "key": "1Key8"
        },
        {
          "time": 2794,
          "key": "1Key11"
        },
        {
          "time": 3175,
          "key": "1Key13"
        },
        {
          "time": 3556,
          "key": "1Key10"
        },
        {
          "time": 3937,
          "key": "1Key12"
        },
        {
          "time": 3937,
          "key": "1Key14"
        },
        {
          "time": 4318,
          "key": "1Key12"
        },
        {
          "time": 4318,
          "key": "1Key14"
        },
        {
          "time": 4953,
          "key": "1Key10"
        },
        {
          "time": 5461,
          "key": "1Key12"
        },
        {
          "time": 5842,
          "key": "1Key14"
        },
        {
          "time": 6477,
          "key": "1Key12"
        },
        {
          "time": 6858,
          "key": "1Key14"
        },
        {
          "time": 7239,
          "key": "1Key9"
        },
        {
          "time": 7239,
          "key": "1Key12"
        },
        {
          "time": 7620,
          "key": "1Key14"
        },
        {
          "time": 8001,
          "key": "1Key11"
        },
        {
          "time": 8509,
          "key": "1Key13"
        },
        {
          "time": 8890,
          "key": "1Key8"
        },
        {
          "time": 8890,
          "key": "1Key11"
        },
        {
          "time": 9271,
          "key": "1Key13"
        },
        {
          "time": 9652,
          "key": "1Key10"
        },
        {
          "time": 10033,
          "key": "1Key12"
        },
        {
          "time": 10033,
          "key": "1Key14"
        },
        {
          "time": 10414,
          "key": "1Key12"
        },
        {
          "time": 10414,
          "key": "1Key14"
        },
        {
          "time": 11049,
          "key": "1Key10"
        },
        {
          "time": 11557,
          "key": "1Key12"
        },
        {
          "time": 11938,
          "key": "1Key14"
        },
        {
          "time": 12573,
          "key": "1Key8"
        },
        {
          "time": 12573,
          "key": "1Key12"
        },
        {
          "time": 12954,
          "key": "1Key10"
        },
        {
          "time": 13335,
          "key": "1Key8"
        },
        {
          "time": 13335,
          "key": "1Key12"
        },
        {
          "time": 13716,
          "key": "1Key10"
        },
        {
          "time": 13716,
          "key": "1Key12"
        },
        {
          "time": 14097,
          "key": "1Key7"
        },
        {
          "time": 14097,
          "key": "1Key11"
        },
        {
          "time": 14478,
          "key": "1Key9"
        },
        {
          "time": 14986,
          "key": "1Key11"
        },
        {
          "time": 15367,
          "key": "1Key9"
        },
        {
          "time": 15367,
          "key": "1Key10"
        },
        {
          "time": 15621,
          "key": "1Key9"
        },
        {
          "time": 15875,
          "key": "1Key6"
        },
        {
          "time": 15875,
          "key": "1Key8"
        },
        {
          "time": 17653,
          "key": "1Key9"
        },
        {
          "time": 18034,
          "key": "1Key10"
        },
        {
          "time": 18415,
          "key": "1Key2"
        },
        {
          "time": 18415,
          "key": "1Key11"
        },
        {
          "time": 18796,
          "key": "1Key4"
        },
        {
          "time": 19177,
          "key": "1Key6"
        },
        {
          "time": 19558,
          "key": "1Key9"
        },
        {
          "time": 19939,
          "key": "1Key11"
        },
        {
          "time": 20447,
          "key": "1Key13"
        },
        {
          "time": 20828,
          "key": "1Key9"
        },
        {
          "time": 21209,
          "key": "1Key10"
        },
        {
          "time": 21590,
          "key": "1Key11"
        },
        {
          "time": 23876,
          "key": "1Key2"
        },
        {
          "time": 23876,
          "key": "1Key5"
        },
        {
          "time": 24257,
          "key": "1Key2"
        },
        {
          "time": 24257,
          "key": "1Key5"
        },
        {
          "time": 24511,
          "key": "1Key2"
        },
        {
          "time": 24511,
          "key": "1Key5"
        },
        {
          "time": 24892,
          "key": "1Key2"
        },
        {
          "time": 24892,
          "key": "1Key5"
        },
        {
          "time": 25146,
          "key": "1Key2"
        },
        {
          "time": 25146,
          "key": "1Key5"
        },
        {
          "time": 25527,
          "key": "1Key2"
        },
        {
          "time": 25527,
          "key": "1Key5"
        },
        {
          "time": 25781,
          "key": "1Key2"
        },
        {
          "time": 25781,
          "key": "1Key5"
        },
        {
          "time": 26162,
          "key": "1Key2"
        },
        {
          "time": 26162,
          "key": "1Key5"
        },
        {
          "time": 26416,
          "key": "1Key3"
        },
        {
          "time": 26416,
          "key": "1Key5"
        },
        {
          "time": 26797,
          "key": "1Key3"
        },
        {
          "time": 26797,
          "key": "1Key5"
        },
        {
          "time": 27051,
          "key": "1Key3"
        },
        {
          "time": 27051,
          "key": "1Key5"
        },
        {
          "time": 27432,
          "key": "1Key3"
        },
        {
          "time": 27432,
          "key": "1Key5"
        },
        {
          "time": 27686,
          "key": "1Key3"
        },
        {
          "time": 27686,
          "key": "1Key5"
        },
        {
          "time": 28067,
          "key": "1Key3"
        },
        {
          "time": 28067,
          "key": "1Key5"
        },
        {
          "time": 28321,
          "key": "1Key3"
        },
        {
          "time": 28321,
          "key": "1Key5"
        },
        {
          "time": 28702,
          "key": "1Key3"
        },
        {
          "time": 28702,
          "key": "1Key5"
        },
        {
          "time": 28829,
          "key": "1Key1"
        },
        {
          "time": 28829,
          "key": "1Key5"
        },
        {
          "time": 28956,
          "key": "1Key2"
        },
        {
          "time": 28956,
          "key": "1Key5"
        },
        {
          "time": 29210,
          "key": "1Key2"
        },
        {
          "time": 29210,
          "key": "1Key5"
        },
        {
          "time": 29591,
          "key": "1Key2"
        },
        {
          "time": 29591,
          "key": "1Key5"
        },
        {
          "time": 29845,
          "key": "1Key2"
        },
        {
          "time": 29845,
          "key": "1Key5"
        },
        {
          "time": 30226,
          "key": "1Key2"
        },
        {
          "time": 30226,
          "key": "1Key5"
        },
        {
          "time": 30480,
          "key": "1Key2"
        },
        {
          "time": 30480,
          "key": "1Key5"
        },
        {
          "time": 30861,
          "key": "1Key2"
        },
        {
          "time": 30861,
          "key": "1Key5"
        },
        {
          "time": 31115,
          "key": "1Key2"
        },
        {
          "time": 31115,
          "key": "1Key5"
        },
        {
          "time": 31496,
          "key": "1Key3"
        },
        {
          "time": 31496,
          "key": "1Key5"
        },
        {
          "time": 31750,
          "key": "1Key3"
        },
        {
          "time": 31750,
          "key": "1Key5"
        },
        {
          "time": 32131,
          "key": "1Key3"
        },
        {
          "time": 32131,
          "key": "1Key5"
        },
        {
          "time": 32385,
          "key": "1Key3"
        },
        {
          "time": 32385,
          "key": "1Key5"
        },
        {
          "time": 32766,
          "key": "1Key3"
        },
        {
          "time": 32766,
          "key": "1Key5"
        },
        {
          "time": 33020,
          "key": "1Key3"
        },
        {
          "time": 33020,
          "key": "1Key5"
        },
        {
          "time": 33401,
          "key": "1Key3"
        },
        {
          "time": 33401,
          "key": "1Key5"
        },
        {
          "time": 33655,
          "key": "1Key3"
        },
        {
          "time": 33655,
          "key": "1Key5"
        },
        {
          "time": 33782,
          "key": "1Key1"
        },
        {
          "time": 33782,
          "key": "1Key5"
        },
        {
          "time": 33909,
          "key": "1Key2"
        },
        {
          "time": 33909,
          "key": "1Key5"
        },
        {
          "time": 34290,
          "key": "1Key2"
        },
        {
          "time": 34290,
          "key": "1Key5"
        },
        {
          "time": 34544,
          "key": "1Key2"
        },
        {
          "time": 34544,
          "key": "1Key5"
        },
        {
          "time": 34544,
          "key": "1Key12"
        },
        {
          "time": 34544,
          "key": "1Key14"
        },
        {
          "time": 34925,
          "key": "1Key2"
        },
        {
          "time": 34925,
          "key": "1Key5"
        },
        {
          "time": 35179,
          "key": "1Key2"
        },
        {
          "time": 35179,
          "key": "1Key5"
        },
        {
          "time": 35560,
          "key": "1Key2"
        },
        {
          "time": 35560,
          "key": "1Key5"
        },
        {
          "time": 35814,
          "key": "1Key2"
        },
        {
          "time": 35814,
          "key": "1Key5"
        },
        {
          "time": 35814,
          "key": "1Key12"
        },
        {
          "time": 35814,
          "key": "1Key14"
        },
        {
          "time": 36195,
          "key": "1Key2"
        },
        {
          "time": 36195,
          "key": "1Key5"
        },
        {
          "time": 36449,
          "key": "1Key3"
        },
        {
          "time": 36449,
          "key": "1Key5"
        },
        {
          "time": 36830,
          "key": "1Key3"
        },
        {
          "time": 36830,
          "key": "1Key5"
        },
        {
          "time": 37084,
          "key": "1Key3"
        },
        {
          "time": 37084,
          "key": "1Key5"
        },
        {
          "time": 37084,
          "key": "1Key10"
        },
        {
          "time": 37084,
          "key": "1Key14"
        },
        {
          "time": 37465,
          "key": "1Key3"
        },
        {
          "time": 37465,
          "key": "1Key5"
        },
        {
          "time": 37719,
          "key": "1Key3"
        },
        {
          "time": 37719,
          "key": "1Key5"
        },
        {
          "time": 38100,
          "key": "1Key3"
        },
        {
          "time": 38100,
          "key": "1Key5"
        },
        {
          "time": 38354,
          "key": "1Key3"
        },
        {
          "time": 38354,
          "key": "1Key5"
        },
        {
          "time": 38354,
          "key": "1Key10"
        },
        {
          "time": 38354,
          "key": "1Key14"
        },
        {
          "time": 38608,
          "key": "1Key3"
        },
        {
          "time": 38608,
          "key": "1Key5"
        },
        {
          "time": 38735,
          "key": "1Key1"
        },
        {
          "time": 38735,
          "key": "1Key5"
        },
        {
          "time": 38862,
          "key": "1Key2"
        },
        {
          "time": 38862,
          "key": "1Key5"
        },
        {
          "time": 39243,
          "key": "1Key2"
        },
        {
          "time": 39243,
          "key": "1Key5"
        },
        {
          "time": 39497,
          "key": "1Key2"
        },
        {
          "time": 39497,
          "key": "1Key5"
        },
        {
          "time": 39497,
          "key": "1Key12"
        },
        {
          "time": 39497,
          "key": "1Key14"
        },
        {
          "time": 39878,
          "key": "1Key2"
        },
        {
          "time": 39878,
          "key": "1Key5"
        },
        {
          "time": 40132,
          "key": "1Key2"
        },
        {
          "time": 40132,
          "key": "1Key5"
        },
        {
          "time": 40513,
          "key": "1Key2"
        },
        {
          "time": 40513,
          "key": "1Key5"
        },
        {
          "time": 40767,
          "key": "1Key2"
        },
        {
          "time": 40767,
          "key": "1Key5"
        },
        {
          "time": 40767,
          "key": "1Key12"
        },
        {
          "time": 40767,
          "key": "1Key14"
        },
        {
          "time": 41148,
          "key": "1Key2"
        },
        {
          "time": 41148,
          "key": "1Key5"
        },
        {
          "time": 41402,
          "key": "1Key3"
        },
        {
          "time": 41402,
          "key": "1Key5"
        },
        {
          "time": 41783,
          "key": "1Key3"
        },
        {
          "time": 41783,
          "key": "1Key5"
        },
        {
          "time": 42037,
          "key": "1Key3"
        },
        {
          "time": 42037,
          "key": "1Key5"
        },
        {
          "time": 42037,
          "key": "1Key10"
        },
        {
          "time": 42037,
          "key": "1Key14"
        },
        {
          "time": 42418,
          "key": "1Key3"
        },
        {
          "time": 42418,
          "key": "1Key5"
        },
        {
          "time": 42672,
          "key": "1Key3"
        },
        {
          "time": 42672,
          "key": "1Key5"
        },
        {
          "time": 43053,
          "key": "1Key3"
        },
        {
          "time": 43053,
          "key": "1Key5"
        },
        {
          "time": 43307,
          "key": "1Key3"
        },
        {
          "time": 43307,
          "key": "1Key5"
        },
        {
          "time": 43307,
          "key": "1Key10"
        },
        {
          "time": 43307,
          "key": "1Key14"
        },
        {
          "time": 43688,
          "key": "1Key3"
        },
        {
          "time": 43688,
          "key": "1Key5"
        },
        {
          "time": 43815,
          "key": "1Key1"
        },
        {
          "time": 43815,
          "key": "1Key5"
        },
        {
          "time": 43942,
          "key": "1Key2"
        },
        {
          "time": 43942,
          "key": "1Key5"
        },
        {
          "time": 43942,
          "key": "1Key9"
        },
        {
          "time": 43942,
          "key": "1Key12"
        },
        {
          "time": 43942,
          "key": "1Key14"
        },
        {
          "time": 44196,
          "key": "1Key2"
        },
        {
          "time": 44196,
          "key": "1Key5"
        },
        {
          "time": 44577,
          "key": "1Key2"
        },
        {
          "time": 44577,
          "key": "1Key5"
        },
        {
          "time": 44577,
          "key": "1Key12"
        },
        {
          "time": 44577,
          "key": "1Key14"
        },
        {
          "time": 44831,
          "key": "1Key2"
        },
        {
          "time": 44831,
          "key": "1Key5"
        },
        {
          "time": 45212,
          "key": "1Key2"
        },
        {
          "time": 45212,
          "key": "1Key5"
        },
        {
          "time": 45466,
          "key": "1Key2"
        },
        {
          "time": 45466,
          "key": "1Key5"
        },
        {
          "time": 45847,
          "key": "1Key2"
        },
        {
          "time": 45847,
          "key": "1Key5"
        },
        {
          "time": 45847,
          "key": "1Key12"
        },
        {
          "time": 45847,
          "key": "1Key14"
        },
        {
          "time": 46101,
          "key": "1Key2"
        },
        {
          "time": 46101,
          "key": "1Key5"
        },
        {
          "time": 46482,
          "key": "1Key3"
        },
        {
          "time": 46482,
          "key": "1Key5"
        },
        {
          "time": 46482,
          "key": "1Key9"
        },
        {
          "time": 46482,
          "key": "1Key12"
        },
        {
          "time": 46482,
          "key": "1Key14"
        },
        {
          "time": 46736,
          "key": "1Key3"
        },
        {
          "time": 46736,
          "key": "1Key5"
        },
        {
          "time": 47117,
          "key": "1Key3"
        },
        {
          "time": 47117,
          "key": "1Key5"
        },
        {
          "time": 47117,
          "key": "1Key10"
        },
        {
          "time": 47117,
          "key": "1Key14"
        },
        {
          "time": 47371,
          "key": "1Key3"
        },
        {
          "time": 47371,
          "key": "1Key5"
        },
        {
          "time": 47752,
          "key": "1Key3"
        },
        {
          "time": 47752,
          "key": "1Key5"
        },
        {
          "time": 48006,
          "key": "1Key3"
        },
        {
          "time": 48006,
          "key": "1Key5"
        },
        {
          "time": 48387,
          "key": "1Key3"
        },
        {
          "time": 48387,
          "key": "1Key5"
        },
        {
          "time": 48387,
          "key": "1Key10"
        },
        {
          "time": 48387,
          "key": "1Key14"
        },
        {
          "time": 48641,
          "key": "1Key3"
        },
        {
          "time": 48641,
          "key": "1Key5"
        },
        {
          "time": 48768,
          "key": "1Key1"
        },
        {
          "time": 48768,
          "key": "1Key5"
        },
        {
          "time": 48895,
          "key": "1Key2"
        },
        {
          "time": 48895,
          "key": "1Key5"
        },
        {
          "time": 48895,
          "key": "1Key9"
        },
        {
          "time": 48895,
          "key": "1Key12"
        },
        {
          "time": 48895,
          "key": "1Key14"
        },
        {
          "time": 49276,
          "key": "1Key2"
        },
        {
          "time": 49276,
          "key": "1Key5"
        },
        {
          "time": 49530,
          "key": "1Key2"
        },
        {
          "time": 49530,
          "key": "1Key5"
        },
        {
          "time": 49530,
          "key": "1Key12"
        },
        {
          "time": 49530,
          "key": "1Key14"
        },
        {
          "time": 49911,
          "key": "1Key2"
        },
        {
          "time": 49911,
          "key": "1Key5"
        },
        {
          "time": 50165,
          "key": "1Key2"
        },
        {
          "time": 50165,
          "key": "1Key5"
        },
        {
          "time": 50546,
          "key": "1Key2"
        },
        {
          "time": 50546,
          "key": "1Key5"
        },
        {
          "time": 50800,
          "key": "1Key2"
        },
        {
          "time": 50800,
          "key": "1Key5"
        },
        {
          "time": 50800,
          "key": "1Key12"
        },
        {
          "time": 50800,
          "key": "1Key14"
        },
        {
          "time": 51181,
          "key": "1Key2"
        },
        {
          "time": 51181,
          "key": "1Key5"
        },
        {
          "time": 51435,
          "key": "1Key3"
        },
        {
          "time": 51435,
          "key": "1Key5"
        },
        {
          "time": 51435,
          "key": "1Key10"
        },
        {
          "time": 51435,
          "key": "1Key12"
        },
        {
          "time": 51435,
          "key": "1Key14"
        },
        {
          "time": 51816,
          "key": "1Key3"
        },
        {
          "time": 51816,
          "key": "1Key5"
        },
        {
          "time": 52070,
          "key": "1Key3"
        },
        {
          "time": 52070,
          "key": "1Key5"
        },
        {
          "time": 52451,
          "key": "1Key3"
        },
        {
          "time": 52451,
          "key": "1Key5"
        },
        {
          "time": 52705,
          "key": "1Key3"
        },
        {
          "time": 52705,
          "key": "1Key5"
        },
        {
          "time": 52705,
          "key": "1Key8"
        },
        {
          "time": 52705,
          "key": "1Key11"
        },
        {
          "time": 52705,
          "key": "1Key13"
        },
        {
          "time": 53086,
          "key": "1Key3"
        },
        {
          "time": 53086,
          "key": "1Key5"
        },
        {
          "time": 53340,
          "key": "1Key3"
        },
        {
          "time": 53340,
          "key": "1Key5"
        },
        {
          "time": 53721,
          "key": "1Key3"
        },
        {
          "time": 53721,
          "key": "1Key5"
        },
        {
          "time": 53848,
          "key": "1Key1"
        },
        {
          "time": 53848,
          "key": "1Key5"
        },
        {
          "time": 53975,
          "key": "1Key2"
        },
        {
          "time": 53975,
          "key": "1Key5"
        },
        {
          "time": 53975,
          "key": "1Key9"
        },
        {
          "time": 53975,
          "key": "1Key12"
        },
        {
          "time": 53975,
          "key": "1Key14"
        },
        {
          "time": 54229,
          "key": "1Key2"
        },
        {
          "time": 54229,
          "key": "1Key5"
        },
        {
          "time": 54610,
          "key": "1Key2"
        },
        {
          "time": 54610,
          "key": "1Key5"
        },
        {
          "time": 54610,
          "key": "1Key12"
        },
        {
          "time": 54610,
          "key": "1Key14"
        },
        {
          "time": 54864,
          "key": "1Key2"
        },
        {
          "time": 54864,
          "key": "1Key5"
        },
        {
          "time": 55245,
          "key": "1Key2"
        },
        {
          "time": 55245,
          "key": "1Key5"
        },
        {
          "time": 55499,
          "key": "1Key2"
        },
        {
          "time": 55499,
          "key": "1Key5"
        },
        {
          "time": 55880,
          "key": "1Key2"
        },
        {
          "time": 55880,
          "key": "1Key5"
        },
        {
          "time": 55880,
          "key": "1Key12"
        },
        {
          "time": 55880,
          "key": "1Key14"
        },
        {
          "time": 56134,
          "key": "1Key2"
        },
        {
          "time": 56134,
          "key": "1Key5"
        },
        {
          "time": 56515,
          "key": "1Key3"
        },
        {
          "time": 56515,
          "key": "1Key5"
        },
        {
          "time": 56515,
          "key": "1Key9"
        },
        {
          "time": 56515,
          "key": "1Key12"
        },
        {
          "time": 56515,
          "key": "1Key14"
        },
        {
          "time": 56769,
          "key": "1Key3"
        },
        {
          "time": 56769,
          "key": "1Key5"
        },
        {
          "time": 57150,
          "key": "1Key3"
        },
        {
          "time": 57150,
          "key": "1Key5"
        },
        {
          "time": 57150,
          "key": "1Key10"
        },
        {
          "time": 57150,
          "key": "1Key14"
        },
        {
          "time": 57404,
          "key": "1Key3"
        },
        {
          "time": 57404,
          "key": "1Key5"
        },
        {
          "time": 57785,
          "key": "1Key3"
        },
        {
          "time": 57785,
          "key": "1Key5"
        },
        {
          "time": 58039,
          "key": "1Key3"
        },
        {
          "time": 58039,
          "key": "1Key5"
        },
        {
          "time": 58420,
          "key": "1Key3"
        },
        {
          "time": 58420,
          "key": "1Key5"
        },
        {
          "time": 58420,
          "key": "1Key10"
        },
        {
          "time": 58420,
          "key": "1Key14"
        },
        {
          "time": 58674,
          "key": "1Key3"
        },
        {
          "time": 58674,
          "key": "1Key5"
        },
        {
          "time": 58801,
          "key": "1Key1"
        },
        {
          "time": 58801,
          "key": "1Key5"
        },
        {
          "time": 58928,
          "key": "1Key2"
        },
        {
          "time": 58928,
          "key": "1Key5"
        },
        {
          "time": 58928,
          "key": "1Key9"
        },
        {
          "time": 58928,
          "key": "1Key12"
        },
        {
          "time": 58928,
          "key": "1Key14"
        },
        {
          "time": 59309,
          "key": "1Key2"
        },
        {
          "time": 59309,
          "key": "1Key5"
        },
        {
          "time": 59563,
          "key": "1Key2"
        },
        {
          "time": 59563,
          "key": "1Key5"
        },
        {
          "time": 59563,
          "key": "1Key12"
        },
        {
          "time": 59563,
          "key": "1Key14"
        },
        {
          "time": 59944,
          "key": "1Key2"
        },
        {
          "time": 59944,
          "key": "1Key5"
        },
        {
          "time": 60198,
          "key": "1Key2"
        },
        {
          "time": 60198,
          "key": "1Key5"
        },
        {
          "time": 60579,
          "key": "1Key2"
        },
        {
          "time": 60579,
          "key": "1Key5"
        },
        {
          "time": 60833,
          "key": "1Key2"
        },
        {
          "time": 60833,
          "key": "1Key5"
        },
        {
          "time": 60833,
          "key": "1Key12"
        },
        {
          "time": 60833,
          "key": "1Key14"
        },
        {
          "time": 61214,
          "key": "1Key2"
        },
        {
          "time": 61214,
          "key": "1Key5"
        },
        {
          "time": 61468,
          "key": "1Key3"
        },
        {
          "time": 61468,
          "key": "1Key5"
        },
        {
          "time": 61468,
          "key": "1Key10"
        },
        {
          "time": 61468,
          "key": "1Key12"
        },
        {
          "time": 61468,
          "key": "1Key14"
        },
        {
          "time": 61849,
          "key": "1Key3"
        },
        {
          "time": 61849,
          "key": "1Key5"
        },
        {
          "time": 62103,
          "key": "1Key3"
        },
        {
          "time": 62103,
          "key": "1Key5"
        },
        {
          "time": 62484,
          "key": "1Key3"
        },
        {
          "time": 62484,
          "key": "1Key5"
        },
        {
          "time": 62738,
          "key": "1Key3"
        },
        {
          "time": 62738,
          "key": "1Key5"
        },
        {
          "time": 62738,
          "key": "1Key8"
        },
        {
          "time": 62738,
          "key": "1Key11"
        },
        {
          "time": 62738,
          "key": "1Key13"
        },
        {
          "time": 63119,
          "key": "1Key3"
        },
        {
          "time": 63119,
          "key": "1Key5"
        },
        {
          "time": 63373,
          "key": "1Key3"
        },
        {
          "time": 63373,
          "key": "1Key5"
        },
        {
          "time": 63754,
          "key": "1Key3"
        },
        {
          "time": 63754,
          "key": "1Key5"
        },
        {
          "time": 63881,
          "key": "1Key1"
        },
        {
          "time": 63881,
          "key": "1Key5"
        },
        {
          "time": 64008,
          "key": "1Key2"
        },
        {
          "time": 64008,
          "key": "1Key5"
        },
        {
          "time": 64008,
          "key": "1Key9"
        },
        {
          "time": 64008,
          "key": "1Key12"
        },
        {
          "time": 64008,
          "key": "1Key14"
        },
        {
          "time": 64262,
          "key": "1Key2"
        },
        {
          "time": 64262,
          "key": "1Key5"
        },
        {
          "time": 64643,
          "key": "1Key2"
        },
        {
          "time": 64643,
          "key": "1Key5"
        },
        {
          "time": 64643,
          "key": "1Key12"
        },
        {
          "time": 64643,
          "key": "1Key14"
        },
        {
          "time": 64897,
          "key": "1Key2"
        },
        {
          "time": 64897,
          "key": "1Key5"
        },
        {
          "time": 65278,
          "key": "1Key2"
        },
        {
          "time": 65278,
          "key": "1Key5"
        },
        {
          "time": 65532,
          "key": "1Key2"
        },
        {
          "time": 65532,
          "key": "1Key5"
        },
        {
          "time": 65913,
          "key": "1Key2"
        },
        {
          "time": 65913,
          "key": "1Key5"
        },
        {
          "time": 65913,
          "key": "1Key12"
        },
        {
          "time": 65913,
          "key": "1Key14"
        },
        {
          "time": 66167,
          "key": "1Key2"
        },
        {
          "time": 66167,
          "key": "1Key5"
        },
        {
          "time": 66548,
          "key": "1Key3"
        },
        {
          "time": 66548,
          "key": "1Key5"
        },
        {
          "time": 66548,
          "key": "1Key9"
        },
        {
          "time": 66548,
          "key": "1Key12"
        },
        {
          "time": 66548,
          "key": "1Key14"
        },
        {
          "time": 66802,
          "key": "1Key3"
        },
        {
          "time": 66802,
          "key": "1Key5"
        },
        {
          "time": 67183,
          "key": "1Key3"
        },
        {
          "time": 67183,
          "key": "1Key5"
        },
        {
          "time": 67183,
          "key": "1Key10"
        },
        {
          "time": 67183,
          "key": "1Key14"
        },
        {
          "time": 67437,
          "key": "1Key3"
        },
        {
          "time": 67437,
          "key": "1Key5"
        },
        {
          "time": 67818,
          "key": "1Key3"
        },
        {
          "time": 67818,
          "key": "1Key5"
        },
        {
          "time": 67818,
          "key": "1Key14"
        },
        {
          "time": 68072,
          "key": "1Key3"
        },
        {
          "time": 68072,
          "key": "1Key5"
        },
        {
          "time": 68072,
          "key": "1Key12"
        },
        {
          "time": 68453,
          "key": "1Key3"
        },
        {
          "time": 68453,
          "key": "1Key5"
        },
        {
          "time": 68707,
          "key": "1Key3"
        },
        {
          "time": 68707,
          "key": "1Key5"
        },
        {
          "time": 68707,
          "key": "1Key14"
        },
        {
          "time": 68834,
          "key": "1Key1"
        },
        {
          "time": 68834,
          "key": "1Key5"
        },
        {
          "time": 68834,
          "key": "1Key13"
        },
        {
          "time": 68961,
          "key": "1Key2"
        },
        {
          "time": 68961,
          "key": "1Key5"
        },
        {
          "time": 68961,
          "key": "1Key9"
        },
        {
          "time": 68961,
          "key": "1Key12"
        },
        {
          "time": 68961,
          "key": "1Key14"
        },
        {
          "time": 69342,
          "key": "1Key2"
        },
        {
          "time": 69342,
          "key": "1Key5"
        },
        {
          "time": 69596,
          "key": "1Key2"
        },
        {
          "time": 69596,
          "key": "1Key5"
        },
        {
          "time": 69596,
          "key": "1Key12"
        },
        {
          "time": 69596,
          "key": "1Key14"
        },
        {
          "time": 69977,
          "key": "1Key2"
        },
        {
          "time": 69977,
          "key": "1Key5"
        },
        {
          "time": 70231,
          "key": "1Key2"
        },
        {
          "time": 70231,
          "key": "1Key5"
        },
        {
          "time": 70612,
          "key": "1Key2"
        },
        {
          "time": 70612,
          "key": "1Key5"
        },
        {
          "time": 70866,
          "key": "1Key2"
        },
        {
          "time": 70866,
          "key": "1Key5"
        },
        {
          "time": 70866,
          "key": "1Key12"
        },
        {
          "time": 70866,
          "key": "1Key14"
        },
        {
          "time": 71247,
          "key": "1Key2"
        },
        {
          "time": 71247,
          "key": "1Key5"
        },
        {
          "time": 71247,
          "key": "1Key14"
        },
        {
          "time": 71501,
          "key": "1Key3"
        },
        {
          "time": 71501,
          "key": "1Key5"
        },
        {
          "time": 71501,
          "key": "1Key10"
        },
        {
          "time": 71501,
          "key": "1Key12"
        },
        {
          "time": 71501,
          "key": "1Key14"
        },
        {
          "time": 71882,
          "key": "1Key3"
        },
        {
          "time": 71882,
          "key": "1Key5"
        },
        {
          "time": 72136,
          "key": "1Key3"
        },
        {
          "time": 72136,
          "key": "1Key5"
        },
        {
          "time": 72517,
          "key": "1Key3"
        },
        {
          "time": 72517,
          "key": "1Key5"
        },
        {
          "time": 72771,
          "key": "1Key3"
        },
        {
          "time": 72771,
          "key": "1Key5"
        },
        {
          "time": 72771,
          "key": "1Key8"
        },
        {
          "time": 72771,
          "key": "1Key11"
        },
        {
          "time": 72771,
          "key": "1Key13"
        },
        {
          "time": 73152,
          "key": "1Key3"
        },
        {
          "time": 73152,
          "key": "1Key5"
        },
        {
          "time": 73406,
          "key": "1Key3"
        },
        {
          "time": 73406,
          "key": "1Key5"
        },
        {
          "time": 73787,
          "key": "1Key3"
        },
        {
          "time": 73787,
          "key": "1Key5"
        },
        {
          "time": 73787,
          "key": "1Key14"
        },
        {
          "time": 73914,
          "key": "1Key1"
        },
        {
          "time": 73914,
          "key": "1Key5"
        },
        {
          "time": 73914,
          "key": "1Key9"
        },
        {
          "time": 74041,
          "key": "1Key2"
        },
        {
          "time": 74041,
          "key": "1Key5"
        },
        {
          "time": 74041,
          "key": "1Key9"
        },
        {
          "time": 74041,
          "key": "1Key12"
        },
        {
          "time": 74041,
          "key": "1Key14"
        },
        {
          "time": 74295,
          "key": "1Key2"
        },
        {
          "time": 74295,
          "key": "1Key5"
        },
        {
          "time": 74676,
          "key": "1Key2"
        },
        {
          "time": 74676,
          "key": "1Key5"
        },
        {
          "time": 74676,
          "key": "1Key12"
        },
        {
          "time": 74676,
          "key": "1Key14"
        },
        {
          "time": 74930,
          "key": "1Key2"
        },
        {
          "time": 74930,
          "key": "1Key5"
        },
        {
          "time": 75311,
          "key": "1Key2"
        },
        {
          "time": 75311,
          "key": "1Key5"
        },
        {
          "time": 75565,
          "key": "1Key2"
        },
        {
          "time": 75565,
          "key": "1Key5"
        },
        {
          "time": 75946,
          "key": "1Key2"
        },
        {
          "time": 75946,
          "key": "1Key5"
        },
        {
          "time": 75946,
          "key": "1Key12"
        },
        {
          "time": 75946,
          "key": "1Key14"
        },
        {
          "time": 76200,
          "key": "1Key2"
        },
        {
          "time": 76200,
          "key": "1Key5"
        },
        {
          "time": 76581,
          "key": "1Key3"
        },
        {
          "time": 76581,
          "key": "1Key5"
        },
        {
          "time": 76581,
          "key": "1Key9"
        },
        {
          "time": 76581,
          "key": "1Key12"
        },
        {
          "time": 76581,
          "key": "1Key14"
        },
        {
          "time": 76835,
          "key": "1Key3"
        },
        {
          "time": 76835,
          "key": "1Key5"
        },
        {
          "time": 77089,
          "key": "1Key3"
        },
        {
          "time": 77089,
          "key": "1Key5"
        },
        {
          "time": 77089,
          "key": "1Key10"
        },
        {
          "time": 77089,
          "key": "1Key14"
        },
        {
          "time": 77470,
          "key": "1Key3"
        },
        {
          "time": 77470,
          "key": "1Key5"
        },
        {
          "time": 77724,
          "key": "1Key3"
        },
        {
          "time": 77724,
          "key": "1Key5"
        },
        {
          "time": 77724,
          "key": "1Key14"
        },
        {
          "time": 78105,
          "key": "1Key3"
        },
        {
          "time": 78105,
          "key": "1Key5"
        },
        {
          "time": 78105,
          "key": "1Key12"
        },
        {
          "time": 78359,
          "key": "1Key3"
        },
        {
          "time": 78359,
          "key": "1Key5"
        },
        {
          "time": 78740,
          "key": "1Key3"
        },
        {
          "time": 78740,
          "key": "1Key5"
        },
        {
          "time": 78740,
          "key": "1Key14"
        },
        {
          "time": 78867,
          "key": "1Key1"
        },
        {
          "time": 78867,
          "key": "1Key5"
        },
        {
          "time": 78867,
          "key": "1Key13"
        },
        {
          "time": 78994,
          "key": "1Key2"
        },
        {
          "time": 78994,
          "key": "1Key5"
        },
        {
          "time": 78994,
          "key": "1Key9"
        },
        {
          "time": 78994,
          "key": "1Key12"
        },
        {
          "time": 78994,
          "key": "1Key14"
        },
        {
          "time": 79248,
          "key": "1Key2"
        },
        {
          "time": 79248,
          "key": "1Key5"
        },
        {
          "time": 79629,
          "key": "1Key2"
        },
        {
          "time": 79629,
          "key": "1Key5"
        },
        {
          "time": 79629,
          "key": "1Key12"
        },
        {
          "time": 79629,
          "key": "1Key14"
        },
        {
          "time": 79883,
          "key": "1Key2"
        },
        {
          "time": 79883,
          "key": "1Key5"
        },
        {
          "time": 80264,
          "key": "1Key2"
        },
        {
          "time": 80264,
          "key": "1Key5"
        },
        {
          "time": 80518,
          "key": "1Key2"
        },
        {
          "time": 80518,
          "key": "1Key5"
        },
        {
          "time": 80899,
          "key": "1Key2"
        },
        {
          "time": 80899,
          "key": "1Key5"
        },
        {
          "time": 80899,
          "key": "1Key12"
        },
        {
          "time": 80899,
          "key": "1Key14"
        },
        {
          "time": 81153,
          "key": "1Key2"
        },
        {
          "time": 81153,
          "key": "1Key5"
        },
        {
          "time": 81153,
          "key": "1Key14"
        },
        {
          "time": 81534,
          "key": "1Key3"
        },
        {
          "time": 81534,
          "key": "1Key5"
        },
        {
          "time": 81534,
          "key": "1Key10"
        },
        {
          "time": 81534,
          "key": "1Key12"
        },
        {
          "time": 81534,
          "key": "1Key14"
        },
        {
          "time": 81788,
          "key": "1Key3"
        },
        {
          "time": 81788,
          "key": "1Key5"
        },
        {
          "time": 82169,
          "key": "1Key3"
        },
        {
          "time": 82169,
          "key": "1Key5"
        },
        {
          "time": 82423,
          "key": "1Key3"
        },
        {
          "time": 82423,
          "key": "1Key5"
        },
        {
          "time": 82804,
          "key": "1Key3"
        },
        {
          "time": 82804,
          "key": "1Key5"
        },
        {
          "time": 82804,
          "key": "1Key8"
        },
        {
          "time": 82804,
          "key": "1Key11"
        },
        {
          "time": 82804,
          "key": "1Key13"
        },
        {
          "time": 83058,
          "key": "1Key3"
        },
        {
          "time": 83058,
          "key": "1Key5"
        },
        {
          "time": 83439,
          "key": "1Key3"
        },
        {
          "time": 83439,
          "key": "1Key5"
        },
        {
          "time": 83693,
          "key": "1Key3"
        },
        {
          "time": 83693,
          "key": "1Key5"
        },
        {
          "time": 83693,
          "key": "1Key14"
        },
        {
          "time": 83820,
          "key": "1Key1"
        },
        {
          "time": 83820,
          "key": "1Key5"
        },
        {
          "time": 83820,
          "key": "1Key9"
        },
        {
          "time": 83947,
          "key": "1Key2"
        },
        {
          "time": 83947,
          "key": "1Key5"
        },
        {
          "time": 83947,
          "key": "1Key9"
        },
        {
          "time": 83947,
          "key": "1Key12"
        },
        {
          "time": 83947,
          "key": "1Key14"
        },
        {
          "time": 84328,
          "key": "1Key2"
        },
        {
          "time": 84328,
          "key": "1Key5"
        },
        {
          "time": 84582,
          "key": "1Key2"
        },
        {
          "time": 84582,
          "key": "1Key5"
        },
        {
          "time": 84582,
          "key": "1Key12"
        },
        {
          "time": 84582,
          "key": "1Key14"
        },
        {
          "time": 84963,
          "key": "1Key2"
        },
        {
          "time": 84963,
          "key": "1Key5"
        },
        {
          "time": 85217,
          "key": "1Key2"
        },
        {
          "time": 85217,
          "key": "1Key5"
        },
        {
          "time": 85598,
          "key": "1Key2"
        },
        {
          "time": 85598,
          "key": "1Key5"
        },
        {
          "time": 85852,
          "key": "1Key2"
        },
        {
          "time": 85852,
          "key": "1Key5"
        },
        {
          "time": 85852,
          "key": "1Key9"
        },
        {
          "time": 85852,
          "key": "1Key12"
        },
        {
          "time": 85852,
          "key": "1Key14"
        },
        {
          "time": 86233,
          "key": "1Key2"
        },
        {
          "time": 86233,
          "key": "1Key5"
        },
        {
          "time": 86487,
          "key": "1Key3"
        },
        {
          "time": 86487,
          "key": "1Key5"
        },
        {
          "time": 86487,
          "key": "1Key9"
        },
        {
          "time": 86487,
          "key": "1Key12"
        },
        {
          "time": 86487,
          "key": "1Key14"
        },
        {
          "time": 86868,
          "key": "1Key3"
        },
        {
          "time": 86868,
          "key": "1Key5"
        },
        {
          "time": 87122,
          "key": "1Key3"
        },
        {
          "time": 87122,
          "key": "1Key5"
        },
        {
          "time": 87122,
          "key": "1Key10"
        },
        {
          "time": 87122,
          "key": "1Key14"
        },
        {
          "time": 87503,
          "key": "1Key3"
        },
        {
          "time": 87503,
          "key": "1Key5"
        },
        {
          "time": 87757,
          "key": "1Key3"
        },
        {
          "time": 87757,
          "key": "1Key5"
        },
        {
          "time": 87757,
          "key": "1Key14"
        },
        {
          "time": 88138,
          "key": "1Key3"
        },
        {
          "time": 88138,
          "key": "1Key5"
        },
        {
          "time": 88138,
          "key": "1Key12"
        },
        {
          "time": 88392,
          "key": "1Key3"
        },
        {
          "time": 88392,
          "key": "1Key5"
        },
        {
          "time": 88773,
          "key": "1Key3"
        },
        {
          "time": 88773,
          "key": "1Key5"
        },
        {
          "time": 88773,
          "key": "1Key14"
        },
        {
          "time": 88900,
          "key": "1Key1"
        },
        {
          "time": 88900,
          "key": "1Key5"
        },
        {
          "time": 88900,
          "key": "1Key13"
        },
        {
          "time": 89027,
          "key": "1Key2"
        },
        {
          "time": 89027,
          "key": "1Key5"
        },
        {
          "time": 89027,
          "key": "1Key9"
        },
        {
          "time": 89027,
          "key": "1Key12"
        },
        {
          "time": 89027,
          "key": "1Key14"
        },
        {
          "time": 89281,
          "key": "1Key2"
        },
        {
          "time": 89281,
          "key": "1Key5"
        },
        {
          "time": 89662,
          "key": "1Key2"
        },
        {
          "time": 89662,
          "key": "1Key5"
        },
        {
          "time": 89662,
          "key": "1Key12"
        },
        {
          "time": 89662,
          "key": "1Key14"
        },
        {
          "time": 89916,
          "key": "1Key2"
        },
        {
          "time": 89916,
          "key": "1Key5"
        },
        {
          "time": 90297,
          "key": "1Key2"
        },
        {
          "time": 90297,
          "key": "1Key5"
        },
        {
          "time": 90297,
          "key": "1Key9"
        },
        {
          "time": 90297,
          "key": "1Key12"
        },
        {
          "time": 90297,
          "key": "1Key14"
        },
        {
          "time": 90551,
          "key": "1Key2"
        },
        {
          "time": 90551,
          "key": "1Key5"
        },
        {
          "time": 90932,
          "key": "1Key2"
        },
        {
          "time": 90932,
          "key": "1Key5"
        },
        {
          "time": 90932,
          "key": "1Key9"
        },
        {
          "time": 90932,
          "key": "1Key12"
        },
        {
          "time": 90932,
          "key": "1Key14"
        },
        {
          "time": 91186,
          "key": "1Key2"
        },
        {
          "time": 91186,
          "key": "1Key5"
        },
        {
          "time": 91567,
          "key": "1Key3"
        },
        {
          "time": 91567,
          "key": "1Key5"
        },
        {
          "time": 91567,
          "key": "1Key10"
        },
        {
          "time": 91567,
          "key": "1Key12"
        },
        {
          "time": 91567,
          "key": "1Key14"
        },
        {
          "time": 91821,
          "key": "1Key3"
        },
        {
          "time": 91821,
          "key": "1Key5"
        },
        {
          "time": 92202,
          "key": "1Key3"
        },
        {
          "time": 92202,
          "key": "1Key5"
        },
        {
          "time": 92456,
          "key": "1Key3"
        },
        {
          "time": 92456,
          "key": "1Key5"
        },
        {
          "time": 92837,
          "key": "1Key3"
        },
        {
          "time": 92837,
          "key": "1Key5"
        },
        {
          "time": 92837,
          "key": "1Key8"
        },
        {
          "time": 92837,
          "key": "1Key11"
        },
        {
          "time": 92837,
          "key": "1Key13"
        },
        {
          "time": 93091,
          "key": "1Key3"
        },
        {
          "time": 93091,
          "key": "1Key5"
        },
        {
          "time": 93472,
          "key": "1Key3"
        },
        {
          "time": 93472,
          "key": "1Key5"
        },
        {
          "time": 93472,
          "key": "1Key8"
        },
        {
          "time": 93472,
          "key": "1Key11"
        },
        {
          "time": 93472,
          "key": "1Key13"
        },
        {
          "time": 93726,
          "key": "1Key3"
        },
        {
          "time": 93726,
          "key": "1Key5"
        },
        {
          "time": 93726,
          "key": "1Key14"
        },
        {
          "time": 93853,
          "key": "1Key1"
        },
        {
          "time": 93853,
          "key": "1Key5"
        },
        {
          "time": 93853,
          "key": "1Key9"
        },
        {
          "time": 93980,
          "key": "1Key2"
        },
        {
          "time": 93980,
          "key": "1Key5"
        },
        {
          "time": 93980,
          "key": "1Key9"
        },
        {
          "time": 93980,
          "key": "1Key12"
        },
        {
          "time": 93980,
          "key": "1Key14"
        },
        {
          "time": 94361,
          "key": "1Key2"
        },
        {
          "time": 94361,
          "key": "1Key5"
        },
        {
          "time": 94615,
          "key": "1Key2"
        },
        {
          "time": 94615,
          "key": "1Key5"
        },
        {
          "time": 94615,
          "key": "1Key12"
        },
        {
          "time": 94615,
          "key": "1Key14"
        },
        {
          "time": 94996,
          "key": "1Key2"
        },
        {
          "time": 94996,
          "key": "1Key5"
        },
        {
          "time": 95250,
          "key": "1Key2"
        },
        {
          "time": 95250,
          "key": "1Key5"
        },
        {
          "time": 95631,
          "key": "1Key2"
        },
        {
          "time": 95631,
          "key": "1Key5"
        },
        {
          "time": 95885,
          "key": "1Key2"
        },
        {
          "time": 95885,
          "key": "1Key5"
        },
        {
          "time": 95885,
          "key": "1Key9"
        },
        {
          "time": 95885,
          "key": "1Key12"
        },
        {
          "time": 95885,
          "key": "1Key14"
        },
        {
          "time": 96266,
          "key": "1Key2"
        },
        {
          "time": 96266,
          "key": "1Key5"
        },
        {
          "time": 96520,
          "key": "1Key3"
        },
        {
          "time": 96520,
          "key": "1Key5"
        },
        {
          "time": 96520,
          "key": "1Key9"
        },
        {
          "time": 96520,
          "key": "1Key12"
        },
        {
          "time": 96520,
          "key": "1Key14"
        },
        {
          "time": 96901,
          "key": "1Key3"
        },
        {
          "time": 96901,
          "key": "1Key5"
        },
        {
          "time": 97155,
          "key": "1Key3"
        },
        {
          "time": 97155,
          "key": "1Key5"
        },
        {
          "time": 97155,
          "key": "1Key10"
        },
        {
          "time": 97155,
          "key": "1Key14"
        },
        {
          "time": 97536,
          "key": "1Key3"
        },
        {
          "time": 97536,
          "key": "1Key5"
        },
        {
          "time": 97790,
          "key": "1Key3"
        },
        {
          "time": 97790,
          "key": "1Key5"
        },
        {
          "time": 97790,
          "key": "1Key14"
        },
        {
          "time": 98171,
          "key": "1Key3"
        },
        {
          "time": 98171,
          "key": "1Key5"
        },
        {
          "time": 98171,
          "key": "1Key12"
        },
        {
          "time": 98425,
          "key": "1Key3"
        },
        {
          "time": 98425,
          "key": "1Key5"
        },
        {
          "time": 98806,
          "key": "1Key3"
        },
        {
          "time": 98806,
          "key": "1Key5"
        },
        {
          "time": 98806,
          "key": "1Key14"
        },
        {
          "time": 98933,
          "key": "1Key1"
        },
        {
          "time": 98933,
          "key": "1Key5"
        },
        {
          "time": 98933,
          "key": "1Key13"
        },
        {
          "time": 99060,
          "key": "1Key2"
        },
        {
          "time": 99060,
          "key": "1Key5"
        },
        {
          "time": 99060,
          "key": "1Key9"
        },
        {
          "time": 99060,
          "key": "1Key12"
        },
        {
          "time": 99060,
          "key": "1Key14"
        },
        {
          "time": 99314,
          "key": "1Key2"
        },
        {
          "time": 99314,
          "key": "1Key5"
        },
        {
          "time": 99695,
          "key": "1Key2"
        },
        {
          "time": 99695,
          "key": "1Key5"
        },
        {
          "time": 99695,
          "key": "1Key12"
        },
        {
          "time": 99695,
          "key": "1Key14"
        },
        {
          "time": 99949,
          "key": "1Key2"
        },
        {
          "time": 99949,
          "key": "1Key5"
        },
        {
          "time": 100330,
          "key": "1Key2"
        },
        {
          "time": 100330,
          "key": "1Key5"
        },
        {
          "time": 100330,
          "key": "1Key9"
        },
        {
          "time": 100330,
          "key": "1Key12"
        },
        {
          "time": 100330,
          "key": "1Key14"
        },
        {
          "time": 100584,
          "key": "1Key2"
        },
        {
          "time": 100584,
          "key": "1Key5"
        },
        {
          "time": 100965,
          "key": "1Key2"
        },
        {
          "time": 100965,
          "key": "1Key5"
        },
        {
          "time": 100965,
          "key": "1Key9"
        },
        {
          "time": 100965,
          "key": "1Key12"
        },
        {
          "time": 100965,
          "key": "1Key14"
        },
        {
          "time": 101219,
          "key": "1Key2"
        },
        {
          "time": 101219,
          "key": "1Key5"
        },
        {
          "time": 101600,
          "key": "1Key3"
        },
        {
          "time": 101600,
          "key": "1Key5"
        },
        {
          "time": 101600,
          "key": "1Key10"
        },
        {
          "time": 101600,
          "key": "1Key12"
        },
        {
          "time": 101600,
          "key": "1Key14"
        },
        {
          "time": 101854,
          "key": "1Key3"
        },
        {
          "time": 101854,
          "key": "1Key5"
        },
        {
          "time": 102235,
          "key": "1Key3"
        },
        {
          "time": 102235,
          "key": "1Key5"
        },
        {
          "time": 102489,
          "key": "1Key3"
        },
        {
          "time": 102489,
          "key": "1Key5"
        },
        {
          "time": 102870,
          "key": "1Key3"
        },
        {
          "time": 102870,
          "key": "1Key5"
        },
        {
          "time": 102870,
          "key": "1Key8"
        },
        {
          "time": 102870,
          "key": "1Key11"
        },
        {
          "time": 102870,
          "key": "1Key13"
        },
        {
          "time": 103124,
          "key": "1Key3"
        },
        {
          "time": 103124,
          "key": "1Key5"
        },
        {
          "time": 103505,
          "key": "1Key3"
        },
        {
          "time": 103505,
          "key": "1Key5"
        },
        {
          "time": 103759,
          "key": "1Key3"
        },
        {
          "time": 103759,
          "key": "1Key5"
        },
        {
          "time": 103759,
          "key": "1Key9"
        },
        {
          "time": 103886,
          "key": "1Key1"
        },
        {
          "time": 103886,
          "key": "1Key5"
        },
        {
          "time": 103886,
          "key": "1Key14"
        },
        {
          "time": 104013,
          "key": "1Key0"
        },
        {
          "time": 104013,
          "key": "1Key2"
        },
        {
          "time": 104013,
          "key": "1Key5"
        },
        {
          "time": 104013,
          "key": "1Key12"
        }
      ]
    }
  ]