[{"name":"Erased","bpm":500,"bitsPerPage":16,"pitchLevel":0,"isComposed":true,"songNotes":[{"time":960,"key":"1Key7","l":1},{"time":1440,"key":"1Key6","l":1},{"time":1920,"key":"1Key0","l":1},{"time":1920,"key":"1Key3","l":1},{"time":1920,"key":"1Key5","l":1},{"time":2400,"key":"1Key3","l":1},{"time":2880,"key":"1Key0","l":1},{"time":2880,"key":"1Key3","l":1},{"time":2880,"key":"1Key5","l":1},{"time":3360,"key":"1Key7","l":1},{"time":3840,"key":"1Key1","l":1},{"time":3840,"key":"1Key4","l":1},{"time":3840,"key":"1Key6","l":1},{"time":4320,"key":"1Key4","l":1},{"time":4800,"key":"1Key1","l":1},{"time":4800,"key":"1Key4","l":1},{"time":4800,"key":"1Key7","l":1},{"time":5280,"key":"1Key8","l":1},{"time":5760,"key":"1Key0","l":1},{"time":5760,"key":"1Key4","l":1},{"time":5760,"key":"1Key9","l":1},{"time":6240,"key":"1Key11","l":1},{"time":6720,"key":"1Key1","l":1},{"time":6720,"key":"1Key4","l":1},{"time":6720,"key":"1Key8","l":1},{"time":7200,"key":"1Key11","l":1},{"time":7680,"key":"1Key2","l":1},{"time":7680,"key":"1Key5","l":1},{"time":7680,"key":"1Key7","l":1},{"time":8160,"key":"1Key2","l":1},{"time":8640,"key":"1Key0","l":1},{"time":8640,"key":"1Key2","l":1},{"time":8640,"key":"1Key7","l":1},{"time":9120,"key":"1Key6","l":1},{"time":9600,"key":"1Key0","l":1},{"time":9600,"key":"1Key3","l":1},{"time":9600,"key":"1Key5","l":1},{"time":10080,"key":"1Key3","l":1},{"time":10560,"key":"1Key0","l":1},{"time":10560,"key":"1Key3","l":1},{"time":10560,"key":"1Key5","l":1},{"time":11040,"key":"1Key7","l":1},{"time":11520,"key":"1Key1","l":1},{"time":11520,"key":"1Key4","l":1},{"time":11520,"key":"1Key6","l":1},{"time":12000,"key":"1Key4","l":1},{"time":12480,"key":"1Key1","l":1},{"time":12480,"key":"1Key4","l":1},{"time":12480,"key":"1Key8","l":1},{"time":12960,"key":"1Key6","l":1},{"time":13440,"key":"1Key0","l":1},{"time":13440,"key":"1Key5","l":1},{"time":13920,"key":"1Key2","l":1},{"time":14400,"key":"1Key5","l":1},{"time":14880,"key":"1Key6","l":1},{"time":15360,"key":"1Key0","l":1},{"time":15360,"key":"1Key2","l":1},{"time":15360,"key":"1Key7","l":1},{"time":15840,"key":"1Key2","l":1},{"time":16320,"key":"1Key0","l":1},{"time":16320,"key":"1Key2","l":1},{"time":16320,"key":"1Key7","l":1},{"time":16800,"key":"1Key6","l":1},{"time":17280,"key":"1Key0","l":1},{"time":17280,"key":"1Key3","l":1},{"time":17280,"key":"1Key5","l":1},{"time":17760,"key":"1Key3","l":1},{"time":18240,"key":"1Key0","l":1},{"time":18240,"key":"1Key3","l":1},{"time":18240,"key":"1Key5","l":1},{"time":18720,"key":"1Key7","l":1},{"time":19200,"key":"1Key1","l":1},{"time":19200,"key":"1Key4","l":1},{"time":19200,"key":"1Key6","l":1},{"time":19680,"key":"1Key4","l":1},{"time":20160,"key":"1Key1","l":1},{"time":20160,"key":"1Key4","l":1},{"time":20160,"key":"1Key7","l":1},{"time":20640,"key":"1Key8","l":1},{"time":21120,"key":"1Key0","l":1},{"time":21120,"key":"1Key4","l":1},{"time":21120,"key":"1Key9","l":1},{"time":21600,"key":"1Key11","l":1},{"time":22080,"key":"1Key1","l":1},{"time":22080,"key":"1Key4","l":1},{"time":22080,"key":"1Key8","l":1},{"time":22560,"key":"1Key11","l":1},{"time":23040,"key":"1Key2","l":1},{"time":23040,"key":"1Key5","l":1},{"time":23040,"key":"1Key7","l":1},{"time":23520,"key":"1Key2","l":1},{"time":24000,"key":"1Key0","l":1},{"time":24000,"key":"1Key2","l":1},{"time":24000,"key":"1Key7","l":1},{"time":24480,"key":"1Key6","l":1},{"time":24960,"key":"1Key0","l":1},{"time":24960,"key":"1Key3","l":1},{"time":24960,"key":"1Key5","l":1},{"time":25440,"key":"1Key3","l":1},{"time":25920,"key":"1Key0","l":1},{"time":25920,"key":"1Key3","l":1},{"time":25920,"key":"1Key5","l":1},{"time":26400,"key":"1Key7","l":1},{"time":26880,"key":"1Key1","l":1},{"time":26880,"key":"1Key4","l":1},{"time":26880,"key":"1Key6","l":1},{"time":27360,"key":"1Key7","l":1},{"time":27840,"key":"1Key1","l":1},{"time":27840,"key":"1Key4","l":1},{"time":27840,"key":"1Key6","l":1},{"time":28320,"key":"1Key4","l":1},{"time":28800,"key":"1Key0","l":1},{"time":28800,"key":"1Key5","l":1},{"time":29280,"key":"1Key2","l":1},{"time":29760,"key":"1Key5","l":1},{"time":30240,"key":"1Key7","l":1},{"time":30720,"key":"1Key5","l":1},{"time":30720,"key":"1Key7","l":1},{"time":30720,"key":"1Key9","l":1},{"time":31200,"key":"1Key2","l":1},{"time":31680,"key":"1Key0","l":1},{"time":31680,"key":"1Key2","l":1},{"time":31680,"key":"1Key9","l":1},{"time":32160,"key":"1Key11","l":1},{"time":32640,"key":"1Key0","l":1},{"time":32640,"key":"1Key3","l":1},{"time":32640,"key":"1Key5","l":1},{"time":32640,"key":"1Key12","l":1},{"time":33120,"key":"1Key3","l":1},{"time":33600,"key":"1Key0","l":1},{"time":33600,"key":"1Key3","l":1},{"time":33600,"key":"1Key5","l":1},{"time":33600,"key":"1Key12","l":1},{"time":34080,"key":"1Key14","l":1},{"time":34560,"key":"1Key1","l":1},{"time":34560,"key":"1Key4","l":1},{"time":34560,"key":"1Key6","l":1},{"time":34560,"key":"1Key13","l":1},{"time":35040,"key":"1Key4","l":1},{"time":35520,"key":"1Key1","l":1},{"time":35520,"key":"1Key4","l":1},{"time":35520,"key":"1Key12","l":1},{"time":36000,"key":"1Key11","l":1},{"time":36480,"key":"1Key0","l":1},{"time":36480,"key":"1Key4","l":1},{"time":36480,"key":"1Key9","l":1},{"time":36960,"key":"1Key4","l":1},{"time":37440,"key":"1Key1","l":1},{"time":37440,"key":"1Key4","l":1},{"time":37440,"key":"1Key8","l":1},{"time":37920,"key":"1Key9","l":1},{"time":38400,"key":"1Key2","l":1},{"time":38400,"key":"1Key5","l":1},{"time":38400,"key":"1Key7","l":1},{"time":38880,"key":"1Key2","l":1},{"time":39360,"key":"1Key2","l":1},{"time":39360,"key":"1Key5","l":1},{"time":39360,"key":"1Key7","l":1},{"time":39840,"key":"1Key6","l":1},{"time":40320,"key":"1Key0","l":1},{"time":40320,"key":"1Key3","l":1},{"time":40320,"key":"1Key7","l":1},{"time":40800,"key":"1Key3","l":1},{"time":41280,"key":"1Key0","l":1},{"time":41280,"key":"1Key3","l":1},{"time":41280,"key":"1Key7","l":1},{"time":41760,"key":"1Key9","l":1},{"time":42240,"key":"1Key1","l":1},{"time":42240,"key":"1Key4","l":1},{"time":42240,"key":"1Key8","l":1},{"time":42720,"key":"1Key9","l":1},{"time":43200,"key":"1Key1","l":1},{"time":43200,"key":"1Key4","l":1},{"time":43200,"key":"1Key10","l":1},{"time":43680,"key":"1Key11","l":1},{"time":44160,"key":"1Key0","l":1},{"time":44160,"key":"1Key4","l":1},{"time":44160,"key":"1Key9","l":1},{"time":44640,"key":"1Key4","l":1},{"time":45120,"key":"1Key0","l":1},{"time":45120,"key":"1Key4","l":1},{"time":45120,"key":"1Key8","l":1},{"time":45600,"key":"1Key4","l":1},{"time":46080,"key":"1Key0","l":1},{"time":46080,"key":"1Key4","l":1},{"time":46080,"key":"1Key7","l":1},{"time":46560,"key":"1Key4","l":1},{"time":47040,"key":"1Key0","l":1},{"time":47040,"key":"1Key4","l":1},{"time":47040,"key":"1Key9","l":1},{"time":47520,"key":"1Key11","l":1},{"time":48000,"key":"1Key0","l":1},{"time":48000,"key":"1Key3","l":1},{"time":48000,"key":"1Key5","l":1},{"time":48000,"key":"1Key12","l":1},{"time":48480,"key":"1Key3","l":1},{"time":48960,"key":"1Key0","l":1},{"time":48960,"key":"1Key3","l":1},{"time":48960,"key":"1Key5","l":1},{"time":48960,"key":"1Key12","l":1},{"time":49440,"key":"1Key14","l":1},{"time":49920,"key":"1Key1","l":1},{"time":49920,"key":"1Key4","l":1},{"time":49920,"key":"1Key6","l":1},{"time":49920,"key":"1Key13","l":1},{"time":50400,"key":"1Key4","l":1},{"time":50400,"key":"1Key14","l":1},{"time":50880,"key":"1Key1","l":1},{"time":50880,"key":"1Key4","l":1},{"time":50880,"key":"1Key13","l":1},{"time":51360,"key":"1Key11","l":1},{"time":51840,"key":"1Key0","l":1},{"time":51840,"key":"1Key4","l":1},{"time":51840,"key":"1Key9","l":1},{"time":52320,"key":"1Key4","l":1},{"time":52800,"key":"1Key1","l":1},{"time":52800,"key":"1Key4","l":1},{"time":52800,"key":"1Key8","l":1},{"time":53280,"key":"1Key9","l":1},{"time":53760,"key":"1Key2","l":1},{"time":53760,"key":"1Key5","l":1},{"time":53760,"key":"1Key7","l":1},{"time":54240,"key":"1Key2","l":1},{"time":54720,"key":"1Key2","l":1},{"time":54720,"key":"1Key5","l":1},{"time":54720,"key":"1Key7","l":1},{"time":55200,"key":"1Key6","l":1},{"time":55680,"key":"1Key0","l":1},{"time":55680,"key":"1Key3","l":1},{"time":55680,"key":"1Key7","l":1},{"time":56160,"key":"1Key3","l":1},{"time":56640,"key":"1Key0","l":1},{"time":56640,"key":"1Key3","l":1},{"time":56640,"key":"1Key7","l":1},{"time":57120,"key":"1Key9","l":1},{"time":57600,"key":"1Key1","l":1},{"time":57600,"key":"1Key4","l":1},{"time":57600,"key":"1Key8","l":1},{"time":58560,"key":"1Key7","l":1},{"time":59520,"key":"1Key1","l":1},{"time":59520,"key":"1Key4","l":1},{"time":59520,"key":"1Key6","l":1},{"time":60480,"key":"1Key4","l":1},{"time":61440,"key":"1Key0","l":1},{"time":61440,"key":"1Key5","l":1},{"time":61920,"key":"1Key2","l":1},{"time":62400,"key":"1Key5","l":1},{"time":62880,"key":"1Key6","l":1},{"time":63360,"key":"1Key7","l":1},{"time":63840,"key":"1Key9","l":1},{"time":64320,"key":"1Key11","l":1},{"time":64800,"key":"1Key13","l":1},{"time":65280,"key":"1Key5","l":1},{"time":65280,"key":"1Key7","l":1},{"time":65280,"key":"1Key12","l":1}]}]