[{"name":"Proud Of You","bpm":220,"pitchLevel":0,"bitsPerPage":16,"isComposed":true,"songNotes":[{"time":400,"key":"Key0"},{"time":400,"key":"Key7"},{"time":400,"key":"Key9"},{"time":672,"key":"Key4"},{"time":944,"key":"Key7"},{"time":944,"key":"Key9"},{"time":1216,"key":"Key8"},{"time":1216,"key":"Key10"},{"time":1488,"key":"Key2"},{"time":1488,"key":"Key9"},{"time":1488,"key":"Key11"},{"time":1760,"key":"Key6"},{"time":2032,"key":"Key7"},{"time":2032,"key":"Key12"},{"time":2304,"key":"Key8"},{"time":2304,"key":"Key13"},{"time":2576,"key":"Key5"},{"time":2576,"key":"Key9"},{"time":2576,"key":"Key14"},{"time":2848,"key":"Key2"},{"time":3120,"key":"Key7"},{"time":3120,"key":"Key9"},{"time":3392,"key":"Key8"},{"time":3392,"key":"Key10"},{"time":3664,"key":"Key2"},{"time":3664,"key":"Key9"},{"time":3664,"key":"Key11"},{"time":3936,"key":"Key4"},{"time":4208,"key":"Key7"},{"time":4480,"key":"Key11"},{"time":4752,"key":"Key3"},{"time":4752,"key":"Key7"},{"time":5024,"key":"Key5"},{"time":5296,"key":"Key7"},{"time":5568,"key":"Key10"},{"time":5568,"key":"Key12"},{"time":5840,"key":"Key2"},{"time":5840,"key":"Key7"},{"time":5840,"key":"Key11"},{"time":6112,"key":"Key4"},{"time":6112,"key":"Key11"},{"time":6112,"key":"Key14"},{"time":6384,"key":"Key7"},{"time":6384,"key":"Key11"},{"time":6656,"key":"Key7"},{"time":6928,"key":"Key1"},{"time":6928,"key":"Key7"},{"time":6928,"key":"Key10"},{"time":7200,"key":"Key3"},{"time":7472,"key":"Key5"},{"time":7472,"key":"Key9"},{"time":7744,"key":"Key7"},{"time":8016,"key":"Key4"},{"time":8016,"key":"Key7"},{"time":8016,"key":"Key8"},{"time":8560,"key":"Key4"},{"time":8560,"key":"Key6"},{"time":8560,"key":"Key9"},{"time":9104,"key":"Key0"},{"time":9138,"key":"Key4"},{"time":9172,"key":"Key7"},{"time":9206,"key":"Key9"},{"time":9342,"key":"Key4"},{"time":9614,"key":"Key4"},{"time":9614,"key":"Key7"},{"time":9614,"key":"Key9"},{"time":9886,"key":"Key8"},{"time":9886,"key":"Key10"},{"time":10158,"key":"Key2"},{"time":10158,"key":"Key9"},{"time":10158,"key":"Key11"},{"time":10430,"key":"Key4"},{"time":10702,"key":"Key2"},{"time":10702,"key":"Key7"},{"time":10974,"key":"Key8"},{"time":11246,"key":"Key5"},{"time":11246,"key":"Key7"},{"time":11246,"key":"Key9"},{"time":11518,"key":"Key2"},{"time":11518,"key":"Key7"},{"time":11518,"key":"Key9"},{"time":11790,"key":"Key7"},{"time":11790,"key":"Key9"},{"time":12062,"key":"Key8"},{"time":12062,"key":"Key10"},{"time":12334,"key":"Key2"},{"time":12334,"key":"Key9"},{"time":12334,"key":"Key11"},{"time":12606,"key":"Key4"},{"time":12878,"key":"Key6"},{"time":12878,"key":"Key8"},{"time":13150,"key":"Key9"},{"time":13422,"key":"Key3"},{"time":13422,"key":"Key7"},{"time":13422,"key":"Key10"},{"time":13694,"key":"Key5"},{"time":13966,"key":"Key7"},{"time":13966,"key":"Key10"},{"time":14238,"key":"Key9"},{"time":14510,"key":"Key2"},{"time":14510,"key":"Key7"},{"time":14782,"key":"Key4"},{"time":15054,"key":"Key7"},{"time":15054,"key":"Key10"},{"time":15326,"key":"Key9"},{"time":15598,"key":"Key1"},{"time":15598,"key":"Key7"},{"time":15598,"key":"Key10"},{"time":15870,"key":"Key3"},{"time":16142,"key":"Key5"},{"time":16414,"key":"Key7"},{"time":16686,"key":"Key4"},{"time":16686,"key":"Key6"},{"time":16686,"key":"Key8"},{"time":16958,"key":"Key1"},{"time":17366,"key":"Key7"},{"time":17638,"key":"Key4"},{"time":17638,"key":"Key6"},{"time":17638,"key":"Key8"},{"time":17910,"key":"Key0"},{"time":17944,"key":"Key4"},{"time":17978,"key":"Key7"},{"time":18012,"key":"Key9"},{"time":18148,"key":"Key4"},{"time":18420,"key":"Key7"},{"time":18420,"key":"Key9"},{"time":18692,"key":"Key8"},{"time":18692,"key":"Key10"},{"time":18964,"key":"Key2"},{"time":18964,"key":"Key9"},{"time":18964,"key":"Key11"},{"time":19236,"key":"Key6"},{"time":19508,"key":"Key7"},{"time":19508,"key":"Key12"},{"time":19780,"key":"Key8"},{"time":19780,"key":"Key13"},{"time":20052,"key":"Key5"},{"time":20052,"key":"Key9"},{"time":20052,"key":"Key14"},{"time":20324,"key":"Key2"},{"time":20324,"key":"Key9"},{"time":20324,"key":"Key14"},{"time":20596,"key":"Key7"},{"time":20596,"key":"Key9"},{"time":20868,"key":"Key8"},{"time":20868,"key":"Key10"},{"time":21140,"key":"Key2"},{"time":21140,"key":"Key9"},{"time":21140,"key":"Key11"},{"time":21412,"key":"Key4"},{"time":21684,"key":"Key6"},{"time":21684,"key":"Key8"},{"time":21956,"key":"Key9"},{"time":22228,"key":"Key3"},{"time":22228,"key":"Key7"},{"time":22228,"key":"Key10"},{"time":22500,"key":"Key5"},{"time":22500,"key":"Key9"},{"time":22772,"key":"Key7"},{"time":22772,"key":"Key10"},{"time":23044,"key":"Key11"},{"time":23044,"key":"Key14"},{"time":23316,"key":"Key2"},{"time":23316,"key":"Key11"},{"time":23316,"key":"Key14"},{"time":23588,"key":"Key4"},{"time":23860,"key":"Key7"},{"time":23860,"key":"Key8"},{"time":24132,"key":"Key9"},{"time":24404,"key":"Key1"},{"time":24404,"key":"Key7"},{"time":24404,"key":"Key10"},{"time":24676,"key":"Key3"},{"time":24676,"key":"Key9"},{"time":24948,"key":"Key5"},{"time":24948,"key":"Key10"},{"time":25220,"key":"Key8"},{"time":25492,"key":"Key4"},{"time":25492,"key":"Key6"},{"time":25492,"key":"Key8"},{"time":25764,"key":"Key1"},{"time":26036,"key":"Key7"},{"time":26036,"key":"Key14"},{"time":26308,"key":"Key4"},{"time":26308,"key":"Key6"},{"time":26308,"key":"Key13"},{"time":26580,"key":"Key0"},{"time":26580,"key":"Key7"},{"time":26580,"key":"Key14"},{"time":26852,"key":"Key2"},{"time":27124,"key":"Key4"},{"time":27396,"key":"Key6"},{"time":27396,"key":"Key8"},{"time":27668,"key":"Key2"},{"time":27668,"key":"Key9"},{"time":27940,"key":"Key6"},{"time":27940,"key":"Key8"},{"time":28212,"key":"Key2"},{"time":28212,"key":"Key7"},{"time":28212,"key":"Key14"},{"time":28484,"key":"Key6"},{"time":28484,"key":"Key13"},{"time":28756,"key":"Key5"},{"time":28756,"key":"Key7"},{"time":28756,"key":"Key14"},{"time":29028,"key":"Key2"},{"time":29300,"key":"Key5"},{"time":29572,"key":"Key7"},{"time":29572,"key":"Key14"},{"time":29844,"key":"Key2"},{"time":29844,"key":"Key13"},{"time":30116,"key":"Key4"},{"time":30116,"key":"Key11"},{"time":30388,"key":"Key6"},{"time":30388,"key":"Key11"},{"time":30660,"key":"Key7"},{"time":30932,"key":"Key3"},{"time":30966,"key":"Key7"},{"time":31000,"key":"Key10"},{"time":31034,"key":"Key12"},{"time":31340,"key":"Key5"},{"time":31612,"key":"Key7"},{"time":31884,"key":"Key12"},{"time":32156,"key":"Key2"},{"time":32156,"key":"Key8"},{"time":32156,"key":"Key11"},{"time":32428,"key":"Key4"},{"time":32428,"key":"Key7"},{"time":32700,"key":"Key7"},{"time":32972,"key":"Key2"},{"time":32972,"key":"Key9"},{"time":33244,"key":"Key1"},{"time":33244,"key":"Key3"},{"time":33244,"key":"Key8"},{"time":33788,"key":"Key2"},{"time":33788,"key":"Key4"},{"time":34060,"key":"Key9"},{"time":34196,"key":"Key10"},{"time":34332,"key":"Key3"},{"time":34332,"key":"Key5"},{"time":34604,"key":"Key11"},{"time":34876,"key":"Key1"},{"time":34876,"key":"Key4"},{"time":34876,"key":"Key7"},{"time":34876,"key":"Key14"},{"time":35148,"key":"Key6"},{"time":35148,"key":"Key13"},{"time":35420,"key":"Key0"},{"time":35420,"key":"Key7"},{"time":35420,"key":"Key14"},{"time":35692,"key":"Key2"},{"time":35964,"key":"Key4"},{"time":36236,"key":"Key6"},{"time":36236,"key":"Key8"},{"time":36508,"key":"Key2"},{"time":36508,"key":"Key9"},{"time":36780,"key":"Key6"},{"time":36780,"key":"Key8"},{"time":37052,"key":"Key2"},{"time":37052,"key":"Key7"},{"time":37052,"key":"Key14"},{"time":37324,"key":"Key6"},{"time":37324,"key":"Key13"},{"time":37596,"key":"Key5"},{"time":37596,"key":"Key7"},{"time":37596,"key":"Key14"},{"time":37868,"key":"Key2"},{"time":38140,"key":"Key5"},{"time":38412,"key":"Key7"},{"time":38412,"key":"Key14"},{"time":38684,"key":"Key2"},{"time":38684,"key":"Key13"},{"time":38956,"key":"Key4"},{"time":38956,"key":"Key11"},{"time":39228,"key":"Key6"},{"time":39228,"key":"Key11"},{"time":39500,"key":"Key7"},{"time":39772,"key":"Key3"},{"time":39806,"key":"Key7"},{"time":39840,"key":"Key10"},{"time":39874,"key":"Key12"},{"time":40180,"key":"Key5"},{"time":40452,"key":"Key7"},{"time":40724,"key":"Key12"},{"time":41132,"key":"Key4"},{"time":41166,"key":"Key8"},{"time":41200,"key":"Key6"},{"time":41234,"key":"Key11"},{"time":41540,"key":"Key11"},{"time":41812,"key":"Key7"},{"time":41812,"key":"Key14"},{"time":42084,"key":"Key6"},{"time":42084,"key":"Key13"},{"time":42356,"key":"Key0"},{"time":42356,"key":"Key7"},{"time":42356,"key":"Key14"},{"time":42628,"key":"Key3"},{"time":42900,"key":"Key4"},{"time":43172,"key":"Key1"},{"time":43444,"key":"Key0"},{"time":43444,"key":"Key2"},{"time":44260,"key":"Key3"},{"time":44294,"key":"Key7"},{"time":44328,"key":"Key5"},{"time":44362,"key":"Key10"},{"time":44940,"key":"Key10"},{"time":45212,"key":"Key12"},{"time":45892,"key":"Key2"},{"time":45926,"key":"Key7"},{"time":45960,"key":"Key11"},{"time":46538,"key":"Key7"},{"time":47218,"key":"Key1"},{"time":47252,"key":"Key5"},{"time":47286,"key":"Key7"},{"time":47320,"key":"Key10"},{"time":48034,"key":"Key7"},{"time":48442,"key":"Key4"},{"time":48476,"key":"Key8"},{"time":48510,"key":"Key7"},{"time":48816,"key":"Key1"},{"time":49088,"key":"Key4"},{"time":49088,"key":"Key6"},{"time":49360,"key":"Key4"},{"time":49360,"key":"Key9"},{"time":49632,"key":"Key0"},{"time":49632,"key":"Key2"},{"time":49632,"key":"Key7"},{"time":49904,"key":"Key2"},{"time":50176,"key":"Key4"},{"time":50176,"key":"Key7"},{"time":50176,"key":"Key9"},{"time":50720,"key":"Key2"},{"time":50720,"key":"Key8"},{"time":50992,"key":"Key4"},{"time":51060,"key":"Key6"},{"time":51128,"key":"Key2"},{"time":51400,"key":"Key7"},{"time":51672,"key":"Key2"},{"time":51672,"key":"Key5"},{"time":51672,"key":"Key7"},{"time":51944,"key":"Key2"},{"time":52216,"key":"Key7"},{"time":52216,"key":"Key11"},{"time":52488,"key":"Key2"},{"time":52760,"key":"Key3"},{"time":52760,"key":"Key10"},{"time":52760,"key":"Key12"},{"time":53032,"key":"Key5"},{"time":53304,"key":"Key7"},{"time":53304,"key":"Key10"},{"time":53576,"key":"Key3"},{"time":53848,"key":"Key4"},{"time":53882,"key":"Key8"},{"time":53916,"key":"Key7"},{"time":53950,"key":"Key11"},{"time":54800,"key":"Key1"},{"time":54834,"key":"Key7"},{"time":54868,"key":"Key8"},{"time":54902,"key":"Key4"},{"time":55786,"key":"Key0"},{"time":55854,"key":"Key2"},{"time":55922,"key":"Key4"},{"time":55990,"key":"Key7"},{"time":56058,"key":"Key9"}],"fromLibrary":true}]