[{"name":"Game of Thrones Theme  (DreamFyre)","bpm":50,"bitsPerPage":16,"pitchLevel":0,"isComposed":true,"songNotes":[{"time":400,"key":"1Key2"},{"time":400,"key":"1Key5"},{"time":400,"key":"1Key7"},{"time":400,"key":"1Key9"},{"time":700,"key":"1Key5"},{"time":1000,"key":"1Key7"},{"time":1150,"key":"1Key8"},{"time":1300,"key":"1Key9"},{"time":1600,"key":"1Key5"},{"time":1900,"key":"1Key7"},{"time":2050,"key":"1Key8"},{"time":2200,"key":"1Key2"},{"time":2200,"key":"1Key5"},{"time":2200,"key":"1Key7"},{"time":2200,"key":"1Key9"},{"time":2500,"key":"1Key5"},{"time":2800,"key":"1Key7"},{"time":2950,"key":"1Key8"},{"time":3100,"key":"1Key9"},{"time":3400,"key":"1Key5"},{"time":3700,"key":"1Key7"},{"time":3850,"key":"1Key8"},{"time":4000,"key":"1Key2"},{"time":4000,"key":"1Key5"},{"time":4000,"key":"1Key7"},{"time":4000,"key":"1Key9"},{"time":4300,"key":"1Key5"},{"time":4600,"key":"1Key7"},{"time":4750,"key":"1Key8"},{"time":4900,"key":"1Key9"},{"time":5200,"key":"1Key5"},{"time":5500,"key":"1Key7"},{"time":5650,"key":"1Key8"},{"time":5800,"key":"1Key2"},{"time":5800,"key":"1Key5"},{"time":5800,"key":"1Key7"},{"time":5800,"key":"1Key9"},{"time":6100,"key":"1Key5"},{"time":6400,"key":"1Key7"},{"time":6550,"key":"1Key8"},{"time":6700,"key":"1Key9"},{"time":7000,"key":"1Key5"},{"time":7300,"key":"1Key7"},{"time":7450,"key":"1Key8"},{"time":7600,"key":"1Key2"},{"time":7600,"key":"1Key5"},{"time":7600,"key":"1Key7"},{"time":7600,"key":"1Key9"},{"time":7900,"key":"1Key5"},{"time":8200,"key":"1Key7"},{"time":8350,"key":"1Key8"},{"time":8500,"key":"1Key9"},{"time":8800,"key":"1Key5"},{"time":9100,"key":"1Key7"},{"time":9250,"key":"1Key8"},{"time":9400,"key":"1Key2"},{"time":9400,"key":"1Key4"},{"time":9400,"key":"1Key6"},{"time":9400,"key":"1Key9"},{"time":9700,"key":"1Key2"},{"time":10000,"key":"1Key4"},{"time":10150,"key":"1Key5"},{"time":10300,"key":"1Key6"},{"time":10600,"key":"1Key2"},{"time":10900,"key":"1Key4"},{"time":11050,"key":"1Key5"},{"time":11200,"key":"1Key6"},{"time":11500,"key":"1Key2"},{"time":11800,"key":"1Key4"},{"time":11950,"key":"1Key5"},{"time":12100,"key":"1Key6"},{"time":12400,"key":"1Key2"},{"time":12700,"key":"1Key4"},{"time":12850,"key":"1Key5"},{"time":13000,"key":"1Key1"},{"time":13000,"key":"1Key4"},{"time":13000,"key":"1Key6"},{"time":13000,"key":"1Key8"},{"time":13000,"key":"1Key11"},{"time":13300,"key":"1Key4"},{"time":13600,"key":"1Key7"},{"time":13750,"key":"1Key6"},{"time":13900,"key":"1Key8"},{"time":14200,"key":"1Key4"},{"time":14500,"key":"1Key7"},{"time":14650,"key":"1Key6"},{"time":14800,"key":"1Key1"},{"time":14800,"key":"1Key5"},{"time":14800,"key":"1Key8"},{"time":14800,"key":"1Key10"},{"time":15100,"key":"1Key1"},{"time":15400,"key":"1Key3"},{"time":15550,"key":"1Key4"},{"time":15700,"key":"1Key5"},{"time":16000,"key":"1Key1"},{"time":16300,"key":"1Key3"},{"time":16450,"key":"1Key4"},{"time":16600,"key":"1Key5"},{"time":16900,"key":"1Key1"},{"time":17200,"key":"1Key3"},{"time":17350,"key":"1Key4"},{"time":17500,"key":"1Key5"},{"time":17800,"key":"1Key1"},{"time":18100,"key":"1Key3"},{"time":18250,"key":"1Key4"},{"time":18400,"key":"1Key2"},{"time":18400,"key":"1Key5"},{"time":18400,"key":"1Key7"},{"time":18400,"key":"1Key9"},{"time":18700,"key":"1Key5"},{"time":19000,"key":"1Key7"},{"time":19150,"key":"1Key8"},{"time":19300,"key":"1Key9"},{"time":19600,"key":"1Key5"},{"time":19900,"key":"1Key7"},{"time":20050,"key":"1Key8"},{"time":20200,"key":"1Key2"},{"time":20200,"key":"1Key4"},{"time":20200,"key":"1Key6"},{"time":20200,"key":"1Key9"},{"time":20500,"key":"1Key2"},{"time":20800,"key":"1Key4"},{"time":20950,"key":"1Key5"},{"time":21100,"key":"1Key6"},{"time":21400,"key":"1Key2"},{"time":21700,"key":"1Key4"},{"time":21850,"key":"1Key5"},{"time":22000,"key":"1Key6"},{"time":22300,"key":"1Key2"},{"time":22600,"key":"1Key4"},{"time":22750,"key":"1Key5"},{"time":22900,"key":"1Key6"},{"time":23200,"key":"1Key2"},{"time":23500,"key":"1Key4"},{"time":23650,"key":"1Key5"},{"time":23800,"key":"1Key1"},{"time":23800,"key":"1Key4"},{"time":23800,"key":"1Key6"},{"time":23800,"key":"1Key8"},{"time":23800,"key":"1Key11"},{"time":24100,"key":"1Key4"},{"time":24400,"key":"1Key7"},{"time":24550,"key":"1Key6"},{"time":24700,"key":"1Key8"},{"time":25000,"key":"1Key4"},{"time":25300,"key":"1Key7"},{"time":25450,"key":"1Key6"},{"time":25600,"key":"1Key2"},{"time":25600,"key":"1Key5"},{"time":25600,"key":"1Key7"},{"time":25600,"key":"1Key9"},{"time":25900,"key":"1Key2"},{"time":26200,"key":"1Key3"},{"time":26350,"key":"1Key4"},{"time":26500,"key":"1Key5"},{"time":26800,"key":"1Key2"},{"time":27100,"key":"1Key3"},{"time":27250,"key":"1Key4"},{"time":27400,"key":"1Key5"},{"time":27700,"key":"1Key2"},{"time":28000,"key":"1Key3"},{"time":28150,"key":"1Key4"},{"time":28300,"key":"1Key5"},{"time":28600,"key":"1Key2"},{"time":28900,"key":"1Key3"},{"time":29050,"key":"1Key4"},{"time":29200,"key":"1Key2"},{"time":29200,"key":"1Key5"},{"time":29200,"key":"1Key7"},{"time":29200,"key":"1Key9"},{"time":29500,"key":"1Key5"},{"time":29800,"key":"1Key7"},{"time":29950,"key":"1Key8"},{"time":30100,"key":"1Key9"},{"time":30400,"key":"1Key5"},{"time":30700,"key":"1Key7"},{"time":30850,"key":"1Key8"},{"time":31000,"key":"1Key1"},{"time":31000,"key":"1Key4"},{"time":31000,"key":"1Key6"},{"time":31000,"key":"1Key11"},{"time":31600,"key":"1Key4"},{"time":31750,"key":"1Key5"},{"time":31900,"key":"1Key6"},{"time":32500,"key":"1Key4"},{"time":32650,"key":"1Key5"},{"time":32800,"key":"1Key1"},{"time":32800,"key":"1Key4"},{"time":32800,"key":"1Key6"},{"time":32800,"key":"1Key11"},{"time":33400,"key":"1Key4"},{"time":33550,"key":"1Key5"},{"time":33700,"key":"1Key2"},{"time":33700,"key":"1Key5"},{"time":33700,"key":"1Key6"},{"time":33700,"key":"1Key7"},{"time":33700,"key":"1Key9"},{"time":34300,"key":"1Key4"},{"time":34450,"key":"1Key5"},{"time":34600,"key":"1Key1"},{"time":34600,"key":"1Key5"},{"time":34600,"key":"1Key8"},{"time":34600,"key":"1Key10"},{"time":35200,"key":"1Key4"},{"time":35800,"key":"1Key1"},{"time":35800,"key":"1Key4"},{"time":35800,"key":"1Key6"},{"time":35800,"key":"1Key11"},{"time":35800,"key":"1Key13"},{"time":36400,"key":"1Key14"},{"time":37000,"key":"1Key1"},{"time":37000,"key":"1Key4"},{"time":37000,"key":"1Key6"},{"time":37000,"key":"1Key11"},{"time":37000,"key":"1Key13"},{"time":37600,"key":"1Key11"},{"time":38200,"key":"1Key2"},{"time":38200,"key":"1Key5"},{"time":38200,"key":"1Key7"},{"time":38200,"key":"1Key9"},{"time":38200,"key":"1Key12"},{"time":38500,"key":"1Key9"},{"time":38800,"key":"1Key10"},{"time":38950,"key":"1Key11"},{"time":39100,"key":"1Key12"},{"time":39400,"key":"1Key9"},{"time":39700,"key":"1Key10"},{"time":39850,"key":"1Key11"},{"time":40000,"key":"1Key12"},{"time":40300,"key":"1Key9"},{"time":40600,"key":"1Key10"},{"time":40750,"key":"1Key11"},{"time":40900,"key":"1Key12"},{"time":41200,"key":"1Key9"},{"time":41500,"key":"1Key10"},{"time":41650,"key":"1Key11"},{"time":41800,"key":"1Key0"},{"time":41800,"key":"1Key3"},{"time":41800,"key":"1Key5"},{"time":41800,"key":"1Key7"},{"time":41800,"key":"1Key10"},{"time":41800,"key":"1Key12"},{"time":42100,"key":"1Key7"},{"time":42400,"key":"1Key10"},{"time":42550,"key":"1Key11"},{"time":42700,"key":"1Key12"},{"time":43000,"key":"1Key7"},{"time":43300,"key":"1Key10"},{"time":43450,"key":"1Key12"},{"time":43600,"key":"1Key1"},{"time":43600,"key":"1Key4"},{"time":43600,"key":"1Key6"},{"time":43600,"key":"1Key11"},{"time":43900,"key":"1Key7"},{"time":44200,"key":"1Key9"},{"time":44350,"key":"1Key10"},{"time":44500,"key":"1Key11"},{"time":44800,"key":"1Key7"},{"time":45100,"key":"1Key9"},{"time":45250,"key":"1Key11"},{"time":45400,"key":"1Key1"},{"time":45400,"key":"1Key5"},{"time":45400,"key":"1Key8"},{"time":45400,"key":"1Key10"},{"time":45700,"key":"1Key5"},{"time":46000,"key":"1Key8"},{"time":46150,"key":"1Key9"},{"time":46300,"key":"1Key10"},{"time":46600,"key":"1Key5"},{"time":46900,"key":"1Key8"},{"time":47050,"key":"1Key10"},{"time":47200,"key":"1Key2"},{"time":47200,"key":"1Key5"},{"time":47200,"key":"1Key7"},{"time":47200,"key":"1Key9"},{"time":47500,"key":"1Key5"},{"time":47800,"key":"1Key7"},{"time":47950,"key":"1Key8"},{"time":48100,"key":"1Key9"},{"time":48400,"key":"1Key5"},{"time":48700,"key":"1Key7"},{"time":48850,"key":"1Key8"},{"time":49000,"key":"1Key0"},{"time":49000,"key":"1Key3"},{"time":49000,"key":"1Key5"},{"time":49000,"key":"1Key7"},{"time":49000,"key":"1Key10"},{"time":49300,"key":"1Key3"},{"time":49600,"key":"1Key5"},{"time":49750,"key":"1Key6"},{"time":49900,"key":"1Key7"},{"time":50200,"key":"1Key3"},{"time":50500,"key":"1Key5"},{"time":50650,"key":"1Key6"},{"time":50800,"key":"1Key1"},{"time":50800,"key":"1Key5"},{"time":50800,"key":"1Key7"},{"time":50800,"key":"1Key8"},{"time":50800,"key":"1Key10"},{"time":51100,"key":"1Key5"},{"time":51250,"key":"1Key1"},{"time":51250,"key":"1Key5"},{"time":51250,"key":"1Key8"},{"time":51250,"key":"1Key10"},{"time":51400,"key":"1Key7"},{"time":51700,"key":"1Key2"},{"time":51700,"key":"1Key4"},{"time":51700,"key":"1Key6"},{"time":51700,"key":"1Key8"},{"time":51700,"key":"1Key9"},{"time":52000,"key":"1Key6"},{"time":52150,"key":"1Key2"},{"time":52150,"key":"1Key4"},{"time":52150,"key":"1Key6"},{"time":52150,"key":"1Key9"},{"time":52300,"key":"1Key8"},{"time":52600,"key":"1Key2"},{"time":52600,"key":"1Key5"},{"time":52600,"key":"1Key7"},{"time":52600,"key":"1Key9"},{"time":52900,"key":"1Key2"},{"time":53200,"key":"1Key3"},{"time":53350,"key":"1Key4"},{"time":53500,"key":"1Key5"},{"time":53800,"key":"1Key2"},{"time":54100,"key":"1Key3"},{"time":54250,"key":"1Key4"},{"time":54400,"key":"1Key5"},{"time":54700,"key":"1Key2"},{"time":55000,"key":"1Key3"},{"time":55150,"key":"1Key4"},{"time":55300,"key":"1Key5"},{"time":55600,"key":"1Key2"},{"time":55900,"key":"1Key3"},{"time":56050,"key":"1Key4"},{"time":56200,"key":"1Key0"},{"time":56200,"key":"1Key3"},{"time":56200,"key":"1Key5"},{"time":56200,"key":"1Key7"},{"time":56200,"key":"1Key10"},{"time":56200,"key":"1Key12"},{"time":56500,"key":"1Key7"},{"time":56650,"key":"1Key0"},{"time":56650,"key":"1Key3"},{"time":56650,"key":"1Key5"},{"time":56650,"key":"1Key7"},{"time":56650,"key":"1Key10"},{"time":56800,"key":"1Key10"},{"time":56950,"key":"1Key11"},{"time":57100,"key":"1Key0"},{"time":57100,"key":"1Key3"},{"time":57100,"key":"1Key5"},{"time":57100,"key":"1Key7"},{"time":57100,"key":"1Key10"},{"time":57100,"key":"1Key12"},{"time":57400,"key":"1Key7"},{"time":57550,"key":"1Key0"},{"time":57550,"key":"1Key3"},{"time":57550,"key":"1Key5"},{"time":57550,"key":"1Key7"},{"time":57550,"key":"1Key10"},{"time":57700,"key":"1Key10"},{"time":57850,"key":"1Key12"},{"time":58000,"key":"1Key0"},{"time":58000,"key":"1Key2"},{"time":58000,"key":"1Key4"},{"time":58000,"key":"1Key7"},{"time":58000,"key":"1Key9"},{"time":58000,"key":"1Key11"},{"time":58300,"key":"1Key7"},{"time":58450,"key":"1Key0"},{"time":58450,"key":"1Key2"},{"time":58450,"key":"1Key4"},{"time":58450,"key":"1Key7"},{"time":58450,"key":"1Key9"},{"time":58600,"key":"1Key9"},{"time":58750,"key":"1Key10"},{"time":58900,"key":"1Key0"},{"time":58900,"key":"1Key2"},{"time":58900,"key":"1Key4"},{"time":58900,"key":"1Key7"},{"time":58900,"key":"1Key9"},{"time":58900,"key":"1Key11"},{"time":59200,"key":"1Key7"},{"time":59350,"key":"1Key0"},{"time":59350,"key":"1Key2"},{"time":59350,"key":"1Key4"},{"time":59350,"key":"1Key7"},{"time":59350,"key":"1Key9"},{"time":59500,"key":"1Key9"},{"time":59650,"key":"1Key11"},{"time":59800,"key":"1Key1"},{"time":59800,"key":"1Key5"},{"time":59800,"key":"1Key8"},{"time":59800,"key":"1Key10"},{"time":60100,"key":"1Key5"},{"time":60250,"key":"1Key1"},{"time":60250,"key":"1Key5"},{"time":60250,"key":"1Key8"},{"time":60250,"key":"1Key10"},{"time":60400,"key":"1Key8"},{"time":60550,"key":"1Key9"},{"time":60700,"key":"1Key1"},{"time":60700,"key":"1Key5"},{"time":60700,"key":"1Key8"},{"time":60700,"key":"1Key10"},{"time":61000,"key":"1Key5"},{"time":61150,"key":"1Key1"},{"time":61150,"key":"1Key5"},{"time":61150,"key":"1Key8"},{"time":61150,"key":"1Key10"},{"time":61300,"key":"1Key8"},{"time":61450,"key":"1Key10"},{"time":61600,"key":"1Key2"},{"time":61600,"key":"1Key5"},{"time":61600,"key":"1Key7"},{"time":61600,"key":"1Key9"},{"time":61900,"key":"1Key5"},{"time":62050,"key":"1Key2"},{"time":62050,"key":"1Key5"},{"time":62050,"key":"1Key7"},{"time":62050,"key":"1Key9"},{"time":62200,"key":"1Key7"},{"time":62350,"key":"1Key8"},{"time":62500,"key":"1Key2"},{"time":62500,"key":"1Key5"},{"time":62500,"key":"1Key7"},{"time":62500,"key":"1Key9"},{"time":62800,"key":"1Key5"},{"time":62950,"key":"1Key2"},{"time":62950,"key":"1Key5"},{"time":62950,"key":"1Key7"},{"time":62950,"key":"1Key9"},{"time":63100,"key":"1Key7"},{"time":63250,"key":"1Key8"},{"time":63400,"key":"1Key0"},{"time":63400,"key":"1Key3"},{"time":63400,"key":"1Key5"},{"time":63400,"key":"1Key7"},{"time":63400,"key":"1Key10"},{"time":63700,"key":"1Key3"},{"time":63850,"key":"1Key0"},{"time":63850,"key":"1Key3"},{"time":63850,"key":"1Key5"},{"time":63850,"key":"1Key7"},{"time":63850,"key":"1Key10"},{"time":64000,"key":"1Key5"},{"time":64150,"key":"1Key6"},{"time":64300,"key":"1Key0"},{"time":64300,"key":"1Key3"},{"time":64300,"key":"1Key5"},{"time":64300,"key":"1Key7"},{"time":64300,"key":"1Key10"},{"time":64600,"key":"1Key3"},{"time":64750,"key":"1Key0"},{"time":64750,"key":"1Key3"},{"time":64750,"key":"1Key5"},{"time":64750,"key":"1Key7"},{"time":64750,"key":"1Key10"},{"time":64900,"key":"1Key5"},{"time":65050,"key":"1Key6"},{"time":65200,"key":"1Key1"},{"time":65200,"key":"1Key5"},{"time":65200,"key":"1Key7"},{"time":65200,"key":"1Key8"},{"time":65200,"key":"1Key10"},{"time":65500,"key":"1Key5"},{"time":65650,"key":"1Key1"},{"time":65650,"key":"1Key5"},{"time":65650,"key":"1Key8"},{"time":65650,"key":"1Key10"},{"time":65800,"key":"1Key7"},{"time":66100,"key":"1Key1"},{"time":66100,"key":"1Key5"},{"time":66100,"key":"1Key6"},{"time":66100,"key":"1Key8"},{"time":66100,"key":"1Key10"},{"time":66400,"key":"1Key4"},{"time":66550,"key":"1Key1"},{"time":66550,"key":"1Key5"},{"time":66550,"key":"1Key8"},{"time":66550,"key":"1Key10"},{"time":66700,"key":"1Key6"},{"time":67000,"key":"1Key2"},{"time":67000,"key":"1Key5"},{"time":67000,"key":"1Key7"},{"time":67000,"key":"1Key9"},{"time":67300,"key":"1Key2"},{"time":67450,"key":"1Key2"},{"time":67450,"key":"1Key5"},{"time":67450,"key":"1Key7"},{"time":67450,"key":"1Key9"},{"time":67600,"key":"1Key3"},{"time":67750,"key":"1Key4"},{"time":67900,"key":"1Key2"},{"time":67900,"key":"1Key5"},{"time":67900,"key":"1Key7"},{"time":67900,"key":"1Key9"},{"time":68200,"key":"1Key2"},{"time":68350,"key":"1Key2"},{"time":68350,"key":"1Key5"},{"time":68350,"key":"1Key7"},{"time":68350,"key":"1Key9"},{"time":68500,"key":"1Key3"},{"time":68650,"key":"1Key4"},{"time":68800,"key":"1Key2"},{"time":68800,"key":"1Key5"},{"time":68800,"key":"1Key7"},{"time":68800,"key":"1Key9"},{"time":69100,"key":"1Key2"},{"time":69250,"key":"1Key2"},{"time":69250,"key":"1Key5"},{"time":69250,"key":"1Key7"},{"time":69250,"key":"1Key9"},{"time":69400,"key":"1Key3"},{"time":69550,"key":"1Key4"},{"time":69700,"key":"1Key2"},{"time":69700,"key":"1Key5"},{"time":69700,"key":"1Key7"},{"time":69700,"key":"1Key9"},{"time":70000,"key":"1Key2"},{"time":70150,"key":"1Key2"},{"time":70150,"key":"1Key5"},{"time":70150,"key":"1Key7"},{"time":70150,"key":"1Key9"},{"time":70300,"key":"1Key3"},{"time":70450,"key":"1Key4"},{"time":70600,"key":"1Key2"},{"time":70600,"key":"1Key5"},{"time":70600,"key":"1Key7"},{"time":70600,"key":"1Key9"},{"time":70900,"key":"1Key9"},{"time":71050,"key":"1Key2"},{"time":71050,"key":"1Key5"},{"time":71050,"key":"1Key7"},{"time":71050,"key":"1Key9"},{"time":71200,"key":"1Key10"},{"time":71350,"key":"1Key11"},{"time":71500,"key":"1Key2"},{"time":71500,"key":"1Key5"},{"time":71500,"key":"1Key7"},{"time":71500,"key":"1Key9"},{"time":71500,"key":"1Key12"},{"time":71800,"key":"1Key9"},{"time":71950,"key":"1Key2"},{"time":71950,"key":"1Key5"},{"time":71950,"key":"1Key7"},{"time":71950,"key":"1Key9"},{"time":72100,"key":"1Key10"},{"time":72250,"key":"1Key11"},{"time":72400,"key":"1Key2"},{"time":72400,"key":"1Key5"},{"time":72400,"key":"1Key7"},{"time":72400,"key":"1Key9"},{"time":72400,"key":"1Key12"},{"time":72700,"key":"1Key9"},{"time":73000,"key":"1Key10"},{"time":73150,"key":"1Key11"},{"time":73300,"key":"1Key5"},{"time":73300,"key":"1Key7"},{"time":73300,"key":"1Key9"},{"time":73300,"key":"1Key12"}]}]