[{"name":"Speak Softly, Love - Godfather Theme","bpm":240,"pitchLevel":0,"bitsPerPage":16,"isComposed":false,"songNotes":[{"time":878,"key":"Key9"},{"time":1429,"key":"Key12"},{"time":1930,"key":"Key14"},{"time":2407,"key":"Key2"},{"time":2466,"key":"Key0"},{"time":2501,"key":"Key5"},{"time":2503,"key":"Key13"},{"time":3031,"key":"Key12"},{"time":3528,"key":"Key14"},{"time":4083,"key":"Key12"},{"time":4592,"key":"Key3"},{"time":4602,"key":"Key13"},{"time":4628,"key":"Key6"},{"time":4634,"key":"Key1"},{"time":5123,"key":"Key12"},{"time":5667,"key":"Key10"},{"time":6197,"key":"Key11"},{"time":6740,"key":"Key9"},{"time":6746,"key":"Key4"},{"time":6751,"key":"Key7"},{"time":6765,"key":"Key2"},{"time":7760,"key":"Key6"},{"time":7778,"key":"Key1"},{"time":7790,"key":"Key3"},{"time":8822,"key":"Key0"},{"time":8830,"key":"Key5"},{"time":8849,"key":"Key2"},{"time":9333,"key":"Key9"},{"time":9816,"key":"Key12"},{"time":10351,"key":"Key14"},{"time":10822,"key":"Key0"},{"time":10853,"key":"Key5"},{"time":10857,"key":"Key2"},{"time":10920,"key":"Key13"},{"time":11426,"key":"Key12"},{"time":11926,"key":"Key14"},{"time":12431,"key":"Key12"},{"time":12942,"key":"Key6"},{"time":12949,"key":"Key1"},{"time":12953,"key":"Key3"},{"time":12966,"key":"Key13"},{"time":13459,"key":"Key12"},{"time":13956,"key":"Key10"},{"time":14468,"key":"Key9"},{"time":14955,"key":"Key5"},{"time":14962,"key":"Key1"},{"time":14979,"key":"Key8"},{"time":14983,"key":"Key3"},{"time":17099,"key":"Key3"},{"time":17166,"key":"Key5"},{"time":17170,"key":"Key1"},{"time":17636,"key":"Key8"},{"time":18077,"key":"Key10"},{"time":18542,"key":"Key12"},{"time":19013,"key":"Key13"},{"time":19044,"key":"Key6"},{"time":19047,"key":"Key8"},{"time":19072,"key":"Key1"},{"time":19075,"key":"Key4"},{"time":20974,"key":"Key4"},{"time":21065,"key":"Key6"},{"time":21070,"key":"Key1"},{"time":21075,"key":"Key8"},{"time":21542,"key":"Key8"},{"time":22014,"key":"Key10"},{"time":22485,"key":"Key12"},{"time":22964,"key":"Key12"},{"time":22991,"key":"Key5"},{"time":22994,"key":"Key0"},{"time":24944,"key":"Key2"},{"time":24964,"key":"Key5"},{"time":24969,"key":"Key7"},{"time":24972,"key":"Key0"},{"time":25438,"key":"Key5"},{"time":25912,"key":"Key7"},{"time":26376,"key":"Key11"},{"time":26853,"key":"Key10"},{"time":26886,"key":"Key5"},{"time":26892,"key":"Key1"},{"time":27492,"key":"Key9"},{"time":27995,"key":"Key11"},{"time":28471,"key":"Key9"},{"time":28971,"key":"Key3"},{"time":28977,"key":"Key10"},{"time":29030,"key":"Key7"},{"time":29453,"key":"Key9"},{"time":29971,"key":"Key7"},{"time":30452,"key":"Key6"},{"time":30921,"key":"Key2"},{"time":30962,"key":"Key5"},{"time":30963,"key":"Key0"},{"time":33130,"key":"Key0"},{"time":33156,"key":"Key5"},{"time":33158,"key":"Key2"},{"time":33642,"key":"Key14"},{"time":34117,"key":"Key13"},{"time":34625,"key":"Key12"},{"time":35124,"key":"Key11"},{"time":35156,"key":"Key6"},{"time":35186,"key":"Key8"},{"time":35189,"key":"Key2"},{"time":35190,"key":"Key4"},{"time":36684,"key":"Key11"},{"time":37126,"key":"Key13"},{"time":37156,"key":"Key8"},{"time":37160,"key":"Key4"},{"time":37187,"key":"Key2"},{"time":37190,"key":"Key6"},{"time":38175,"key":"Key12"},{"time":38632,"key":"Key10"},{"time":39104,"key":"Key9"},{"time":39132,"key":"Key4"},{"time":39138,"key":"Key7"},{"time":39142,"key":"Key2"},{"time":40115,"key":"Key3"},{"time":40122,"key":"Key6"},{"time":40127,"key":"Key1"},{"time":41116,"key":"Key2"},{"time":41130,"key":"Key5"},{"time":41134,"key":"Key0"},{"time":41558,"key":"Key9"},{"time":42059,"key":"Key11"},{"time":42493,"key":"Key9"},{"time":42998,"key":"Key5"},{"time":43005,"key":"Key1"},{"time":43029,"key":"Key8"},{"time":43032,"key":"Key3"},{"time":45174,"key":"Key5"},{"time":45179,"key":"Key3"},{"time":45185,"key":"Key1"},{"time":45668,"key":"Key8"},{"time":46132,"key":"Key10"},{"time":46604,"key":"Key8"},{"time":47105,"key":"Key6"},{"time":47111,"key":"Key2"},{"time":47115,"key":"Key9"},{"time":47118,"key":"Key4"},{"time":49354,"key":"Key6"},{"time":49360,"key":"Key2"},{"time":49365,"key":"Key4"},{"time":49860,"key":"Key9"},{"time":50358,"key":"Key12"},{"time":50808,"key":"Key14"},{"time":51299,"key":"Key5"},{"time":51305,"key":"Key0"},{"time":51308,"key":"Key2"},{"time":51347,"key":"Key13"},{"time":51849,"key":"Key12"},{"time":52336,"key":"Key14"},{"time":52821,"key":"Key12"},{"time":53338,"key":"Key3"},{"time":53366,"key":"Key6"},{"time":53370,"key":"Key1"},{"time":53373,"key":"Key13"},{"time":53870,"key":"Key12"},{"time":54335,"key":"Key10"},{"time":54846,"key":"Key11"},{"time":55346,"key":"Key9"},{"time":55354,"key":"Key4"},{"time":55360,"key":"Key7"},{"time":55363,"key":"Key2"},{"time":56362,"key":"Key3"},{"time":56380,"key":"Key6"},{"time":56382,"key":"Key1"},{"time":57426,"key":"Key0"},{"time":57433,"key":"Key2"},{"time":57438,"key":"Key5"},{"time":57862,"key":"Key9"},{"time":58369,"key":"Key12"},{"time":58871,"key":"Key14"},{"time":59357,"key":"Key0"},{"time":59364,"key":"Key2"},{"time":59368,"key":"Key5"},{"time":59405,"key":"Key13"},{"time":59860,"key":"Key12"},{"time":60347,"key":"Key14"},{"time":60854,"key":"Key12"},{"time":61323,"key":"Key1"},{"time":61362,"key":"Key3"},{"time":61364,"key":"Key6"},{"time":61366,"key":"Key13"},{"time":61877,"key":"Key12"},{"time":62316,"key":"Key10"},{"time":62814,"key":"Key9"},{"time":63293,"key":"Key1"},{"time":63303,"key":"Key5"},{"time":63316,"key":"Key3"},{"time":65397,"key":"Key3"},{"time":65471,"key":"Key5"},{"time":65472,"key":"Key1"},{"time":66091,"key":"Key8"},{"time":66529,"key":"Key10"},{"time":67017,"key":"Key12"},{"time":67430,"key":"Key13"},{"time":67470,"key":"Key8"},{"time":67484,"key":"Key6"},{"time":67486,"key":"Key1"},{"time":67494,"key":"Key4"},{"time":69447,"key":"Key4"},{"time":69463,"key":"Key6"},{"time":69468,"key":"Key1"},{"time":69489,"key":"Key8"},{"time":69933,"key":"Key8"},{"time":70439,"key":"Key10"},{"time":70910,"key":"Key12"},{"time":71416,"key":"Key0"},{"time":71425,"key":"Key12"},{"time":71430,"key":"Key7"},{"time":71435,"key":"Key5"},{"time":71440,"key":"Key2"},{"time":73442,"key":"Key0"},{"time":73464,"key":"Key5"},{"time":73466,"key":"Key7"},{"time":73470,"key":"Key2"},{"time":73965,"key":"Key5"},{"time":74459,"key":"Key7"},{"time":74955,"key":"Key11"},{"time":75480,"key":"Key10"},{"time":75488,"key":"Key5"},{"time":75495,"key":"Key1"},{"time":76144,"key":"Key9"},{"time":76679,"key":"Key11"},{"time":77152,"key":"Key9"},{"time":77625,"key":"Key3"},{"time":77690,"key":"Key10"},{"time":77696,"key":"Key7"},{"time":78181,"key":"Key9"},{"time":78681,"key":"Key7"},{"time":79182,"key":"Key6"},{"time":79656,"key":"Key0"},{"time":79664,"key":"Key5"},{"time":79669,"key":"Key2"},{"time":81613,"key":"Key0"},{"time":81627,"key":"Key5"},{"time":81663,"key":"Key2"},{"time":82172,"key":"Key5"},{"time":82610,"key":"Key7"},{"time":83113,"key":"Key11"},{"time":83612,"key":"Key10"},{"time":83616,"key":"Key5"},{"time":83622,"key":"Key1"},{"time":84152,"key":"Key9"},{"time":84688,"key":"Key11"},{"time":85159,"key":"Key9"},{"time":85631,"key":"Key10"},{"time":85660,"key":"Key3"},{"time":86197,"key":"Key9"},{"time":86834,"key":"Key7"},{"time":87371,"key":"Key6"},{"time":87974,"key":"Key0"},{"time":87981,"key":"Key5"},{"time":87985,"key":"Key2"},{"time":89151,"key":"Key7"},{"time":89755,"key":"Key9"},{"time":90426,"key":"Key12"},{"time":90430,"key":"Key9"},{"time":90458,"key":"Key2"},{"time":90488,"key":"Key5"}],"fromLibrary":true}]