[
    {
      "name": "GTA San Andreas Theme",
      "bpm": 220,
      "songNotes": [
        {
          "time": 400,
          "key": "1Key2"
        },
        {
          "time": 672,
          "key": "1Key9"
        },
        {
          "time": 944,
          "key": "1Key7"
        },
        {
          "time": 1216,
          "key": "1Key6"
        },
        {
          "time": 1488,
          "key": "1Key7"
        },
        {
          "time": 1760,
          "key": "1Key6"
        },
        {
          "time": 2032,
          "key": "1Key5"
        },
        {
          "time": 2304,
          "key": "1Key6"
        },
        {
          "time": 2576,
          "key": "1Key6"
        },
        {
          "time": 2848,
          "key": "1Key4"
        },
        {
          "time": 3120,
          "key": "1Key5"
        },
        {
          "time": 3392,
          "key": "1Key4"
        },
        {
          "time": 3664,
          "key": "1Key5"
        },
        {
          "time": 3936,
          "key": "1Key6"
        },
        {
          "time": 4208,
          "key": "1Key2"
        },
        {
          "time": 4480,
          "key": "1Key5"
        },
        {
          "time": 4752,
          "key": "1Key4"
        },
        {
          "time": 5024,
          "key": "1Key2"
        },
        {
          "time": 5602,
          "key": "1Key9"
        },
        {
          "time": 5874,
          "key": "1Key7"
        },
        {
          "time": 6146,
          "key": "1Key6"
        },
        {
          "time": 6418,
          "key": "1Key7"
        },
        {
          "time": 6690,
          "key": "1Key6"
        },
        {
          "time": 6962,
          "key": "1Key5"
        },
        {
          "time": 7234,
          "key": "1Key6"
        },
        {
          "time": 7506,
          "key": "1Key6"
        },
        {
          "time": 7778,
          "key": "1Key4"
        },
        {
          "time": 8050,
          "key": "1Key5"
        },
        {
          "time": 8322,
          "key": "1Key4"
        },
        {
          "time": 8594,
          "key": "1Key5"
        },
        {
          "time": 8866,
          "key": "1Key6"
        },
        {
          "time": 9138,
          "key": "1Key2"
        },
        {
          "time": 9410,
          "key": "1Key5"
        },
        {
          "time": 9682,
          "key": "1Key4"
        },
        {
          "time": 9954,
          "key": "1Key2"
        },
        {
          "time": 10226,
          "key": "1Key2"
        },
        {
          "time": 10498,
          "key": "1Key9"
        },
        {
          "time": 10770,
          "key": "1Key7"
        },
        {
          "time": 11042,
          "key": "1Key6"
        },
        {
          "time": 11314,
          "key": "1Key7"
        },
        {
          "time": 11586,
          "key": "1Key6"
        },
        {
          "time": 11858,
          "key": "1Key5"
        },
        {
          "time": 12130,
          "key": "1Key6"
        },
        {
          "time": 12402,
          "key": "1Key6"
        },
        {
          "time": 12674,
          "key": "1Key4"
        },
        {
          "time": 12946,
          "key": "1Key5"
        },
        {
          "time": 13218,
          "key": "1Key4"
        },
        {
          "time": 13490,
          "key": "1Key5"
        },
        {
          "time": 13762,
          "key": "1Key6"
        },
        {
          "time": 14034,
          "key": "1Key2"
        },
        {
          "time": 14306,
          "key": "1Key5"
        },
        {
          "time": 14578,
          "key": "1Key4"
        },
        {
          "time": 14850,
          "key": "1Key2"
        },
        {
          "time": 15428,
          "key": "1Key9"
        },
        {
          "time": 15700,
          "key": "1Key7"
        },
        {
          "time": 15972,
          "key": "1Key6"
        },
        {
          "time": 16244,
          "key": "1Key7"
        },
        {
          "time": 16516,
          "key": "1Key6"
        },
        {
          "time": 16788,
          "key": "1Key5"
        },
        {
          "time": 17060,
          "key": "1Key6"
        },
        {
          "time": 17332,
          "key": "1Key6"
        },
        {
          "time": 17604,
          "key": "1Key4"
        },
        {
          "time": 17876,
          "key": "1Key5"
        },
        {
          "time": 18148,
          "key": "1Key4"
        },
        {
          "time": 18420,
          "key": "1Key5"
        },
        {
          "time": 18692,
          "key": "1Key6"
        },
        {
          "time": 18964,
          "key": "1Key2"
        },
        {
          "time": 19236,
          "key": "1Key5"
        },
        {
          "time": 19508,
          "key": "1Key4"
        },
        {
          "time": 19780,
          "key": "1Key2"
        },
        {
          "time": 21208,
          "key": "1Key2"
        },
        {
          "time": 21480,
          "key": "1Key6"
        },
        {
          "time": 21752,
          "key": "1Key2"
        },
        {
          "time": 22024,
          "key": "1Key5"
        },
        {
          "time": 22296,
          "key": "1Key2"
        },
        {
          "time": 22568,
          "key": "1Key5"
        },
        {
          "time": 22840,
          "key": "1Key2"
        },
        {
          "time": 23112,
          "key": "1Key4"
        },
        {
          "time": 23384,
          "key": "1Key2"
        },
        {
          "time": 24880,
          "key": "1Key2"
        },
        {
          "time": 25152,
          "key": "1Key6"
        },
        {
          "time": 25424,
          "key": "1Key2"
        },
        {
          "time": 25696,
          "key": "1Key5"
        },
        {
          "time": 25968,
          "key": "1Key2"
        },
        {
          "time": 26240,
          "key": "1Key5"
        },
        {
          "time": 26512,
          "key": "1Key2"
        },
        {
          "time": 26784,
          "key": "1Key4"
        },
        {
          "time": 27056,
          "key": "1Key2"
        },
        {
          "time": 27668,
          "key": "1Key9"
        },
        {
          "time": 27940,
          "key": "1Key7"
        },
        {
          "time": 28212,
          "key": "1Key6"
        },
        {
          "time": 28484,
          "key": "1Key7"
        },
        {
          "time": 28756,
          "key": "1Key6"
        },
        {
          "time": 29028,
          "key": "1Key5"
        },
        {
          "time": 29300,
          "key": "1Key6"
        },
        {
          "time": 29572,
          "key": "1Key6"
        },
        {
          "time": 29844,
          "key": "1Key4"
        },
        {
          "time": 30116,
          "key": "1Key5"
        },
        {
          "time": 30388,
          "key": "1Key4"
        },
        {
          "time": 30660,
          "key": "1Key5"
        },
        {
          "time": 30932,
          "key": "1Key6"
        },
        {
          "time": 31204,
          "key": "1Key2"
        },
        {
          "time": 31476,
          "key": "1Key5"
        },
        {
          "time": 31748,
          "key": "1Key4"
        },
        {
          "time": 32020,
          "key": "1Key2"
        },
        {
          "time": 32598,
          "key": "1Key9"
        },
        {
          "time": 32870,
          "key": "1Key7"
        },
        {
          "time": 33142,
          "key": "1Key6"
        },
        {
          "time": 33414,
          "key": "1Key7"
        },
        {
          "time": 33686,
          "key": "1Key6"
        },
        {
          "time": 33958,
          "key": "1Key5"
        },
        {
          "time": 34230,
          "key": "1Key6"
        },
        {
          "time": 34502,
          "key": "1Key6"
        },
        {
          "time": 34774,
          "key": "1Key4"
        },
        {
          "time": 35046,
          "key": "1Key5"
        },
        {
          "time": 35318,
          "key": "1Key4"
        },
        {
          "time": 35590,
          "key": "1Key5"
        },
        {
          "time": 35862,
          "key": "1Key6"
        },
        {
          "time": 36134,
          "key": "1Key2"
        },
        {
          "time": 36406,
          "key": "1Key5"
        },
        {
          "time": 36678,
          "key": "1Key4"
        },
        {
          "time": 36950,
          "key": "1Key2"
        },
        {
          "time": 38378,
          "key": "1Key2"
        },
        {
          "time": 38650,
          "key": "1Key6"
        },
        {
          "time": 38922,
          "key": "1Key2"
        },
        {
          "time": 39194,
          "key": "1Key5"
        },
        {
          "time": 39466,
          "key": "1Key2"
        },
        {
          "time": 39738,
          "key": "1Key5"
        },
        {
          "time": 40010,
          "key": "1Key2"
        },
        {
          "time": 40282,
          "key": "1Key4"
        },
        {
          "time": 40554,
          "key": "1Key2"
        },
        {
          "time": 42050,
          "key": "1Key2"
        },
        {
          "time": 42322,
          "key": "1Key6"
        },
        {
          "time": 42594,
          "key": "1Key2"
        },
        {
          "time": 42866,
          "key": "1Key5"
        },
        {
          "time": 43138,
          "key": "1Key2"
        },
        {
          "time": 43410,
          "key": "1Key5"
        },
        {
          "time": 43682,
          "key": "1Key2"
        },
        {
          "time": 43954,
          "key": "1Key4"
        },
        {
          "time": 44226,
          "key": "1Key2"
        }
      ]
    }
  ]