[{"name":"Hedwigs Theme Harry Potter","bpm":220,"pitchLevel":0,"bitsPerPage":16,"isComposed":false,"songNotes":[{"time":818,"key":"Key5"},{"time":1266,"key":"Key1"},{"time":1291,"key":"Key8"},{"time":1932,"key":"Key10"},{"time":2159,"key":"Key9"},{"time":2560,"key":"Key1"},{"time":2563,"key":"Key8"},{"time":3406,"key":"Key12"},{"time":3842,"key":"Key1"},{"time":3855,"key":"Key11"},{"time":5188,"key":"Key1"},{"time":5200,"key":"Key9"},{"time":6466,"key":"Key8"},{"time":6472,"key":"Key3"},{"time":7134,"key":"Key10"},{"time":7341,"key":"Key9"},{"time":7770,"key":"Key2"},{"time":7776,"key":"Key7"},{"time":8600,"key":"Key0"},{"time":8622,"key":"Key9"},{"time":9061,"key":"Key5"},{"time":9067,"key":"Key1"},{"time":9983,"key":"Key3"},{"time":10434,"key":"Key5"},{"time":11312,"key":"Key5"},{"time":11753,"key":"Key1"},{"time":11795,"key":"Key8"},{"time":12464,"key":"Key10"},{"time":12628,"key":"Key9"},{"time":13033,"key":"Key1"},{"time":13057,"key":"Key8"},{"time":13897,"key":"Key12"},{"time":14305,"key":"Key0"},{"time":14337,"key":"Key7"},{"time":14349,"key":"Key3"},{"time":14379,"key":"Key14"},{"time":15249,"key":"Key13"},{"time":15675,"key":"Key5"},{"time":15691,"key":"Key12"},{"time":15698,"key":"Key8"},{"time":15721,"key":"Key3"},{"time":16647,"key":"Key11"},{"time":17069,"key":"Key1"},{"time":17085,"key":"Key12"},{"time":17120,"key":"Key8"},{"time":17123,"key":"Key3"},{"time":17822,"key":"Key10"},{"time":18036,"key":"Key8"},{"time":18467,"key":"Key5"},{"time":18478,"key":"Key1"},{"time":18514,"key":"Key3"},{"time":19380,"key":"Key10"},{"time":19851,"key":"Key8"},{"time":19863,"key":"Key1"},{"time":20770,"key":"Key3"},{"time":21206,"key":"Key5"},{"time":22069,"key":"Key0"},{"time":22524,"key":"Key1"},{"time":23419,"key":"Key3"},{"time":23898,"key":"Key5"},{"time":24770,"key":"Key0"},{"time":24809,"key":"Key10"},{"time":25196,"key":"Key12"},{"time":25215,"key":"Key1"},{"time":26049,"key":"Key10"},{"time":26068,"key":"Key3"},{"time":26531,"key":"Key5"},{"time":26533,"key":"Key12"},{"time":27407,"key":"Key10"},{"time":27412,"key":"Key0"},{"time":27866,"key":"Key1"},{"time":27871,"key":"Key12"},{"time":28729,"key":"Key11"},{"time":28773,"key":"Key3"},{"time":29171,"key":"Key4"},{"time":29175,"key":"Key9"},{"time":30502,"key":"Key8"},{"time":30509,"key":"Key3"},{"time":31116,"key":"Key10"},{"time":31319,"key":"Key9"},{"time":31766,"key":"Key2"},{"time":31773,"key":"Key7"},{"time":32573,"key":"Key8"},{"time":32610,"key":"Key0"},{"time":33047,"key":"Key1"},{"time":33062,"key":"Key12"},{"time":33905,"key":"Key3"},{"time":34364,"key":"Key5"},{"time":35200,"key":"Key10"},{"time":35216,"key":"Key0"},{"time":35654,"key":"Key12"},{"time":35669,"key":"Key1"},{"time":36556,"key":"Key10"},{"time":36564,"key":"Key3"},{"time":37005,"key":"Key5"},{"time":37044,"key":"Key12"},{"time":37850,"key":"Key10"},{"time":38277,"key":"Key0"},{"time":38299,"key":"Key5"},{"time":38332,"key":"Key3"},{"time":38335,"key":"Key14"},{"time":39147,"key":"Key13"},{"time":39623,"key":"Key5"},{"time":39629,"key":"Key2"},{"time":39638,"key":"Key12"},{"time":40488,"key":"Key11"},{"time":40947,"key":"Key12"},{"time":40961,"key":"Key8"},{"time":40978,"key":"Key1"},{"time":40980,"key":"Key3"},{"time":41824,"key":"Key10"},{"time":41972,"key":"Key8"},{"time":42389,"key":"Key5"},{"time":42396,"key":"Key1"},{"time":42401,"key":"Key3"},{"time":43357,"key":"Key10"},{"time":43833,"key":"Key8"},{"time":43848,"key":"Key1"},{"time":44746,"key":"Key3"},{"time":45230,"key":"Key5"},{"time":46034,"key":"Key0"},{"time":46495,"key":"Key1"},{"time":47398,"key":"Key3"},{"time":47859,"key":"Key5"},{"time":48763,"key":"Key0"},{"time":49392,"key":"Key1"}],"fromLibrary":true}]