[{"name":"Healsy - Colors  (mr.mides)","bpm":240,"pitchLevel":0,"bitsPerPage":16,"isComposed":true,"songNotes":[{"time":500,"key":"Key8","l":2},{"time":750,"key":"Key8","l":2},{"time":1000,"key":"Key7","l":2},{"time":1250,"key":"Key0","l":1},{"time":1250,"key":"Key2","l":1},{"time":1250,"key":"Key5","l":1},{"time":1250,"key":"Key8","l":2},{"time":1500,"key":"Key7","l":2},{"time":1750,"key":"Key8","l":2},{"time":2000,"key":"Key0","l":1},{"time":2000,"key":"Key2","l":1},{"time":2000,"key":"Key5","l":1},{"time":2000,"key":"Key7","l":2},{"time":2250,"key":"Key8","l":2},{"time":2500,"key":"Key7","l":2},{"time":2750,"key":"Key0","l":1},{"time":2750,"key":"Key2","l":1},{"time":2750,"key":"Key5","l":1},{"time":2750,"key":"Key8","l":2},{"time":3000,"key":"Key9","l":2},{"time":3250,"key":"Key3","l":1},{"time":3250,"key":"Key5","l":1},{"time":3250,"key":"Key7","l":1},{"time":3250,"key":"Key8","l":2},{"time":3500,"key":"Key7","l":2},{"time":4000,"key":"Key3","l":1},{"time":4000,"key":"Key5","l":1},{"time":4000,"key":"Key6","l":2},{"time":4000,"key":"Key7","l":1},{"time":4500,"key":"Key4","l":2},{"time":4750,"key":"Key3","l":1},{"time":4750,"key":"Key4","l":2},{"time":4750,"key":"Key5","l":1},{"time":4750,"key":"Key7","l":1},{"time":5000,"key":"Key4","l":2},{"time":5250,"key":"Key0","l":1},{"time":5250,"key":"Key2","l":1},{"time":5250,"key":"Key5","l":1},{"time":5250,"key":"Key8","l":2},{"time":5500,"key":"Key7","l":2},{"time":5750,"key":"Key8","l":2},{"time":6000,"key":"Key0","l":1},{"time":6000,"key":"Key2","l":1},{"time":6000,"key":"Key5","l":1},{"time":6000,"key":"Key7","l":2},{"time":6250,"key":"Key8","l":2},{"time":6750,"key":"Key0","l":1},{"time":6750,"key":"Key2","l":1},{"time":6750,"key":"Key5","l":1},{"time":6750,"key":"Key8","l":2},{"time":7000,"key":"Key9","l":2},{"time":7250,"key":"Key3","l":1},{"time":7250,"key":"Key5","l":1},{"time":7250,"key":"Key7","l":1},{"time":7250,"key":"Key8","l":2},{"time":7500,"key":"Key7","l":2},{"time":8000,"key":"Key3","l":1},{"time":8000,"key":"Key5","l":1},{"time":8000,"key":"Key6","l":2},{"time":8000,"key":"Key7","l":1},{"time":8500,"key":"Key4","l":2},{"time":8750,"key":"Key3","l":1},{"time":8750,"key":"Key4","l":2},{"time":8750,"key":"Key5","l":1},{"time":8750,"key":"Key7","l":1},{"time":9000,"key":"Key4","l":2},{"time":9250,"key":"Key0","l":1},{"time":9250,"key":"Key2","l":1},{"time":9250,"key":"Key5","l":1},{"time":9250,"key":"Key8","l":2},{"time":9500,"key":"Key7","l":2},{"time":9750,"key":"Key8","l":2},{"time":10000,"key":"Key0","l":1},{"time":10000,"key":"Key2","l":1},{"time":10000,"key":"Key5","l":1},{"time":10000,"key":"Key7","l":2},{"time":10250,"key":"Key8","l":2},{"time":10500,"key":"Key7","l":2},{"time":10750,"key":"Key0","l":1},{"time":10750,"key":"Key2","l":1},{"time":10750,"key":"Key5","l":1},{"time":10750,"key":"Key8","l":2},{"time":11000,"key":"Key9","l":2},{"time":11250,"key":"Key3","l":1},{"time":11250,"key":"Key5","l":1},{"time":11250,"key":"Key7","l":1},{"time":11250,"key":"Key8","l":2},{"time":11500,"key":"Key7","l":2},{"time":12000,"key":"Key3","l":1},{"time":12000,"key":"Key5","l":1},{"time":12000,"key":"Key6","l":2},{"time":12000,"key":"Key7","l":1},{"time":12500,"key":"Key4","l":2},{"time":12750,"key":"Key3","l":1},{"time":12750,"key":"Key4","l":2},{"time":12750,"key":"Key5","l":1},{"time":12750,"key":"Key7","l":1},{"time":13000,"key":"Key4","l":2},{"time":13250,"key":"Key0","l":1},{"time":13250,"key":"Key2","l":1},{"time":13250,"key":"Key5","l":1},{"time":13250,"key":"Key8","l":2},{"time":13500,"key":"Key7","l":2},{"time":13750,"key":"Key8","l":2},{"time":14000,"key":"Key0","l":1},{"time":14000,"key":"Key2","l":1},{"time":14000,"key":"Key5","l":1},{"time":14000,"key":"Key7","l":2},{"time":14250,"key":"Key8","l":2},{"time":14750,"key":"Key0","l":1},{"time":14750,"key":"Key2","l":1},{"time":14750,"key":"Key5","l":1},{"time":14750,"key":"Key8","l":2},{"time":15000,"key":"Key9","l":2},{"time":15250,"key":"Key3","l":1},{"time":15250,"key":"Key5","l":1},{"time":15250,"key":"Key7","l":1},{"time":15250,"key":"Key8","l":2},{"time":15500,"key":"Key7","l":2},{"time":16000,"key":"Key3","l":1},{"time":16000,"key":"Key5","l":1},{"time":16000,"key":"Key6","l":2},{"time":16000,"key":"Key7","l":1},{"time":16750,"key":"Key3","l":1},{"time":16750,"key":"Key5","l":1},{"time":16750,"key":"Key7","l":1},{"time":17000,"key":"Key4","l":2},{"time":17250,"key":"Key0","l":1},{"time":17250,"key":"Key2","l":1},{"time":17250,"key":"Key5","l":1},{"time":17250,"key":"Key8","l":2},{"time":17500,"key":"Key7","l":2},{"time":17750,"key":"Key8","l":2},{"time":18000,"key":"Key0","l":1},{"time":18000,"key":"Key2","l":1},{"time":18000,"key":"Key5","l":1},{"time":18000,"key":"Key7","l":2},{"time":18250,"key":"Key8","l":2},{"time":18500,"key":"Key7","l":2},{"time":18750,"key":"Key0","l":1},{"time":18750,"key":"Key2","l":1},{"time":18750,"key":"Key5","l":1},{"time":18750,"key":"Key8","l":2},{"time":19000,"key":"Key9","l":2},{"time":19250,"key":"Key3","l":1},{"time":19250,"key":"Key5","l":1},{"time":19250,"key":"Key7","l":1},{"time":19250,"key":"Key8","l":2},{"time":19750,"key":"Key4","l":2},{"time":20000,"key":"Key3","l":1},{"time":20000,"key":"Key5","l":1},{"time":20000,"key":"Key7","l":1},{"time":20750,"key":"Key3","l":1},{"time":20750,"key":"Key5","l":1},{"time":20750,"key":"Key7","l":1},{"time":21000,"key":"Key3","l":2},{"time":21250,"key":"Key0","l":1},{"time":21250,"key":"Key2","l":1},{"time":21250,"key":"Key5","l":1},{"time":21250,"key":"Key8","l":2},{"time":21500,"key":"Key7","l":2},{"time":21750,"key":"Key8","l":2},{"time":22000,"key":"Key0","l":1},{"time":22000,"key":"Key2","l":1},{"time":22000,"key":"Key5","l":1},{"time":22000,"key":"Key7","l":2},{"time":22250,"key":"Key8","l":2},{"time":22500,"key":"Key7","l":2},{"time":22750,"key":"Key0","l":1},{"time":22750,"key":"Key2","l":1},{"time":22750,"key":"Key5","l":1},{"time":22750,"key":"Key7","l":2},{"time":23000,"key":"Key7","l":2},{"time":23250,"key":"Key3","l":1},{"time":23250,"key":"Key5","l":1},{"time":23250,"key":"Key6","l":2},{"time":23250,"key":"Key7","l":1},{"time":24000,"key":"Key3","l":1},{"time":24000,"key":"Key5","l":1},{"time":24000,"key":"Key7","l":1},{"time":24500,"key":"Key4","l":2},{"time":24750,"key":"Key3","l":1},{"time":24750,"key":"Key5","l":1},{"time":24750,"key":"Key7","l":1},{"time":24750,"key":"Key8","l":2},{"time":25000,"key":"Key7","l":2},{"time":25250,"key":"Key0","l":1},{"time":25250,"key":"Key2","l":1},{"time":25250,"key":"Key5","l":1},{"time":25250,"key":"Key8","l":2},{"time":25500,"key":"Key7","l":2},{"time":25750,"key":"Key8","l":2},{"time":26000,"key":"Key0","l":1},{"time":26000,"key":"Key2","l":1},{"time":26000,"key":"Key5","l":1},{"time":26000,"key":"Key7","l":2},{"time":26250,"key":"Key8","l":2},{"time":26500,"key":"Key7","l":2},{"time":26750,"key":"Key0","l":1},{"time":26750,"key":"Key2","l":1},{"time":26750,"key":"Key5","l":1},{"time":26750,"key":"Key8","l":2},{"time":27000,"key":"Key9","l":2},{"time":27250,"key":"Key3","l":1},{"time":27250,"key":"Key5","l":1},{"time":27250,"key":"Key7","l":1},{"time":27250,"key":"Key8","l":2},{"time":27500,"key":"Key7","l":2},{"time":28000,"key":"Key3","l":1},{"time":28000,"key":"Key5","l":1},{"time":28000,"key":"Key7","l":1},{"time":28500,"key":"Key5","l":2},{"time":28750,"key":"Key3","l":1},{"time":28750,"key":"Key5","l":1},{"time":28750,"key":"Key7","l":1},{"time":29000,"key":"Key5","l":2},{"time":29250,"key":"Key0","l":1},{"time":29250,"key":"Key2","l":1},{"time":29250,"key":"Key5","l":1},{"time":29250,"key":"Key8","l":2},{"time":29500,"key":"Key7","l":2},{"time":29750,"key":"Key7","l":2},{"time":30000,"key":"Key0","l":1},{"time":30000,"key":"Key2","l":1},{"time":30000,"key":"Key5","l":1},{"time":30000,"key":"Key7","l":2},{"time":30250,"key":"Key6","l":2},{"time":30500,"key":"Key6","l":2},{"time":30750,"key":"Key0","l":1},{"time":30750,"key":"Key2","l":1},{"time":30750,"key":"Key5","l":1},{"time":30750,"key":"Key6","l":2},{"time":31000,"key":"Key7","l":2},{"time":31250,"key":"Key3","l":1},{"time":31250,"key":"Key5","l":1},{"time":31250,"key":"Key6","l":2},{"time":31250,"key":"Key7","l":1},{"time":32000,"key":"Key3","l":1},{"time":32000,"key":"Key5","l":1},{"time":32000,"key":"Key7","l":1},{"time":32250,"key":"Key8","l":2},{"time":32500,"key":"Key9","l":2},{"time":32750,"key":"Key3","l":1},{"time":32750,"key":"Key5","l":1},{"time":32750,"key":"Key7","l":1},{"time":32750,"key":"Key8","l":2},{"time":33000,"key":"Key7","l":2},{"time":33250,"key":"Key0","l":1},{"time":33250,"key":"Key2","l":1},{"time":33250,"key":"Key5","l":1},{"time":33250,"key":"Key7","l":2},{"time":33500,"key":"Key5","l":2},{"time":34000,"key":"Key0","l":1},{"time":34000,"key":"Key2","l":1},{"time":34000,"key":"Key5","l":1},{"time":34000,"key":"Key7","l":2},{"time":34250,"key":"Key7","l":2},{"time":34750,"key":"Key0","l":1},{"time":34750,"key":"Key2","l":1},{"time":34750,"key":"Key5","l":1},{"time":35000,"key":"Key7","l":2},{"time":35250,"key":"Key3","l":1},{"time":35250,"key":"Key5","l":1},{"time":35250,"key":"Key7","l":1},{"time":35250,"key":"Key8","l":2},{"time":35500,"key":"Key9","l":2},{"time":36000,"key":"Key3","l":1},{"time":36000,"key":"Key5","l":1},{"time":36000,"key":"Key7","l":1},{"time":36000,"key":"Key9","l":2},{"time":36500,"key":"Key8","l":2},{"time":36750,"key":"Key3","l":1},{"time":36750,"key":"Key5","l":1},{"time":36750,"key":"Key7","l":1},{"time":36750,"key":"Key8","l":2},{"time":37000,"key":"Key7","l":2},{"time":37250,"key":"Key0","l":1},{"time":37250,"key":"Key2","l":1},{"time":37250,"key":"Key5","l":1},{"time":37250,"key":"Key8","l":2},{"time":37500,"key":"Key8","l":2},{"time":37750,"key":"Key8","l":2},{"time":38000,"key":"Key0","l":1},{"time":38000,"key":"Key2","l":1},{"time":38000,"key":"Key5","l":1},{"time":38000,"key":"Key7","l":2},{"time":38250,"key":"Key8","l":2},{"time":38500,"key":"Key8","l":2},{"time":38750,"key":"Key0","l":1},{"time":38750,"key":"Key2","l":1},{"time":38750,"key":"Key5","l":1},{"time":38750,"key":"Key8","l":2},{"time":39000,"key":"Key8","l":2},{"time":39250,"key":"Key3","l":1},{"time":39250,"key":"Key5","l":1},{"time":39250,"key":"Key7","l":1},{"time":39250,"key":"Key8","l":2},{"time":39500,"key":"Key8","l":2},{"time":39750,"key":"Key7","l":2},{"time":40000,"key":"Key3","l":1},{"time":40000,"key":"Key5","l":1},{"time":40000,"key":"Key7","l":1},{"time":40500,"key":"Key7","l":2},{"time":40750,"key":"Key3","l":1},{"time":40750,"key":"Key5","l":1},{"time":40750,"key":"Key7","l":1},{"time":41000,"key":"Key7","l":2},{"time":41250,"key":"Key0","l":1},{"time":41250,"key":"Key2","l":1},{"time":41250,"key":"Key5","l":1},{"time":41250,"key":"Key7","l":2},{"time":41500,"key":"Key11","l":2},{"time":41750,"key":"Key9","l":2},{"time":42000,"key":"Key0","l":1},{"time":42000,"key":"Key2","l":1},{"time":42000,"key":"Key5","l":1},{"time":42500,"key":"Key11","l":2},{"time":42750,"key":"Key0","l":1},{"time":42750,"key":"Key2","l":1},{"time":42750,"key":"Key5","l":1},{"time":42750,"key":"Key9","l":2},{"time":43250,"key":"Key3","l":1},{"time":43250,"key":"Key5","l":1},{"time":43250,"key":"Key7","l":1},{"time":43250,"key":"Key8","l":2},{"time":44000,"key":"Key3","l":1},{"time":44000,"key":"Key5","l":1},{"time":44000,"key":"Key7","l":1},{"time":44500,"key":"Key7","l":2},{"time":44750,"key":"Key3","l":1},{"time":44750,"key":"Key5","l":1},{"time":44750,"key":"Key7","l":1},{"time":45000,"key":"Key7","l":2},{"time":45250,"key":"Key0","l":1},{"time":45250,"key":"Key2","l":1},{"time":45250,"key":"Key5","l":1},{"time":45250,"key":"Key7","l":2},{"time":45500,"key":"Key11","l":2},{"time":45750,"key":"Key9","l":2},{"time":46000,"key":"Key0","l":1},{"time":46000,"key":"Key2","l":1},{"time":46000,"key":"Key5","l":1},{"time":46500,"key":"Key11","l":2},{"time":46750,"key":"Key0","l":1},{"time":46750,"key":"Key2","l":1},{"time":46750,"key":"Key5","l":1},{"time":46750,"key":"Key9","l":2},{"time":47250,"key":"Key3","l":1},{"time":47250,"key":"Key5","l":1},{"time":47250,"key":"Key7","l":1},{"time":47250,"key":"Key8","l":2},{"time":48000,"key":"Key3","l":1},{"time":48000,"key":"Key5","l":1},{"time":48000,"key":"Key7","l":1},{"time":48250,"key":"Key8","l":2},{"time":48500,"key":"Key9","l":2},{"time":48750,"key":"Key3","l":1},{"time":48750,"key":"Key5","l":1},{"time":48750,"key":"Key7","l":1},{"time":48750,"key":"Key8","l":2},{"time":49000,"key":"Key7","l":2},{"time":49250,"key":"Key0","l":1},{"time":49250,"key":"Key2","l":1},{"time":49250,"key":"Key5","l":1},{"time":49250,"key":"Key7","l":2},{"time":49500,"key":"Key5","l":2},{"time":50000,"key":"Key0","l":1},{"time":50000,"key":"Key2","l":1},{"time":50000,"key":"Key5","l":1},{"time":50000,"key":"Key7","l":2},{"time":50250,"key":"Key7","l":2},{"time":50750,"key":"Key0","l":1},{"time":50750,"key":"Key2","l":1},{"time":50750,"key":"Key5","l":1},{"time":51000,"key":"Key7","l":2},{"time":51250,"key":"Key3","l":1},{"time":51250,"key":"Key5","l":1},{"time":51250,"key":"Key7","l":1},{"time":51250,"key":"Key8","l":2},{"time":51500,"key":"Key9","l":2},{"time":52000,"key":"Key3","l":1},{"time":52000,"key":"Key5","l":1},{"time":52000,"key":"Key7","l":1},{"time":52000,"key":"Key9","l":2},{"time":52500,"key":"Key8","l":2},{"time":52750,"key":"Key3","l":1},{"time":52750,"key":"Key5","l":1},{"time":52750,"key":"Key7","l":1},{"time":52750,"key":"Key8","l":2},{"time":53000,"key":"Key7","l":2},{"time":53250,"key":"Key0","l":1},{"time":53250,"key":"Key2","l":1},{"time":53250,"key":"Key5","l":1},{"time":53250,"key":"Key8","l":2},{"time":53500,"key":"Key8","l":2},{"time":53750,"key":"Key8","l":2},{"time":54000,"key":"Key0","l":1},{"time":54000,"key":"Key2","l":1},{"time":54000,"key":"Key5","l":1},{"time":54000,"key":"Key7","l":2},{"time":54250,"key":"Key8","l":2},{"time":54500,"key":"Key8","l":2},{"time":54750,"key":"Key0","l":1},{"time":54750,"key":"Key2","l":1},{"time":54750,"key":"Key5","l":1},{"time":54750,"key":"Key8","l":2},{"time":55000,"key":"Key8","l":2},{"time":55250,"key":"Key3","l":1},{"time":55250,"key":"Key5","l":1},{"time":55250,"key":"Key7","l":1},{"time":55250,"key":"Key8","l":2},{"time":55500,"key":"Key8","l":2},{"time":55750,"key":"Key7","l":2},{"time":56000,"key":"Key3","l":1},{"time":56000,"key":"Key5","l":1},{"time":56000,"key":"Key7","l":1},{"time":56500,"key":"Key7","l":2},{"time":56750,"key":"Key3","l":1},{"time":56750,"key":"Key5","l":1},{"time":56750,"key":"Key7","l":1},{"time":57000,"key":"Key7","l":2},{"time":57250,"key":"Key0","l":1},{"time":57250,"key":"Key2","l":1},{"time":57250,"key":"Key5","l":1},{"time":57250,"key":"Key7","l":2},{"time":57500,"key":"Key11","l":2},{"time":57750,"key":"Key9","l":2},{"time":58000,"key":"Key0","l":1},{"time":58000,"key":"Key2","l":1},{"time":58000,"key":"Key5","l":1},{"time":58500,"key":"Key11","l":2},{"time":58750,"key":"Key0","l":1},{"time":58750,"key":"Key2","l":1},{"time":58750,"key":"Key5","l":1},{"time":58750,"key":"Key9","l":2},{"time":59250,"key":"Key3","l":1},{"time":59250,"key":"Key5","l":1},{"time":59250,"key":"Key7","l":1},{"time":59250,"key":"Key8","l":2},{"time":60000,"key":"Key3","l":1},{"time":60000,"key":"Key5","l":1},{"time":60000,"key":"Key7","l":1},{"time":60500,"key":"Key7","l":2},{"time":60750,"key":"Key3","l":1},{"time":60750,"key":"Key5","l":1},{"time":60750,"key":"Key7","l":1},{"time":61000,"key":"Key7","l":2},{"time":61250,"key":"Key0","l":1},{"time":61250,"key":"Key2","l":1},{"time":61250,"key":"Key5","l":1},{"time":61250,"key":"Key7","l":2},{"time":61500,"key":"Key11","l":2},{"time":61750,"key":"Key9","l":2},{"time":62000,"key":"Key0","l":1},{"time":62000,"key":"Key2","l":1},{"time":62000,"key":"Key5","l":1},{"time":62500,"key":"Key11","l":2},{"time":62750,"key":"Key0","l":1},{"time":62750,"key":"Key2","l":1},{"time":62750,"key":"Key5","l":1},{"time":62750,"key":"Key9","l":2},{"time":63250,"key":"Key3","l":1},{"time":63250,"key":"Key5","l":1},{"time":63250,"key":"Key7","l":1},{"time":63250,"key":"Key8","l":2},{"time":64000,"key":"Key3","l":1},{"time":64000,"key":"Key5","l":1},{"time":64000,"key":"Key7","l":1},{"time":64250,"key":"Key8","l":2},{"time":64500,"key":"Key9","l":2},{"time":64750,"key":"Key3","l":1},{"time":64750,"key":"Key5","l":1},{"time":64750,"key":"Key7","l":1},{"time":64750,"key":"Key8","l":2},{"time":65000,"key":"Key7","l":2},{"time":65250,"key":"Key0","l":1},{"time":65250,"key":"Key2","l":1},{"time":65250,"key":"Key5","l":1},{"time":65250,"key":"Key7","l":2},{"time":65500,"key":"Key5","l":2},{"time":66000,"key":"Key0","l":1},{"time":66000,"key":"Key2","l":1},{"time":66000,"key":"Key5","l":1},{"time":66750,"key":"Key0","l":1},{"time":66750,"key":"Key2","l":1},{"time":66750,"key":"Key5","l":1},{"time":67250,"key":"Key3","l":1},{"time":67250,"key":"Key5","l":1},{"time":67250,"key":"Key7","l":1},{"time":68000,"key":"Key3","l":1},{"time":68000,"key":"Key5","l":1},{"time":68000,"key":"Key7","l":1},{"time":68250,"key":"Key7","l":2},{"time":68500,"key":"Key7","l":2},{"time":68750,"key":"Key3","l":1},{"time":68750,"key":"Key5","l":1},{"time":68750,"key":"Key7","l":1},{"time":69000,"key":"Key7","l":2},{"time":69250,"key":"Key0","l":1},{"time":69250,"key":"Key2","l":1},{"time":69250,"key":"Key5","l":1},{"time":69500,"key":"Key11","l":2},{"time":69750,"key":"Key9","l":2},{"time":70000,"key":"Key0","l":1},{"time":70000,"key":"Key2","l":1},{"time":70000,"key":"Key5","l":1},{"time":70500,"key":"Key11","l":2},{"time":70750,"key":"Key0","l":1},{"time":70750,"key":"Key2","l":1},{"time":70750,"key":"Key5","l":1},{"time":70750,"key":"Key9","l":2},{"time":71250,"key":"Key3","l":1},{"time":71250,"key":"Key5","l":1},{"time":71250,"key":"Key7","l":1},{"time":71250,"key":"Key8","l":2},{"time":72000,"key":"Key3","l":1},{"time":72000,"key":"Key5","l":1},{"time":72000,"key":"Key7","l":1},{"time":72250,"key":"Key8","l":2},{"time":72500,"key":"Key9","l":2},{"time":72750,"key":"Key3","l":1},{"time":72750,"key":"Key5","l":1},{"time":72750,"key":"Key7","l":1},{"time":72750,"key":"Key8","l":2},{"time":73000,"key":"Key7","l":2},{"time":73250,"key":"Key0","l":1},{"time":73250,"key":"Key2","l":1},{"time":73250,"key":"Key5","l":1},{"time":73250,"key":"Key7","l":2},{"time":73500,"key":"Key5","l":2},{"time":74000,"key":"Key0","l":1},{"time":74000,"key":"Key2","l":1},{"time":74000,"key":"Key5","l":1},{"time":74750,"key":"Key0","l":1},{"time":74750,"key":"Key2","l":1},{"time":74750,"key":"Key5","l":1},{"time":75250,"key":"Key3","l":1},{"time":75250,"key":"Key5","l":1},{"time":75250,"key":"Key7","l":1},{"time":76000,"key":"Key3","l":1},{"time":76000,"key":"Key5","l":1},{"time":76000,"key":"Key7","l":1},{"time":76250,"key":"Key8","l":2},{"time":76500,"key":"Key9","l":2},{"time":76750,"key":"Key3","l":1},{"time":76750,"key":"Key5","l":1},{"time":76750,"key":"Key7","l":1},{"time":76750,"key":"Key8","l":2},{"time":77000,"key":"Key7","l":2},{"time":77250,"key":"Key0","l":1},{"time":77250,"key":"Key2","l":1},{"time":77250,"key":"Key5","l":1},{"time":77500,"key":"Key11","l":2},{"time":77750,"key":"Key9","l":2},{"time":78000,"key":"Key0","l":1},{"time":78000,"key":"Key2","l":1},{"time":78000,"key":"Key5","l":1},{"time":78500,"key":"Key11","l":2},{"time":78750,"key":"Key0","l":1},{"time":78750,"key":"Key2","l":1},{"time":78750,"key":"Key5","l":1},{"time":78750,"key":"Key9","l":2},{"time":79250,"key":"Key3","l":1},{"time":79250,"key":"Key5","l":1},{"time":79250,"key":"Key7","l":1},{"time":79250,"key":"Key13","l":2}],"fromLibrary":true}]