[
    {
      "name": "Heatwaves",
      "bpm": 320,
      "songNotes": [
        {
          "time": 0,
          "key": "1Key8"
        },
        {
          "time": 187,
          "key": "1Key14"
        },
        {
          "time": 561,
          "key": "1Key8"
        },
        {
          "time": 748,
          "key": "1Key12"
        },
        {
          "time": 1122,
          "key": "1Key8"
        },
        {
          "time": 1496,
          "key": "1Key7"
        },
        {
          "time": 1683,
          "key": "1Key14"
        },
        {
          "time": 2057,
          "key": "1Key7"
        },
        {
          "time": 2244,
          "key": "1Key11"
        },
        {
          "time": 2244,
          "key": "1Key14"
        },
        {
          "time": 2618,
          "key": "1Key7"
        },
        {
          "time": 2805,
          "key": "1Key14"
        },
        {
          "time": 2992,
          "key": "1Key5"
        },
        {
          "time": 3179,
          "key": "1Key12"
        },
        {
          "time": 3366,
          "key": "1Key14"
        },
        {
          "time": 3553,
          "key": "1Key5"
        },
        {
          "time": 3740,
          "key": "1Key9"
        },
        {
          "time": 3740,
          "key": "1Key12"
        },
        {
          "time": 3927,
          "key": "1Key14"
        },
        {
          "time": 4114,
          "key": "1Key5"
        },
        {
          "time": 4301,
          "key": "1Key12"
        },
        {
          "time": 4488,
          "key": "1Key4"
        },
        {
          "time": 4675,
          "key": "1Key11"
        },
        {
          "time": 4862,
          "key": "1Key13"
        },
        {
          "time": 5049,
          "key": "1Key4"
        },
        {
          "time": 5236,
          "key": "1Key8"
        },
        {
          "time": 5236,
          "key": "1Key11"
        },
        {
          "time": 5423,
          "key": "1Key13"
        },
        {
          "time": 5610,
          "key": "1Key4"
        },
        {
          "time": 5797,
          "key": "1Key11"
        },
        {
          "time": 5984,
          "key": "1Key1"
        },
        {
          "time": 5984,
          "key": "1Key8"
        },
        {
          "time": 6171,
          "key": "1Key14"
        },
        {
          "time": 6545,
          "key": "1Key8"
        },
        {
          "time": 6732,
          "key": "1Key12"
        },
        {
          "time": 7106,
          "key": "1Key8"
        },
        {
          "time": 7480,
          "key": "1Key0"
        },
        {
          "time": 7480,
          "key": "1Key7"
        },
        {
          "time": 7667,
          "key": "1Key14"
        },
        {
          "time": 8041,
          "key": "1Key7"
        },
        {
          "time": 8228,
          "key": "1Key11"
        },
        {
          "time": 8228,
          "key": "1Key14"
        },
        {
          "time": 8602,
          "key": "1Key7"
        },
        {
          "time": 8789,
          "key": "1Key14"
        },
        {
          "time": 8976,
          "key": "1Key5"
        },
        {
          "time": 9163,
          "key": "1Key12"
        },
        {
          "time": 9350,
          "key": "1Key14"
        },
        {
          "time": 9537,
          "key": "1Key5"
        },
        {
          "time": 9724,
          "key": "1Key9"
        },
        {
          "time": 9724,
          "key": "1Key12"
        },
        {
          "time": 9911,
          "key": "1Key14"
        },
        {
          "time": 10098,
          "key": "1Key5"
        },
        {
          "time": 10285,
          "key": "1Key12"
        },
        {
          "time": 10472,
          "key": "1Key4"
        },
        {
          "time": 10659,
          "key": "1Key11"
        },
        {
          "time": 10846,
          "key": "1Key13"
        },
        {
          "time": 12155,
          "key": "1Key1"
        },
        {
          "time": 12342,
          "key": "1Key3"
        },
        {
          "time": 12342,
          "key": "1Key8"
        },
        {
          "time": 12716,
          "key": "1Key1"
        },
        {
          "time": 12716,
          "key": "1Key8"
        },
        {
          "time": 12903,
          "key": "1Key3"
        },
        {
          "time": 12903,
          "key": "1Key7"
        },
        {
          "time": 13277,
          "key": "1Key1"
        },
        {
          "time": 13464,
          "key": "1Key8"
        },
        {
          "time": 13651,
          "key": "1Key0"
        },
        {
          "time": 13651,
          "key": "1Key8"
        },
        {
          "time": 13838,
          "key": "1Key2"
        },
        {
          "time": 13838,
          "key": "1Key8"
        },
        {
          "time": 14025,
          "key": "1Key8"
        },
        {
          "time": 14212,
          "key": "1Key0"
        },
        {
          "time": 14212,
          "key": "1Key8"
        },
        {
          "time": 14399,
          "key": "1Key2"
        },
        {
          "time": 14399,
          "key": "1Key7"
        },
        {
          "time": 14773,
          "key": "1Key0"
        },
        {
          "time": 14960,
          "key": "1Key8"
        },
        {
          "time": 15334,
          "key": "1Key0"
        },
        {
          "time": 15334,
          "key": "1Key8"
        },
        {
          "time": 15708,
          "key": "1Key8"
        },
        {
          "time": 15895,
          "key": "1Key0"
        },
        {
          "time": 16082,
          "key": "1Key7"
        },
        {
          "time": 16456,
          "key": "1Key8"
        },
        {
          "time": 16643,
          "key": "1Key8"
        },
        {
          "time": 16830,
          "key": "1Key8"
        },
        {
          "time": 17017,
          "key": "1Key9"
        },
        {
          "time": 17204,
          "key": "1Key8"
        },
        {
          "time": 17391,
          "key": "1Key7"
        },
        {
          "time": 18326,
          "key": "1Key8"
        },
        {
          "time": 18700,
          "key": "1Key8"
        },
        {
          "time": 18887,
          "key": "1Key7"
        },
        {
          "time": 19448,
          "key": "1Key8"
        },
        {
          "time": 19635,
          "key": "1Key0"
        },
        {
          "time": 19635,
          "key": "1Key8"
        },
        {
          "time": 19822,
          "key": "1Key2"
        },
        {
          "time": 19822,
          "key": "1Key8"
        },
        {
          "time": 20009,
          "key": "1Key8"
        },
        {
          "time": 20196,
          "key": "1Key0"
        },
        {
          "time": 20196,
          "key": "1Key8"
        },
        {
          "time": 20383,
          "key": "1Key2"
        },
        {
          "time": 20383,
          "key": "1Key7"
        },
        {
          "time": 20757,
          "key": "1Key0"
        },
        {
          "time": 20944,
          "key": "1Key8"
        },
        {
          "time": 21318,
          "key": "1Key0"
        },
        {
          "time": 21318,
          "key": "1Key8"
        },
        {
          "time": 21692,
          "key": "1Key8"
        },
        {
          "time": 21879,
          "key": "1Key0"
        },
        {
          "time": 22066,
          "key": "1Key7"
        },
        {
          "time": 22440,
          "key": "1Key8"
        },
        {
          "time": 22627,
          "key": "1Key8"
        },
        {
          "time": 22814,
          "key": "1Key8"
        },
        {
          "time": 23001,
          "key": "1Key9"
        },
        {
          "time": 23936,
          "key": "1Key1"
        },
        {
          "time": 24310,
          "key": "1Key8"
        },
        {
          "time": 24310,
          "key": "1Key12"
        },
        {
          "time": 24497,
          "key": "1Key1"
        },
        {
          "time": 24684,
          "key": "1Key7"
        },
        {
          "time": 24684,
          "key": "1Key14"
        },
        {
          "time": 25058,
          "key": "1Key1"
        },
        {
          "time": 25058,
          "key": "1Key7"
        },
        {
          "time": 25058,
          "key": "1Key14"
        },
        {
          "time": 25245,
          "key": "1Key7"
        },
        {
          "time": 25245,
          "key": "1Key14"
        },
        {
          "time": 25432,
          "key": "1Key0"
        },
        {
          "time": 25432,
          "key": "1Key7"
        },
        {
          "time": 25432,
          "key": "1Key9"
        },
        {
          "time": 25619,
          "key": "1Key7"
        },
        {
          "time": 25619,
          "key": "1Key9"
        },
        {
          "time": 25806,
          "key": "1Key8"
        },
        {
          "time": 25806,
          "key": "1Key9"
        },
        {
          "time": 25993,
          "key": "1Key0"
        },
        {
          "time": 25993,
          "key": "1Key8"
        },
        {
          "time": 25993,
          "key": "1Key9"
        },
        {
          "time": 26180,
          "key": "1Key8"
        },
        {
          "time": 26180,
          "key": "1Key9"
        },
        {
          "time": 26554,
          "key": "1Key0"
        },
        {
          "time": 27302,
          "key": "1Key8"
        },
        {
          "time": 27302,
          "key": "1Key12"
        },
        {
          "time": 27676,
          "key": "1Key7"
        },
        {
          "time": 27676,
          "key": "1Key14"
        },
        {
          "time": 28050,
          "key": "1Key7"
        },
        {
          "time": 28050,
          "key": "1Key14"
        },
        {
          "time": 28237,
          "key": "1Key7"
        },
        {
          "time": 28237,
          "key": "1Key14"
        },
        {
          "time": 28424,
          "key": "1Key7"
        },
        {
          "time": 28424,
          "key": "1Key9"
        },
        {
          "time": 28611,
          "key": "1Key7"
        },
        {
          "time": 28611,
          "key": "1Key9"
        },
        {
          "time": 28798,
          "key": "1Key8"
        },
        {
          "time": 29172,
          "key": "1Key8"
        },
        {
          "time": 29920,
          "key": "1Key7"
        },
        {
          "time": 30294,
          "key": "1Key8"
        },
        {
          "time": 30668,
          "key": "1Key7"
        },
        {
          "time": 31042,
          "key": "1Key7"
        },
        {
          "time": 31416,
          "key": "1Key0"
        },
        {
          "time": 31416,
          "key": "1Key9"
        },
        {
          "time": 31603,
          "key": "1Key9"
        },
        {
          "time": 31790,
          "key": "1Key7"
        },
        {
          "time": 31977,
          "key": "1Key0"
        },
        {
          "time": 32164,
          "key": "1Key8"
        },
        {
          "time": 32538,
          "key": "1Key0"
        },
        {
          "time": 33286,
          "key": "1Key8"
        },
        {
          "time": 33660,
          "key": "1Key7"
        },
        {
          "time": 34034,
          "key": "1Key7"
        },
        {
          "time": 34408,
          "key": "1Key9"
        },
        {
          "time": 34595,
          "key": "1Key9"
        },
        {
          "time": 34782,
          "key": "1Key7"
        },
        {
          "time": 35156,
          "key": "1Key8"
        },
        {
          "time": 35904,
          "key": "1Key1"
        },
        {
          "time": 36278,
          "key": "1Key8"
        },
        {
          "time": 36278,
          "key": "1Key12"
        },
        {
          "time": 36465,
          "key": "1Key1"
        },
        {
          "time": 36652,
          "key": "1Key7"
        },
        {
          "time": 36652,
          "key": "1Key14"
        },
        {
          "time": 37026,
          "key": "1Key1"
        },
        {
          "time": 37026,
          "key": "1Key7"
        },
        {
          "time": 37026,
          "key": "1Key14"
        },
        {
          "time": 37213,
          "key": "1Key7"
        },
        {
          "time": 37213,
          "key": "1Key14"
        },
        {
          "time": 37400,
          "key": "1Key0"
        },
        {
          "time": 37400,
          "key": "1Key7"
        },
        {
          "time": 37400,
          "key": "1Key9"
        },
        {
          "time": 37587,
          "key": "1Key7"
        },
        {
          "time": 37587,
          "key": "1Key9"
        },
        {
          "time": 37774,
          "key": "1Key8"
        },
        {
          "time": 37774,
          "key": "1Key9"
        },
        {
          "time": 37961,
          "key": "1Key0"
        },
        {
          "time": 37961,
          "key": "1Key8"
        },
        {
          "time": 37961,
          "key": "1Key9"
        },
        {
          "time": 38148,
          "key": "1Key8"
        },
        {
          "time": 38148,
          "key": "1Key9"
        },
        {
          "time": 38522,
          "key": "1Key0"
        },
        {
          "time": 39270,
          "key": "1Key8"
        },
        {
          "time": 39270,
          "key": "1Key12"
        },
        {
          "time": 39644,
          "key": "1Key7"
        },
        {
          "time": 39644,
          "key": "1Key14"
        },
        {
          "time": 40018,
          "key": "1Key7"
        },
        {
          "time": 40018,
          "key": "1Key14"
        },
        {
          "time": 40205,
          "key": "1Key7"
        },
        {
          "time": 40205,
          "key": "1Key14"
        },
        {
          "time": 40392,
          "key": "1Key7"
        },
        {
          "time": 40392,
          "key": "1Key9"
        },
        {
          "time": 40579,
          "key": "1Key7"
        },
        {
          "time": 40579,
          "key": "1Key9"
        },
        {
          "time": 40766,
          "key": "1Key8"
        },
        {
          "time": 41140,
          "key": "1Key8"
        },
        {
          "time": 41888,
          "key": "1Key7"
        },
        {
          "time": 42262,
          "key": "1Key8"
        },
        {
          "time": 42636,
          "key": "1Key7"
        },
        {
          "time": 43010,
          "key": "1Key7"
        },
        {
          "time": 43384,
          "key": "1Key0"
        },
        {
          "time": 43384,
          "key": "1Key9"
        },
        {
          "time": 43571,
          "key": "1Key9"
        },
        {
          "time": 43758,
          "key": "1Key7"
        },
        {
          "time": 43945,
          "key": "1Key0"
        },
        {
          "time": 44132,
          "key": "1Key8"
        },
        {
          "time": 44506,
          "key": "1Key0"
        },
        {
          "time": 45254,
          "key": "1Key8"
        },
        {
          "time": 45628,
          "key": "1Key7"
        },
        {
          "time": 46002,
          "key": "1Key7"
        },
        {
          "time": 46376,
          "key": "1Key9"
        },
        {
          "time": 46563,
          "key": "1Key9"
        },
        {
          "time": 46750,
          "key": "1Key7"
        },
        {
          "time": 47124,
          "key": "1Key8"
        },
        {
          "time": 48059,
          "key": "1Key1"
        },
        {
          "time": 48246,
          "key": "1Key3"
        },
        {
          "time": 48246,
          "key": "1Key8"
        },
        {
          "time": 48433,
          "key": "1Key8"
        },
        {
          "time": 48620,
          "key": "1Key1"
        },
        {
          "time": 48620,
          "key": "1Key8"
        },
        {
          "time": 48807,
          "key": "1Key3"
        },
        {
          "time": 48807,
          "key": "1Key7"
        },
        {
          "time": 49181,
          "key": "1Key1"
        },
        {
          "time": 49181,
          "key": "1Key8"
        },
        {
          "time": 49555,
          "key": "1Key0"
        },
        {
          "time": 49742,
          "key": "1Key2"
        },
        {
          "time": 49742,
          "key": "1Key8"
        },
        {
          "time": 49929,
          "key": "1Key8"
        },
        {
          "time": 50116,
          "key": "1Key0"
        },
        {
          "time": 50116,
          "key": "1Key8"
        },
        {
          "time": 50303,
          "key": "1Key2"
        },
        {
          "time": 50303,
          "key": "1Key7"
        },
        {
          "time": 50677,
          "key": "1Key0"
        },
        {
          "time": 50677,
          "key": "1Key8"
        },
        {
          "time": 51238,
          "key": "1Key0"
        },
        {
          "time": 51238,
          "key": "1Key8"
        },
        {
          "time": 51425,
          "key": "1Key8"
        },
        {
          "time": 51612,
          "key": "1Key8"
        },
        {
          "time": 51799,
          "key": "1Key0"
        },
        {
          "time": 51799,
          "key": "1Key7"
        },
        {
          "time": 52173,
          "key": "1Key8"
        },
        {
          "time": 52734,
          "key": "1Key8"
        },
        {
          "time": 52921,
          "key": "1Key8"
        },
        {
          "time": 53108,
          "key": "1Key8"
        },
        {
          "time": 53295,
          "key": "1Key7"
        },
        {
          "time": 53669,
          "key": "1Key8"
        },
        {
          "time": 54230,
          "key": "1Key8"
        },
        {
          "time": 54417,
          "key": "1Key8"
        },
        {
          "time": 54604,
          "key": "1Key8"
        },
        {
          "time": 54791,
          "key": "1Key7"
        },
        {
          "time": 55165,
          "key": "1Key8"
        },
        {
          "time": 55539,
          "key": "1Key0"
        },
        {
          "time": 55726,
          "key": "1Key2"
        },
        {
          "time": 55726,
          "key": "1Key8"
        },
        {
          "time": 55913,
          "key": "1Key8"
        },
        {
          "time": 56100,
          "key": "1Key0"
        },
        {
          "time": 56100,
          "key": "1Key8"
        },
        {
          "time": 56287,
          "key": "1Key2"
        },
        {
          "time": 56287,
          "key": "1Key7"
        },
        {
          "time": 56661,
          "key": "1Key0"
        },
        {
          "time": 56661,
          "key": "1Key8"
        },
        {
          "time": 57222,
          "key": "1Key0"
        },
        {
          "time": 57222,
          "key": "1Key8"
        },
        {
          "time": 57409,
          "key": "1Key8"
        },
        {
          "time": 57596,
          "key": "1Key8"
        },
        {
          "time": 57783,
          "key": "1Key0"
        },
        {
          "time": 57783,
          "key": "1Key7"
        },
        {
          "time": 58157,
          "key": "1Key8"
        },
        {
          "time": 58718,
          "key": "1Key4"
        },
        {
          "time": 58905,
          "key": "1Key4"
        },
        {
          "time": 59092,
          "key": "1Key6"
        },
        {
          "time": 59279,
          "key": "1Key6"
        },
        {
          "time": 59653,
          "key": "1Key6"
        },
        {
          "time": 59840,
          "key": "1Key5"
        },
        {
          "time": 60027,
          "key": "1Key1"
        },
        {
          "time": 60214,
          "key": "1Key3"
        },
        {
          "time": 60214,
          "key": "1Key9"
        },
        {
          "time": 60401,
          "key": "1Key10"
        },
        {
          "time": 60588,
          "key": "1Key1"
        },
        {
          "time": 60588,
          "key": "1Key9"
        },
        {
          "time": 60775,
          "key": "1Key3"
        },
        {
          "time": 60775,
          "key": "1Key10"
        },
        {
          "time": 60962,
          "key": "1Key9"
        },
        {
          "time": 61149,
          "key": "1Key1"
        },
        {
          "time": 61149,
          "key": "1Key10"
        },
        {
          "time": 61336,
          "key": "1Key11"
        },
        {
          "time": 61523,
          "key": "1Key0"
        },
        {
          "time": 61710,
          "key": "1Key2"
        },
        {
          "time": 61710,
          "key": "1Key9"
        },
        {
          "time": 61897,
          "key": "1Key8"
        },
        {
          "time": 62084,
          "key": "1Key0"
        },
        {
          "time": 62271,
          "key": "1Key2"
        },
        {
          "time": 62645,
          "key": "1Key0"
        },
        {
          "time": 63206,
          "key": "1Key0"
        },
        {
          "time": 63206,
          "key": "1Key8"
        },
        {
          "time": 63393,
          "key": "1Key8"
        },
        {
          "time": 63580,
          "key": "1Key8"
        },
        {
          "time": 63767,
          "key": "1Key0"
        },
        {
          "time": 63767,
          "key": "1Key8"
        },
        {
          "time": 63954,
          "key": "1Key8"
        },
        {
          "time": 64141,
          "key": "1Key8"
        },
        {
          "time": 64328,
          "key": "1Key9"
        },
        {
          "time": 64702,
          "key": "1Key8"
        },
        {
          "time": 64889,
          "key": "1Key7"
        },
        {
          "time": 65450,
          "key": "1Key5"
        },
        {
          "time": 66198,
          "key": "1Key9"
        },
        {
          "time": 66572,
          "key": "1Key9"
        },
        {
          "time": 66759,
          "key": "1Key10"
        },
        {
          "time": 66946,
          "key": "1Key9"
        },
        {
          "time": 67133,
          "key": "1Key10"
        },
        {
          "time": 67320,
          "key": "1Key11"
        },
        {
          "time": 67507,
          "key": "1Key0"
        },
        {
          "time": 67694,
          "key": "1Key2"
        },
        {
          "time": 67694,
          "key": "1Key9"
        },
        {
          "time": 67881,
          "key": "1Key8"
        },
        {
          "time": 68068,
          "key": "1Key0"
        },
        {
          "time": 68255,
          "key": "1Key2"
        },
        {
          "time": 68629,
          "key": "1Key0"
        },
        {
          "time": 69190,
          "key": "1Key0"
        },
        {
          "time": 69190,
          "key": "1Key8"
        },
        {
          "time": 69564,
          "key": "1Key8"
        },
        {
          "time": 69751,
          "key": "1Key0"
        },
        {
          "time": 69938,
          "key": "1Key8"
        },
        {
          "time": 70125,
          "key": "1Key8"
        },
        {
          "time": 70312,
          "key": "1Key9"
        },
        {
          "time": 70499,
          "key": "1Key8"
        },
        {
          "time": 70873,
          "key": "1Key7"
        },
        {
          "time": 71434,
          "key": "1Key5"
        },
        {
          "time": 71808,
          "key": "1Key1"
        },
        {
          "time": 72182,
          "key": "1Key8"
        },
        {
          "time": 72182,
          "key": "1Key12"
        },
        {
          "time": 72369,
          "key": "1Key1"
        },
        {
          "time": 72556,
          "key": "1Key7"
        },
        {
          "time": 72556,
          "key": "1Key14"
        },
        {
          "time": 72930,
          "key": "1Key1"
        },
        {
          "time": 72930,
          "key": "1Key7"
        },
        {
          "time": 72930,
          "key": "1Key14"
        },
        {
          "time": 73117,
          "key": "1Key7"
        },
        {
          "time": 73117,
          "key": "1Key14"
        },
        {
          "time": 73304,
          "key": "1Key0"
        },
        {
          "time": 73304,
          "key": "1Key7"
        },
        {
          "time": 73304,
          "key": "1Key9"
        },
        {
          "time": 73491,
          "key": "1Key7"
        },
        {
          "time": 73491,
          "key": "1Key9"
        },
        {
          "time": 73678,
          "key": "1Key8"
        },
        {
          "time": 73678,
          "key": "1Key9"
        },
        {
          "time": 73865,
          "key": "1Key0"
        },
        {
          "time": 73865,
          "key": "1Key8"
        },
        {
          "time": 73865,
          "key": "1Key9"
        },
        {
          "time": 74052,
          "key": "1Key8"
        },
        {
          "time": 74052,
          "key": "1Key9"
        },
        {
          "time": 74426,
          "key": "1Key0"
        },
        {
          "time": 75174,
          "key": "1Key8"
        },
        {
          "time": 75174,
          "key": "1Key12"
        },
        {
          "time": 75548,
          "key": "1Key7"
        },
        {
          "time": 75548,
          "key": "1Key14"
        },
        {
          "time": 75922,
          "key": "1Key7"
        },
        {
          "time": 75922,
          "key": "1Key14"
        },
        {
          "time": 76109,
          "key": "1Key7"
        },
        {
          "time": 76109,
          "key": "1Key14"
        },
        {
          "time": 76296,
          "key": "1Key7"
        },
        {
          "time": 76296,
          "key": "1Key9"
        },
        {
          "time": 76483,
          "key": "1Key7"
        },
        {
          "time": 76483,
          "key": "1Key9"
        },
        {
          "time": 76670,
          "key": "1Key8"
        },
        {
          "time": 77044,
          "key": "1Key8"
        },
        {
          "time": 77792,
          "key": "1Key7"
        },
        {
          "time": 78166,
          "key": "1Key8"
        },
        {
          "time": 78540,
          "key": "1Key7"
        },
        {
          "time": 78914,
          "key": "1Key7"
        },
        {
          "time": 79288,
          "key": "1Key0"
        },
        {
          "time": 79288,
          "key": "1Key9"
        },
        {
          "time": 79475,
          "key": "1Key9"
        },
        {
          "time": 79662,
          "key": "1Key7"
        },
        {
          "time": 79849,
          "key": "1Key0"
        },
        {
          "time": 80036,
          "key": "1Key8"
        },
        {
          "time": 80410,
          "key": "1Key0"
        },
        {
          "time": 81158,
          "key": "1Key8"
        },
        {
          "time": 81532,
          "key": "1Key7"
        },
        {
          "time": 81906,
          "key": "1Key7"
        },
        {
          "time": 82280,
          "key": "1Key9"
        },
        {
          "time": 82467,
          "key": "1Key9"
        },
        {
          "time": 82654,
          "key": "1Key7"
        },
        {
          "time": 83028,
          "key": "1Key8"
        },
        {
          "time": 83776,
          "key": "1Key11"
        },
        {
          "time": 83963,
          "key": "1Key1"
        },
        {
          "time": 83963,
          "key": "1Key9"
        },
        {
          "time": 84150,
          "key": "1Key3"
        },
        {
          "time": 84337,
          "key": "1Key8"
        },
        {
          "time": 84524,
          "key": "1Key1"
        },
        {
          "time": 84711,
          "key": "1Key3"
        },
        {
          "time": 84898,
          "key": "1Key7"
        },
        {
          "time": 85085,
          "key": "1Key1"
        },
        {
          "time": 85272,
          "key": "1Key11"
        },
        {
          "time": 85459,
          "key": "1Key0"
        },
        {
          "time": 85459,
          "key": "1Key9"
        },
        {
          "time": 85646,
          "key": "1Key2"
        },
        {
          "time": 85833,
          "key": "1Key8"
        },
        {
          "time": 86020,
          "key": "1Key0"
        },
        {
          "time": 86207,
          "key": "1Key2"
        },
        {
          "time": 86581,
          "key": "1Key0"
        },
        {
          "time": 86768,
          "key": "1Key11"
        },
        {
          "time": 86955,
          "key": "1Key9"
        },
        {
          "time": 87142,
          "key": "1Key0"
        },
        {
          "time": 87329,
          "key": "1Key8"
        },
        {
          "time": 87703,
          "key": "1Key0"
        },
        {
          "time": 87890,
          "key": "1Key7"
        },
        {
          "time": 88264,
          "key": "1Key11"
        },
        {
          "time": 88451,
          "key": "1Key8"
        },
        {
          "time": 88825,
          "key": "1Key8"
        },
        {
          "time": 89573,
          "key": "1Key7"
        },
        {
          "time": 90134,
          "key": "1Key11"
        },
        {
          "time": 90321,
          "key": "1Key11"
        },
        {
          "time": 90508,
          "key": "1Key11"
        },
        {
          "time": 90695,
          "key": "1Key9"
        },
        {
          "time": 90882,
          "key": "1Key8"
        },
        {
          "time": 91069,
          "key": "1Key9"
        },
        {
          "time": 91256,
          "key": "1Key8"
        },
        {
          "time": 91443,
          "key": "1Key0"
        },
        {
          "time": 91630,
          "key": "1Key2"
        },
        {
          "time": 92004,
          "key": "1Key0"
        },
        {
          "time": 92191,
          "key": "1Key2"
        },
        {
          "time": 92565,
          "key": "1Key0"
        },
        {
          "time": 93126,
          "key": "1Key0"
        },
        {
          "time": 93126,
          "key": "1Key8"
        },
        {
          "time": 93313,
          "key": "1Key8"
        },
        {
          "time": 93500,
          "key": "1Key8"
        },
        {
          "time": 93687,
          "key": "1Key0"
        },
        {
          "time": 93687,
          "key": "1Key8"
        },
        {
          "time": 93874,
          "key": "1Key8"
        },
        {
          "time": 94061,
          "key": "1Key7"
        },
        {
          "time": 94248,
          "key": "1Key9"
        },
        {
          "time": 94622,
          "key": "1Key9"
        },
        {
          "time": 94996,
          "key": "1Key11"
        },
        {
          "time": 95557,
          "key": "1Key9"
        },
        {
          "time": 95931,
          "key": "1Key1"
        },
        {
          "time": 96118,
          "key": "1Key3"
        },
        {
          "time": 96118,
          "key": "1Key9"
        },
        {
          "time": 96305,
          "key": "1Key9"
        },
        {
          "time": 96492,
          "key": "1Key1"
        },
        {
          "time": 96492,
          "key": "1Key11"
        },
        {
          "time": 96679,
          "key": "1Key3"
        },
        {
          "time": 96679,
          "key": "1Key9"
        },
        {
          "time": 96866,
          "key": "1Key8"
        },
        {
          "time": 97053,
          "key": "1Key1"
        },
        {
          "time": 97053,
          "key": "1Key9"
        },
        {
          "time": 97240,
          "key": "1Key8"
        },
        {
          "time": 97427,
          "key": "1Key0"
        },
        {
          "time": 97614,
          "key": "1Key2"
        },
        {
          "time": 97988,
          "key": "1Key0"
        },
        {
          "time": 98175,
          "key": "1Key2"
        },
        {
          "time": 98549,
          "key": "1Key0"
        },
        {
          "time": 99110,
          "key": "1Key0"
        },
        {
          "time": 99110,
          "key": "1Key8"
        },
        {
          "time": 99484,
          "key": "1Key8"
        },
        {
          "time": 99671,
          "key": "1Key0"
        },
        {
          "time": 99671,
          "key": "1Key8"
        },
        {
          "time": 99858,
          "key": "1Key8"
        },
        {
          "time": 100045,
          "key": "1Key9"
        },
        {
          "time": 100232,
          "key": "1Key9"
        },
        {
          "time": 100980,
          "key": "1Key11"
        },
        {
          "time": 101541,
          "key": "1Key9"
        },
        {
          "time": 101728,
          "key": "1Key0"
        },
        {
          "time": 101728,
          "key": "1Key3"
        },
        {
          "time": 101728,
          "key": "1Key5"
        },
        {
          "time": 102102,
          "key": "1Key9"
        },
        {
          "time": 102476,
          "key": "1Key9"
        },
        {
          "time": 102850,
          "key": "1Key9"
        },
        {
          "time": 103224,
          "key": "1Key1"
        },
        {
          "time": 103224,
          "key": "1Key4"
        },
        {
          "time": 103224,
          "key": "1Key6"
        },
        {
          "time": 103224,
          "key": "1Key10"
        },
        {
          "time": 103411,
          "key": "1Key9"
        },
        {
          "time": 103785,
          "key": "1Key8"
        },
        {
          "time": 104159,
          "key": "1Key7"
        },
        {
          "time": 104346,
          "key": "1Key7"
        },
        {
          "time": 104720,
          "key": "1Key2"
        },
        {
          "time": 104720,
          "key": "1Key5"
        },
        {
          "time": 104720,
          "key": "1Key7"
        },
        {
          "time": 105094,
          "key": "1Key9"
        },
        {
          "time": 105468,
          "key": "1Key9"
        },
        {
          "time": 105842,
          "key": "1Key9"
        },
        {
          "time": 106216,
          "key": "1Key3"
        },
        {
          "time": 106216,
          "key": "1Key6"
        },
        {
          "time": 106216,
          "key": "1Key8"
        },
        {
          "time": 106216,
          "key": "1Key10"
        },
        {
          "time": 106403,
          "key": "1Key9"
        },
        {
          "time": 106777,
          "key": "1Key8"
        },
        {
          "time": 107151,
          "key": "1Key9"
        },
        {
          "time": 107338,
          "key": "1Key7"
        },
        {
          "time": 107712,
          "key": "1Key1"
        },
        {
          "time": 108086,
          "key": "1Key8"
        },
        {
          "time": 108086,
          "key": "1Key12"
        },
        {
          "time": 108273,
          "key": "1Key1"
        },
        {
          "time": 108273,
          "key": "1Key3"
        },
        {
          "time": 108273,
          "key": "1Key5"
        },
        {
          "time": 108460,
          "key": "1Key7"
        },
        {
          "time": 108460,
          "key": "1Key14"
        },
        {
          "time": 108834,
          "key": "1Key1"
        },
        {
          "time": 108834,
          "key": "1Key3"
        },
        {
          "time": 108834,
          "key": "1Key5"
        },
        {
          "time": 108834,
          "key": "1Key7"
        },
        {
          "time": 108834,
          "key": "1Key14"
        },
        {
          "time": 109021,
          "key": "1Key7"
        },
        {
          "time": 109021,
          "key": "1Key14"
        },
        {
          "time": 109208,
          "key": "1Key0"
        },
        {
          "time": 109208,
          "key": "1Key7"
        },
        {
          "time": 109208,
          "key": "1Key9"
        },
        {
          "time": 109395,
          "key": "1Key7"
        },
        {
          "time": 109395,
          "key": "1Key9"
        },
        {
          "time": 109582,
          "key": "1Key8"
        },
        {
          "time": 109582,
          "key": "1Key9"
        },
        {
          "time": 109769,
          "key": "1Key0"
        },
        {
          "time": 109769,
          "key": "1Key2"
        },
        {
          "time": 109769,
          "key": "1Key8"
        },
        {
          "time": 109769,
          "key": "1Key9"
        },
        {
          "time": 109956,
          "key": "1Key8"
        },
        {
          "time": 109956,
          "key": "1Key9"
        },
        {
          "time": 110330,
          "key": "1Key0"
        },
        {
          "time": 110330,
          "key": "1Key2"
        },
        {
          "time": 111078,
          "key": "1Key8"
        },
        {
          "time": 111078,
          "key": "1Key12"
        },
        {
          "time": 111265,
          "key": "1Key0"
        },
        {
          "time": 111452,
          "key": "1Key7"
        },
        {
          "time": 111452,
          "key": "1Key14"
        },
        {
          "time": 111826,
          "key": "1Key0"
        },
        {
          "time": 111826,
          "key": "1Key7"
        },
        {
          "time": 111826,
          "key": "1Key14"
        },
        {
          "time": 112013,
          "key": "1Key7"
        },
        {
          "time": 112013,
          "key": "1Key14"
        },
        {
          "time": 112200,
          "key": "1Key7"
        },
        {
          "time": 112200,
          "key": "1Key9"
        },
        {
          "time": 112387,
          "key": "1Key7"
        },
        {
          "time": 112387,
          "key": "1Key9"
        },
        {
          "time": 112574,
          "key": "1Key8"
        },
        {
          "time": 112948,
          "key": "1Key8"
        },
        {
          "time": 113696,
          "key": "1Key7"
        },
        {
          "time": 114070,
          "key": "1Key8"
        },
        {
          "time": 114444,
          "key": "1Key7"
        },
        {
          "time": 114818,
          "key": "1Key7"
        },
        {
          "time": 115192,
          "key": "1Key0"
        },
        {
          "time": 115192,
          "key": "1Key9"
        },
        {
          "time": 115379,
          "key": "1Key9"
        },
        {
          "time": 115566,
          "key": "1Key7"
        },
        {
          "time": 115753,
          "key": "1Key0"
        },
        {
          "time": 115753,
          "key": "1Key2"
        },
        {
          "time": 115940,
          "key": "1Key8"
        },
        {
          "time": 116314,
          "key": "1Key0"
        },
        {
          "time": 116314,
          "key": "1Key2"
        },
        {
          "time": 117062,
          "key": "1Key8"
        },
        {
          "time": 117249,
          "key": "1Key0"
        },
        {
          "time": 117436,
          "key": "1Key7"
        },
        {
          "time": 117810,
          "key": "1Key0"
        },
        {
          "time": 117810,
          "key": "1Key7"
        },
        {
          "time": 118184,
          "key": "1Key9"
        },
        {
          "time": 118371,
          "key": "1Key9"
        },
        {
          "time": 118558,
          "key": "1Key7"
        },
        {
          "time": 118932,
          "key": "1Key8"
        },
        {
          "time": 119680,
          "key": "1Key1"
        },
        {
          "time": 120054,
          "key": "1Key8"
        },
        {
          "time": 120054,
          "key": "1Key12"
        },
        {
          "time": 120241,
          "key": "1Key1"
        },
        {
          "time": 120241,
          "key": "1Key3"
        },
        {
          "time": 120241,
          "key": "1Key5"
        },
        {
          "time": 120428,
          "key": "1Key7"
        },
        {
          "time": 120428,
          "key": "1Key14"
        },
        {
          "time": 120802,
          "key": "1Key1"
        },
        {
          "time": 120802,
          "key": "1Key3"
        },
        {
          "time": 120802,
          "key": "1Key5"
        },
        {
          "time": 120802,
          "key": "1Key7"
        },
        {
          "time": 120802,
          "key": "1Key14"
        },
        {
          "time": 120989,
          "key": "1Key7"
        },
        {
          "time": 120989,
          "key": "1Key14"
        },
        {
          "time": 121176,
          "key": "1Key0"
        },
        {
          "time": 121176,
          "key": "1Key7"
        },
        {
          "time": 121176,
          "key": "1Key9"
        },
        {
          "time": 121363,
          "key": "1Key7"
        },
        {
          "time": 121363,
          "key": "1Key9"
        },
        {
          "time": 121550,
          "key": "1Key8"
        },
        {
          "time": 121550,
          "key": "1Key9"
        },
        {
          "time": 121737,
          "key": "1Key0"
        },
        {
          "time": 121737,
          "key": "1Key2"
        },
        {
          "time": 121737,
          "key": "1Key8"
        },
        {
          "time": 121737,
          "key": "1Key9"
        },
        {
          "time": 121924,
          "key": "1Key8"
        },
        {
          "time": 121924,
          "key": "1Key9"
        },
        {
          "time": 122298,
          "key": "1Key0"
        },
        {
          "time": 122298,
          "key": "1Key2"
        },
        {
          "time": 123046,
          "key": "1Key8"
        },
        {
          "time": 123046,
          "key": "1Key12"
        },
        {
          "time": 123233,
          "key": "1Key0"
        },
        {
          "time": 123420,
          "key": "1Key7"
        },
        {
          "time": 123420,
          "key": "1Key14"
        },
        {
          "time": 123794,
          "key": "1Key0"
        },
        {
          "time": 123794,
          "key": "1Key7"
        },
        {
          "time": 123794,
          "key": "1Key14"
        },
        {
          "time": 123981,
          "key": "1Key7"
        },
        {
          "time": 123981,
          "key": "1Key14"
        },
        {
          "time": 124168,
          "key": "1Key7"
        },
        {
          "time": 124168,
          "key": "1Key9"
        },
        {
          "time": 124355,
          "key": "1Key7"
        },
        {
          "time": 124355,
          "key": "1Key9"
        },
        {
          "time": 124542,
          "key": "1Key8"
        },
        {
          "time": 124916,
          "key": "1Key8"
        },
        {
          "time": 125664,
          "key": "1Key7"
        },
        {
          "time": 126038,
          "key": "1Key8"
        },
        {
          "time": 126412,
          "key": "1Key7"
        },
        {
          "time": 126786,
          "key": "1Key7"
        },
        {
          "time": 127160,
          "key": "1Key0"
        },
        {
          "time": 127160,
          "key": "1Key9"
        },
        {
          "time": 127347,
          "key": "1Key9"
        },
        {
          "time": 127534,
          "key": "1Key7"
        },
        {
          "time": 127721,
          "key": "1Key0"
        },
        {
          "time": 127721,
          "key": "1Key2"
        },
        {
          "time": 127908,
          "key": "1Key8"
        },
        {
          "time": 128282,
          "key": "1Key0"
        },
        {
          "time": 128282,
          "key": "1Key2"
        },
        {
          "time": 129030,
          "key": "1Key8"
        },
        {
          "time": 129217,
          "key": "1Key0"
        },
        {
          "time": 129404,
          "key": "1Key7"
        },
        {
          "time": 129778,
          "key": "1Key0"
        },
        {
          "time": 129778,
          "key": "1Key7"
        },
        {
          "time": 130152,
          "key": "1Key9"
        },
        {
          "time": 130339,
          "key": "1Key9"
        },
        {
          "time": 130526,
          "key": "1Key7"
        },
        {
          "time": 130900,
          "key": "1Key8"
        },
        {
          "time": 131648,
          "key": "1Key0"
        },
        {
          "time": 131648,
          "key": "1Key3"
        },
        {
          "time": 131648,
          "key": "1Key5"
        },
        {
          "time": 132022,
          "key": "1Key9"
        },
        {
          "time": 132209,
          "key": "1Key9"
        },
        {
          "time": 132396,
          "key": "1Key10"
        },
        {
          "time": 132770,
          "key": "1Key9"
        },
        {
          "time": 133144,
          "key": "1Key0"
        },
        {
          "time": 133144,
          "key": "1Key3"
        },
        {
          "time": 133144,
          "key": "1Key5"
        },
        {
          "time": 133144,
          "key": "1Key10"
        },
        {
          "time": 133331,
          "key": "1Key9"
        },
        {
          "time": 133705,
          "key": "1Key8"
        },
        {
          "time": 134079,
          "key": "1Key9"
        },
        {
          "time": 134266,
          "key": "1Key7"
        },
        {
          "time": 134640,
          "key": "1Key1"
        },
        {
          "time": 134640,
          "key": "1Key4"
        },
        {
          "time": 134640,
          "key": "1Key6"
        },
        {
          "time": 135014,
          "key": "1Key9"
        },
        {
          "time": 135201,
          "key": "1Key9"
        },
        {
          "time": 135388,
          "key": "1Key10"
        },
        {
          "time": 135762,
          "key": "1Key9"
        },
        {
          "time": 136136,
          "key": "1Key1"
        },
        {
          "time": 136136,
          "key": "1Key4"
        },
        {
          "time": 136136,
          "key": "1Key6"
        },
        {
          "time": 136136,
          "key": "1Key10"
        },
        {
          "time": 136510,
          "key": "1Key9"
        },
        {
          "time": 136697,
          "key": "1Key8"
        },
        {
          "time": 137071,
          "key": "1Key9"
        },
        {
          "time": 137258,
          "key": "1Key7"
        },
        {
          "time": 137632,
          "key": "1Key2"
        },
        {
          "time": 137632,
          "key": "1Key5"
        },
        {
          "time": 137632,
          "key": "1Key7"
        },
        {
          "time": 138006,
          "key": "1Key9"
        },
        {
          "time": 138193,
          "key": "1Key10"
        },
        {
          "time": 138380,
          "key": "1Key11"
        },
        {
          "time": 138754,
          "key": "1Key9"
        },
        {
          "time": 139128,
          "key": "1Key2"
        },
        {
          "time": 139128,
          "key": "1Key5"
        },
        {
          "time": 139128,
          "key": "1Key7"
        },
        {
          "time": 139128,
          "key": "1Key11"
        },
        {
          "time": 139315,
          "key": "1Key9"
        },
        {
          "time": 139689,
          "key": "1Key8"
        },
        {
          "time": 140063,
          "key": "1Key7"
        },
        {
          "time": 140250,
          "key": "1Key7"
        },
        {
          "time": 140624,
          "key": "1Key4"
        },
        {
          "time": 140624,
          "key": "1Key7"
        },
        {
          "time": 140624,
          "key": "1Key9"
        },
        {
          "time": 140998,
          "key": "1Key9"
        },
        {
          "time": 141372,
          "key": "1Key10"
        },
        {
          "time": 141746,
          "key": "1Key9"
        },
        {
          "time": 142120,
          "key": "1Key4"
        },
        {
          "time": 142120,
          "key": "1Key7"
        },
        {
          "time": 142120,
          "key": "1Key9"
        },
        {
          "time": 142120,
          "key": "1Key10"
        },
        {
          "time": 142307,
          "key": "1Key9"
        },
        {
          "time": 142681,
          "key": "1Key8"
        },
        {
          "time": 143055,
          "key": "1Key9"
        },
        {
          "time": 143242,
          "key": "1Key7"
        },
        {
          "time": 143616,
          "key": "1Key0"
        },
        {
          "time": 143616,
          "key": "1Key3"
        },
        {
          "time": 143616,
          "key": "1Key5"
        },
        {
          "time": 143990,
          "key": "1Key0"
        },
        {
          "time": 143990,
          "key": "1Key3"
        },
        {
          "time": 143990,
          "key": "1Key5"
        },
        {
          "time": 143990,
          "key": "1Key7"
        },
        {
          "time": 144364,
          "key": "1Key0"
        },
        {
          "time": 144364,
          "key": "1Key3"
        },
        {
          "time": 144364,
          "key": "1Key5"
        },
        {
          "time": 144364,
          "key": "1Key7"
        },
        {
          "time": 144738,
          "key": "1Key0"
        },
        {
          "time": 144738,
          "key": "1Key3"
        },
        {
          "time": 144738,
          "key": "1Key5"
        },
        {
          "time": 144738,
          "key": "1Key7"
        },
        {
          "time": 144925,
          "key": "1Key7"
        },
        {
          "time": 145112,
          "key": "1Key1"
        },
        {
          "time": 145112,
          "key": "1Key4"
        },
        {
          "time": 145112,
          "key": "1Key6"
        },
        {
          "time": 145112,
          "key": "1Key9"
        },
        {
          "time": 145299,
          "key": "1Key9"
        },
        {
          "time": 145486,
          "key": "1Key1"
        },
        {
          "time": 145486,
          "key": "1Key4"
        },
        {
          "time": 145486,
          "key": "1Key6"
        },
        {
          "time": 145486,
          "key": "1Key8"
        },
        {
          "time": 145673,
          "key": "1Key8"
        },
        {
          "time": 145860,
          "key": "1Key1"
        },
        {
          "time": 145860,
          "key": "1Key4"
        },
        {
          "time": 145860,
          "key": "1Key6"
        },
        {
          "time": 145860,
          "key": "1Key8"
        },
        {
          "time": 146234,
          "key": "1Key1"
        },
        {
          "time": 146234,
          "key": "1Key4"
        },
        {
          "time": 146234,
          "key": "1Key6"
        },
        {
          "time": 146608,
          "key": "1Key0"
        },
        {
          "time": 146608,
          "key": "1Key2"
        },
        {
          "time": 146608,
          "key": "1Key5"
        },
        {
          "time": 146982,
          "key": "1Key0"
        },
        {
          "time": 146982,
          "key": "1Key2"
        },
        {
          "time": 146982,
          "key": "1Key5"
        },
        {
          "time": 146982,
          "key": "1Key8"
        },
        {
          "time": 147356,
          "key": "1Key0"
        },
        {
          "time": 147356,
          "key": "1Key2"
        },
        {
          "time": 147356,
          "key": "1Key5"
        },
        {
          "time": 147356,
          "key": "1Key7"
        },
        {
          "time": 147730,
          "key": "1Key0"
        },
        {
          "time": 147730,
          "key": "1Key2"
        },
        {
          "time": 147730,
          "key": "1Key5"
        },
        {
          "time": 147730,
          "key": "1Key7"
        },
        {
          "time": 147917,
          "key": "1Key7"
        },
        {
          "time": 148104,
          "key": "1Key2"
        },
        {
          "time": 148104,
          "key": "1Key4"
        },
        {
          "time": 148104,
          "key": "1Key6"
        },
        {
          "time": 148104,
          "key": "1Key9"
        },
        {
          "time": 148291,
          "key": "1Key9"
        },
        {
          "time": 148478,
          "key": "1Key2"
        },
        {
          "time": 148478,
          "key": "1Key4"
        },
        {
          "time": 148478,
          "key": "1Key6"
        },
        {
          "time": 148478,
          "key": "1Key8"
        },
        {
          "time": 148852,
          "key": "1Key2"
        },
        {
          "time": 148852,
          "key": "1Key4"
        },
        {
          "time": 148852,
          "key": "1Key6"
        },
        {
          "time": 148852,
          "key": "1Key8"
        },
        {
          "time": 149226,
          "key": "1Key2"
        },
        {
          "time": 149226,
          "key": "1Key4"
        },
        {
          "time": 149226,
          "key": "1Key6"
        },
        {
          "time": 149600,
          "key": "1Key0"
        },
        {
          "time": 149600,
          "key": "1Key3"
        },
        {
          "time": 149600,
          "key": "1Key5"
        },
        {
          "time": 149600,
          "key": "1Key7"
        },
        {
          "time": 149974,
          "key": "1Key0"
        },
        {
          "time": 149974,
          "key": "1Key3"
        },
        {
          "time": 149974,
          "key": "1Key5"
        },
        {
          "time": 149974,
          "key": "1Key8"
        },
        {
          "time": 150348,
          "key": "1Key0"
        },
        {
          "time": 150348,
          "key": "1Key3"
        },
        {
          "time": 150348,
          "key": "1Key5"
        },
        {
          "time": 150348,
          "key": "1Key7"
        },
        {
          "time": 150722,
          "key": "1Key0"
        },
        {
          "time": 150722,
          "key": "1Key3"
        },
        {
          "time": 150722,
          "key": "1Key5"
        },
        {
          "time": 150722,
          "key": "1Key7"
        },
        {
          "time": 151096,
          "key": "1Key1"
        },
        {
          "time": 151096,
          "key": "1Key4"
        },
        {
          "time": 151096,
          "key": "1Key6"
        },
        {
          "time": 151096,
          "key": "1Key10"
        },
        {
          "time": 151283,
          "key": "1Key9"
        },
        {
          "time": 151470,
          "key": "1Key1"
        },
        {
          "time": 151470,
          "key": "1Key4"
        },
        {
          "time": 151470,
          "key": "1Key6"
        },
        {
          "time": 151470,
          "key": "1Key7"
        },
        {
          "time": 151844,
          "key": "1Key1"
        },
        {
          "time": 151844,
          "key": "1Key4"
        },
        {
          "time": 151844,
          "key": "1Key6"
        },
        {
          "time": 151844,
          "key": "1Key8"
        },
        {
          "time": 152218,
          "key": "1Key1"
        },
        {
          "time": 152218,
          "key": "1Key4"
        },
        {
          "time": 152218,
          "key": "1Key6"
        },
        {
          "time": 152592,
          "key": "1Key2"
        },
        {
          "time": 152592,
          "key": "1Key5"
        },
        {
          "time": 152592,
          "key": "1Key7"
        },
        {
          "time": 152966,
          "key": "1Key2"
        },
        {
          "time": 152966,
          "key": "1Key5"
        },
        {
          "time": 152966,
          "key": "1Key7"
        },
        {
          "time": 152966,
          "key": "1Key8"
        },
        {
          "time": 153340,
          "key": "1Key2"
        },
        {
          "time": 153340,
          "key": "1Key5"
        },
        {
          "time": 153340,
          "key": "1Key7"
        },
        {
          "time": 153340,
          "key": "1Key14"
        },
        {
          "time": 153714,
          "key": "1Key2"
        },
        {
          "time": 153714,
          "key": "1Key5"
        },
        {
          "time": 153714,
          "key": "1Key7"
        },
        {
          "time": 153714,
          "key": "1Key14"
        },
        {
          "time": 154088,
          "key": "1Key2"
        },
        {
          "time": 154088,
          "key": "1Key4"
        },
        {
          "time": 154088,
          "key": "1Key7"
        },
        {
          "time": 154088,
          "key": "1Key10"
        },
        {
          "time": 154275,
          "key": "1Key9"
        },
        {
          "time": 154462,
          "key": "1Key2"
        },
        {
          "time": 154462,
          "key": "1Key4"
        },
        {
          "time": 154462,
          "key": "1Key7"
        },
        {
          "time": 154462,
          "key": "1Key14"
        },
        {
          "time": 154836,
          "key": "1Key2"
        },
        {
          "time": 154836,
          "key": "1Key4"
        },
        {
          "time": 154836,
          "key": "1Key7"
        },
        {
          "time": 154836,
          "key": "1Key8"
        },
        {
          "time": 158576,
          "key": "1Key1"
        },
        {
          "time": 158950,
          "key": "1Key8"
        },
        {
          "time": 158950,
          "key": "1Key12"
        },
        {
          "time": 159137,
          "key": "1Key1"
        },
        {
          "time": 159137,
          "key": "1Key3"
        },
        {
          "time": 159137,
          "key": "1Key5"
        },
        {
          "time": 159324,
          "key": "1Key7"
        },
        {
          "time": 159324,
          "key": "1Key14"
        },
        {
          "time": 159698,
          "key": "1Key1"
        },
        {
          "time": 159698,
          "key": "1Key3"
        },
        {
          "time": 159698,
          "key": "1Key5"
        },
        {
          "time": 159698,
          "key": "1Key7"
        },
        {
          "time": 159698,
          "key": "1Key14"
        },
        {
          "time": 159885,
          "key": "1Key7"
        },
        {
          "time": 159885,
          "key": "1Key14"
        },
        {
          "time": 160072,
          "key": "1Key0"
        },
        {
          "time": 160072,
          "key": "1Key7"
        },
        {
          "time": 160072,
          "key": "1Key9"
        },
        {
          "time": 160259,
          "key": "1Key7"
        },
        {
          "time": 160259,
          "key": "1Key9"
        },
        {
          "time": 160446,
          "key": "1Key8"
        },
        {
          "time": 160446,
          "key": "1Key9"
        },
        {
          "time": 160633,
          "key": "1Key0"
        },
        {
          "time": 160633,
          "key": "1Key2"
        },
        {
          "time": 160633,
          "key": "1Key8"
        },
        {
          "time": 160633,
          "key": "1Key9"
        },
        {
          "time": 160820,
          "key": "1Key8"
        },
        {
          "time": 160820,
          "key": "1Key9"
        },
        {
          "time": 161194,
          "key": "1Key0"
        },
        {
          "time": 161194,
          "key": "1Key2"
        },
        {
          "time": 161942,
          "key": "1Key8"
        },
        {
          "time": 161942,
          "key": "1Key12"
        },
        {
          "time": 162129,
          "key": "1Key0"
        },
        {
          "time": 162316,
          "key": "1Key7"
        },
        {
          "time": 162316,
          "key": "1Key14"
        },
        {
          "time": 162690,
          "key": "1Key0"
        },
        {
          "time": 162690,
          "key": "1Key7"
        },
        {
          "time": 162690,
          "key": "1Key14"
        },
        {
          "time": 162877,
          "key": "1Key7"
        },
        {
          "time": 162877,
          "key": "1Key14"
        },
        {
          "time": 163064,
          "key": "1Key7"
        },
        {
          "time": 163064,
          "key": "1Key9"
        },
        {
          "time": 163251,
          "key": "1Key7"
        },
        {
          "time": 163251,
          "key": "1Key9"
        },
        {
          "time": 163438,
          "key": "1Key8"
        },
        {
          "time": 163812,
          "key": "1Key8"
        },
        {
          "time": 164560,
          "key": "1Key7"
        },
        {
          "time": 164934,
          "key": "1Key8"
        },
        {
          "time": 165308,
          "key": "1Key7"
        },
        {
          "time": 165308,
          "key": "1Key14"
        },
        {
          "time": 165682,
          "key": "1Key7"
        },
        {
          "time": 165682,
          "key": "1Key14"
        },
        {
          "time": 166056,
          "key": "1Key0"
        },
        {
          "time": 166056,
          "key": "1Key9"
        },
        {
          "time": 166243,
          "key": "1Key9"
        },
        {
          "time": 166430,
          "key": "1Key7"
        },
        {
          "time": 166430,
          "key": "1Key14"
        },
        {
          "time": 166617,
          "key": "1Key0"
        },
        {
          "time": 166617,
          "key": "1Key2"
        },
        {
          "time": 166804,
          "key": "1Key8"
        },
        {
          "time": 167178,
          "key": "1Key0"
        },
        {
          "time": 167178,
          "key": "1Key2"
        },
        {
          "time": 167926,
          "key": "1Key8"
        },
        {
          "time": 168113,
          "key": "1Key0"
        },
        {
          "time": 168300,
          "key": "1Key7"
        },
        {
          "time": 168300,
          "key": "1Key14"
        },
        {
          "time": 168674,
          "key": "1Key0"
        },
        {
          "time": 168674,
          "key": "1Key7"
        },
        {
          "time": 168674,
          "key": "1Key14"
        },
        {
          "time": 169048,
          "key": "1Key9"
        },
        {
          "time": 169235,
          "key": "1Key9"
        },
        {
          "time": 169422,
          "key": "1Key7"
        },
        {
          "time": 169422,
          "key": "1Key14"
        },
        {
          "time": 169796,
          "key": "1Key8"
        },
        {
          "time": 170544,
          "key": "1Key1"
        },
        {
          "time": 170544,
          "key": "1Key5"
        },
        {
          "time": 170918,
          "key": "1Key8"
        },
        {
          "time": 170918,
          "key": "1Key12"
        },
        {
          "time": 171105,
          "key": "1Key1"
        },
        {
          "time": 171105,
          "key": "1Key3"
        },
        {
          "time": 171105,
          "key": "1Key5"
        },
        {
          "time": 171292,
          "key": "1Key7"
        },
        {
          "time": 171292,
          "key": "1Key14"
        },
        {
          "time": 171666,
          "key": "1Key1"
        },
        {
          "time": 171666,
          "key": "1Key3"
        },
        {
          "time": 171666,
          "key": "1Key5"
        },
        {
          "time": 171666,
          "key": "1Key7"
        },
        {
          "time": 171666,
          "key": "1Key14"
        },
        {
          "time": 171853,
          "key": "1Key7"
        },
        {
          "time": 171853,
          "key": "1Key14"
        },
        {
          "time": 172040,
          "key": "1Key0"
        },
        {
          "time": 172040,
          "key": "1Key7"
        },
        {
          "time": 172040,
          "key": "1Key9"
        },
        {
          "time": 172227,
          "key": "1Key7"
        },
        {
          "time": 172227,
          "key": "1Key9"
        },
        {
          "time": 172414,
          "key": "1Key8"
        },
        {
          "time": 172414,
          "key": "1Key9"
        },
        {
          "time": 172601,
          "key": "1Key0"
        },
        {
          "time": 172601,
          "key": "1Key2"
        },
        {
          "time": 172601,
          "key": "1Key8"
        },
        {
          "time": 172601,
          "key": "1Key9"
        },
        {
          "time": 172788,
          "key": "1Key8"
        },
        {
          "time": 172788,
          "key": "1Key9"
        },
        {
          "time": 173162,
          "key": "1Key0"
        },
        {
          "time": 173162,
          "key": "1Key2"
        },
        {
          "time": 173910,
          "key": "1Key8"
        },
        {
          "time": 173910,
          "key": "1Key12"
        },
        {
          "time": 174097,
          "key": "1Key0"
        },
        {
          "time": 174284,
          "key": "1Key7"
        },
        {
          "time": 174284,
          "key": "1Key14"
        },
        {
          "time": 174658,
          "key": "1Key0"
        },
        {
          "time": 174658,
          "key": "1Key7"
        },
        {
          "time": 174658,
          "key": "1Key14"
        },
        {
          "time": 174845,
          "key": "1Key7"
        },
        {
          "time": 174845,
          "key": "1Key14"
        },
        {
          "time": 175032,
          "key": "1Key7"
        },
        {
          "time": 175032,
          "key": "1Key9"
        },
        {
          "time": 175219,
          "key": "1Key7"
        },
        {
          "time": 175219,
          "key": "1Key9"
        },
        {
          "time": 175406,
          "key": "1Key8"
        },
        {
          "time": 175780,
          "key": "1Key8"
        },
        {
          "time": 176528,
          "key": "1Key7"
        },
        {
          "time": 176902,
          "key": "1Key8"
        },
        {
          "time": 177276,
          "key": "1Key7"
        },
        {
          "time": 177276,
          "key": "1Key14"
        },
        {
          "time": 177650,
          "key": "1Key7"
        },
        {
          "time": 177650,
          "key": "1Key14"
        },
        {
          "time": 178024,
          "key": "1Key0"
        },
        {
          "time": 178024,
          "key": "1Key9"
        },
        {
          "time": 178211,
          "key": "1Key9"
        },
        {
          "time": 178398,
          "key": "1Key7"
        },
        {
          "time": 178398,
          "key": "1Key14"
        },
        {
          "time": 178585,
          "key": "1Key0"
        },
        {
          "time": 178585,
          "key": "1Key2"
        },
        {
          "time": 178772,
          "key": "1Key8"
        },
        {
          "time": 179146,
          "key": "1Key0"
        },
        {
          "time": 179146,
          "key": "1Key2"
        },
        {
          "time": 179894,
          "key": "1Key8"
        },
        {
          "time": 180081,
          "key": "1Key0"
        },
        {
          "time": 180268,
          "key": "1Key7"
        },
        {
          "time": 180268,
          "key": "1Key14"
        },
        {
          "time": 180642,
          "key": "1Key0"
        },
        {
          "time": 180642,
          "key": "1Key7"
        },
        {
          "time": 180642,
          "key": "1Key14"
        },
        {
          "time": 181016,
          "key": "1Key9"
        },
        {
          "time": 181203,
          "key": "1Key9"
        },
        {
          "time": 181390,
          "key": "1Key7"
        },
        {
          "time": 181390,
          "key": "1Key14"
        },
        {
          "time": 181764,
          "key": "1Key8"
        },
        {
          "time": 182512,
          "key": "1Key1"
        },
        {
          "time": 182886,
          "key": "1Key8"
        },
        {
          "time": 183073,
          "key": "1Key1"
        },
        {
          "time": 183073,
          "key": "1Key3"
        },
        {
          "time": 183073,
          "key": "1Key5"
        },
        {
          "time": 183260,
          "key": "1Key8"
        },
        {
          "time": 183447,
          "key": "1Key7"
        },
        {
          "time": 183634,
          "key": "1Key1"
        },
        {
          "time": 183634,
          "key": "1Key3"
        },
        {
          "time": 183634,
          "key": "1Key5"
        },
        {
          "time": 184008,
          "key": "1Key0"
        },
        {
          "time": 184008,
          "key": "1Key8"
        },
        {
          "time": 184195,
          "key": "1Key8"
        },
        {
          "time": 184382,
          "key": "1Key8"
        },
        {
          "time": 184569,
          "key": "1Key0"
        },
        {
          "time": 184569,
          "key": "1Key2"
        },
        {
          "time": 184569,
          "key": "1Key8"
        },
        {
          "time": 184756,
          "key": "1Key8"
        },
        {
          "time": 184943,
          "key": "1Key7"
        },
        {
          "time": 185130,
          "key": "1Key0"
        },
        {
          "time": 185130,
          "key": "1Key2"
        },
        {
          "time": 185504,
          "key": "1Key8"
        },
        {
          "time": 185878,
          "key": "1Key8"
        },
        {
          "time": 186065,
          "key": "1Key0"
        },
        {
          "time": 186252,
          "key": "1Key8"
        },
        {
          "time": 186626,
          "key": "1Key0"
        },
        {
          "time": 186626,
          "key": "1Key7"
        },
        {
          "time": 187000,
          "key": "1Key8"
        },
        {
          "time": 187187,
          "key": "1Key8"
        },
        {
          "time": 187374,
          "key": "1Key8"
        },
        {
          "time": 187561,
          "key": "1Key9"
        },
        {
          "time": 187748,
          "key": "1Key8"
        },
        {
          "time": 187935,
          "key": "1Key7"
        },
        {
          "time": 188870,
          "key": "1Key8"
        },
        {
          "time": 189244,
          "key": "1Key8"
        },
        {
          "time": 189431,
          "key": "1Key7"
        },
        {
          "time": 189992,
          "key": "1Key0"
        },
        {
          "time": 189992,
          "key": "1Key8"
        },
        {
          "time": 190179,
          "key": "1Key8"
        },
        {
          "time": 190366,
          "key": "1Key8"
        },
        {
          "time": 190553,
          "key": "1Key0"
        },
        {
          "time": 190553,
          "key": "1Key2"
        },
        {
          "time": 190553,
          "key": "1Key8"
        },
        {
          "time": 190740,
          "key": "1Key8"
        },
        {
          "time": 190927,
          "key": "1Key7"
        },
        {
          "time": 191114,
          "key": "1Key0"
        },
        {
          "time": 191114,
          "key": "1Key2"
        },
        {
          "time": 191488,
          "key": "1Key8"
        },
        {
          "time": 191862,
          "key": "1Key8"
        },
        {
          "time": 192049,
          "key": "1Key0"
        },
        {
          "time": 192236,
          "key": "1Key8"
        },
        {
          "time": 192610,
          "key": "1Key0"
        },
        {
          "time": 192610,
          "key": "1Key7"
        },
        {
          "time": 192984,
          "key": "1Key8"
        },
        {
          "time": 193171,
          "key": "1Key8"
        },
        {
          "time": 193358,
          "key": "1Key8"
        },
        {
          "time": 193545,
          "key": "1Key9"
        },
        {
          "time": 193732,
          "key": "1Key8"
        },
        {
          "time": 193919,
          "key": "1Key7"
        },
        {
          "time": 194480,
          "key": "1Key1"
        },
        {
          "time": 194667,
          "key": "1Key7"
        },
        {
          "time": 194854,
          "key": "1Key10"
        },
        {
          "time": 195041,
          "key": "1Key1"
        },
        {
          "time": 195228,
          "key": "1Key5"
        },
        {
          "time": 195228,
          "key": "1Key8"
        },
        {
          "time": 195415,
          "key": "1Key10"
        },
        {
          "time": 195602,
          "key": "1Key1"
        },
        {
          "time": 195789,
          "key": "1Key8"
        },
        {
          "time": 195976,
          "key": "1Key0"
        },
        {
          "time": 196163,
          "key": "1Key7"
        },
        {
          "time": 196350,
          "key": "1Key9"
        },
        {
          "time": 196537,
          "key": "1Key0"
        },
        {
          "time": 196724,
          "key": "1Key4"
        },
        {
          "time": 196724,
          "key": "1Key7"
        },
        {
          "time": 196911,
          "key": "1Key9"
        },
        {
          "time": 197098,
          "key": "1Key0"
        },
        {
          "time": 197285,
          "key": "1Key7"
        },
        {
          "time": 197659,
          "key": "1Key5"
        },
        {
          "time": 197846,
          "key": "1Key7"
        },
        {
          "time": 198220,
          "key": "1Key2"
        },
        {
          "time": 198220,
          "key": "1Key5"
        },
        {
          "time": 198407,
          "key": "1Key7"
        },
        {
          "time": 198781,
          "key": "1Key5"
        },
        {
          "time": 199155,
          "key": "1Key4"
        },
        {
          "time": 199342,
          "key": "1Key6"
        },
        {
          "time": 199716,
          "key": "1Key1"
        },
        {
          "time": 199716,
          "key": "1Key4"
        },
        {
          "time": 199903,
          "key": "1Key6"
        },
        {
          "time": 200277,
          "key": "1Key4"
        },
        {
          "time": 200651,
          "key": "1Key3"
        },
        {
          "time": 200838,
          "key": "1Key5"
        },
        {
          "time": 201212,
          "key": "1Key0"
        },
        {
          "time": 201212,
          "key": "1Key3"
        },
        {
          "time": 201399,
          "key": "1Key5"
        },
        {
          "time": 201773,
          "key": "1Key3"
        },
        {
          "time": 201960,
          "key": "1Key0"
        },
        {
          "time": 202147,
          "key": "1Key7"
        },
        {
          "time": 202334,
          "key": "1Key9"
        },
        {
          "time": 202521,
          "key": "1Key0"
        },
        {
          "time": 202708,
          "key": "1Key4"
        },
        {
          "time": 202708,
          "key": "1Key7"
        },
        {
          "time": 202895,
          "key": "1Key9"
        },
        {
          "time": 203082,
          "key": "1Key0"
        },
        {
          "time": 203269,
          "key": "1Key7"
        },
        {
          "time": 203643,
          "key": "1Key5"
        },
        {
          "time": 203830,
          "key": "1Key7"
        },
        {
          "time": 204204,
          "key": "1Key2"
        },
        {
          "time": 204204,
          "key": "1Key5"
        },
        {
          "time": 204391,
          "key": "1Key7"
        },
        {
          "time": 204765,
          "key": "1Key5"
        },
        {
          "time": 205139,
          "key": "1Key4"
        },
        {
          "time": 205326,
          "key": "1Key6"
        },
        {
          "time": 206448,
          "key": "1Key1"
        },
        {
          "time": 206448,
          "key": "1Key8"
        },
        {
          "time": 207009,
          "key": "1Key1"
        },
        {
          "time": 207383,
          "key": "1Key10"
        },
        {
          "time": 207570,
          "key": "1Key1"
        },
        {
          "time": 207944,
          "key": "1Key0"
        },
        {
          "time": 207944,
          "key": "1Key7"
        },
        {
          "time": 208505,
          "key": "1Key0"
        },
        {
          "time": 208879,
          "key": "1Key9"
        },
        {
          "time": 209066,
          "key": "1Key0"
        },
        {
          "time": 209440,
          "key": "1Key5"
        },
        {
          "time": 210375,
          "key": "1Key7"
        },
        {
          "time": 210936,
          "key": "1Key4"
        },
        {
          "time": 211871,
          "key": "1Key6"
        },
        {
          "time": 212432,
          "key": "1Key3"
        },
        {
          "time": 213367,
          "key": "1Key5"
        },
        {
          "time": 213928,
          "key": "1Key0"
        },
        {
          "time": 213928,
          "key": "1Key7"
        },
        {
          "time": 214489,
          "key": "1Key0"
        },
        {
          "time": 214863,
          "key": "1Key9"
        },
        {
          "time": 215050,
          "key": "1Key0"
        },
        {
          "time": 215424,
          "key": "1Key5"
        },
        {
          "time": 216359,
          "key": "1Key8"
        },
        {
          "time": 216920,
          "key": "1Key4"
        },
        {
          "time": 217855,
          "key": "1Key6"
        }
      ]
    }
  ]