[{"name":"Hide n seek","type":"composed","bpm":220,"pitch":"C","version":3,"folderId":null,"data":{"isComposed":true,"isComposedVersion":true,"appName":"Sky"},"breakpoints":[0],"instruments":[{"name":"Xylophone","volume":100,"pitch":"","visible":true,"icon":"circle","alias":"","muted":false}],"columns":[[0,[[9,"1"],[2,"1"],[5,"1"]]],[0,[]],[0,[[5,"1"]]],[0,[]],[0,[[4,"1"],[1,"1"]]],[0,[[5,"1"]]],[0,[[6,"1"]]],[0,[[8,"1"]]],[0,[[7,"1"],[2,"1"],[5,"1"]]],[0,[]],[0,[[5,"1"]]],[0,[]],[0,[[6,"1"],[1,"1"]]],[0,[[7,"1"]]],[0,[[8,"1"]]],[0,[[10,"1"]]],[0,[[9,"1"],[2,"1"],[5,"1"]]],[0,[]],[0,[]],[0,[[9,"1"]]],[0,[[8,"1"],[3,"1"]]],[0,[[9,"1"]]],[0,[[10,"1"]]],[0,[[12,"1"]]],[0,[[11,"1"],[1,"1"],[4,"1"]]],[0,[]],[0,[[10,"1"]]],[0,[]],[0,[[9,"1"],[5,"1"]]],[0,[]],[0,[[8,"1"]]],[0,[]],[0,[[9,"1"],[2,"1"],[5,"1"]]],[0,[]],[0,[[5,"1"]]],[0,[]],[0,[[4,"1"],[1,"1"]]],[0,[[5,"1"]]],[0,[[6,"1"]]],[0,[[8,"1"]]],[0,[[7,"1"],[5,"1"],[2,"1"]]],[0,[]],[0,[[5,"1"]]],[0,[]],[0,[[6,"1"],[1,"1"]]],[0,[[7,"1"]]],[0,[[8,"1"]]],[0,[[10,"1"]]],[0,[[9,"1"],[2,"1"],[5,"1"]]],[0,[]],[0,[]],[0,[[9,"1"]]],[0,[[8,"1"],[3,"1"]]],[0,[[9,"1"]]],[0,[[10,"1"]]],[0,[[12,"1"]]],[0,[[11,"1"],[1,"1"],[4,"1"]]],[0,[]],[0,[[11,"1"],[6,"1"]]],[0,[]],[0,[[12,"1"],[5,"1"]]],[0,[]],[0,[[13,"1"],[7,"1"]]],[0,[]],[0,[[14,"1"],[5,"1"],[2,"1"]]],[0,[]],[0,[]],[0,[[12,"1"]]],[0,[[9,"1"],[1,"1"]]],[0,[]],[0,[[9,"1"]]],[0,[]],[0,[[13,"1"],[3,"1"],[6,"1"]]],[0,[]],[0,[[12,"1"]]],[0,[]],[0,[[5,"1"],[3,"1"]]],[0,[]],[0,[]],[0,[]],[0,[[14,"1"],[2,"1"],[5,"1"]]],[0,[]],[0,[]],[0,[[12,"1"]]],[0,[[9,"1"],[1,"1"]]],[0,[]],[0,[[9,"1"]]],[0,[]],[0,[[8,"1"],[3,"1"]]],[0,[]],[0,[[7,"1"],[3,"1"]]],[0,[]],[0,[[6,"1"],[3,"1"]]],[0,[]],[0,[[5,"1"],[3,"1"]]],[0,[]],[0,[[14,"1"],[5,"1"],[2,"1"]]],[0,[]],[0,[]],[0,[[12,"1"]]],[0,[[9,"1"],[1,"1"]]],[0,[]],[0,[[9,"1"]]],[0,[]],[0,[[13,"1"],[6,"1"],[3,"1"]]],[0,[]],[0,[[12,"1"]]],[0,[]],[0,[[5,"1"],[3,"1"]]],[0,[]],[0,[]],[0,[]],[0,[[14,"1"],[5,"1"],[2,"1"]]],[0,[]],[0,[]],[0,[[12,"1"]]],[0,[[9,"1"],[1,"1"]]],[0,[]],[0,[[9,"1"]]],[0,[]],[0,[[8,"1"],[3,"1"]]],[0,[]],[0,[[9,"1"],[3,"1"]]],[0,[]],[0,[[10,"1"],[5,"1"]]],[0,[]],[0,[[9,"1"],[3,"1"]]],[0,[]],[0,[[9,"1"],[5,"1"],[2,"1"]]],[0,[]],[0,[[5,"1"]]],[0,[]],[0,[[4,"1"],[1,"1"]]],[0,[[5,"1"]]],[0,[[6,"1"]]],[0,[[8,"1"]]],[0,[[7,"1"],[5,"1"],[2,"1"]]],[0,[]],[0,[[5,"1"]]],[0,[]],[0,[[6,"1"],[1,"1"]]],[0,[[7,"1"]]],[0,[[8,"1"]]],[0,[[10,"1"]]],[0,[[9,"1"],[5,"1"],[2,"1"]]],[0,[]],[0,[]],[0,[[9,"1"]]],[0,[[8,"1"],[3,"1"]]],[0,[[9,"1"]]],[0,[[10,"1"]]],[0,[[12,"1"]]],[0,[[11,"1"],[4,"1"],[1,"1"]]],[0,[]],[0,[[10,"1"]]],[0,[]],[0,[[9,"1"],[5,"1"]]],[0,[]],[0,[[8,"1"]]],[0,[]],[0,[[9,"1"],[2,"1"],[5,"1"]]],[0,[]],[0,[[5,"1"]]],[0,[]],[0,[[4,"1"],[1,"1"]]],[0,[[5,"1"]]],[0,[[6,"1"]]],[0,[[8,"1"]]],[0,[[7,"1"],[2,"1"],[5,"1"]]],[0,[]],[0,[[5,"1"]]],[0,[]],[0,[[6,"1"],[1,"1"]]],[0,[[7,"1"]]],[0,[[8,"1"]]],[0,[[10,"1"]]],[0,[[9,"1"],[5,"1"],[2,"1"]]],[0,[]],[0,[]],[0,[[9,"1"]]],[0,[[8,"1"],[3,"1"]]],[0,[[9,"1"]]],[0,[[10,"1"]]],[0,[[12,"1"]]],[0,[[11,"1"],[1,"1"],[4,"1"]]],[0,[]],[0,[[11,"1"],[6,"1"]]],[0,[]],[0,[[12,"1"],[5,"1"]]],[0,[]],[0,[[13,"1"],[7,"1"]]],[0,[]],[0,[[14,"1"],[5,"1"],[2,"1"]]],[0,[]],[0,[]],[0,[[12,"1"]]],[0,[[9,"1"],[1,"1"]]],[0,[]],[0,[[9,"1"]]],[0,[]],[0,[[13,"1"],[3,"1"],[6,"1"]]],[0,[]],[0,[[12,"1"]]],[0,[]],[0,[[5,"1"],[3,"1"]]],[0,[]],[0,[]],[0,[]],[0,[[14,"1"],[2,"1"],[5,"1"]]],[0,[]],[0,[]],[0,[[12,"1"]]],[0,[[9,"1"],[1,"1"]]],[0,[]],[0,[[9,"1"]]],[0,[]],[0,[[8,"1"],[3,"1"]]],[0,[]],[0,[[7,"1"],[3,"1"]]],[0,[]],[0,[[6,"1"],[3,"1"]]],[0,[]],[0,[[5,"1"],[3,"1"]]],[0,[]],[0,[[14,"1"],[5,"1"],[2,"1"]]],[0,[]],[0,[]],[0,[[12,"1"]]],[0,[[9,"1"],[1,"1"]]],[0,[]],[0,[[9,"1"]]],[0,[]],[0,[[13,"1"],[6,"1"],[3,"1"]]],[0,[]],[0,[[12,"1"]]],[0,[]],[0,[[5,"1"],[3,"1"]]],[0,[]],[0,[]],[0,[]],[0,[[14,"1"],[5,"1"],[2,"1"]]],[0,[]],[0,[]],[0,[[12,"1"]]],[0,[[9,"1"],[1,"1"]]],[0,[]],[0,[[9,"1"]]],[0,[]],[0,[[8,"1"],[3,"1"]]],[0,[]],[0,[[9,"1"],[3,"1"]]],[0,[]],[0,[[10,"1"],[5,"1"]]],[0,[]],[0,[[9,"1"],[3,"1"]]],[0,[]],[0,[[9,"1"],[2,"1"]]],[0,[]],[0,[[5,"1"],[2,"1"]]],[0,[]],[0,[[4,"1"],[1,"1"]]],[0,[[5,"1"]]],[0,[[6,"1"],[1,"1"]]],[0,[[7,"1"]]],[0,[[5,"1"],[2,"1"]]],[0,[]],[0,[[2,"1"],[0,"1"]]],[0,[]],[0,[[3,"1"],[0,"1"]]],[0,[]],[0,[[2,"1"],[0,"1"]]],[0,[]],[0,[[9,"1"],[2,"1"]]],[0,[]],[0,[[5,"1"],[2,"1"]]],[0,[]],[0,[[4,"1"],[1,"1"]]],[0,[[5,"1"]]],[0,[[6,"1"],[1,"1"]]],[0,[[7,"1"]]],[0,[[5,"1"],[2,"1"]]],[0,[]],[0,[[2,"1"],[0,"1"]]],[0,[]],[0,[[3,"1"],[0,"1"]]],[0,[]],[0,[[2,"1"],[0,"1"]]],[0,[]],[0,[[9,"1"],[2,"1"]]],[0,[]],[0,[[5,"1"],[2,"1"]]],[0,[]],[0,[[4,"1"],[1,"1"]]],[0,[[5,"1"]]],[0,[[6,"1"],[1,"1"]]],[0,[[7,"1"]]],[0,[[5,"1"],[2,"1"]]],[0,[]],[0,[[2,"1"],[0,"1"]]],[0,[]],[0,[[3,"1"],[0,"1"]]],[0,[]],[0,[[2,"1"],[0,"1"]]],[0,[]],[0,[[9,"1"],[2,"1"]]],[0,[]],[0,[[5,"1"],[2,"1"]]],[0,[]],[0,[[4,"1"],[1,"1"]]],[0,[[5,"1"]]],[0,[[6,"1"],[1,"1"]]],[0,[[7,"1"]]],[0,[[5,"1"],[2,"1"]]],[0,[]],[0,[]],[0,[]],[0,[[2,"1"]]],[0,[]],[0,[]],[0,[]],[0,[[9,"1"],[5,"1"],[2,"1"]]],[0,[]],[0,[[5,"1"]]],[0,[]],[0,[[4,"1"],[1,"1"]]],[0,[[5,"1"]]],[0,[[6,"1"]]],[0,[[8,"1"]]],[0,[[7,"1"],[5,"1"],[2,"1"]]],[0,[]],[0,[[5,"1"]]],[0,[]],[0,[[6,"1"],[1,"1"]]],[0,[[7,"1"]]],[0,[[8,"1"]]],[0,[[10,"1"]]],[0,[[9,"1"],[5,"1"],[2,"1"]]],[0,[]],[0,[]],[0,[[9,"1"]]],[0,[[8,"1"],[3,"1"]]],[0,[[9,"1"]]],[0,[[10,"1"]]],[0,[[12,"1"]]],[0,[[11,"1"],[4,"1"],[1,"1"]]],[0,[]],[0,[[10,"1"]]],[0,[]],[0,[[9,"1"],[5,"1"]]],[0,[]],[0,[[8,"1"]]],[0,[]],[0,[[9,"1"],[2,"1"],[5,"1"]]],[0,[]],[0,[[5,"1"]]],[0,[]],[0,[[4,"1"],[1,"1"]]],[0,[[5,"1"]]],[0,[[6,"1"]]],[0,[[8,"1"]]],[0,[[7,"1"],[2,"1"],[5,"1"]]],[0,[]],[0,[[5,"1"]]],[0,[]],[0,[[6,"1"],[1,"1"]]],[0,[[7,"1"]]],[0,[[8,"1"]]],[0,[[10,"1"]]],[0,[[9,"1"],[5,"1"],[2,"1"]]],[0,[]],[0,[]],[0,[[9,"1"]]],[0,[[8,"1"],[3,"1"]]],[0,[[9,"1"]]],[0,[[10,"1"]]],[0,[[12,"1"]]],[0,[[11,"1"],[1,"1"],[4,"1"]]],[0,[]],[0,[[11,"1"],[6,"1"]]],[0,[]],[0,[[12,"1"],[5,"1"]]],[0,[]],[0,[[13,"1"],[7,"1"]]],[0,[]],[0,[[14,"1"],[5,"1"],[2,"1"]]],[0,[]],[0,[]],[0,[[12,"1"]]],[0,[[9,"1"],[1,"1"]]],[0,[]],[0,[[9,"1"]]],[0,[]],[0,[[13,"1"],[3,"1"],[6,"1"]]],[0,[]],[0,[[12,"1"]]],[0,[]],[0,[[5,"1"],[3,"1"]]],[0,[]],[0,[]],[0,[]],[0,[[14,"1"],[2,"1"],[5,"1"]]],[0,[]],[0,[]],[0,[[12,"1"]]],[0,[[9,"1"],[1,"1"]]],[0,[]],[0,[[9,"1"]]],[0,[]],[0,[[8,"1"],[3,"1"]]],[0,[]],[0,[[7,"1"],[3,"1"]]],[0,[]],[0,[[6,"1"],[3,"1"]]],[0,[]],[0,[[5,"1"],[3,"1"]]],[0,[]],[0,[[14,"1"],[5,"1"],[2,"1"]]],[0,[]],[0,[]],[0,[[12,"1"]]],[0,[[9,"1"],[1,"1"]]],[0,[]],[0,[[9,"1"]]],[0,[]],[0,[[13,"1"],[6,"1"],[3,"1"]]],[0,[]],[0,[[12,"1"]]],[0,[]],[0,[[5,"1"],[3,"1"]]],[0,[]],[0,[]],[0,[]],[0,[[14,"1"],[5,"1"],[2,"1"]]],[0,[]],[0,[]],[0,[[12,"1"]]],[0,[[9,"1"],[1,"1"]]],[0,[]],[0,[[9,"1"]]],[0,[]],[0,[[8,"1"],[3,"1"]]],[0,[]],[0,[[9,"1"],[3,"1"]]],[0,[]],[0,[[10,"1"],[5,"1"]]],[0,[]],[0,[[9,"1"],[3,"1"]]],[0,[]],[0,[[9,"1"],[2,"1"]]],[0,[]],[0,[[5,"1"],[2,"1"]]],[0,[]],[0,[[4,"1"],[1,"1"]]],[0,[[5,"1"]]],[0,[[6,"1"],[1,"1"]]],[0,[[7,"1"]]],[0,[[9,"1"],[2,"1"]]],[0,[]],[0,[[5,"1"],[2,"1"]]],[0,[]],[0,[[4,"1"],[1,"1"]]],[0,[[5,"1"]]],[0,[[6,"1"],[1,"1"]]],[0,[[7,"1"]]],[0,[[5,"1"],[2,"1"]]],[0,[]],[0,[[2,"1"],[0,"1"]]],[0,[]],[0,[[3,"1"],[0,"1"]]],[0,[]],[0,[[2,"1"],[0,"1"]]],[0,[]],[0,[[9,"1"],[2,"1"]]],[0,[]],[0,[[5,"1"],[2,"1"]]],[0,[]],[0,[[4,"1"],[1,"1"]]],[0,[[5,"1"]]],[0,[[6,"1"],[1,"1"]]],[0,[[7,"1"]]],[0,[[5,"1"],[2,"1"]]],[0,[]],[0,[[2,"1"],[0,"1"]]],[0,[]],[0,[[3,"1"],[0,"1"]]],[0,[]],[0,[[2,"1"],[0,"1"]]],[0,[]],[0,[[9,"1"],[2,"1"]]],[0,[]],[0,[[5,"1"],[2,"1"]]],[0,[]],[0,[[4,"1"],[1,"1"]]],[0,[[5,"1"]]],[0,[[6,"1"],[1,"1"]]],[0,[[7,"1"]]],[0,[[5,"1"],[2,"1"]]],[0,[]],[0,[[2,"1"],[0,"1"]]],[0,[]],[0,[[3,"1"],[0,"1"]]],[0,[]],[0,[[2,"1"],[0,"1"]]],[0,[]],[0,[[9,"1"],[2,"1"]]],[0,[]],[0,[[5,"1"],[2,"1"]]],[0,[]],[0,[[4,"1"],[1,"1"]]],[0,[[5,"1"]]],[0,[[6,"1"],[1,"1"]]],[0,[[7,"1"]]],[0,[[5,"1"],[2,"1"]]],[0,[]],[0,[]],[0,[]],[0,[[2,"1"]]],[0,[]],[0,[]],[0,[]],[0,[[9,"1"]]],[0,[]],[0,[[5,"1"]]],[0,[]],[0,[[4,"1"]]],[0,[[5,"1"]]],[0,[[6,"1"]]],[0,[[7,"1"]]],[0,[[5,"1"]]],[0,[]],[0,[[2,"1"]]],[0,[]],[0,[[3,"1"]]],[0,[]],[0,[[2,"1"]]],[0,[]],[0,[[9,"1"]]],[0,[]],[0,[[5,"1"]]],[0,[]],[0,[[4,"1"]]],[0,[[5,"1"]]],[0,[[6,"1"]]],[0,[[7,"1"]]],[0,[[5,"1"]]]],"id":"20e9fa00-be6d-a019-5989","pitchLevel":0,"isComposed":true,"bitsPerPage":16,"isEncrypted":false,"songNotes":[{"key":"1Key9","time":100},{"key":"1Key2","time":100},{"key":"1Key5","time":100},{"key":"1Key5","time":644},{"key":"1Key4","time":1188},{"key":"1Key1","time":1188},{"key":"1Key5","time":1460},{"key":"1Key6","time":1732},{"key":"1Key8","time":2004},{"key":"1Key7","time":2276},{"key":"1Key2","time":2276},{"key":"1Key5","time":2276},{"key":"1Key5","time":2820},{"key":"1Key6","time":3364},{"key":"1Key1","time":3364},{"key":"1Key7","time":3636},{"key":"1Key8","time":3908},{"key":"1Key10","time":4180},{"key":"1Key9","time":4452},{"key":"1Key2","time":4452},{"key":"1Key5","time":4452},{"key":"1Key9","time":5268},{"key":"1Key8","time":5540},{"key":"1Key3","time":5540},{"key":"1Key9","time":5812},{"key":"1Key10","time":6084},{"key":"1Key12","time":6356},{"key":"1Key11","time":6628},{"key":"1Key1","time":6628},{"key":"1Key4","time":6628},{"key":"1Key10","time":7172},{"key":"1Key9","time":7716},{"key":"1Key5","time":7716},{"key":"1Key8","time":8260},{"key":"1Key9","time":8804},{"key":"1Key2","time":8804},{"key":"1Key5","time":8804},{"key":"1Key5","time":9348},{"key":"1Key4","time":9892},{"key":"1Key1","time":9892},{"key":"1Key5","time":10164},{"key":"1Key6","time":10436},{"key":"1Key8","time":10708},{"key":"1Key7","time":10980},{"key":"1Key5","time":10980},{"key":"1Key2","time":10980},{"key":"1Key5","time":11524},{"key":"1Key6","time":12068},{"key":"1Key1","time":12068},{"key":"1Key7","time":12340},{"key":"1Key8","time":12612},{"key":"1Key10","time":12884},{"key":"1Key9","time":13156},{"key":"1Key2","time":13156},{"key":"1Key5","time":13156},{"key":"1Key9","time":13972},{"key":"1Key8","time":14244},{"key":"1Key3","time":14244},{"key":"1Key9","time":14516},{"key":"1Key10","time":14788},{"key":"1Key12","time":15060},{"key":"1Key11","time":15332},{"key":"1Key1","time":15332},{"key":"1Key4","time":15332},{"key":"1Key11","time":15876},{"key":"1Key6","time":15876},{"key":"1Key12","time":16420},{"key":"1Key5","time":16420},{"key":"1Key13","time":16964},{"key":"1Key7","time":16964},{"key":"1Key14","time":17508},{"key":"1Key5","time":17508},{"key":"1Key2","time":17508},{"key":"1Key12","time":18324},{"key":"1Key9","time":18596},{"key":"1Key1","time":18596},{"key":"1Key9","time":19140},{"key":"1Key13","time":19684},{"key":"1Key3","time":19684},{"key":"1Key6","time":19684},{"key":"1Key12","time":20228},{"key":"1Key5","time":20772},{"key":"1Key3","time":20772},{"key":"1Key14","time":21860},{"key":"1Key2","time":21860},{"key":"1Key5","time":21860},{"key":"1Key12","time":22676},{"key":"1Key9","time":22948},{"key":"1Key1","time":22948},{"key":"1Key9","time":23492},{"key":"1Key8","time":24036},{"key":"1Key3","time":24036},{"key":"1Key7","time":24580},{"key":"1Key3","time":24580},{"key":"1Key6","time":25124},{"key":"1Key3","time":25124},{"key":"1Key5","time":25668},{"key":"1Key3","time":25668},{"key":"1Key14","time":26212},{"key":"1Key5","time":26212},{"key":"1Key2","time":26212},{"key":"1Key12","time":27028},{"key":"1Key9","time":27300},{"key":"1Key1","time":27300},{"key":"1Key9","time":27844},{"key":"1Key13","time":28388},{"key":"1Key6","time":28388},{"key":"1Key3","time":28388},{"key":"1Key12","time":28932},{"key":"1Key5","time":29476},{"key":"1Key3","time":29476},{"key":"1Key14","time":30564},{"key":"1Key5","time":30564},{"key":"1Key2","time":30564},{"key":"1Key12","time":31380},{"key":"1Key9","time":31652},{"key":"1Key1","time":31652},{"key":"1Key9","time":32196},{"key":"1Key8","time":32740},{"key":"1Key3","time":32740},{"key":"1Key9","time":33284},{"key":"1Key3","time":33284},{"key":"1Key10","time":33828},{"key":"1Key5","time":33828},{"key":"1Key9","time":34372},{"key":"1Key3","time":34372},{"key":"1Key9","time":34916},{"key":"1Key5","time":34916},{"key":"1Key2","time":34916},{"key":"1Key5","time":35460},{"key":"1Key4","time":36004},{"key":"1Key1","time":36004},{"key":"1Key5","time":36276},{"key":"1Key6","time":36548},{"key":"1Key8","time":36820},{"key":"1Key7","time":37092},{"key":"1Key5","time":37092},{"key":"1Key2","time":37092},{"key":"1Key5","time":37636},{"key":"1Key6","time":38180},{"key":"1Key1","time":38180},{"key":"1Key7","time":38452},{"key":"1Key8","time":38724},{"key":"1Key10","time":38996},{"key":"1Key9","time":39268},{"key":"1Key5","time":39268},{"key":"1Key2","time":39268},{"key":"1Key9","time":40084},{"key":"1Key8","time":40356},{"key":"1Key3","time":40356},{"key":"1Key9","time":40628},{"key":"1Key10","time":40900},{"key":"1Key12","time":41172},{"key":"1Key11","time":41444},{"key":"1Key4","time":41444},{"key":"1Key1","time":41444},{"key":"1Key10","time":41988},{"key":"1Key9","time":42532},{"key":"1Key5","time":42532},{"key":"1Key8","time":43076},{"key":"1Key9","time":43620},{"key":"1Key2","time":43620},{"key":"1Key5","time":43620},{"key":"1Key5","time":44164},{"key":"1Key4","time":44708},{"key":"1Key1","time":44708},{"key":"1Key5","time":44980},{"key":"1Key6","time":45252},{"key":"1Key8","time":45524},{"key":"1Key7","time":45796},{"key":"1Key2","time":45796},{"key":"1Key5","time":45796},{"key":"1Key5","time":46340},{"key":"1Key6","time":46884},{"key":"1Key1","time":46884},{"key":"1Key7","time":47156},{"key":"1Key8","time":47428},{"key":"1Key10","time":47700},{"key":"1Key9","time":47972},{"key":"1Key5","time":47972},{"key":"1Key2","time":47972},{"key":"1Key9","time":48788},{"key":"1Key8","time":49060},{"key":"1Key3","time":49060},{"key":"1Key9","time":49332},{"key":"1Key10","time":49604},{"key":"1Key12","time":49876},{"key":"1Key11","time":50148},{"key":"1Key1","time":50148},{"key":"1Key4","time":50148},{"key":"1Key11","time":50692},{"key":"1Key6","time":50692},{"key":"1Key12","time":51236},{"key":"1Key5","time":51236},{"key":"1Key13","time":51780},{"key":"1Key7","time":51780},{"key":"1Key14","time":52324},{"key":"1Key5","time":52324},{"key":"1Key2","time":52324},{"key":"1Key12","time":53140},{"key":"1Key9","time":53412},{"key":"1Key1","time":53412},{"key":"1Key9","time":53956},{"key":"1Key13","time":54500},{"key":"1Key3","time":54500},{"key":"1Key6","time":54500},{"key":"1Key12","time":55044},{"key":"1Key5","time":55588},{"key":"1Key3","time":55588},{"key":"1Key14","time":56676},{"key":"1Key2","time":56676},{"key":"1Key5","time":56676},{"key":"1Key12","time":57492},{"key":"1Key9","time":57764},{"key":"1Key1","time":57764},{"key":"1Key9","time":58308},{"key":"1Key8","time":58852},{"key":"1Key3","time":58852},{"key":"1Key7","time":59396},{"key":"1Key3","time":59396},{"key":"1Key6","time":59940},{"key":"1Key3","time":59940},{"key":"1Key5","time":60484},{"key":"1Key3","time":60484},{"key":"1Key14","time":61028},{"key":"1Key5","time":61028},{"key":"1Key2","time":61028},{"key":"1Key12","time":61844},{"key":"1Key9","time":62116},{"key":"1Key1","time":62116},{"key":"1Key9","time":62660},{"key":"1Key13","time":63204},{"key":"1Key6","time":63204},{"key":"1Key3","time":63204},{"key":"1Key12","time":63748},{"key":"1Key5","time":64292},{"key":"1Key3","time":64292},{"key":"1Key14","time":65380},{"key":"1Key5","time":65380},{"key":"1Key2","time":65380},{"key":"1Key12","time":66196},{"key":"1Key9","time":66468},{"key":"1Key1","time":66468},{"key":"1Key9","time":67012},{"key":"1Key8","time":67556},{"key":"1Key3","time":67556},{"key":"1Key9","time":68100},{"key":"1Key3","time":68100},{"key":"1Key10","time":68644},{"key":"1Key5","time":68644},{"key":"1Key9","time":69188},{"key":"1Key3","time":69188},{"key":"1Key9","time":69732},{"key":"1Key2","time":69732},{"key":"1Key5","time":70276},{"key":"1Key2","time":70276},{"key":"1Key4","time":70820},{"key":"1Key1","time":70820},{"key":"1Key5","time":71092},{"key":"1Key6","time":71364},{"key":"1Key1","time":71364},{"key":"1Key7","time":71636},{"key":"1Key5","time":71908},{"key":"1Key2","time":71908},{"key":"1Key2","time":72452},{"key":"1Key0","time":72452},{"key":"1Key3","time":72996},{"key":"1Key0","time":72996},{"key":"1Key2","time":73540},{"key":"1Key0","time":73540},{"key":"1Key9","time":74084},{"key":"1Key2","time":74084},{"key":"1Key5","time":74628},{"key":"1Key2","time":74628},{"key":"1Key4","time":75172},{"key":"1Key1","time":75172},{"key":"1Key5","time":75444},{"key":"1Key6","time":75716},{"key":"1Key1","time":75716},{"key":"1Key7","time":75988},{"key":"1Key5","time":76260},{"key":"1Key2","time":76260},{"key":"1Key2","time":76804},{"key":"1Key0","time":76804},{"key":"1Key3","time":77348},{"key":"1Key0","time":77348},{"key":"1Key2","time":77892},{"key":"1Key0","time":77892},{"key":"1Key9","time":78436},{"key":"1Key2","time":78436},{"key":"1Key5","time":78980},{"key":"1Key2","time":78980},{"key":"1Key4","time":79524},{"key":"1Key1","time":79524},{"key":"1Key5","time":79796},{"key":"1Key6","time":80068},{"key":"1Key1","time":80068},{"key":"1Key7","time":80340},{"key":"1Key5","time":80612},{"key":"1Key2","time":80612},{"key":"1Key2","time":81156},{"key":"1Key0","time":81156},{"key":"1Key3","time":81700},{"key":"1Key0","time":81700},{"key":"1Key2","time":82244},{"key":"1Key0","time":82244},{"key":"1Key9","time":82788},{"key":"1Key2","time":82788},{"key":"1Key5","time":83332},{"key":"1Key2","time":83332},{"key":"1Key4","time":83876},{"key":"1Key1","time":83876},{"key":"1Key5","time":84148},{"key":"1Key6","time":84420},{"key":"1Key1","time":84420},{"key":"1Key7","time":84692},{"key":"1Key5","time":84964},{"key":"1Key2","time":84964},{"key":"1Key2","time":86052},{"key":"1Key9","time":87140},{"key":"1Key5","time":87140},{"key":"1Key2","time":87140},{"key":"1Key5","time":87684},{"key":"1Key4","time":88228},{"key":"1Key1","time":88228},{"key":"1Key5","time":88500},{"key":"1Key6","time":88772},{"key":"1Key8","time":89044},{"key":"1Key7","time":89316},{"key":"1Key5","time":89316},{"key":"1Key2","time":89316},{"key":"1Key5","time":89860},{"key":"1Key6","time":90404},{"key":"1Key1","time":90404},{"key":"1Key7","time":90676},{"key":"1Key8","time":90948},{"key":"1Key10","time":91220},{"key":"1Key9","time":91492},{"key":"1Key5","time":91492},{"key":"1Key2","time":91492},{"key":"1Key9","time":92308},{"key":"1Key8","time":92580},{"key":"1Key3","time":92580},{"key":"1Key9","time":92852},{"key":"1Key10","time":93124},{"key":"1Key12","time":93396},{"key":"1Key11","time":93668},{"key":"1Key4","time":93668},{"key":"1Key1","time":93668},{"key":"1Key10","time":94212},{"key":"1Key9","time":94756},{"key":"1Key5","time":94756},{"key":"1Key8","time":95300},{"key":"1Key9","time":95844},{"key":"1Key2","time":95844},{"key":"1Key5","time":95844},{"key":"1Key5","time":96388},{"key":"1Key4","time":96932},{"key":"1Key1","time":96932},{"key":"1Key5","time":97204},{"key":"1Key6","time":97476},{"key":"1Key8","time":97748},{"key":"1Key7","time":98020},{"key":"1Key2","time":98020},{"key":"1Key5","time":98020},{"key":"1Key5","time":98564},{"key":"1Key6","time":99108},{"key":"1Key1","time":99108},{"key":"1Key7","time":99380},{"key":"1Key8","time":99652},{"key":"1Key10","time":99924},{"key":"1Key9","time":100196},{"key":"1Key5","time":100196},{"key":"1Key2","time":100196},{"key":"1Key9","time":101012},{"key":"1Key8","time":101284},{"key":"1Key3","time":101284},{"key":"1Key9","time":101556},{"key":"1Key10","time":101828},{"key":"1Key12","time":102100},{"key":"1Key11","time":102372},{"key":"1Key1","time":102372},{"key":"1Key4","time":102372},{"key":"1Key11","time":102916},{"key":"1Key6","time":102916},{"key":"1Key12","time":103460},{"key":"1Key5","time":103460},{"key":"1Key13","time":104004},{"key":"1Key7","time":104004},{"key":"1Key14","time":104548},{"key":"1Key5","time":104548},{"key":"1Key2","time":104548},{"key":"1Key12","time":105364},{"key":"1Key9","time":105636},{"key":"1Key1","time":105636},{"key":"1Key9","time":106180},{"key":"1Key13","time":106724},{"key":"1Key3","time":106724},{"key":"1Key6","time":106724},{"key":"1Key12","time":107268},{"key":"1Key5","time":107812},{"key":"1Key3","time":107812},{"key":"1Key14","time":108900},{"key":"1Key2","time":108900},{"key":"1Key5","time":108900},{"key":"1Key12","time":109716},{"key":"1Key9","time":109988},{"key":"1Key1","time":109988},{"key":"1Key9","time":110532},{"key":"1Key8","time":111076},{"key":"1Key3","time":111076},{"key":"1Key7","time":111620},{"key":"1Key3","time":111620},{"key":"1Key6","time":112164},{"key":"1Key3","time":112164},{"key":"1Key5","time":112708},{"key":"1Key3","time":112708},{"key":"1Key14","time":113252},{"key":"1Key5","time":113252},{"key":"1Key2","time":113252},{"key":"1Key12","time":114068},{"key":"1Key9","time":114340},{"key":"1Key1","time":114340},{"key":"1Key9","time":114884},{"key":"1Key13","time":115428},{"key":"1Key6","time":115428},{"key":"1Key3","time":115428},{"key":"1Key12","time":115972},{"key":"1Key5","time":116516},{"key":"1Key3","time":116516},{"key":"1Key14","time":117604},{"key":"1Key5","time":117604},{"key":"1Key2","time":117604},{"key":"1Key12","time":118420},{"key":"1Key9","time":118692},{"key":"1Key1","time":118692},{"key":"1Key9","time":119236},{"key":"1Key8","time":119780},{"key":"1Key3","time":119780},{"key":"1Key9","time":120324},{"key":"1Key3","time":120324},{"key":"1Key10","time":120868},{"key":"1Key5","time":120868},{"key":"1Key9","time":121412},{"key":"1Key3","time":121412},{"key":"1Key9","time":121956},{"key":"1Key2","time":121956},{"key":"1Key5","time":122500},{"key":"1Key2","time":122500},{"key":"1Key4","time":123044},{"key":"1Key1","time":123044},{"key":"1Key5","time":123316},{"key":"1Key6","time":123588},{"key":"1Key1","time":123588},{"key":"1Key7","time":123860},{"key":"1Key9","time":124132},{"key":"1Key2","time":124132},{"key":"1Key5","time":124676},{"key":"1Key2","time":124676},{"key":"1Key4","time":125220},{"key":"1Key1","time":125220},{"key":"1Key5","time":125492},{"key":"1Key6","time":125764},{"key":"1Key1","time":125764},{"key":"1Key7","time":126036},{"key":"1Key5","time":126308},{"key":"1Key2","time":126308},{"key":"1Key2","time":126852},{"key":"1Key0","time":126852},{"key":"1Key3","time":127396},{"key":"1Key0","time":127396},{"key":"1Key2","time":127940},{"key":"1Key0","time":127940},{"key":"1Key9","time":128484},{"key":"1Key2","time":128484},{"key":"1Key5","time":129028},{"key":"1Key2","time":129028},{"key":"1Key4","time":129572},{"key":"1Key1","time":129572},{"key":"1Key5","time":129844},{"key":"1Key6","time":130116},{"key":"1Key1","time":130116},{"key":"1Key7","time":130388},{"key":"1Key5","time":130660},{"key":"1Key2","time":130660},{"key":"1Key2","time":131204},{"key":"1Key0","time":131204},{"key":"1Key3","time":131748},{"key":"1Key0","time":131748},{"key":"1Key2","time":132292},{"key":"1Key0","time":132292},{"key":"1Key9","time":132836},{"key":"1Key2","time":132836},{"key":"1Key5","time":133380},{"key":"1Key2","time":133380},{"key":"1Key4","time":133924},{"key":"1Key1","time":133924},{"key":"1Key5","time":134196},{"key":"1Key6","time":134468},{"key":"1Key1","time":134468},{"key":"1Key7","time":134740},{"key":"1Key5","time":135012},{"key":"1Key2","time":135012},{"key":"1Key2","time":135556},{"key":"1Key0","time":135556},{"key":"1Key3","time":136100},{"key":"1Key0","time":136100},{"key":"1Key2","time":136644},{"key":"1Key0","time":136644},{"key":"1Key9","time":137188},{"key":"1Key2","time":137188},{"key":"1Key5","time":137732},{"key":"1Key2","time":137732},{"key":"1Key4","time":138276},{"key":"1Key1","time":138276},{"key":"1Key5","time":138548},{"key":"1Key6","time":138820},{"key":"1Key1","time":138820},{"key":"1Key7","time":139092},{"key":"1Key5","time":139364},{"key":"1Key2","time":139364},{"key":"1Key2","time":140452},{"key":"1Key9","time":141540},{"key":"1Key5","time":142084},{"key":"1Key4","time":142628},{"key":"1Key5","time":142900},{"key":"1Key6","time":143172},{"key":"1Key7","time":143444},{"key":"1Key5","time":143716},{"key":"1Key2","time":144260},{"key":"1Key3","time":144804},{"key":"1Key2","time":145348},{"key":"1Key9","time":145892},{"key":"1Key5","time":146436},{"key":"1Key4","time":146980},{"key":"1Key5","time":147252},{"key":"1Key6","time":147524},{"key":"1Key7","time":147796},{"key":"1Key5","time":148068}]}]