[{"name":"Savage Love","bpm":262,"pitchLevel":3,"bitsPerPage":16,"isComposed":false,"songNotes":[{"time":0,"key":"Key0","l":2},{"time":0,"key":"Key2","l":2},{"time":0,"key":"Key5","l":2},{"time":0,"key":"Key11","l":2},{"time":458,"key":"Key0","l":2},{"time":458,"key":"Key2","l":2},{"time":458,"key":"Key5","l":2},{"time":458,"key":"Key9","l":2},{"time":916,"key":"Key7","l":2},{"time":1374,"key":"Key0","l":2},{"time":1374,"key":"Key2","l":2},{"time":1374,"key":"Key5","l":2},{"time":1832,"key":"Key9","l":2},{"time":2061,"key":"Key11","l":2},{"time":2290,"key":"Key0","l":2},{"time":2290,"key":"Key2","l":2},{"time":2290,"key":"Key5","l":2},{"time":2290,"key":"Key11","l":2},{"time":2519,"key":"Key11","l":2},{"time":2748,"key":"Key9","l":2},{"time":2977,"key":"Key11","l":2},{"time":3206,"key":"Key0","l":2},{"time":3206,"key":"Key2","l":2},{"time":3206,"key":"Key5","l":2},{"time":3206,"key":"Key11","l":2},{"time":3435,"key":"Key11","l":2},{"time":3664,"key":"Key0","l":2},{"time":3664,"key":"Key3","l":2},{"time":3664,"key":"Key5","l":2},{"time":3664,"key":"Key11","l":2},{"time":4122,"key":"Key0","l":2},{"time":4122,"key":"Key3","l":2},{"time":4122,"key":"Key5","l":2},{"time":4122,"key":"Key9","l":2},{"time":4580,"key":"Key7","l":2},{"time":5038,"key":"Key0","l":2},{"time":5038,"key":"Key3","l":2},{"time":5038,"key":"Key5","l":2},{"time":5496,"key":"Key9","l":2},{"time":5725,"key":"Key11","l":2},{"time":5954,"key":"Key0","l":2},{"time":5954,"key":"Key3","l":2},{"time":5954,"key":"Key5","l":2},{"time":5954,"key":"Key11","l":2},{"time":6183,"key":"Key11","l":2},{"time":6412,"key":"Key9","l":2},{"time":6641,"key":"Key11","l":2},{"time":6870,"key":"Key0","l":2},{"time":6870,"key":"Key3","l":2},{"time":6870,"key":"Key5","l":2},{"time":6870,"key":"Key12","l":2},{"time":7099,"key":"Key11","l":2},{"time":7328,"key":"Key0","l":2},{"time":7328,"key":"Key2","l":2},{"time":7328,"key":"Key4","l":2},{"time":7328,"key":"Key11","l":2},{"time":7786,"key":"Key0","l":2},{"time":7786,"key":"Key2","l":2},{"time":7786,"key":"Key4","l":2},{"time":7786,"key":"Key9","l":2},{"time":8244,"key":"Key7","l":2},{"time":8702,"key":"Key0","l":2},{"time":8702,"key":"Key2","l":2},{"time":8702,"key":"Key4","l":2},{"time":9160,"key":"Key9","l":2},{"time":9389,"key":"Key11","l":2},{"time":9618,"key":"Key0","l":2},{"time":9618,"key":"Key2","l":2},{"time":9618,"key":"Key4","l":2},{"time":9618,"key":"Key11","l":2},{"time":9847,"key":"Key11","l":2},{"time":10076,"key":"Key9","l":2},{"time":10305,"key":"Key11","l":2},{"time":10534,"key":"Key0","l":2},{"time":10534,"key":"Key2","l":2},{"time":10534,"key":"Key4","l":2},{"time":10534,"key":"Key11","l":2},{"time":10763,"key":"Key11","l":2},{"time":10992,"key":"Key1","l":2},{"time":10992,"key":"Key4","l":2},{"time":10992,"key":"Key6","l":2},{"time":10992,"key":"Key12","l":2},{"time":11450,"key":"Key1","l":2},{"time":11450,"key":"Key4","l":2},{"time":11450,"key":"Key6","l":2},{"time":11450,"key":"Key9","l":2},{"time":11908,"key":"Key7","l":2},{"time":12366,"key":"Key1","l":2},{"time":12366,"key":"Key4","l":2},{"time":12366,"key":"Key7","l":2},{"time":12595,"key":"Key9","l":2},{"time":12824,"key":"Key11","l":2},{"time":13053,"key":"Key11","l":2},{"time":13282,"key":"Key1","l":2},{"time":13282,"key":"Key4","l":2},{"time":13282,"key":"Key6","l":2},{"time":13282,"key":"Key11","l":2},{"time":13511,"key":"Key11","l":2},{"time":14198,"key":"Key1","l":2},{"time":14198,"key":"Key4","l":2},{"time":14198,"key":"Key6","l":2},{"time":14656,"key":"Key0","l":2},{"time":14656,"key":"Key2","l":2},{"time":14656,"key":"Key5","l":2},{"time":14885,"key":"Key5","l":2},{"time":15114,"key":"Key0","l":2},{"time":15114,"key":"Key2","l":2},{"time":15114,"key":"Key5","l":2},{"time":15343,"key":"Key7","l":2},{"time":15801,"key":"Key7","l":2},{"time":16030,"key":"Key0","l":2},{"time":16030,"key":"Key2","l":2},{"time":16030,"key":"Key5","l":2},{"time":16030,"key":"Key7","l":2},{"time":16259,"key":"Key7","l":2},{"time":16488,"key":"Key9","l":2},{"time":16717,"key":"Key8","l":2},{"time":16946,"key":"Key0","l":2},{"time":16946,"key":"Key2","l":2},{"time":16946,"key":"Key5","l":2},{"time":16946,"key":"Key7","l":2},{"time":17175,"key":"Key7","l":2},{"time":17404,"key":"Key9","l":2},{"time":17633,"key":"Key8","l":2},{"time":17862,"key":"Key0","l":2},{"time":17862,"key":"Key2","l":2},{"time":17862,"key":"Key5","l":2},{"time":17862,"key":"Key7","l":2},{"time":18320,"key":"Key0","l":2},{"time":18320,"key":"Key3","l":2},{"time":18320,"key":"Key5","l":2},{"time":18549,"key":"Key5","l":2},{"time":18778,"key":"Key0","l":2},{"time":18778,"key":"Key3","l":2},{"time":18778,"key":"Key5","l":2},{"time":19007,"key":"Key7","l":2},{"time":19465,"key":"Key7","l":2},{"time":19694,"key":"Key0","l":2},{"time":19694,"key":"Key3","l":2},{"time":19694,"key":"Key5","l":2},{"time":19694,"key":"Key7","l":2},{"time":19923,"key":"Key7","l":2},{"time":20152,"key":"Key9","l":2},{"time":20381,"key":"Key8","l":2},{"time":20610,"key":"Key0","l":2},{"time":20610,"key":"Key3","l":2},{"time":20610,"key":"Key5","l":2},{"time":20610,"key":"Key7","l":2},{"time":20839,"key":"Key7","l":2},{"time":21068,"key":"Key9","l":2},{"time":21297,"key":"Key8","l":2},{"time":21526,"key":"Key0","l":2},{"time":21526,"key":"Key3","l":2},{"time":21526,"key":"Key5","l":2},{"time":21526,"key":"Key7","l":2},{"time":21984,"key":"Key0","l":2},{"time":21984,"key":"Key2","l":2},{"time":21984,"key":"Key4","l":2},{"time":21984,"key":"Key7","l":2},{"time":22213,"key":"Key7","l":2},{"time":22442,"key":"Key0","l":2},{"time":22442,"key":"Key2","l":2},{"time":22442,"key":"Key4","l":2},{"time":22442,"key":"Key7","l":2},{"time":22671,"key":"Key11","l":2},{"time":23129,"key":"Key7","l":2},{"time":23358,"key":"Key0","l":2},{"time":23358,"key":"Key2","l":2},{"time":23358,"key":"Key4","l":2},{"time":23358,"key":"Key7","l":2},{"time":23587,"key":"Key7","l":2},{"time":24045,"key":"Key7","l":2},{"time":24274,"key":"Key0","l":2},{"time":24274,"key":"Key2","l":2},{"time":24274,"key":"Key4","l":2},{"time":24274,"key":"Key7","l":2},{"time":24503,"key":"Key7","l":2},{"time":24732,"key":"Key7","l":2},{"time":24961,"key":"Key8","l":2},{"time":25190,"key":"Key0","l":2},{"time":25190,"key":"Key2","l":2},{"time":25190,"key":"Key4","l":2},{"time":25190,"key":"Key8","l":2},{"time":25648,"key":"Key1","l":2},{"time":25648,"key":"Key4","l":2},{"time":25648,"key":"Key6","l":2},{"time":25648,"key":"Key7","l":2},{"time":25877,"key":"Key7","l":2},{"time":26106,"key":"Key1","l":2},{"time":26106,"key":"Key4","l":2},{"time":26106,"key":"Key6","l":2},{"time":26106,"key":"Key7","l":2},{"time":26335,"key":"Key11","l":2},{"time":26793,"key":"Key7","l":2},{"time":27022,"key":"Key1","l":2},{"time":27022,"key":"Key4","l":2},{"time":27022,"key":"Key6","l":2},{"time":27022,"key":"Key7","l":2},{"time":27251,"key":"Key7","l":2},{"time":27709,"key":"Key7","l":2},{"time":27938,"key":"Key1","l":2},{"time":27938,"key":"Key4","l":2},{"time":27938,"key":"Key6","l":2},{"time":27938,"key":"Key7","l":2},{"time":28167,"key":"Key7","l":2},{"time":28396,"key":"Key7","l":2},{"time":28625,"key":"Key8","l":2},{"time":28854,"key":"Key1","l":2},{"time":28854,"key":"Key4","l":2},{"time":28854,"key":"Key6","l":2},{"time":28854,"key":"Key7","l":2},{"time":29312,"key":"Key0","l":2},{"time":29312,"key":"Key2","l":2},{"time":29312,"key":"Key5","l":2},{"time":29541,"key":"Key5","l":2},{"time":29770,"key":"Key0","l":2},{"time":29770,"key":"Key2","l":2},{"time":29770,"key":"Key5","l":2},{"time":29770,"key":"Key7","l":2},{"time":29999,"key":"Key7","l":2},{"time":30457,"key":"Key7","l":2},{"time":30686,"key":"Key0","l":2},{"time":30686,"key":"Key2","l":2},{"time":30686,"key":"Key5","l":2},{"time":30686,"key":"Key7","l":2},{"time":30915,"key":"Key7","l":2},{"time":31144,"key":"Key9","l":2},{"time":31373,"key":"Key8","l":2},{"time":31602,"key":"Key0","l":2},{"time":31602,"key":"Key2","l":2},{"time":31602,"key":"Key5","l":2},{"time":31602,"key":"Key7","l":2},{"time":31831,"key":"Key7","l":2},{"time":32060,"key":"Key9","l":2},{"time":32289,"key":"Key8","l":2},{"time":32518,"key":"Key0","l":2},{"time":32518,"key":"Key2","l":2},{"time":32518,"key":"Key5","l":2},{"time":32518,"key":"Key7","l":2},{"time":32976,"key":"Key0","l":2},{"time":32976,"key":"Key3","l":2},{"time":32976,"key":"Key5","l":2},{"time":33205,"key":"Key5","l":2},{"time":33434,"key":"Key0","l":2},{"time":33434,"key":"Key3","l":2},{"time":33434,"key":"Key5","l":2},{"time":33434,"key":"Key7","l":2},{"time":33663,"key":"Key7","l":2},{"time":34121,"key":"Key7","l":2},{"time":34350,"key":"Key0","l":2},{"time":34350,"key":"Key3","l":2},{"time":34350,"key":"Key5","l":2},{"time":34350,"key":"Key7","l":2},{"time":34579,"key":"Key7","l":2},{"time":34808,"key":"Key9","l":2},{"time":35037,"key":"Key8","l":2},{"time":35266,"key":"Key0","l":2},{"time":35266,"key":"Key3","l":2},{"time":35266,"key":"Key5","l":2},{"time":35266,"key":"Key7","l":2},{"time":35495,"key":"Key7","l":2},{"time":35724,"key":"Key9","l":2},{"time":35953,"key":"Key8","l":2},{"time":36182,"key":"Key0","l":2},{"time":36182,"key":"Key3","l":2},{"time":36182,"key":"Key5","l":2},{"time":36182,"key":"Key7","l":2},{"time":36640,"key":"Key0","l":2},{"time":36640,"key":"Key2","l":2},{"time":36640,"key":"Key4","l":2},{"time":36640,"key":"Key7","l":2},{"time":36869,"key":"Key7","l":2},{"time":37098,"key":"Key0","l":2},{"time":37098,"key":"Key2","l":2},{"time":37098,"key":"Key4","l":2},{"time":37098,"key":"Key7","l":2},{"time":37327,"key":"Key11","l":2},{"time":37785,"key":"Key7","l":2},{"time":38014,"key":"Key0","l":2},{"time":38014,"key":"Key2","l":2},{"time":38014,"key":"Key4","l":2},{"time":38014,"key":"Key7","l":2},{"time":38243,"key":"Key7","l":2},{"time":38701,"key":"Key7","l":2},{"time":38930,"key":"Key0","l":2},{"time":38930,"key":"Key2","l":2},{"time":38930,"key":"Key4","l":2},{"time":38930,"key":"Key7","l":2},{"time":39159,"key":"Key7","l":2},{"time":39388,"key":"Key7","l":2},{"time":39617,"key":"Key8","l":2},{"time":39846,"key":"Key0","l":2},{"time":39846,"key":"Key2","l":2},{"time":39846,"key":"Key4","l":2},{"time":39846,"key":"Key8","l":2},{"time":40304,"key":"Key1","l":2},{"time":40304,"key":"Key4","l":2},{"time":40304,"key":"Key6","l":2},{"time":40304,"key":"Key7","l":2},{"time":40533,"key":"Key7","l":2},{"time":40762,"key":"Key1","l":2},{"time":40762,"key":"Key4","l":2},{"time":40762,"key":"Key6","l":2},{"time":40762,"key":"Key7","l":2},{"time":40991,"key":"Key11","l":2},{"time":41449,"key":"Key7","l":2},{"time":41678,"key":"Key1","l":2},{"time":41678,"key":"Key4","l":2},{"time":41678,"key":"Key6","l":2},{"time":41678,"key":"Key7","l":2},{"time":41907,"key":"Key7","l":2},{"time":42365,"key":"Key7","l":2},{"time":42594,"key":"Key1","l":2},{"time":42594,"key":"Key4","l":2},{"time":42594,"key":"Key6","l":2},{"time":42594,"key":"Key7","l":2},{"time":42823,"key":"Key8","l":2},{"time":43052,"key":"Key9","l":2},{"time":43281,"key":"Key8","l":2},{"time":43510,"key":"Key1","l":2},{"time":43510,"key":"Key4","l":2},{"time":43510,"key":"Key6","l":2},{"time":43510,"key":"Key7","l":2},{"time":43968,"key":"Key0","l":2},{"time":43968,"key":"Key2","l":2},{"time":43968,"key":"Key5","l":2},{"time":44884,"key":"Key0","l":2},{"time":44884,"key":"Key2","l":2},{"time":44884,"key":"Key5","l":2},{"time":44884,"key":"Key12","l":2},{"time":45571,"key":"Key0","l":2},{"time":45571,"key":"Key2","l":2},{"time":45571,"key":"Key5","l":2},{"time":45571,"key":"Key8","l":2},{"time":45800,"key":"Key8","l":2},{"time":46258,"key":"Key0","l":2},{"time":46258,"key":"Key2","l":2},{"time":46258,"key":"Key5","l":2},{"time":46487,"key":"Key7","l":2},{"time":46716,"key":"Key7","l":2},{"time":46945,"key":"Key0","l":2},{"time":46945,"key":"Key2","l":2},{"time":46945,"key":"Key5","l":2},{"time":46945,"key":"Key8","l":2},{"time":47174,"key":"Key9","l":2},{"time":47403,"key":"Key8","l":2},{"time":47632,"key":"Key0","l":2},{"time":47632,"key":"Key3","l":2},{"time":47632,"key":"Key5","l":2},{"time":47632,"key":"Key7","l":2},{"time":48548,"key":"Key0","l":2},{"time":48548,"key":"Key3","l":2},{"time":48548,"key":"Key5","l":2},{"time":49235,"key":"Key0","l":2},{"time":49235,"key":"Key3","l":2},{"time":49235,"key":"Key5","l":2},{"time":49922,"key":"Key0","l":2},{"time":49922,"key":"Key3","l":2},{"time":49922,"key":"Key5","l":2},{"time":50380,"key":"Key10","l":2},{"time":50609,"key":"Key0","l":2},{"time":50609,"key":"Key3","l":2},{"time":50609,"key":"Key5","l":2},{"time":51296,"key":"Key0","l":2},{"time":51296,"key":"Key2","l":2},{"time":51296,"key":"Key4","l":2},{"time":51296,"key":"Key9","l":2},{"time":52212,"key":"Key0","l":2},{"time":52212,"key":"Key2","l":2},{"time":52212,"key":"Key4","l":2},{"time":52670,"key":"Key8","l":2},{"time":52899,"key":"Key0","l":2},{"time":52899,"key":"Key2","l":2},{"time":52899,"key":"Key4","l":2},{"time":53128,"key":"Key7","l":2},{"time":53586,"key":"Key0","l":2},{"time":53586,"key":"Key2","l":2},{"time":53586,"key":"Key4","l":2},{"time":54044,"key":"Key8","l":2},{"time":54273,"key":"Key0","l":2},{"time":54273,"key":"Key2","l":2},{"time":54273,"key":"Key4","l":2},{"time":54731,"key":"Key9","l":2},{"time":54960,"key":"Key1","l":2},{"time":54960,"key":"Key4","l":2},{"time":54960,"key":"Key6","l":2},{"time":54960,"key":"Key8","l":2},{"time":55876,"key":"Key1","l":2},{"time":55876,"key":"Key4","l":2},{"time":55876,"key":"Key6","l":2},{"time":56334,"key":"Key8","l":2},{"time":56563,"key":"Key1","l":2},{"time":56563,"key":"Key6","l":2},{"time":56792,"key":"Key4","l":2},{"time":57250,"key":"Key1","l":2},{"time":58624,"key":"Key0","l":2},{"time":58624,"key":"Key2","l":2},{"time":58624,"key":"Key5","l":2},{"time":58624,"key":"Key11","l":2},{"time":59082,"key":"Key0","l":2},{"time":59082,"key":"Key2","l":2},{"time":59082,"key":"Key5","l":2},{"time":59082,"key":"Key9","l":2},{"time":59540,"key":"Key7","l":2},{"time":59998,"key":"Key0","l":2},{"time":59998,"key":"Key2","l":2},{"time":59998,"key":"Key5","l":2},{"time":60456,"key":"Key9","l":2},{"time":60685,"key":"Key11","l":2},{"time":60914,"key":"Key0","l":2},{"time":60914,"key":"Key2","l":2},{"time":60914,"key":"Key5","l":2},{"time":60914,"key":"Key11","l":2},{"time":61143,"key":"Key11","l":2},{"time":61372,"key":"Key9","l":2},{"time":61601,"key":"Key11","l":2},{"time":61830,"key":"Key0","l":2},{"time":61830,"key":"Key2","l":2},{"time":61830,"key":"Key5","l":2},{"time":61830,"key":"Key11","l":2},{"time":62059,"key":"Key11","l":2},{"time":62288,"key":"Key0","l":2},{"time":62288,"key":"Key3","l":2},{"time":62288,"key":"Key5","l":2},{"time":62288,"key":"Key11","l":2},{"time":62746,"key":"Key0","l":2},{"time":62746,"key":"Key3","l":2},{"time":62746,"key":"Key5","l":2},{"time":62746,"key":"Key9","l":2},{"time":63204,"key":"Key7","l":2},{"time":63662,"key":"Key0","l":2},{"time":63662,"key":"Key3","l":2},{"time":63662,"key":"Key5","l":2},{"time":64120,"key":"Key9","l":2},{"time":64349,"key":"Key11","l":2},{"time":64578,"key":"Key0","l":2},{"time":64578,"key":"Key3","l":2},{"time":64578,"key":"Key5","l":2},{"time":64578,"key":"Key11","l":2},{"time":64807,"key":"Key11","l":2},{"time":65036,"key":"Key9","l":2},{"time":65265,"key":"Key11","l":2},{"time":65494,"key":"Key0","l":2},{"time":65494,"key":"Key3","l":2},{"time":65494,"key":"Key5","l":2},{"time":65494,"key":"Key12","l":2},{"time":65723,"key":"Key11","l":2},{"time":65952,"key":"Key0","l":2},{"time":65952,"key":"Key2","l":2},{"time":65952,"key":"Key4","l":2},{"time":65952,"key":"Key11","l":2},{"time":66410,"key":"Key0","l":2},{"time":66410,"key":"Key2","l":2},{"time":66410,"key":"Key4","l":2},{"time":66410,"key":"Key9","l":2},{"time":66868,"key":"Key7","l":2},{"time":67326,"key":"Key0","l":2},{"time":67326,"key":"Key2","l":2},{"time":67326,"key":"Key4","l":2},{"time":67784,"key":"Key9","l":2},{"time":68013,"key":"Key11","l":2},{"time":68242,"key":"Key0","l":2},{"time":68242,"key":"Key2","l":2},{"time":68242,"key":"Key4","l":2},{"time":68242,"key":"Key11","l":2},{"time":68471,"key":"Key11","l":2},{"time":68700,"key":"Key9","l":2},{"time":68929,"key":"Key11","l":2},{"time":69158,"key":"Key0","l":2},{"time":69158,"key":"Key2","l":2},{"time":69158,"key":"Key4","l":2},{"time":69158,"key":"Key11","l":2},{"time":69387,"key":"Key11","l":2},{"time":69616,"key":"Key1","l":2},{"time":69616,"key":"Key4","l":2},{"time":69616,"key":"Key6","l":2},{"time":69616,"key":"Key12","l":2},{"time":70074,"key":"Key9","l":2},{"time":70532,"key":"Key7","l":2},{"time":71448,"key":"Key9","l":2},{"time":71677,"key":"Key11","l":2},{"time":71906,"key":"Key11","l":2},{"time":72135,"key":"Key11","l":2},{"time":72593,"key":"Key11","l":2},{"time":72822,"key":"Key14","l":2},{"time":73051,"key":"Key13","l":2},{"time":73280,"key":"Key0","l":2},{"time":73280,"key":"Key2","l":2},{"time":73280,"key":"Key5","l":2},{"time":73280,"key":"Key12","l":2},{"time":73738,"key":"Key0","l":2},{"time":73738,"key":"Key2","l":2},{"time":73738,"key":"Key5","l":2},{"time":74654,"key":"Key0","l":2},{"time":74654,"key":"Key2","l":2},{"time":74654,"key":"Key5","l":2},{"time":75570,"key":"Key0","l":2},{"time":75570,"key":"Key2","l":2},{"time":75570,"key":"Key5","l":2},{"time":76257,"key":"Key11","l":2},{"time":76486,"key":"Key0","l":2},{"time":76486,"key":"Key2","l":2},{"time":76486,"key":"Key5","l":2},{"time":76486,"key":"Key14","l":2},{"time":76715,"key":"Key13","l":2},{"time":76944,"key":"Key0","l":2},{"time":76944,"key":"Key3","l":2},{"time":76944,"key":"Key5","l":2},{"time":76944,"key":"Key11","l":2},{"time":77402,"key":"Key0","l":2},{"time":77402,"key":"Key3","l":2},{"time":77402,"key":"Key5","l":2},{"time":78318,"key":"Key0","l":2},{"time":78318,"key":"Key3","l":2},{"time":78318,"key":"Key5","l":2},{"time":79234,"key":"Key0","l":2},{"time":79234,"key":"Key3","l":2},{"time":79234,"key":"Key5","l":2},{"time":79921,"key":"Key11","l":2},{"time":80150,"key":"Key0","l":2},{"time":80150,"key":"Key3","l":2},{"time":80150,"key":"Key5","l":2},{"time":80150,"key":"Key14","l":2},{"time":80379,"key":"Key13","l":2},{"time":80608,"key":"Key0","l":2},{"time":80608,"key":"Key2","l":2},{"time":80608,"key":"Key4","l":2},{"time":80608,"key":"Key11","l":2},{"time":81066,"key":"Key0","l":2},{"time":81066,"key":"Key2","l":2},{"time":81066,"key":"Key4","l":2},{"time":81982,"key":"Key0","l":2},{"time":81982,"key":"Key2","l":2},{"time":81982,"key":"Key4","l":2},{"time":82669,"key":"Key7","l":2},{"time":82898,"key":"Key0","l":2},{"time":82898,"key":"Key2","l":2},{"time":82898,"key":"Key4","l":2},{"time":82898,"key":"Key7","l":2},{"time":83127,"key":"Key12","l":2},{"time":83814,"key":"Key0","l":2},{"time":83814,"key":"Key2","l":2},{"time":83814,"key":"Key4","l":2},{"time":83814,"key":"Key8","l":2},{"time":84272,"key":"Key1","l":2},{"time":84272,"key":"Key4","l":2},{"time":84272,"key":"Key6","l":2},{"time":84730,"key":"Key1","l":2},{"time":84730,"key":"Key4","l":2},{"time":84730,"key":"Key6","l":2},{"time":85646,"key":"Key1","l":2},{"time":85646,"key":"Key4","l":2},{"time":85646,"key":"Key6","l":2},{"time":86104,"key":"Key9","l":2},{"time":86333,"key":"Key11","l":2},{"time":86562,"key":"Key1","l":2},{"time":86562,"key":"Key4","l":2},{"time":86562,"key":"Key6","l":2},{"time":86562,"key":"Key11","l":2},{"time":86791,"key":"Key11","l":2},{"time":87249,"key":"Key4","l":2},{"time":87478,"key":"Key1","l":2},{"time":87478,"key":"Key4","l":2},{"time":87478,"key":"Key6","l":2},{"time":87478,"key":"Key7","l":2},{"time":87707,"key":"Key6","l":2},{"time":87936,"key":"Key0","l":2},{"time":87936,"key":"Key2","l":2},{"time":87936,"key":"Key5","l":2},{"time":88165,"key":"Key5","l":2},{"time":88394,"key":"Key0","l":2},{"time":88394,"key":"Key2","l":2},{"time":88394,"key":"Key5","l":2},{"time":88394,"key":"Key7","l":2},{"time":88623,"key":"Key7","l":2},{"time":89081,"key":"Key7","l":2},{"time":89310,"key":"Key0","l":2},{"time":89310,"key":"Key2","l":2},{"time":89310,"key":"Key5","l":2},{"time":89310,"key":"Key7","l":2},{"time":89539,"key":"Key7","l":2},{"time":89768,"key":"Key9","l":2},{"time":89997,"key":"Key8","l":2},{"time":90226,"key":"Key0","l":2},{"time":90226,"key":"Key2","l":2},{"time":90226,"key":"Key5","l":2},{"time":90226,"key":"Key7","l":2},{"time":90455,"key":"Key7","l":2},{"time":90684,"key":"Key9","l":2},{"time":90913,"key":"Key8","l":2},{"time":91142,"key":"Key0","l":2},{"time":91142,"key":"Key2","l":2},{"time":91142,"key":"Key5","l":2},{"time":91142,"key":"Key7","l":2},{"time":91600,"key":"Key0","l":2},{"time":91600,"key":"Key3","l":2},{"time":91600,"key":"Key5","l":2},{"time":91829,"key":"Key5","l":2},{"time":92058,"key":"Key0","l":2},{"time":92058,"key":"Key3","l":2},{"time":92058,"key":"Key5","l":2},{"time":92287,"key":"Key7","l":2},{"time":92516,"key":"Key7","l":2},{"time":92745,"key":"Key7","l":2},{"time":92974,"key":"Key0","l":2},{"time":92974,"key":"Key3","l":2},{"time":92974,"key":"Key5","l":2},{"time":93432,"key":"Key9","l":2},{"time":93661,"key":"Key9","l":2},{"time":93890,"key":"Key0","l":2},{"time":93890,"key":"Key3","l":2},{"time":93890,"key":"Key5","l":2},{"time":93890,"key":"Key9","l":2},{"time":94119,"key":"Key8","l":2},{"time":94348,"key":"Key8","l":2},{"time":94577,"key":"Key8","l":2},{"time":94806,"key":"Key0","l":2},{"time":94806,"key":"Key3","l":2},{"time":94806,"key":"Key5","l":2},{"time":95264,"key":"Key0","l":2},{"time":95264,"key":"Key2","l":2},{"time":95264,"key":"Key4","l":2},{"time":95264,"key":"Key7","l":2},{"time":95493,"key":"Key7","l":2},{"time":95722,"key":"Key0","l":2},{"time":95722,"key":"Key2","l":2},{"time":95722,"key":"Key4","l":2},{"time":95722,"key":"Key7","l":2},{"time":95951,"key":"Key11","l":2},{"time":96409,"key":"Key7","l":2},{"time":96638,"key":"Key0","l":2},{"time":96638,"key":"Key2","l":2},{"time":96638,"key":"Key4","l":2},{"time":96638,"key":"Key7","l":2},{"time":96867,"key":"Key7","l":2},{"time":97325,"key":"Key7","l":2},{"time":97554,"key":"Key0","l":2},{"time":97554,"key":"Key2","l":2},{"time":97554,"key":"Key4","l":2},{"time":97554,"key":"Key7","l":2},{"time":97783,"key":"Key7","l":2},{"time":98012,"key":"Key7","l":2},{"time":98241,"key":"Key8","l":2},{"time":98470,"key":"Key0","l":2},{"time":98470,"key":"Key2","l":2},{"time":98470,"key":"Key4","l":2},{"time":98470,"key":"Key8","l":2},{"time":98928,"key":"Key1","l":2},{"time":98928,"key":"Key4","l":2},{"time":98928,"key":"Key6","l":2},{"time":98928,"key":"Key7","l":2},{"time":99157,"key":"Key7","l":2},{"time":99386,"key":"Key1","l":2},{"time":99386,"key":"Key4","l":2},{"time":99386,"key":"Key6","l":2},{"time":99386,"key":"Key7","l":2},{"time":99615,"key":"Key11","l":2},{"time":100073,"key":"Key7","l":2},{"time":100302,"key":"Key1","l":2},{"time":100302,"key":"Key4","l":2},{"time":100302,"key":"Key6","l":2},{"time":100302,"key":"Key7","l":2},{"time":100531,"key":"Key7","l":2},{"time":100989,"key":"Key7","l":2},{"time":101218,"key":"Key1","l":2},{"time":101218,"key":"Key4","l":2},{"time":101218,"key":"Key6","l":2},{"time":101218,"key":"Key7","l":2},{"time":101447,"key":"Key8","l":2},{"time":101676,"key":"Key9","l":2},{"time":101905,"key":"Key8","l":2},{"time":102134,"key":"Key1","l":2},{"time":102134,"key":"Key4","l":2},{"time":102134,"key":"Key6","l":2},{"time":102134,"key":"Key7","l":2},{"time":102363,"key":"Key8","l":2},{"time":102592,"key":"Key0","l":2},{"time":102592,"key":"Key2","l":2},{"time":102592,"key":"Key5","l":2},{"time":103508,"key":"Key0","l":2},{"time":103508,"key":"Key2","l":2},{"time":103508,"key":"Key5","l":2},{"time":103508,"key":"Key12","l":2},{"time":104195,"key":"Key0","l":2},{"time":104195,"key":"Key2","l":2},{"time":104195,"key":"Key5","l":2},{"time":104195,"key":"Key8","l":2},{"time":104424,"key":"Key8","l":2},{"time":104882,"key":"Key0","l":2},{"time":104882,"key":"Key2","l":2},{"time":104882,"key":"Key5","l":2},{"time":105111,"key":"Key7","l":2},{"time":105340,"key":"Key7","l":2},{"time":105569,"key":"Key0","l":2},{"time":105569,"key":"Key2","l":2},{"time":105569,"key":"Key5","l":2},{"time":105569,"key":"Key8","l":2},{"time":105798,"key":"Key9","l":2},{"time":106027,"key":"Key8","l":2},{"time":106256,"key":"Key0","l":2},{"time":106256,"key":"Key3","l":2},{"time":106256,"key":"Key5","l":2},{"time":106256,"key":"Key7","l":2},{"time":106943,"key":"Key7","l":1},{"time":107172,"key":"Key0","l":2},{"time":107172,"key":"Key3","l":2},{"time":107172,"key":"Key5","l":2},{"time":107172,"key":"Key7","l":1},{"time":107401,"key":"Key8","l":1},{"time":107630,"key":"Key9","l":1},{"time":107859,"key":"Key0","l":2},{"time":107859,"key":"Key3","l":2},{"time":107859,"key":"Key5","l":2},{"time":107859,"key":"Key8","l":1},{"time":108088,"key":"Key7","l":1},{"time":108546,"key":"Key0","l":2},{"time":108546,"key":"Key3","l":2},{"time":108546,"key":"Key5","l":2},{"time":109004,"key":"Key10","l":2},{"time":109233,"key":"Key0","l":2},{"time":109233,"key":"Key3","l":2},{"time":109233,"key":"Key5","l":2},{"time":109920,"key":"Key0","l":2},{"time":109920,"key":"Key2","l":2},{"time":109920,"key":"Key4","l":2},{"time":109920,"key":"Key9","l":2},{"time":110836,"key":"Key0","l":2},{"time":110836,"key":"Key2","l":2},{"time":110836,"key":"Key4","l":2},{"time":111294,"key":"Key8","l":2},{"time":111523,"key":"Key0","l":2},{"time":111523,"key":"Key2","l":2},{"time":111523,"key":"Key4","l":2},{"time":111752,"key":"Key7","l":2},{"time":112210,"key":"Key0","l":2},{"time":112210,"key":"Key2","l":2},{"time":112210,"key":"Key4","l":2},{"time":112668,"key":"Key8","l":2},{"time":112897,"key":"Key0","l":2},{"time":112897,"key":"Key2","l":2},{"time":112897,"key":"Key4","l":2},{"time":113355,"key":"Key9","l":2},{"time":113584,"key":"Key1","l":2},{"time":113584,"key":"Key4","l":2},{"time":113584,"key":"Key6","l":2},{"time":113584,"key":"Key8","l":2},{"time":114500,"key":"Key1","l":2},{"time":114500,"key":"Key4","l":2},{"time":114500,"key":"Key6","l":2},{"time":114958,"key":"Key8","l":2},{"time":115187,"key":"Key1","l":2},{"time":115187,"key":"Key6","l":2},{"time":115416,"key":"Key4","l":2},{"time":115874,"key":"Key1","l":2},{"time":117248,"key":"Key0","l":2},{"time":117248,"key":"Key2","l":2},{"time":117248,"key":"Key5","l":2},{"time":117248,"key":"Key11","l":2},{"time":117706,"key":"Key0","l":2},{"time":117706,"key":"Key2","l":2},{"time":117706,"key":"Key5","l":2},{"time":117706,"key":"Key9","l":2},{"time":118164,"key":"Key7","l":2},{"time":118622,"key":"Key0","l":2},{"time":118622,"key":"Key2","l":2},{"time":118622,"key":"Key5","l":2},{"time":119080,"key":"Key9","l":2},{"time":119309,"key":"Key11","l":2},{"time":119538,"key":"Key0","l":2},{"time":119538,"key":"Key2","l":2},{"time":119538,"key":"Key5","l":2},{"time":119538,"key":"Key11","l":2},{"time":119767,"key":"Key11","l":2},{"time":119996,"key":"Key9","l":2},{"time":120225,"key":"Key11","l":2},{"time":120454,"key":"Key0","l":2},{"time":120454,"key":"Key2","l":2},{"time":120454,"key":"Key5","l":2},{"time":120454,"key":"Key11","l":2},{"time":120683,"key":"Key11","l":2},{"time":120912,"key":"Key0","l":2},{"time":120912,"key":"Key3","l":2},{"time":120912,"key":"Key5","l":2},{"time":120912,"key":"Key11","l":2},{"time":121370,"key":"Key0","l":2},{"time":121370,"key":"Key3","l":2},{"time":121370,"key":"Key5","l":2},{"time":121370,"key":"Key9","l":2},{"time":121828,"key":"Key7","l":2},{"time":122286,"key":"Key0","l":2},{"time":122286,"key":"Key3","l":2},{"time":122286,"key":"Key5","l":2},{"time":122744,"key":"Key9","l":2},{"time":122973,"key":"Key11","l":2},{"time":123202,"key":"Key0","l":2},{"time":123202,"key":"Key3","l":2},{"time":123202,"key":"Key5","l":2},{"time":123202,"key":"Key11","l":2},{"time":123431,"key":"Key11","l":2},{"time":123660,"key":"Key9","l":2},{"time":123889,"key":"Key11","l":2},{"time":124118,"key":"Key0","l":2},{"time":124118,"key":"Key3","l":2},{"time":124118,"key":"Key5","l":2},{"time":124118,"key":"Key12","l":2},{"time":124347,"key":"Key11","l":2},{"time":124576,"key":"Key0","l":2},{"time":124576,"key":"Key2","l":2},{"time":124576,"key":"Key4","l":2},{"time":124576,"key":"Key11","l":2},{"time":125034,"key":"Key0","l":2},{"time":125034,"key":"Key2","l":2},{"time":125034,"key":"Key4","l":2},{"time":125034,"key":"Key9","l":2},{"time":125492,"key":"Key7","l":2},{"time":125950,"key":"Key0","l":2},{"time":125950,"key":"Key2","l":2},{"time":125950,"key":"Key4","l":2},{"time":126408,"key":"Key9","l":2},{"time":126637,"key":"Key11","l":2},{"time":126866,"key":"Key0","l":2},{"time":126866,"key":"Key2","l":2},{"time":126866,"key":"Key4","l":2},{"time":126866,"key":"Key11","l":2},{"time":127095,"key":"Key11","l":2},{"time":127324,"key":"Key9","l":2},{"time":127553,"key":"Key11","l":2},{"time":127782,"key":"Key0","l":2},{"time":127782,"key":"Key2","l":2},{"time":127782,"key":"Key4","l":2},{"time":127782,"key":"Key11","l":2},{"time":128011,"key":"Key11","l":2},{"time":128240,"key":"Key1","l":2},{"time":128240,"key":"Key4","l":2},{"time":128240,"key":"Key6","l":2},{"time":128240,"key":"Key12","l":2},{"time":128698,"key":"Key9","l":2},{"time":129156,"key":"Key7","l":2},{"time":130072,"key":"Key9","l":2},{"time":130301,"key":"Key11","l":2},{"time":130530,"key":"Key11","l":2},{"time":130759,"key":"Key11","l":2},{"time":131217,"key":"Key11","l":2},{"time":131446,"key":"Key14","l":2},{"time":131675,"key":"Key13","l":2},{"time":131904,"key":"Key0","l":2},{"time":131904,"key":"Key2","l":2},{"time":131904,"key":"Key5","l":2},{"time":131904,"key":"Key12","l":2},{"time":132362,"key":"Key0","l":2},{"time":132362,"key":"Key2","l":2},{"time":132362,"key":"Key5","l":2},{"time":133278,"key":"Key0","l":2},{"time":133278,"key":"Key2","l":2},{"time":133278,"key":"Key5","l":2},{"time":134194,"key":"Key0","l":2},{"time":134194,"key":"Key2","l":2},{"time":134194,"key":"Key5","l":2},{"time":134881,"key":"Key11","l":2},{"time":135110,"key":"Key0","l":2},{"time":135110,"key":"Key2","l":2},{"time":135110,"key":"Key5","l":2},{"time":135110,"key":"Key14","l":2},{"time":135339,"key":"Key13","l":2},{"time":135568,"key":"Key0","l":2},{"time":135568,"key":"Key3","l":2},{"time":135568,"key":"Key5","l":2},{"time":135568,"key":"Key11","l":2},{"time":136026,"key":"Key0","l":2},{"time":136026,"key":"Key3","l":2},{"time":136026,"key":"Key5","l":2},{"time":136942,"key":"Key0","l":2},{"time":136942,"key":"Key3","l":2},{"time":136942,"key":"Key5","l":2},{"time":136942,"key":"Key12","l":2},{"time":137629,"key":"Key13","l":2},{"time":137858,"key":"Key0","l":2},{"time":137858,"key":"Key3","l":2},{"time":137858,"key":"Key5","l":2},{"time":137858,"key":"Key11","l":2},{"time":138545,"key":"Key11","l":2},{"time":138774,"key":"Key0","l":2},{"time":138774,"key":"Key3","l":2},{"time":138774,"key":"Key5","l":2},{"time":138774,"key":"Key14","l":2},{"time":139003,"key":"Key13","l":2},{"time":139232,"key":"Key0","l":2},{"time":139232,"key":"Key2","l":2},{"time":139232,"key":"Key4","l":2},{"time":139232,"key":"Key11","l":2},{"time":139690,"key":"Key0","l":2},{"time":139690,"key":"Key2","l":2},{"time":139690,"key":"Key4","l":2},{"time":140606,"key":"Key0","l":2},{"time":140606,"key":"Key2","l":2},{"time":140606,"key":"Key4","l":2},{"time":141293,"key":"Key7","l":2},{"time":141522,"key":"Key0","l":2},{"time":141522,"key":"Key2","l":2},{"time":141522,"key":"Key4","l":2},{"time":141522,"key":"Key7","l":2},{"time":141751,"key":"Key12","l":2},{"time":142438,"key":"Key0","l":2},{"time":142438,"key":"Key2","l":2},{"time":142438,"key":"Key4","l":2},{"time":142438,"key":"Key8","l":2},{"time":142896,"key":"Key1","l":2},{"time":142896,"key":"Key4","l":2},{"time":142896,"key":"Key6","l":2},{"time":143354,"key":"Key1","l":2},{"time":143354,"key":"Key4","l":2},{"time":143354,"key":"Key6","l":2},{"time":144270,"key":"Key1","l":2},{"time":144270,"key":"Key4","l":2},{"time":144270,"key":"Key6","l":2},{"time":144728,"key":"Key9","l":2},{"time":144957,"key":"Key11","l":2},{"time":145186,"key":"Key1","l":2},{"time":145186,"key":"Key4","l":2},{"time":145186,"key":"Key6","l":2},{"time":145186,"key":"Key11","l":2},{"time":145415,"key":"Key11","l":2},{"time":145873,"key":"Key11","l":2},{"time":146102,"key":"Key1","l":2},{"time":146102,"key":"Key4","l":2},{"time":146102,"key":"Key6","l":2},{"time":146102,"key":"Key14","l":2},{"time":146331,"key":"Key13","l":2},{"time":146560,"key":"Key0","l":2},{"time":146560,"key":"Key2","l":2},{"time":146560,"key":"Key5","l":2},{"time":146560,"key":"Key12","l":2},{"time":147018,"key":"Key0","l":2},{"time":147018,"key":"Key2","l":2},{"time":147018,"key":"Key5","l":2},{"time":147934,"key":"Key0","l":2},{"time":147934,"key":"Key2","l":2},{"time":147934,"key":"Key5","l":2},{"time":148392,"key":"Key7","l":2},{"time":148621,"key":"Key7","l":2},{"time":148850,"key":"Key0","l":2},{"time":148850,"key":"Key2","l":2},{"time":148850,"key":"Key5","l":2},{"time":148850,"key":"Key7","l":2},{"time":149079,"key":"Key7","l":2},{"time":149537,"key":"Key11","l":2},{"time":149766,"key":"Key0","l":2},{"time":149766,"key":"Key2","l":2},{"time":149766,"key":"Key5","l":2},{"time":149766,"key":"Key14","l":2},{"time":149995,"key":"Key13","l":2},{"time":150224,"key":"Key0","l":2},{"time":150224,"key":"Key3","l":2},{"time":150224,"key":"Key5","l":2},{"time":150224,"key":"Key11","l":2},{"time":150682,"key":"Key0","l":2},{"time":150682,"key":"Key3","l":2},{"time":150682,"key":"Key5","l":2},{"time":151598,"key":"Key0","l":2},{"time":151598,"key":"Key3","l":2},{"time":151598,"key":"Key5","l":2},{"time":152056,"key":"Key7","l":2},{"time":152285,"key":"Key7","l":2},{"time":152514,"key":"Key0","l":2},{"time":152514,"key":"Key3","l":2},{"time":152514,"key":"Key5","l":2},{"time":152514,"key":"Key7","l":2},{"time":152743,"key":"Key7","l":2},{"time":153201,"key":"Key11","l":2},{"time":153430,"key":"Key0","l":2},{"time":153430,"key":"Key3","l":2},{"time":153430,"key":"Key5","l":2},{"time":153430,"key":"Key14","l":2},{"time":153659,"key":"Key13","l":2},{"time":153888,"key":"Key0","l":2},{"time":153888,"key":"Key2","l":2},{"time":153888,"key":"Key4","l":2},{"time":153888,"key":"Key11","l":2},{"time":154346,"key":"Key0","l":2},{"time":154346,"key":"Key2","l":2},{"time":154346,"key":"Key4","l":2},{"time":155262,"key":"Key0","l":2},{"time":155262,"key":"Key2","l":2},{"time":155262,"key":"Key4","l":2},{"time":155949,"key":"Key7","l":2},{"time":156178,"key":"Key0","l":2},{"time":156178,"key":"Key2","l":2},{"time":156178,"key":"Key4","l":2},{"time":156178,"key":"Key7","l":2},{"time":156407,"key":"Key12","l":2},{"time":157094,"key":"Key0","l":2},{"time":157094,"key":"Key2","l":2},{"time":157094,"key":"Key4","l":2},{"time":157094,"key":"Key8","l":2},{"time":157552,"key":"Key1","l":2},{"time":157552,"key":"Key4","l":2},{"time":157552,"key":"Key6","l":2},{"time":158010,"key":"Key1","l":2},{"time":158010,"key":"Key4","l":2},{"time":158010,"key":"Key6","l":2},{"time":158926,"key":"Key1","l":2},{"time":158926,"key":"Key4","l":2},{"time":158926,"key":"Key6","l":2},{"time":159384,"key":"Key4","l":2},{"time":159613,"key":"Key6","l":2},{"time":159842,"key":"Key1","l":2},{"time":159842,"key":"Key4","l":2},{"time":159842,"key":"Key6","l":2},{"time":159842,"key":"Key7","l":2},{"time":160071,"key":"Key8","l":2},{"time":160529,"key":"Key9","l":2},{"time":160758,"key":"Key1","l":2},{"time":160758,"key":"Key4","l":2},{"time":160758,"key":"Key6","l":2},{"time":160758,"key":"Key7","l":2},{"time":161216,"key":"Key0","l":2},{"time":161216,"key":"Key2","l":2},{"time":161216,"key":"Key5","l":2},{"time":161216,"key":"Key11","l":2},{"time":161674,"key":"Key0","l":2},{"time":161674,"key":"Key2","l":2},{"time":161674,"key":"Key5","l":2},{"time":161674,"key":"Key9","l":2},{"time":162132,"key":"Key7","l":2},{"time":162590,"key":"Key0","l":2},{"time":162590,"key":"Key2","l":2},{"time":162590,"key":"Key5","l":2},{"time":163048,"key":"Key9","l":2},{"time":163277,"key":"Key11","l":2},{"time":163506,"key":"Key0","l":2},{"time":163506,"key":"Key2","l":2},{"time":163506,"key":"Key5","l":2},{"time":163506,"key":"Key11","l":2},{"time":163735,"key":"Key11","l":2},{"time":163964,"key":"Key9","l":2},{"time":164193,"key":"Key11","l":2},{"time":164422,"key":"Key0","l":2},{"time":164422,"key":"Key2","l":2},{"time":164422,"key":"Key5","l":2},{"time":164422,"key":"Key11","l":2},{"time":164651,"key":"Key11","l":2},{"time":164880,"key":"Key0","l":2},{"time":164880,"key":"Key3","l":2},{"time":164880,"key":"Key5","l":2},{"time":164880,"key":"Key11","l":2},{"time":165338,"key":"Key0","l":2},{"time":165338,"key":"Key3","l":2},{"time":165338,"key":"Key5","l":2},{"time":165338,"key":"Key9","l":2},{"time":165796,"key":"Key7","l":2},{"time":166254,"key":"Key0","l":2},{"time":166254,"key":"Key3","l":2},{"time":166254,"key":"Key5","l":2},{"time":166712,"key":"Key9","l":2},{"time":166941,"key":"Key11","l":2},{"time":167170,"key":"Key0","l":2},{"time":167170,"key":"Key3","l":2},{"time":167170,"key":"Key5","l":2},{"time":167170,"key":"Key11","l":2},{"time":167399,"key":"Key11","l":2},{"time":167628,"key":"Key9","l":2},{"time":167857,"key":"Key11","l":2},{"time":168086,"key":"Key0","l":2},{"time":168086,"key":"Key3","l":2},{"time":168086,"key":"Key5","l":2},{"time":168086,"key":"Key12","l":2},{"time":168315,"key":"Key11","l":2},{"time":168544,"key":"Key0","l":2},{"time":168544,"key":"Key2","l":2},{"time":168544,"key":"Key4","l":2},{"time":168544,"key":"Key11","l":2},{"time":169002,"key":"Key0","l":2},{"time":169002,"key":"Key2","l":2},{"time":169002,"key":"Key4","l":2},{"time":169002,"key":"Key9","l":2},{"time":169460,"key":"Key7","l":2},{"time":169918,"key":"Key0","l":2},{"time":169918,"key":"Key2","l":2},{"time":169918,"key":"Key4","l":2},{"time":170376,"key":"Key9","l":2},{"time":170605,"key":"Key11","l":2},{"time":170834,"key":"Key0","l":2},{"time":170834,"key":"Key2","l":2},{"time":170834,"key":"Key4","l":2},{"time":170834,"key":"Key11","l":2},{"time":171063,"key":"Key11","l":2},{"time":171292,"key":"Key9","l":2},{"time":171521,"key":"Key11","l":2},{"time":171750,"key":"Key0","l":2},{"time":171750,"key":"Key2","l":2},{"time":171750,"key":"Key4","l":2},{"time":171750,"key":"Key11","l":2},{"time":171979,"key":"Key11","l":2},{"time":172208,"key":"Key1","l":2},{"time":172208,"key":"Key4","l":2},{"time":172208,"key":"Key6","l":2},{"time":172208,"key":"Key12","l":2},{"time":172666,"key":"Key1","l":2},{"time":172666,"key":"Key4","l":2},{"time":172666,"key":"Key6","l":2},{"time":172666,"key":"Key9","l":2},{"time":173124,"key":"Key7","l":2},{"time":173582,"key":"Key1","l":2},{"time":173582,"key":"Key4","l":2},{"time":173582,"key":"Key6","l":2},{"time":174040,"key":"Key9","l":2},{"time":174269,"key":"Key11","l":2},{"time":174498,"key":"Key1","l":2},{"time":174498,"key":"Key4","l":2},{"time":174498,"key":"Key6","l":2},{"time":174498,"key":"Key11","l":2},{"time":174727,"key":"Key11","l":2},{"time":175185,"key":"Key11","l":2},{"time":175414,"key":"Key1","l":2},{"time":175414,"key":"Key4","l":2},{"time":175414,"key":"Key6","l":2},{"time":175414,"key":"Key14","l":2},{"time":175643,"key":"Key13","l":2},{"time":175872,"key":"Key0","l":2},{"time":175872,"key":"Key2","l":2},{"time":175872,"key":"Key5","l":2},{"time":175872,"key":"Key12","l":2},{"time":176330,"key":"Key0","l":2},{"time":176330,"key":"Key2","l":2},{"time":176330,"key":"Key5","l":2},{"time":176788,"key":"Key14","l":2},{"time":177246,"key":"Key0","l":2},{"time":177246,"key":"Key2","l":2},{"time":177246,"key":"Key5","l":2},{"time":177246,"key":"Key13","l":2},{"time":177475,"key":"Key12","l":2},{"time":178162,"key":"Key0","l":2},{"time":178162,"key":"Key2","l":2},{"time":178162,"key":"Key5","l":2},{"time":178849,"key":"Key11","l":2},{"time":179078,"key":"Key0","l":2},{"time":179078,"key":"Key2","l":2},{"time":179078,"key":"Key5","l":2},{"time":179078,"key":"Key14","l":2},{"time":179307,"key":"Key13","l":2},{"time":179536,"key":"Key0","l":2},{"time":179536,"key":"Key3","l":2},{"time":179536,"key":"Key5","l":2},{"time":179536,"key":"Key11","l":2},{"time":179994,"key":"Key0","l":2},{"time":179994,"key":"Key3","l":2},{"time":179994,"key":"Key5","l":2},{"time":180452,"key":"Key13","l":1},{"time":180910,"key":"Key0","l":2},{"time":180910,"key":"Key3","l":2},{"time":180910,"key":"Key5","l":2},{"time":180910,"key":"Key11","l":1},{"time":181368,"key":"Key11","l":1},{"time":181826,"key":"Key0","l":2},{"time":181826,"key":"Key3","l":2},{"time":181826,"key":"Key5","l":2},{"time":181826,"key":"Key12","l":1},{"time":182513,"key":"Key11","l":2},{"time":182742,"key":"Key0","l":2},{"time":182742,"key":"Key3","l":2},{"time":182742,"key":"Key5","l":2},{"time":182742,"key":"Key14","l":2},{"time":182971,"key":"Key13","l":2},{"time":183200,"key":"Key0","l":2},{"time":183200,"key":"Key2","l":2},{"time":183200,"key":"Key4","l":2},{"time":183200,"key":"Key11","l":2},{"time":183658,"key":"Key0","l":2},{"time":183658,"key":"Key2","l":2},{"time":183658,"key":"Key4","l":2},{"time":184574,"key":"Key0","l":2},{"time":184574,"key":"Key2","l":2},{"time":184574,"key":"Key4","l":2},{"time":185261,"key":"Key7","l":2},{"time":185490,"key":"Key0","l":2},{"time":185490,"key":"Key2","l":2},{"time":185490,"key":"Key4","l":2},{"time":185490,"key":"Key7","l":2},{"time":185719,"key":"Key7","l":2},{"time":185948,"key":"Key10","l":2},{"time":186406,"key":"Key0","l":2},{"time":186406,"key":"Key2","l":2},{"time":186406,"key":"Key4","l":2},{"time":186406,"key":"Key9","l":2},{"time":186635,"key":"Key9","l":2},{"time":186864,"key":"Key1","l":2},{"time":186864,"key":"Key4","l":2},{"time":186864,"key":"Key6","l":2},{"time":187322,"key":"Key1","l":2},{"time":187322,"key":"Key4","l":2},{"time":187322,"key":"Key6","l":2},{"time":187322,"key":"Key8","l":2},{"time":188238,"key":"Key1","l":2},{"time":188238,"key":"Key4","l":2},{"time":188238,"key":"Key6","l":2},{"time":188467,"key":"Key7","l":2},{"time":188696,"key":"Key9","l":2},{"time":188925,"key":"Key11","l":2},{"time":189154,"key":"Key1","l":2},{"time":189154,"key":"Key4","l":2},{"time":189154,"key":"Key6","l":2},{"time":189154,"key":"Key11","l":2},{"time":189383,"key":"Key11","l":2},{"time":189841,"key":"Key11","l":2},{"time":190070,"key":"Key1","l":2},{"time":190070,"key":"Key4","l":2},{"time":190070,"key":"Key6","l":2},{"time":190070,"key":"Key14","l":2},{"time":190299,"key":"Key13","l":2},{"time":190528,"key":"Key12","l":2}],"fromLibrary":true}]