[
  {
    "name": "Justin Bieber - Love Yourself",
    "author": "Justin Bieber",
    "bpm": 400,
    "bitsPerPage": 16,
    "pitchLevel": 0,
    "songNotes": [
      {
        "time": 1650,
        "key": "1Key4"
      },
      {
        "time": 1800,
        "key": "1Key7"
      },
      {
        "time": 1950,
        "key": "1Key9"
      },
      {
        "time": 2400,
        "key": "1Key9"
      },
      {
        "time": 2550,
        "key": "1Key0"
      },
      {
        "time": 2550,
        "key": "1Key4"
      },
      {
        "time": 3000,
        "key": "1Key0"
      },
      {
        "time": 3000,
        "key": "1Key4"
      },
      {
        "time": 3000,
        "key": "1Key9"
      },
      {
        "time": 3300,
        "key": "1Key7"
      },
      {
        "time": 3600,
        "key": "1Key8"
      },
      {
        "time": 3750,
        "key": "1Key1"
      },
      {
        "time": 3750,
        "key": "1Key4"
      },
      {
        "time": 3900,
        "key": "1Key8"
      },
      {
        "time": 4200,
        "key": "1Key1"
      },
      {
        "time": 4200,
        "key": "1Key4"
      },
      {
        "time": 4200,
        "key": "1Key9"
      },
      {
        "time": 4650,
        "key": "1Key7"
      },
      {
        "time": 4950,
        "key": "1Key2"
      },
      {
        "time": 4950,
        "key": "1Key5"
      },
      {
        "time": 4950,
        "key": "1Key7"
      },
      {
        "time": 5400,
        "key": "1Key2"
      },
      {
        "time": 5400,
        "key": "1Key5"
      },
      {
        "time": 5400,
        "key": "1Key7"
      },
      {
        "time": 6600,
        "key": "1Key7"
      },
      {
        "time": 6750,
        "key": "1Key2"
      },
      {
        "time": 6750,
        "key": "1Key5"
      },
      {
        "time": 6750,
        "key": "1Key8"
      },
      {
        "time": 6900,
        "key": "1Key9"
      },
      {
        "time": 7200,
        "key": "1Key10"
      },
      {
        "time": 7350,
        "key": "1Key1"
      },
      {
        "time": 7350,
        "key": "1Key5"
      },
      {
        "time": 7650,
        "key": "1Key10"
      },
      {
        "time": 7800,
        "key": "1Key1"
      },
      {
        "time": 7800,
        "key": "1Key5"
      },
      {
        "time": 7950,
        "key": "1Key9"
      },
      {
        "time": 8250,
        "key": "1Key8"
      },
      {
        "time": 8550,
        "key": "1Key0"
      },
      {
        "time": 8550,
        "key": "1Key4"
      },
      {
        "time": 8550,
        "key": "1Key7"
      },
      {
        "time": 8850,
        "key": "1Key8"
      },
      {
        "time": 9000,
        "key": "1Key0"
      },
      {
        "time": 9000,
        "key": "1Key4"
      },
      {
        "time": 9150,
        "key": "1Key9"
      },
      {
        "time": 9450,
        "key": "1Key8"
      },
      {
        "time": 9750,
        "key": "1Key1"
      },
      {
        "time": 9750,
        "key": "1Key4"
      },
      {
        "time": 10200,
        "key": "1Key1"
      },
      {
        "time": 10200,
        "key": "1Key4"
      },
      {
        "time": 10200,
        "key": "1Key8"
      },
      {
        "time": 11400,
        "key": "1Key4"
      },
      {
        "time": 11550,
        "key": "1Key1"
      },
      {
        "time": 11550,
        "key": "1Key4"
      },
      {
        "time": 11550,
        "key": "1Key7"
      },
      {
        "time": 11700,
        "key": "1Key8"
      },
      {
        "time": 12000,
        "key": "1Key9"
      },
      {
        "time": 12150,
        "key": "1Key0"
      },
      {
        "time": 12150,
        "key": "1Key4"
      },
      {
        "time": 12450,
        "key": "1Key11"
      },
      {
        "time": 12600,
        "key": "1Key0"
      },
      {
        "time": 12600,
        "key": "1Key4"
      },
      {
        "time": 12750,
        "key": "1Key8"
      },
      {
        "time": 13050,
        "key": "1Key7"
      },
      {
        "time": 13350,
        "key": "1Key1"
      },
      {
        "time": 13350,
        "key": "1Key4"
      },
      {
        "time": 13350,
        "key": "1Key8"
      },
      {
        "time": 13650,
        "key": "1Key9"
      },
      {
        "time": 13800,
        "key": "1Key1"
      },
      {
        "time": 13800,
        "key": "1Key4"
      },
      {
        "time": 13950,
        "key": "1Key8"
      },
      {
        "time": 14250,
        "key": "1Key7"
      },
      {
        "time": 14550,
        "key": "1Key2"
      },
      {
        "time": 14550,
        "key": "1Key5"
      },
      {
        "time": 14850,
        "key": "1Key7"
      },
      {
        "time": 15000,
        "key": "1Key2"
      },
      {
        "time": 15000,
        "key": "1Key5"
      },
      {
        "time": 16200,
        "key": "1Key4"
      },
      {
        "time": 16350,
        "key": "1Key2"
      },
      {
        "time": 16350,
        "key": "1Key5"
      },
      {
        "time": 16350,
        "key": "1Key8"
      },
      {
        "time": 16500,
        "key": "1Key9"
      },
      {
        "time": 16800,
        "key": "1Key10"
      },
      {
        "time": 16950,
        "key": "1Key1"
      },
      {
        "time": 16950,
        "key": "1Key5"
      },
      {
        "time": 17250,
        "key": "1Key10"
      },
      {
        "time": 17400,
        "key": "1Key1"
      },
      {
        "time": 17400,
        "key": "1Key5"
      },
      {
        "time": 17550,
        "key": "1Key9"
      },
      {
        "time": 17850,
        "key": "1Key8"
      },
      {
        "time": 18150,
        "key": "1Key0"
      },
      {
        "time": 18150,
        "key": "1Key4"
      },
      {
        "time": 18150,
        "key": "1Key7"
      },
      {
        "time": 18450,
        "key": "1Key8"
      },
      {
        "time": 18600,
        "key": "1Key0"
      },
      {
        "time": 18600,
        "key": "1Key4"
      },
      {
        "time": 18750,
        "key": "1Key9"
      },
      {
        "time": 19050,
        "key": "1Key8"
      },
      {
        "time": 19350,
        "key": "1Key1"
      },
      {
        "time": 19350,
        "key": "1Key4"
      },
      {
        "time": 19800,
        "key": "1Key1"
      },
      {
        "time": 19800,
        "key": "1Key4"
      },
      {
        "time": 19800,
        "key": "1Key8"
      },
      {
        "time": 20850,
        "key": "1Key4"
      },
      {
        "time": 21000,
        "key": "1Key4"
      },
      {
        "time": 21150,
        "key": "1Key1"
      },
      {
        "time": 21150,
        "key": "1Key4"
      },
      {
        "time": 21300,
        "key": "1Key5"
      },
      {
        "time": 21450,
        "key": "1Key6"
      },
      {
        "time": 21600,
        "key": "1Key8"
      },
      {
        "time": 21750,
        "key": "1Key0"
      },
      {
        "time": 21750,
        "key": "1Key4"
      },
      {
        "time": 21750,
        "key": "1Key9"
      },
      {
        "time": 22050,
        "key": "1Key11"
      },
      {
        "time": 22200,
        "key": "1Key0"
      },
      {
        "time": 22200,
        "key": "1Key4"
      },
      {
        "time": 22200,
        "key": "1Key9"
      },
      {
        "time": 22950,
        "key": "1Key1"
      },
      {
        "time": 22950,
        "key": "1Key4"
      },
      {
        "time": 23250,
        "key": "1Key9"
      },
      {
        "time": 23400,
        "key": "1Key1"
      },
      {
        "time": 23400,
        "key": "1Key4"
      },
      {
        "time": 23400,
        "key": "1Key11"
      },
      {
        "time": 23550,
        "key": "1Key11"
      },
      {
        "time": 23700,
        "key": "1Key10"
      },
      {
        "time": 23850,
        "key": "1Key10"
      },
      {
        "time": 24150,
        "key": "1Key2"
      },
      {
        "time": 24150,
        "key": "1Key5"
      },
      {
        "time": 24150,
        "key": "1Key10"
      },
      {
        "time": 24300,
        "key": "1Key9"
      },
      {
        "time": 24450,
        "key": "1Key9"
      },
      {
        "time": 24600,
        "key": "1Key2"
      },
      {
        "time": 24600,
        "key": "1Key5"
      },
      {
        "time": 24750,
        "key": "1Key7"
      },
      {
        "time": 25050,
        "key": "1Key7"
      },
      {
        "time": 25350,
        "key": "1Key7"
      },
      {
        "time": 25650,
        "key": "1Key8"
      },
      {
        "time": 25950,
        "key": "1Key2"
      },
      {
        "time": 25950,
        "key": "1Key5"
      },
      {
        "time": 25950,
        "key": "1Key9"
      },
      {
        "time": 26250,
        "key": "1Key7"
      },
      {
        "time": 26550,
        "key": "1Key1"
      },
      {
        "time": 26550,
        "key": "1Key5"
      },
      {
        "time": 26550,
        "key": "1Key8"
      },
      {
        "time": 27000,
        "key": "1Key1"
      },
      {
        "time": 27000,
        "key": "1Key5"
      },
      {
        "time": 27150,
        "key": "1Key9"
      },
      {
        "time": 27750,
        "key": "1Key0"
      },
      {
        "time": 27750,
        "key": "1Key4"
      },
      {
        "time": 27750,
        "key": "1Key7"
      },
      {
        "time": 28050,
        "key": "1Key8"
      },
      {
        "time": 28200,
        "key": "1Key0"
      },
      {
        "time": 28200,
        "key": "1Key4"
      },
      {
        "time": 28350,
        "key": "1Key9"
      },
      {
        "time": 28650,
        "key": "1Key7"
      },
      {
        "time": 28950,
        "key": "1Key1"
      },
      {
        "time": 28950,
        "key": "1Key4"
      },
      {
        "time": 28950,
        "key": "1Key8"
      },
      {
        "time": 29400,
        "key": "1Key1"
      },
      {
        "time": 29400,
        "key": "1Key4"
      },
      {
        "time": 29550,
        "key": "1Key9"
      },
      {
        "time": 30600,
        "key": "1Key4"
      },
      {
        "time": 30750,
        "key": "1Key1"
      },
      {
        "time": 30750,
        "key": "1Key4"
      },
      {
        "time": 30900,
        "key": "1Key5"
      },
      {
        "time": 31050,
        "key": "1Key7"
      },
      {
        "time": 31200,
        "key": "1Key8"
      },
      {
        "time": 31350,
        "key": "1Key0"
      },
      {
        "time": 31350,
        "key": "1Key4"
      },
      {
        "time": 31350,
        "key": "1Key9"
      },
      {
        "time": 31650,
        "key": "1Key11"
      },
      {
        "time": 31800,
        "key": "1Key0"
      },
      {
        "time": 31800,
        "key": "1Key4"
      },
      {
        "time": 31800,
        "key": "1Key9"
      },
      {
        "time": 32550,
        "key": "1Key1"
      },
      {
        "time": 32550,
        "key": "1Key4"
      },
      {
        "time": 32850,
        "key": "1Key9"
      },
      {
        "time": 33000,
        "key": "1Key1"
      },
      {
        "time": 33000,
        "key": "1Key4"
      },
      {
        "time": 33000,
        "key": "1Key11"
      },
      {
        "time": 33150,
        "key": "1Key11"
      },
      {
        "time": 33450,
        "key": "1Key10"
      },
      {
        "time": 33750,
        "key": "1Key2"
      },
      {
        "time": 33750,
        "key": "1Key5"
      },
      {
        "time": 33750,
        "key": "1Key10"
      },
      {
        "time": 34050,
        "key": "1Key9"
      },
      {
        "time": 34200,
        "key": "1Key2"
      },
      {
        "time": 34200,
        "key": "1Key5"
      },
      {
        "time": 34350,
        "key": "1Key7"
      },
      {
        "time": 34650,
        "key": "1Key7"
      },
      {
        "time": 34950,
        "key": "1Key7"
      },
      {
        "time": 35250,
        "key": "1Key8"
      },
      {
        "time": 35550,
        "key": "1Key2"
      },
      {
        "time": 35550,
        "key": "1Key5"
      },
      {
        "time": 35550,
        "key": "1Key9"
      },
      {
        "time": 35850,
        "key": "1Key7"
      },
      {
        "time": 36150,
        "key": "1Key1"
      },
      {
        "time": 36150,
        "key": "1Key5"
      },
      {
        "time": 36150,
        "key": "1Key8"
      },
      {
        "time": 36600,
        "key": "1Key1"
      },
      {
        "time": 36600,
        "key": "1Key5"
      },
      {
        "time": 36750,
        "key": "1Key9"
      },
      {
        "time": 37350,
        "key": "1Key0"
      },
      {
        "time": 37350,
        "key": "1Key4"
      },
      {
        "time": 37350,
        "key": "1Key7"
      },
      {
        "time": 37650,
        "key": "1Key8"
      },
      {
        "time": 37800,
        "key": "1Key0"
      },
      {
        "time": 37800,
        "key": "1Key4"
      },
      {
        "time": 37950,
        "key": "1Key9"
      },
      {
        "time": 38250,
        "key": "1Key7"
      },
      {
        "time": 38550,
        "key": "1Key1"
      },
      {
        "time": 38550,
        "key": "1Key4"
      },
      {
        "time": 38550,
        "key": "1Key8"
      },
      {
        "time": 39000,
        "key": "1Key1"
      },
      {
        "time": 39000,
        "key": "1Key4"
      },
      {
        "time": 39150,
        "key": "1Key9"
      },
      {
        "time": 40050,
        "key": "1Key7"
      },
      {
        "time": 40200,
        "key": "1Key7"
      },
      {
        "time": 40350,
        "key": "1Key1"
      },
      {
        "time": 40350,
        "key": "1Key4"
      },
      {
        "time": 40500,
        "key": "1Key7"
      },
      {
        "time": 40650,
        "key": "1Key9"
      },
      {
        "time": 40950,
        "key": "1Key2"
      },
      {
        "time": 40950,
        "key": "1Key5"
      },
      {
        "time": 40950,
        "key": "1Key9"
      },
      {
        "time": 41400,
        "key": "1Key2"
      },
      {
        "time": 41400,
        "key": "1Key5"
      },
      {
        "time": 41550,
        "key": "1Key7"
      },
      {
        "time": 41850,
        "key": "1Key0"
      },
      {
        "time": 41850,
        "key": "1Key3"
      },
      {
        "time": 41850,
        "key": "1Key7"
      },
      {
        "time": 42150,
        "key": "1Key8"
      },
      {
        "time": 42450,
        "key": "1Key8"
      },
      {
        "time": 42750,
        "key": "1Key0"
      },
      {
        "time": 42750,
        "key": "1Key3"
      },
      {
        "time": 42750,
        "key": "1Key8"
      },
      {
        "time": 42900,
        "key": "1Key7"
      },
      {
        "time": 43050,
        "key": "1Key7"
      },
      {
        "time": 43200,
        "key": "1Key7"
      },
      {
        "time": 43350,
        "key": "1Key0"
      },
      {
        "time": 43350,
        "key": "1Key4"
      },
      {
        "time": 43800,
        "key": "1Key0"
      },
      {
        "time": 43800,
        "key": "1Key4"
      },
      {
        "time": 44250,
        "key": "1Key0"
      },
      {
        "time": 44250,
        "key": "1Key4"
      },
      {
        "time": 44850,
        "key": "1Key7"
      },
      {
        "time": 45000,
        "key": "1Key7"
      },
      {
        "time": 45150,
        "key": "1Key0"
      },
      {
        "time": 45150,
        "key": "1Key4"
      },
      {
        "time": 45300,
        "key": "1Key7"
      },
      {
        "time": 45450,
        "key": "1Key9"
      },
      {
        "time": 45750,
        "key": "1Key2"
      },
      {
        "time": 45750,
        "key": "1Key5"
      },
      {
        "time": 45750,
        "key": "1Key9"
      },
      {
        "time": 46200,
        "key": "1Key2"
      },
      {
        "time": 46200,
        "key": "1Key5"
      },
      {
        "time": 46350,
        "key": "1Key7"
      },
      {
        "time": 46650,
        "key": "1Key0"
      },
      {
        "time": 46650,
        "key": "1Key3"
      },
      {
        "time": 46650,
        "key": "1Key7"
      },
      {
        "time": 46950,
        "key": "1Key8"
      },
      {
        "time": 47250,
        "key": "1Key8"
      },
      {
        "time": 47400,
        "key": "1Key8"
      },
      {
        "time": 47550,
        "key": "1Key0"
      },
      {
        "time": 47550,
        "key": "1Key3"
      },
      {
        "time": 47700,
        "key": "1Key7"
      },
      {
        "time": 48000,
        "key": "1Key9"
      },
      {
        "time": 48150,
        "key": "1Key0"
      },
      {
        "time": 48150,
        "key": "1Key4"
      },
      {
        "time": 48600,
        "key": "1Key0"
      },
      {
        "time": 48600,
        "key": "1Key4"
      },
      {
        "time": 49050,
        "key": "1Key0"
      },
      {
        "time": 49050,
        "key": "1Key4"
      },
      {
        "time": 49500,
        "key": "1Key7"
      },
      {
        "time": 49650,
        "key": "1Key11"
      },
      {
        "time": 49950,
        "key": "1Key0"
      },
      {
        "time": 49950,
        "key": "1Key4"
      },
      {
        "time": 49950,
        "key": "1Key10"
      },
      {
        "time": 50250,
        "key": "1Key9"
      },
      {
        "time": 50550,
        "key": "1Key2"
      },
      {
        "time": 50550,
        "key": "1Key5"
      },
      {
        "time": 50550,
        "key": "1Key8"
      },
      {
        "time": 50850,
        "key": "1Key7"
      },
      {
        "time": 51000,
        "key": "1Key2"
      },
      {
        "time": 51000,
        "key": "1Key5"
      },
      {
        "time": 51150,
        "key": "1Key7"
      },
      {
        "time": 51450,
        "key": "1Key0"
      },
      {
        "time": 51450,
        "key": "1Key3"
      },
      {
        "time": 51450,
        "key": "1Key9"
      },
      {
        "time": 51750,
        "key": "1Key9"
      },
      {
        "time": 52350,
        "key": "1Key0"
      },
      {
        "time": 52350,
        "key": "1Key3"
      },
      {
        "time": 52350,
        "key": "1Key7"
      },
      {
        "time": 52650,
        "key": "1Key8"
      },
      {
        "time": 52950,
        "key": "1Key0"
      },
      {
        "time": 52950,
        "key": "1Key4"
      },
      {
        "time": 52950,
        "key": "1Key9"
      },
      {
        "time": 53250,
        "key": "1Key10"
      },
      {
        "time": 53400,
        "key": "1Key0"
      },
      {
        "time": 53400,
        "key": "1Key4"
      },
      {
        "time": 53550,
        "key": "1Key8"
      },
      {
        "time": 53850,
        "key": "1Key1"
      },
      {
        "time": 53850,
        "key": "1Key4"
      },
      {
        "time": 53850,
        "key": "1Key8"
      },
      {
        "time": 54000,
        "key": "1Key8"
      },
      {
        "time": 54300,
        "key": "1Key7"
      },
      {
        "time": 54750,
        "key": "1Key1"
      },
      {
        "time": 54750,
        "key": "1Key4"
      },
      {
        "time": 54750,
        "key": "1Key7"
      },
      {
        "time": 55050,
        "key": "1Key11"
      },
      {
        "time": 55350,
        "key": "1Key2"
      },
      {
        "time": 55350,
        "key": "1Key5"
      },
      {
        "time": 55350,
        "key": "1Key11"
      },
      {
        "time": 55800,
        "key": "1Key2"
      },
      {
        "time": 55800,
        "key": "1Key5"
      },
      {
        "time": 56250,
        "key": "1Key0"
      },
      {
        "time": 56250,
        "key": "1Key3"
      },
      {
        "time": 56850,
        "key": "1Key11"
      },
      {
        "time": 57150,
        "key": "1Key0"
      },
      {
        "time": 57150,
        "key": "1Key3"
      },
      {
        "time": 57150,
        "key": "1Key11"
      },
      {
        "time": 57450,
        "key": "1Key11"
      },
      {
        "time": 57750,
        "key": "1Key1"
      },
      {
        "time": 57750,
        "key": "1Key4"
      },
      {
        "time": 57750,
        "key": "1Key11"
      },
      {
        "time": 58050,
        "key": "1Key1"
      },
      {
        "time": 58050,
        "key": "1Key4"
      },
      {
        "time": 58050,
        "key": "1Key10"
      },
      {
        "time": 58350,
        "key": "1Key1"
      },
      {
        "time": 58350,
        "key": "1Key4"
      },
      {
        "time": 58350,
        "key": "1Key10"
      },
      {
        "time": 58650,
        "key": "1Key1"
      },
      {
        "time": 58650,
        "key": "1Key4"
      },
      {
        "time": 58650,
        "key": "1Key9"
      },
      {
        "time": 58950,
        "key": "1Key1"
      },
      {
        "time": 58950,
        "key": "1Key4"
      },
      {
        "time": 58950,
        "key": "1Key8"
      },
      {
        "time": 59250,
        "key": "1Key7"
      },
      {
        "time": 59550,
        "key": "1Key7"
      },
      {
        "time": 59850,
        "key": "1Key9"
      },
      {
        "time": 60150,
        "key": "1Key0"
      },
      {
        "time": 60150,
        "key": "1Key4"
      },
      {
        "time": 60150,
        "key": "1Key9"
      },
      {
        "time": 60750,
        "key": "1Key0"
      },
      {
        "time": 60750,
        "key": "1Key4"
      },
      {
        "time": 61050,
        "key": "1Key9"
      },
      {
        "time": 61350,
        "key": "1Key8"
      },
      {
        "time": 61650,
        "key": "1Key1"
      },
      {
        "time": 61650,
        "key": "1Key4"
      },
      {
        "time": 61950,
        "key": "1Key1"
      },
      {
        "time": 61950,
        "key": "1Key4"
      },
      {
        "time": 62250,
        "key": "1Key7"
      },
      {
        "time": 62550,
        "key": "1Key2"
      },
      {
        "time": 62550,
        "key": "1Key5"
      },
      {
        "time": 62550,
        "key": "1Key9"
      },
      {
        "time": 62850,
        "key": "1Key9"
      },
      {
        "time": 63150,
        "key": "1Key2"
      },
      {
        "time": 63150,
        "key": "1Key5"
      },
      {
        "time": 63150,
        "key": "1Key8"
      },
      {
        "time": 63450,
        "key": "1Key8"
      },
      {
        "time": 64050,
        "key": "1Key0"
      },
      {
        "time": 64050,
        "key": "1Key3"
      },
      {
        "time": 64050,
        "key": "1Key7"
      },
      {
        "time": 64350,
        "key": "1Key0"
      },
      {
        "time": 64350,
        "key": "1Key3"
      },
      {
        "time": 64350,
        "key": "1Key7"
      },
      {
        "time": 64650,
        "key": "1Key8"
      },
      {
        "time": 64950,
        "key": "1Key0"
      },
      {
        "time": 64950,
        "key": "1Key4"
      },
      {
        "time": 64950,
        "key": "1Key9"
      },
      {
        "time": 65250,
        "key": "1Key7"
      },
      {
        "time": 65550,
        "key": "1Key0"
      },
      {
        "time": 65550,
        "key": "1Key4"
      },
      {
        "time": 65550,
        "key": "1Key9"
      },
      {
        "time": 65850,
        "key": "1Key7"
      },
      {
        "time": 66150,
        "key": "1Key8"
      },
      {
        "time": 66450,
        "key": "1Key0"
      },
      {
        "time": 66450,
        "key": "1Key3"
      },
      {
        "time": 66450,
        "key": "1Key7"
      },
      {
        "time": 66750,
        "key": "1Key0"
      },
      {
        "time": 66750,
        "key": "1Key3"
      },
      {
        "time": 67050,
        "key": "1Key7"
      },
      {
        "time": 67350,
        "key": "1Key0"
      },
      {
        "time": 67350,
        "key": "1Key4"
      },
      {
        "time": 67950,
        "key": "1Key0"
      },
      {
        "time": 67950,
        "key": "1Key4"
      },
      {
        "time": 68850,
        "key": "1Key7"
      },
      {
        "time": 69150,
        "key": "1Key0"
      },
      {
        "time": 69150,
        "key": "1Key4"
      },
      {
        "time": 69150,
        "key": "1Key7"
      },
      {
        "time": 69450,
        "key": "1Key9"
      },
      {
        "time": 69750,
        "key": "1Key0"
      },
      {
        "time": 69750,
        "key": "1Key4"
      },
      {
        "time": 69750,
        "key": "1Key9"
      },
      {
        "time": 70350,
        "key": "1Key0"
      },
      {
        "time": 70350,
        "key": "1Key4"
      },
      {
        "time": 70650,
        "key": "1Key9"
      },
      {
        "time": 70950,
        "key": "1Key8"
      },
      {
        "time": 71250,
        "key": "1Key1"
      },
      {
        "time": 71250,
        "key": "1Key4"
      },
      {
        "time": 71550,
        "key": "1Key1"
      },
      {
        "time": 71550,
        "key": "1Key4"
      },
      {
        "time": 71850,
        "key": "1Key7"
      },
      {
        "time": 72150,
        "key": "1Key2"
      },
      {
        "time": 72150,
        "key": "1Key5"
      },
      {
        "time": 72150,
        "key": "1Key9"
      },
      {
        "time": 72450,
        "key": "1Key9"
      },
      {
        "time": 72750,
        "key": "1Key2"
      },
      {
        "time": 72750,
        "key": "1Key5"
      },
      {
        "time": 72750,
        "key": "1Key8"
      },
      {
        "time": 73050,
        "key": "1Key8"
      },
      {
        "time": 73650,
        "key": "1Key0"
      },
      {
        "time": 73650,
        "key": "1Key3"
      },
      {
        "time": 73650,
        "key": "1Key7"
      },
      {
        "time": 73950,
        "key": "1Key0"
      },
      {
        "time": 73950,
        "key": "1Key3"
      },
      {
        "time": 73950,
        "key": "1Key7"
      },
      {
        "time": 74250,
        "key": "1Key8"
      },
      {
        "time": 74550,
        "key": "1Key0"
      },
      {
        "time": 74550,
        "key": "1Key4"
      },
      {
        "time": 74550,
        "key": "1Key9"
      },
      {
        "time": 74850,
        "key": "1Key7"
      },
      {
        "time": 75150,
        "key": "1Key0"
      },
      {
        "time": 75150,
        "key": "1Key4"
      },
      {
        "time": 75150,
        "key": "1Key9"
      },
      {
        "time": 75450,
        "key": "1Key7"
      },
      {
        "time": 75750,
        "key": "1Key8"
      },
      {
        "time": 76050,
        "key": "1Key0"
      },
      {
        "time": 76050,
        "key": "1Key3"
      },
      {
        "time": 76050,
        "key": "1Key7"
      },
      {
        "time": 76350,
        "key": "1Key0"
      },
      {
        "time": 76350,
        "key": "1Key3"
      },
      {
        "time": 76650,
        "key": "1Key7"
      },
      {
        "time": 76950,
        "key": "1Key0"
      },
      {
        "time": 76950,
        "key": "1Key4"
      },
      {
        "time": 77550,
        "key": "1Key0"
      },
      {
        "time": 77550,
        "key": "1Key4"
      },
      {
        "time": 78750,
        "key": "1Key7"
      },
      {
        "time": 78900,
        "key": "1Key8"
      },
      {
        "time": 79200,
        "key": "1Key9"
      },
      {
        "time": 79350,
        "key": "1Key0"
      },
      {
        "time": 79350,
        "key": "1Key4"
      },
      {
        "time": 79650,
        "key": "1Key9"
      },
      {
        "time": 79800,
        "key": "1Key0"
      },
      {
        "time": 79800,
        "key": "1Key4"
      },
      {
        "time": 79800,
        "key": "1Key9"
      },
      {
        "time": 80100,
        "key": "1Key8"
      },
      {
        "time": 80400,
        "key": "1Key8"
      },
      {
        "time": 80550,
        "key": "1Key1"
      },
      {
        "time": 80550,
        "key": "1Key4"
      },
      {
        "time": 80700,
        "key": "1Key8"
      },
      {
        "time": 81000,
        "key": "1Key1"
      },
      {
        "time": 81000,
        "key": "1Key4"
      },
      {
        "time": 81000,
        "key": "1Key9"
      },
      {
        "time": 81450,
        "key": "1Key7"
      },
      {
        "time": 81750,
        "key": "1Key2"
      },
      {
        "time": 81750,
        "key": "1Key5"
      },
      {
        "time": 81750,
        "key": "1Key7"
      },
      {
        "time": 82200,
        "key": "1Key2"
      },
      {
        "time": 82200,
        "key": "1Key5"
      },
      {
        "time": 82200,
        "key": "1Key7"
      },
      {
        "time": 83400,
        "key": "1Key7"
      },
      {
        "time": 83550,
        "key": "1Key2"
      },
      {
        "time": 83550,
        "key": "1Key3"
      },
      {
        "time": 83550,
        "key": "1Key5"
      },
      {
        "time": 83700,
        "key": "1Key9"
      },
      {
        "time": 84000,
        "key": "1Key10"
      },
      {
        "time": 84150,
        "key": "1Key1"
      },
      {
        "time": 84150,
        "key": "1Key5"
      },
      {
        "time": 84450,
        "key": "1Key10"
      },
      {
        "time": 84600,
        "key": "1Key1"
      },
      {
        "time": 84600,
        "key": "1Key5"
      },
      {
        "time": 84750,
        "key": "1Key9"
      },
      {
        "time": 85050,
        "key": "1Key8"
      },
      {
        "time": 85350,
        "key": "1Key0"
      },
      {
        "time": 85350,
        "key": "1Key4"
      },
      {
        "time": 85350,
        "key": "1Key7"
      },
      {
        "time": 85650,
        "key": "1Key8"
      },
      {
        "time": 85800,
        "key": "1Key0"
      },
      {
        "time": 85800,
        "key": "1Key4"
      },
      {
        "time": 85950,
        "key": "1Key9"
      },
      {
        "time": 86250,
        "key": "1Key8"
      },
      {
        "time": 86550,
        "key": "1Key1"
      },
      {
        "time": 86550,
        "key": "1Key4"
      },
      {
        "time": 87000,
        "key": "1Key1"
      },
      {
        "time": 87000,
        "key": "1Key4"
      },
      {
        "time": 87000,
        "key": "1Key8"
      },
      {
        "time": 88200,
        "key": "1Key4"
      },
      {
        "time": 88350,
        "key": "1Key1"
      },
      {
        "time": 88350,
        "key": "1Key4"
      },
      {
        "time": 88350,
        "key": "1Key8"
      },
      {
        "time": 88500,
        "key": "1Key8"
      },
      {
        "time": 88800,
        "key": "1Key9"
      },
      {
        "time": 88950,
        "key": "1Key0"
      },
      {
        "time": 88950,
        "key": "1Key4"
      },
      {
        "time": 89250,
        "key": "1Key11"
      },
      {
        "time": 89400,
        "key": "1Key0"
      },
      {
        "time": 89400,
        "key": "1Key4"
      },
      {
        "time": 89550,
        "key": "1Key8"
      },
      {
        "time": 89850,
        "key": "1Key7"
      },
      {
        "time": 90150,
        "key": "1Key1"
      },
      {
        "time": 90150,
        "key": "1Key4"
      },
      {
        "time": 90150,
        "key": "1Key8"
      },
      {
        "time": 90600,
        "key": "1Key1"
      },
      {
        "time": 90600,
        "key": "1Key4"
      },
      {
        "time": 90600,
        "key": "1Key9"
      },
      {
        "time": 90900,
        "key": "1Key9"
      },
      {
        "time": 91050,
        "key": "1Key8"
      },
      {
        "time": 91200,
        "key": "1Key7"
      },
      {
        "time": 91350,
        "key": "1Key2"
      },
      {
        "time": 91350,
        "key": "1Key5"
      },
      {
        "time": 91800,
        "key": "1Key2"
      },
      {
        "time": 91800,
        "key": "1Key5"
      },
      {
        "time": 91800,
        "key": "1Key7"
      },
      {
        "time": 93000,
        "key": "1Key4"
      },
      {
        "time": 93150,
        "key": "1Key2"
      },
      {
        "time": 93150,
        "key": "1Key5"
      },
      {
        "time": 93150,
        "key": "1Key8"
      },
      {
        "time": 93300,
        "key": "1Key9"
      },
      {
        "time": 93600,
        "key": "1Key10"
      },
      {
        "time": 93750,
        "key": "1Key1"
      },
      {
        "time": 93750,
        "key": "1Key5"
      },
      {
        "time": 94050,
        "key": "1Key10"
      },
      {
        "time": 94200,
        "key": "1Key1"
      },
      {
        "time": 94200,
        "key": "1Key5"
      },
      {
        "time": 94350,
        "key": "1Key9"
      },
      {
        "time": 94650,
        "key": "1Key8"
      },
      {
        "time": 94950,
        "key": "1Key0"
      },
      {
        "time": 94950,
        "key": "1Key4"
      },
      {
        "time": 94950,
        "key": "1Key7"
      },
      {
        "time": 95250,
        "key": "1Key8"
      },
      {
        "time": 95400,
        "key": "1Key0"
      },
      {
        "time": 95400,
        "key": "1Key4"
      },
      {
        "time": 95550,
        "key": "1Key9"
      },
      {
        "time": 95850,
        "key": "1Key8"
      },
      {
        "time": 96150,
        "key": "1Key1"
      },
      {
        "time": 96150,
        "key": "1Key4"
      },
      {
        "time": 96600,
        "key": "1Key1"
      },
      {
        "time": 96600,
        "key": "1Key4"
      },
      {
        "time": 96600,
        "key": "1Key8"
      },
      {
        "time": 97650,
        "key": "1Key4"
      },
      {
        "time": 97800,
        "key": "1Key4"
      },
      {
        "time": 97950,
        "key": "1Key1"
      },
      {
        "time": 97950,
        "key": "1Key4"
      },
      {
        "time": 98100,
        "key": "1Key5"
      },
      {
        "time": 98250,
        "key": "1Key7"
      },
      {
        "time": 98400,
        "key": "1Key8"
      },
      {
        "time": 98550,
        "key": "1Key0"
      },
      {
        "time": 98550,
        "key": "1Key4"
      },
      {
        "time": 98550,
        "key": "1Key9"
      },
      {
        "time": 98850,
        "key": "1Key11"
      },
      {
        "time": 99000,
        "key": "1Key0"
      },
      {
        "time": 99000,
        "key": "1Key4"
      },
      {
        "time": 99000,
        "key": "1Key9"
      },
      {
        "time": 99750,
        "key": "1Key1"
      },
      {
        "time": 99750,
        "key": "1Key4"
      },
      {
        "time": 100050,
        "key": "1Key9"
      },
      {
        "time": 100200,
        "key": "1Key1"
      },
      {
        "time": 100200,
        "key": "1Key4"
      },
      {
        "time": 100200,
        "key": "1Key11"
      },
      {
        "time": 100350,
        "key": "1Key11"
      },
      {
        "time": 100500,
        "key": "1Key10"
      },
      {
        "time": 100650,
        "key": "1Key10"
      },
      {
        "time": 100950,
        "key": "1Key2"
      },
      {
        "time": 100950,
        "key": "1Key5"
      },
      {
        "time": 100950,
        "key": "1Key10"
      },
      {
        "time": 101100,
        "key": "1Key9"
      },
      {
        "time": 101250,
        "key": "1Key9"
      },
      {
        "time": 101400,
        "key": "1Key2"
      },
      {
        "time": 101400,
        "key": "1Key5"
      },
      {
        "time": 101550,
        "key": "1Key7"
      },
      {
        "time": 101850,
        "key": "1Key7"
      },
      {
        "time": 102150,
        "key": "1Key7"
      },
      {
        "time": 102450,
        "key": "1Key8"
      },
      {
        "time": 102750,
        "key": "1Key2"
      },
      {
        "time": 102750,
        "key": "1Key5"
      },
      {
        "time": 102750,
        "key": "1Key9"
      },
      {
        "time": 103050,
        "key": "1Key7"
      },
      {
        "time": 103350,
        "key": "1Key1"
      },
      {
        "time": 103350,
        "key": "1Key5"
      },
      {
        "time": 103350,
        "key": "1Key8"
      },
      {
        "time": 103800,
        "key": "1Key1"
      },
      {
        "time": 103800,
        "key": "1Key5"
      },
      {
        "time": 103950,
        "key": "1Key9"
      },
      {
        "time": 104550,
        "key": "1Key0"
      },
      {
        "time": 104550,
        "key": "1Key4"
      },
      {
        "time": 104550,
        "key": "1Key7"
      },
      {
        "time": 104850,
        "key": "1Key8"
      },
      {
        "time": 105000,
        "key": "1Key0"
      },
      {
        "time": 105000,
        "key": "1Key4"
      },
      {
        "time": 105150,
        "key": "1Key9"
      },
      {
        "time": 105450,
        "key": "1Key7"
      },
      {
        "time": 105750,
        "key": "1Key1"
      },
      {
        "time": 105750,
        "key": "1Key4"
      },
      {
        "time": 105750,
        "key": "1Key8"
      },
      {
        "time": 106200,
        "key": "1Key1"
      },
      {
        "time": 106200,
        "key": "1Key4"
      },
      {
        "time": 106350,
        "key": "1Key9"
      },
      {
        "time": 107400,
        "key": "1Key4"
      },
      {
        "time": 107550,
        "key": "1Key1"
      },
      {
        "time": 107550,
        "key": "1Key4"
      },
      {
        "time": 107700,
        "key": "1Key5"
      },
      {
        "time": 107850,
        "key": "1Key7"
      },
      {
        "time": 108000,
        "key": "1Key8"
      },
      {
        "time": 108150,
        "key": "1Key0"
      },
      {
        "time": 108150,
        "key": "1Key4"
      },
      {
        "time": 108150,
        "key": "1Key9"
      },
      {
        "time": 108450,
        "key": "1Key11"
      },
      {
        "time": 108600,
        "key": "1Key0"
      },
      {
        "time": 108600,
        "key": "1Key4"
      },
      {
        "time": 108600,
        "key": "1Key9"
      },
      {
        "time": 109350,
        "key": "1Key1"
      },
      {
        "time": 109350,
        "key": "1Key4"
      },
      {
        "time": 109650,
        "key": "1Key9"
      },
      {
        "time": 109800,
        "key": "1Key1"
      },
      {
        "time": 109800,
        "key": "1Key4"
      },
      {
        "time": 109800,
        "key": "1Key11"
      },
      {
        "time": 109950,
        "key": "1Key11"
      },
      {
        "time": 110250,
        "key": "1Key10"
      },
      {
        "time": 110550,
        "key": "1Key2"
      },
      {
        "time": 110550,
        "key": "1Key5"
      },
      {
        "time": 110550,
        "key": "1Key10"
      },
      {
        "time": 110850,
        "key": "1Key9"
      },
      {
        "time": 111000,
        "key": "1Key2"
      },
      {
        "time": 111000,
        "key": "1Key5"
      },
      {
        "time": 111150,
        "key": "1Key7"
      },
      {
        "time": 111450,
        "key": "1Key7"
      },
      {
        "time": 111750,
        "key": "1Key7"
      },
      {
        "time": 112050,
        "key": "1Key8"
      },
      {
        "time": 112350,
        "key": "1Key2"
      },
      {
        "time": 112350,
        "key": "1Key5"
      },
      {
        "time": 112350,
        "key": "1Key9"
      },
      {
        "time": 112650,
        "key": "1Key7"
      },
      {
        "time": 112950,
        "key": "1Key1"
      },
      {
        "time": 112950,
        "key": "1Key5"
      },
      {
        "time": 112950,
        "key": "1Key8"
      },
      {
        "time": 113400,
        "key": "1Key1"
      },
      {
        "time": 113400,
        "key": "1Key5"
      },
      {
        "time": 113550,
        "key": "1Key9"
      },
      {
        "time": 114150,
        "key": "1Key0"
      },
      {
        "time": 114150,
        "key": "1Key4"
      },
      {
        "time": 114150,
        "key": "1Key7"
      },
      {
        "time": 114450,
        "key": "1Key8"
      },
      {
        "time": 114600,
        "key": "1Key0"
      },
      {
        "time": 114600,
        "key": "1Key4"
      },
      {
        "time": 114750,
        "key": "1Key9"
      },
      {
        "time": 115050,
        "key": "1Key7"
      },
      {
        "time": 115350,
        "key": "1Key1"
      },
      {
        "time": 115350,
        "key": "1Key4"
      },
      {
        "time": 115350,
        "key": "1Key8"
      },
      {
        "time": 115800,
        "key": "1Key1"
      },
      {
        "time": 115800,
        "key": "1Key4"
      },
      {
        "time": 115950,
        "key": "1Key9"
      },
      {
        "time": 116850,
        "key": "1Key7"
      },
      {
        "time": 117000,
        "key": "1Key7"
      },
      {
        "time": 117150,
        "key": "1Key1"
      },
      {
        "time": 117150,
        "key": "1Key4"
      },
      {
        "time": 117300,
        "key": "1Key7"
      },
      {
        "time": 117450,
        "key": "1Key9"
      },
      {
        "time": 117750,
        "key": "1Key2"
      },
      {
        "time": 117750,
        "key": "1Key5"
      },
      {
        "time": 117750,
        "key": "1Key9"
      },
      {
        "time": 118200,
        "key": "1Key2"
      },
      {
        "time": 118200,
        "key": "1Key5"
      },
      {
        "time": 118350,
        "key": "1Key7"
      },
      {
        "time": 118650,
        "key": "1Key0"
      },
      {
        "time": 118650,
        "key": "1Key3"
      },
      {
        "time": 118650,
        "key": "1Key7"
      },
      {
        "time": 118950,
        "key": "1Key8"
      },
      {
        "time": 119250,
        "key": "1Key8"
      },
      {
        "time": 119550,
        "key": "1Key0"
      },
      {
        "time": 119550,
        "key": "1Key3"
      },
      {
        "time": 119550,
        "key": "1Key8"
      },
      {
        "time": 119700,
        "key": "1Key7"
      },
      {
        "time": 119850,
        "key": "1Key7"
      },
      {
        "time": 120000,
        "key": "1Key7"
      },
      {
        "time": 120150,
        "key": "1Key0"
      },
      {
        "time": 120150,
        "key": "1Key4"
      },
      {
        "time": 120600,
        "key": "1Key0"
      },
      {
        "time": 120600,
        "key": "1Key4"
      },
      {
        "time": 121050,
        "key": "1Key0"
      },
      {
        "time": 121050,
        "key": "1Key4"
      },
      {
        "time": 121650,
        "key": "1Key7"
      },
      {
        "time": 121800,
        "key": "1Key7"
      },
      {
        "time": 121950,
        "key": "1Key0"
      },
      {
        "time": 121950,
        "key": "1Key4"
      },
      {
        "time": 122100,
        "key": "1Key7"
      },
      {
        "time": 122250,
        "key": "1Key9"
      },
      {
        "time": 122550,
        "key": "1Key2"
      },
      {
        "time": 122550,
        "key": "1Key5"
      },
      {
        "time": 122550,
        "key": "1Key9"
      },
      {
        "time": 123000,
        "key": "1Key2"
      },
      {
        "time": 123000,
        "key": "1Key5"
      },
      {
        "time": 123150,
        "key": "1Key7"
      },
      {
        "time": 123450,
        "key": "1Key0"
      },
      {
        "time": 123450,
        "key": "1Key3"
      },
      {
        "time": 123450,
        "key": "1Key7"
      },
      {
        "time": 123750,
        "key": "1Key8"
      },
      {
        "time": 124050,
        "key": "1Key8"
      },
      {
        "time": 124200,
        "key": "1Key8"
      },
      {
        "time": 124350,
        "key": "1Key0"
      },
      {
        "time": 124350,
        "key": "1Key3"
      },
      {
        "time": 124500,
        "key": "1Key7"
      },
      {
        "time": 124800,
        "key": "1Key9"
      },
      {
        "time": 124950,
        "key": "1Key0"
      },
      {
        "time": 124950,
        "key": "1Key4"
      },
      {
        "time": 125400,
        "key": "1Key0"
      },
      {
        "time": 125400,
        "key": "1Key4"
      },
      {
        "time": 125850,
        "key": "1Key0"
      },
      {
        "time": 125850,
        "key": "1Key4"
      },
      {
        "time": 126300,
        "key": "1Key7"
      },
      {
        "time": 126450,
        "key": "1Key11"
      },
      {
        "time": 126750,
        "key": "1Key0"
      },
      {
        "time": 126750,
        "key": "1Key4"
      },
      {
        "time": 126750,
        "key": "1Key10"
      },
      {
        "time": 127050,
        "key": "1Key9"
      },
      {
        "time": 127350,
        "key": "1Key2"
      },
      {
        "time": 127350,
        "key": "1Key5"
      },
      {
        "time": 127350,
        "key": "1Key8"
      },
      {
        "time": 127650,
        "key": "1Key7"
      },
      {
        "time": 127800,
        "key": "1Key2"
      },
      {
        "time": 127800,
        "key": "1Key5"
      },
      {
        "time": 127950,
        "key": "1Key7"
      },
      {
        "time": 128250,
        "key": "1Key0"
      },
      {
        "time": 128250,
        "key": "1Key3"
      },
      {
        "time": 128250,
        "key": "1Key9"
      },
      {
        "time": 128550,
        "key": "1Key9"
      },
      {
        "time": 129150,
        "key": "1Key0"
      },
      {
        "time": 129150,
        "key": "1Key3"
      },
      {
        "time": 129150,
        "key": "1Key7"
      },
      {
        "time": 129450,
        "key": "1Key8"
      },
      {
        "time": 129750,
        "key": "1Key0"
      },
      {
        "time": 129750,
        "key": "1Key4"
      },
      {
        "time": 129750,
        "key": "1Key9"
      },
      {
        "time": 130050,
        "key": "1Key10"
      },
      {
        "time": 130200,
        "key": "1Key0"
      },
      {
        "time": 130200,
        "key": "1Key4"
      },
      {
        "time": 130350,
        "key": "1Key8"
      },
      {
        "time": 130650,
        "key": "1Key1"
      },
      {
        "time": 130650,
        "key": "1Key4"
      },
      {
        "time": 130650,
        "key": "1Key8"
      },
      {
        "time": 130950,
        "key": "1Key8"
      },
      {
        "time": 131250,
        "key": "1Key7"
      },
      {
        "time": 131550,
        "key": "1Key1"
      },
      {
        "time": 131550,
        "key": "1Key4"
      },
      {
        "time": 131550,
        "key": "1Key7"
      },
      {
        "time": 131850,
        "key": "1Key11"
      },
      {
        "time": 132150,
        "key": "1Key2"
      },
      {
        "time": 132150,
        "key": "1Key5"
      },
      {
        "time": 132150,
        "key": "1Key11"
      },
      {
        "time": 132600,
        "key": "1Key2"
      },
      {
        "time": 132600,
        "key": "1Key5"
      },
      {
        "time": 133050,
        "key": "1Key0"
      },
      {
        "time": 133050,
        "key": "1Key3"
      },
      {
        "time": 133650,
        "key": "1Key11"
      },
      {
        "time": 133950,
        "key": "1Key0"
      },
      {
        "time": 133950,
        "key": "1Key3"
      },
      {
        "time": 133950,
        "key": "1Key11"
      },
      {
        "time": 134250,
        "key": "1Key11"
      },
      {
        "time": 134550,
        "key": "1Key1"
      },
      {
        "time": 134550,
        "key": "1Key4"
      },
      {
        "time": 134550,
        "key": "1Key11"
      },
      {
        "time": 134850,
        "key": "1Key1"
      },
      {
        "time": 134850,
        "key": "1Key4"
      },
      {
        "time": 134850,
        "key": "1Key10"
      },
      {
        "time": 135150,
        "key": "1Key1"
      },
      {
        "time": 135150,
        "key": "1Key4"
      },
      {
        "time": 135150,
        "key": "1Key10"
      },
      {
        "time": 135450,
        "key": "1Key1"
      },
      {
        "time": 135450,
        "key": "1Key4"
      },
      {
        "time": 135450,
        "key": "1Key9"
      },
      {
        "time": 135750,
        "key": "1Key1"
      },
      {
        "time": 135750,
        "key": "1Key4"
      },
      {
        "time": 135750,
        "key": "1Key8"
      },
      {
        "time": 136050,
        "key": "1Key7"
      },
      {
        "time": 136350,
        "key": "1Key7"
      },
      {
        "time": 136650,
        "key": "1Key9"
      },
      {
        "time": 136950,
        "key": "1Key0"
      },
      {
        "time": 136950,
        "key": "1Key4"
      },
      {
        "time": 136950,
        "key": "1Key9"
      },
      {
        "time": 137550,
        "key": "1Key0"
      },
      {
        "time": 137550,
        "key": "1Key4"
      },
      {
        "time": 137850,
        "key": "1Key9"
      },
      {
        "time": 138150,
        "key": "1Key8"
      },
      {
        "time": 138450,
        "key": "1Key1"
      },
      {
        "time": 138450,
        "key": "1Key4"
      },
      {
        "time": 138750,
        "key": "1Key1"
      },
      {
        "time": 138750,
        "key": "1Key4"
      },
      {
        "time": 139050,
        "key": "1Key7"
      },
      {
        "time": 139350,
        "key": "1Key2"
      },
      {
        "time": 139350,
        "key": "1Key5"
      },
      {
        "time": 139350,
        "key": "1Key9"
      },
      {
        "time": 139650,
        "key": "1Key9"
      },
      {
        "time": 139950,
        "key": "1Key2"
      },
      {
        "time": 139950,
        "key": "1Key5"
      },
      {
        "time": 139950,
        "key": "1Key8"
      },
      {
        "time": 140250,
        "key": "1Key8"
      },
      {
        "time": 140850,
        "key": "1Key0"
      },
      {
        "time": 140850,
        "key": "1Key3"
      },
      {
        "time": 140850,
        "key": "1Key7"
      },
      {
        "time": 141150,
        "key": "1Key0"
      },
      {
        "time": 141150,
        "key": "1Key3"
      },
      {
        "time": 141150,
        "key": "1Key7"
      },
      {
        "time": 141450,
        "key": "1Key8"
      },
      {
        "time": 141750,
        "key": "1Key0"
      },
      {
        "time": 141750,
        "key": "1Key4"
      },
      {
        "time": 141750,
        "key": "1Key9"
      },
      {
        "time": 142050,
        "key": "1Key7"
      },
      {
        "time": 142350,
        "key": "1Key0"
      },
      {
        "time": 142350,
        "key": "1Key4"
      },
      {
        "time": 142350,
        "key": "1Key9"
      },
      {
        "time": 142650,
        "key": "1Key7"
      },
      {
        "time": 142950,
        "key": "1Key8"
      },
      {
        "time": 143250,
        "key": "1Key0"
      },
      {
        "time": 143250,
        "key": "1Key3"
      },
      {
        "time": 143250,
        "key": "1Key7"
      },
      {
        "time": 143550,
        "key": "1Key0"
      },
      {
        "time": 143550,
        "key": "1Key3"
      },
      {
        "time": 143850,
        "key": "1Key7"
      },
      {
        "time": 144150,
        "key": "1Key0"
      },
      {
        "time": 144150,
        "key": "1Key4"
      },
      {
        "time": 144750,
        "key": "1Key0"
      },
      {
        "time": 144750,
        "key": "1Key4"
      },
      {
        "time": 145650,
        "key": "1Key7"
      },
      {
        "time": 145950,
        "key": "1Key0"
      },
      {
        "time": 145950,
        "key": "1Key4"
      },
      {
        "time": 145950,
        "key": "1Key7"
      },
      {
        "time": 146250,
        "key": "1Key9"
      },
      {
        "time": 146550,
        "key": "1Key0"
      },
      {
        "time": 146550,
        "key": "1Key4"
      },
      {
        "time": 146550,
        "key": "1Key9"
      },
      {
        "time": 147150,
        "key": "1Key0"
      },
      {
        "time": 147150,
        "key": "1Key4"
      },
      {
        "time": 147450,
        "key": "1Key9"
      },
      {
        "time": 147750,
        "key": "1Key8"
      },
      {
        "time": 148050,
        "key": "1Key1"
      },
      {
        "time": 148050,
        "key": "1Key4"
      },
      {
        "time": 148350,
        "key": "1Key1"
      },
      {
        "time": 148350,
        "key": "1Key4"
      },
      {
        "time": 148650,
        "key": "1Key7"
      },
      {
        "time": 148950,
        "key": "1Key2"
      },
      {
        "time": 148950,
        "key": "1Key5"
      },
      {
        "time": 148950,
        "key": "1Key9"
      },
      {
        "time": 149250,
        "key": "1Key9"
      },
      {
        "time": 149550,
        "key": "1Key2"
      },
      {
        "time": 149550,
        "key": "1Key5"
      },
      {
        "time": 149550,
        "key": "1Key8"
      },
      {
        "time": 149850,
        "key": "1Key8"
      },
      {
        "time": 150450,
        "key": "1Key0"
      },
      {
        "time": 150450,
        "key": "1Key3"
      },
      {
        "time": 150450,
        "key": "1Key7"
      },
      {
        "time": 150750,
        "key": "1Key0"
      },
      {
        "time": 150750,
        "key": "1Key3"
      },
      {
        "time": 150750,
        "key": "1Key7"
      },
      {
        "time": 151050,
        "key": "1Key8"
      },
      {
        "time": 151350,
        "key": "1Key0"
      },
      {
        "time": 151350,
        "key": "1Key4"
      },
      {
        "time": 151350,
        "key": "1Key9"
      },
      {
        "time": 151650,
        "key": "1Key7"
      },
      {
        "time": 151950,
        "key": "1Key0"
      },
      {
        "time": 151950,
        "key": "1Key4"
      },
      {
        "time": 151950,
        "key": "1Key9"
      },
      {
        "time": 152250,
        "key": "1Key7"
      },
      {
        "time": 152550,
        "key": "1Key8"
      },
      {
        "time": 152850,
        "key": "1Key0"
      },
      {
        "time": 152850,
        "key": "1Key3"
      },
      {
        "time": 152850,
        "key": "1Key7"
      },
      {
        "time": 153150,
        "key": "1Key0"
      },
      {
        "time": 153150,
        "key": "1Key3"
      },
      {
        "time": 153450,
        "key": "1Key7"
      },
      {
        "time": 153750,
        "key": "1Key0"
      },
      {
        "time": 153750,
        "key": "1Key4"
      },
      {
        "time": 154350,
        "key": "1Key0"
      },
      {
        "time": 154350,
        "key": "1Key4"
      }
    ]
  }
]