[{"name":"Genshin Impact: a New Day with Hope","bpm":204,"bitsPerPage":16,"pitchLevel":0,"isComposed":"true","songNotes":[{"time":400,"key":"1Key7"},{"time":694,"key":"1Key8"},{"time":988,"key":"1Key11"},{"time":1282,"key":"1Key7"},{"time":1576,"key":"1Key8"},{"time":1870,"key":"1Key10"},{"time":2164,"key":"1Key7"},{"time":2458,"key":"1Key8"},{"time":2752,"key":"1Key9"},{"time":3928,"key":"1Key7"},{"time":4222,"key":"1Key8"},{"time":4516,"key":"1Key11"},{"time":4810,"key":"1Key7"},{"time":5104,"key":"1Key8"},{"time":5398,"key":"1Key10"},{"time":5692,"key":"1Key7"},{"time":5986,"key":"1Key8"},{"time":6280,"key":"1Key9"},{"time":7456,"key":"1Key5"},{"time":7456,"key":"1Key7"},{"time":7750,"key":"1Key8"},{"time":8044,"key":"1Key11"},{"time":8338,"key":"1Key7"},{"time":8632,"key":"1Key8"},{"time":8926,"key":"1Key10"},{"time":9220,"key":"1Key7"},{"time":9514,"key":"1Key8"},{"time":9808,"key":"1Key9"},{"time":10984,"key":"1Key2"},{"time":10984,"key":"1Key7"},{"time":11278,"key":"1Key8"},{"time":11572,"key":"1Key11"},{"time":11866,"key":"1Key7"},{"time":12160,"key":"1Key8"},{"time":12454,"key":"1Key10"},{"time":12748,"key":"1Key7"},{"time":13042,"key":"1Key8"},{"time":13336,"key":"1Key9"},{"time":14512,"key":"1Key3"},{"time":14512,"key":"1Key7"},{"time":14806,"key":"1Key8"},{"time":15100,"key":"1Key11"},{"time":15394,"key":"1Key7"},{"time":15688,"key":"1Key8"},{"time":15982,"key":"1Key10"},{"time":16276,"key":"1Key7"},{"time":16570,"key":"1Key8"},{"time":16864,"key":"1Key9"},{"time":18040,"key":"1Key7"},{"time":18334,"key":"1Key8"},{"time":18628,"key":"1Key9"},{"time":20392,"key":"1Key0"},{"time":20392,"key":"1Key7"},{"time":20686,"key":"1Key8"},{"time":20980,"key":"1Key11"},{"time":21274,"key":"1Key7"},{"time":21568,"key":"1Key8"},{"time":21862,"key":"1Key10"},{"time":22156,"key":"1Key7"},{"time":22450,"key":"1Key8"},{"time":22744,"key":"1Key9"},{"time":23920,"key":"1Key2"},{"time":23920,"key":"1Key7"},{"time":24214,"key":"1Key8"},{"time":24508,"key":"1Key11"},{"time":24802,"key":"1Key7"},{"time":25096,"key":"1Key8"},{"time":25390,"key":"1Key10"},{"time":25684,"key":"1Key7"},{"time":25978,"key":"1Key8"},{"time":26272,"key":"1Key9"},{"time":27448,"key":"1Key3"},{"time":27448,"key":"1Key7"},{"time":27742,"key":"1Key8"},{"time":28036,"key":"1Key11"},{"time":28330,"key":"1Key7"},{"time":28624,"key":"1Key8"},{"time":28918,"key":"1Key10"},{"time":29212,"key":"1Key7"},{"time":29506,"key":"1Key8"},{"time":29800,"key":"1Key9"},{"time":30976,"key":"1Key7"},{"time":31270,"key":"1Key8"},{"time":31564,"key":"1Key9"},{"time":32740,"key":"1Key7"},{"time":34504,"key":"1Key5"},{"time":34504,"key":"1Key13"},{"time":34798,"key":"1Key2"},{"time":34798,"key":"1Key14"},{"time":35092,"key":"1Key6"},{"time":35092,"key":"1Key7"},{"time":35386,"key":"1Key7"},{"time":35386,"key":"1Key11"},{"time":35680,"key":"1Key6"},{"time":35680,"key":"1Key7"},{"time":35974,"key":"1Key11"},{"time":36268,"key":"1Key13"},{"time":36562,"key":"1Key14"},{"time":36856,"key":"1Key7"},{"time":37150,"key":"1Key11"},{"time":38032,"key":"1Key3"},{"time":38032,"key":"1Key13"},{"time":38326,"key":"1Key7"},{"time":38326,"key":"1Key14"},{"time":38620,"key":"1Key3"},{"time":38620,"key":"1Key7"},{"time":38914,"key":"1Key4"},{"time":38914,"key":"1Key11"},{"time":39208,"key":"1Key2"},{"time":39208,"key":"1Key7"},{"time":39502,"key":"1Key11"},{"time":39796,"key":"1Key13"},{"time":40090,"key":"1Key14"},{"time":40384,"key":"1Key7"},{"time":40678,"key":"1Key11"},{"time":41560,"key":"1Key0"},{"time":41560,"key":"1Key7"},{"time":41854,"key":"1Key3"},{"time":41854,"key":"1Key8"},{"time":42148,"key":"1Key2"},{"time":42148,"key":"1Key9"},{"time":42442,"key":"1Key4"},{"time":42442,"key":"1Key7"},{"time":42736,"key":"1Key0"},{"time":42736,"key":"1Key8"},{"time":43030,"key":"1Key11"},{"time":43324,"key":"1Key7"},{"time":43618,"key":"1Key8"},{"time":43912,"key":"1Key9"},{"time":45088,"key":"1Key7"},{"time":45382,"key":"1Key8"},{"time":45676,"key":"1Key9"},{"time":47440,"key":"1Key5"},{"time":47440,"key":"1Key13"},{"time":47734,"key":"1Key2"},{"time":47734,"key":"1Key14"},{"time":48028,"key":"1Key6"},{"time":48028,"key":"1Key7"},{"time":48322,"key":"1Key0"},{"time":48322,"key":"1Key7"},{"time":48322,"key":"1Key11"},{"time":48616,"key":"1Key6"},{"time":48616,"key":"1Key7"},{"time":48910,"key":"1Key11"},{"time":49204,"key":"1Key13"},{"time":49498,"key":"1Key14"},{"time":49792,"key":"1Key7"},{"time":50086,"key":"1Key11"},{"time":50968,"key":"1Key3"},{"time":50968,"key":"1Key13"},{"time":51262,"key":"1Key7"},{"time":51262,"key":"1Key14"},{"time":51556,"key":"1Key3"},{"time":51556,"key":"1Key7"},{"time":51850,"key":"1Key4"},{"time":51850,"key":"1Key11"},{"time":52144,"key":"1Key2"},{"time":52144,"key":"1Key7"},{"time":52438,"key":"1Key11"},{"time":52732,"key":"1Key13"},{"time":53026,"key":"1Key14"},{"time":53320,"key":"1Key7"},{"time":53614,"key":"1Key11"},{"time":54496,"key":"1Key0"},{"time":54496,"key":"1Key7"},{"time":54790,"key":"1Key3"},{"time":54790,"key":"1Key8"},{"time":55084,"key":"1Key2"},{"time":55084,"key":"1Key9"},{"time":55378,"key":"1Key4"},{"time":55378,"key":"1Key7"},{"time":55672,"key":"1Key0"},{"time":55672,"key":"1Key8"},{"time":55966,"key":"1Key11"},{"time":56260,"key":"1Key7"},{"time":56554,"key":"1Key8"},{"time":56848,"key":"1Key9"},{"time":58024,"key":"1Key7"},{"time":58318,"key":"1Key8"},{"time":58612,"key":"1Key9"},{"time":58906,"key":"1Key7"},{"time":59200,"key":"1Key0"},{"time":59200,"key":"1Key8"},{"time":59494,"key":"1Key11"},{"time":59788,"key":"1Key7"},{"time":60082,"key":"1Key8"},{"time":60376,"key":"1Key9"},{"time":61552,"key":"1Key4"},{"time":61552,"key":"1Key7"},{"time":61846,"key":"1Key8"},{"time":62140,"key":"1Key9"},{"time":63316,"key":"1Key7"},{"time":63610,"key":"1Key8"},{"time":63904,"key":"1Key9"}],"composedSong":[{"no":[{"n":7,"l":1}],"co":"rgb(218, 216, 179)"},{"no":[{"n":8,"l":1}],"co":"rgb(218, 216, 179)"},{"no":[{"n":11,"l":1}],"co":"rgb(218, 216, 179)"},{"no":[{"n":7,"l":1}],"co":"rgb(218, 216, 179)"},{"no":[{"n":8,"l":1}],"co":"rgb(218, 216, 179)"},{"no":[{"n":10,"l":1}],"co":"rgb(218, 216, 179)"},{"no":[{"n":7,"l":1}],"co":"rgb(218, 216, 179)"},{"no":[{"n":8,"l":1}],"co":"rgb(218, 216, 179)"},{"no":[{"n":9,"l":1}],"co":"rgb(218, 216, 179)"},{"no":[],"co":"rgb(218, 216, 179)"},{"no":[],"co":"rgb(218, 216, 179)"},{"no":[],"co":"rgb(218, 216, 179)"},{"no":[{"n":7,"l":1}],"co":"rgb(218, 216, 179)"},{"no":[{"n":8,"l":1}],"co":"rgb(218, 216, 179)"},{"no":[{"n":11,"l":1}],"co":"rgb(218, 216, 179)"},{"no":[{"n":7,"l":1}],"co":"rgb(218, 216, 179)"},{"no":[{"n":8,"l":1}],"co":"rgb(218, 216, 179)"},{"no":[{"n":10,"l":1}],"co":"rgb(218, 216, 179)"},{"no":[{"n":7,"l":1}],"co":"rgb(218, 216, 179)"},{"no":[{"n":8,"l":1}],"co":"rgb(218, 216, 179)"},{"no":[{"n":9,"l":1}],"co":"rgb(218, 216, 179)"},{"no":[],"co":"rgb(218, 216, 179)"},{"no":[],"co":"rgb(218, 216, 179)"},{"no":[],"co":"rgb(218, 216, 179)"},{"no":[{"n":5,"l":1},{"n":7,"l":1}],"co":"rgb(218, 216, 179)"},{"no":[{"n":8,"l":1}],"co":"rgb(218, 216, 179)"},{"no":[{"n":11,"l":1}],"co":"rgb(218, 216, 179)"},{"no":[{"n":7,"l":1}],"co":"rgb(218, 216, 179)"},{"no":[{"n":8,"l":1}],"co":"rgb(218, 216, 179)"},{"no":[{"n":10,"l":1}],"co":"rgb(218, 216, 179)"},{"no":[{"n":7,"l":1}],"co":"rgb(218, 216, 179)"},{"no":[{"n":8,"l":1}],"co":"rgb(218, 216, 179)"},{"no":[{"n":9,"l":1}],"co":"rgb(218, 216, 179)"},{"no":[],"co":"rgb(218, 216, 179)"},{"no":[],"co":"rgb(218, 216, 179)"},{"no":[],"co":"rgb(218, 216, 179)"},{"no":[{"n":2,"l":1},{"n":7,"l":1}],"co":"rgb(218, 216, 179)"},{"no":[{"n":8,"l":1}],"co":"rgb(218, 216, 179)"},{"no":[{"n":11,"l":1}],"co":"rgb(218, 216, 179)"},{"no":[{"n":7,"l":1}],"co":"rgb(218, 216, 179)"},{"no":[{"n":8,"l":1}],"co":"rgb(218, 216, 179)"},{"no":[{"n":10,"l":1}],"co":"rgb(218, 216, 179)"},{"no":[{"n":7,"l":1}],"co":"rgb(218, 216, 179)"},{"no":[{"n":8,"l":1}],"co":"rgb(218, 216, 179)"},{"no":[{"n":9,"l":1}],"co":"rgb(218, 216, 179)"},{"no":[],"co":"rgb(218, 216, 179)"},{"no":[],"co":"rgb(218, 216, 179)"},{"no":[],"co":"rgb(218, 216, 179)"},{"no":[{"n":3,"l":1},{"n":7,"l":1}],"co":"rgb(218, 216, 179)"},{"no":[{"n":8,"l":1}],"co":"rgb(218, 216, 179)"},{"no":[{"n":11,"l":1}],"co":"rgb(218, 216, 179)"},{"no":[{"n":7,"l":1}],"co":"rgb(218, 216, 179)"},{"no":[{"n":8,"l":1}],"co":"rgb(218, 216, 179)"},{"no":[{"n":10,"l":1}],"co":"rgb(218, 216, 179)"},{"no":[{"n":7,"l":1}],"co":"rgb(218, 216, 179)"},{"no":[{"n":8,"l":1}],"co":"rgb(218, 216, 179)"},{"no":[{"n":9,"l":1}],"co":"rgb(218, 216, 179)"},{"no":[],"co":"rgb(218, 216, 179)"},{"no":[],"co":"rgb(218, 216, 179)"},{"no":[],"co":"rgb(218, 216, 179)"},{"no":[{"n":7,"l":1}],"co":"rgb(218, 216, 179)"},{"no":[{"n":8,"l":1}],"co":"rgb(218, 216, 179)"},{"no":[{"n":9,"l":1}],"co":"rgb(218, 216, 179)"},{"no":[],"co":"rgb(218, 216, 179)"},{"no":[],"co":"rgb(218, 216, 179)"},{"no":[],"co":"rgb(218, 216, 179)"},{"no":[],"co":"rgb(218, 216, 179)"},{"no":[],"co":"rgb(218, 216, 179)"},{"no":[{"n":0,"l":1},{"n":7,"l":1}],"co":"rgb(218, 216, 179)"},{"no":[{"n":8,"l":1}],"co":"rgb(218, 216, 179)"},{"no":[{"n":11,"l":1}],"co":"rgb(218, 216, 179)"},{"no":[{"n":7,"l":1}],"co":"rgb(218, 216, 179)"},{"no":[{"n":8,"l":1}],"co":"rgb(218, 216, 179)"},{"no":[{"n":10,"l":1}],"co":"rgb(218, 216, 179)"},{"no":[{"n":7,"l":1}],"co":"rgb(218, 216, 179)"},{"no":[{"n":8,"l":1}],"co":"rgb(218, 216, 179)"},{"no":[{"n":9,"l":1}],"co":"rgb(218, 216, 179)"},{"no":[],"co":"rgb(218, 216, 179)"},{"no":[],"co":"rgb(218, 216, 179)"},{"no":[],"co":"rgb(218, 216, 179)"},{"no":[{"n":2,"l":1},{"n":7,"l":1}],"co":"rgb(218, 216, 179)"},{"no":[{"n":8,"l":1}],"co":"rgb(218, 216, 179)"},{"no":[{"n":11,"l":1}],"co":"rgb(218, 216, 179)"},{"no":[{"n":7,"l":1}],"co":"rgb(218, 216, 179)"},{"no":[{"n":8,"l":1}],"co":"rgb(218, 216, 179)"},{"no":[{"n":10,"l":1}],"co":"rgb(218, 216, 179)"},{"no":[{"n":7,"l":1}],"co":"rgb(218, 216, 179)"},{"no":[{"n":8,"l":1}],"co":"rgb(218, 216, 179)"},{"no":[{"n":9,"l":1}],"co":"rgb(218, 216, 179)"},{"no":[],"co":"rgb(218, 216, 179)"},{"no":[],"co":"rgb(218, 216, 179)"},{"no":[],"co":"rgb(218, 216, 179)"},{"no":[{"n":3,"l":1},{"n":7,"l":1}],"co":"rgb(218, 216, 179)"},{"no":[{"n":8,"l":1}],"co":"rgb(218, 216, 179)"},{"no":[{"n":11,"l":1}],"co":"rgb(218, 216, 179)"},{"no":[{"n":7,"l":1}],"co":"rgb(218, 216, 179)"},{"no":[{"n":8,"l":1}],"co":"rgb(218, 216, 179)"},{"no":[{"n":10,"l":1}],"co":"rgb(218, 216, 179)"},{"no":[{"n":7,"l":1}],"co":"rgb(218, 216, 179)"},{"no":[{"n":8,"l":1}],"co":"rgb(218, 216, 179)"},{"no":[{"n":9,"l":1}],"co":"rgb(218, 216, 179)"},{"no":[],"co":"rgb(218, 216, 179)"},{"no":[],"co":"rgb(218, 216, 179)"},{"no":[],"co":"rgb(218, 216, 179)"},{"no":[{"n":7,"l":1}],"co":"rgb(218, 216, 179)"},{"no":[{"n":8,"l":1}],"co":"rgb(218, 216, 179)"},{"no":[{"n":9,"l":1}],"co":"rgb(218, 216, 179)"},{"no":[],"co":"rgb(218, 216, 179)"},{"no":[],"co":"rgb(218, 216, 179)"},{"no":[],"co":"rgb(218, 216, 179)"},{"no":[{"n":7,"l":1}],"co":"rgb(218, 216, 179)"},{"no":[],"co":"rgb(218, 216, 179)"},{"no":[],"co":"rgb(218, 216, 179)"},{"no":[],"co":"rgb(218, 216, 179)"},{"no":[],"co":"rgb(218, 216, 179)"},{"no":[],"co":"rgb(218, 216, 179)"},{"no":[{"n":5,"l":1},{"n":13,"l":1}],"co":"rgb(218, 216, 179)"},{"no":[{"n":2,"l":1},{"n":14,"l":1}],"co":"rgb(218, 216, 179)"},{"no":[{"n":6,"l":1},{"n":7,"l":1}],"co":"rgb(218, 216, 179)"},{"no":[{"n":7,"l":1},{"n":11,"l":1}],"co":"rgb(218, 216, 179)"},{"no":[{"n":6,"l":1},{"n":7,"l":1}],"co":"rgb(218, 216, 179)"},{"no":[{"n":11,"l":1}],"co":"rgb(218, 216, 179)"},{"no":[{"n":13,"l":1}],"co":"rgb(218, 216, 179)"},{"no":[{"n":14,"l":1}],"co":"rgb(218, 216, 179)"},{"no":[{"n":7,"l":1}],"co":"rgb(218, 216, 179)"},{"no":[{"n":11,"l":1}],"co":"rgb(218, 216, 179)"},{"no":[],"co":"rgb(218, 216, 179)"},{"no":[],"co":"rgb(218, 216, 179)"},{"no":[{"n":3,"l":1},{"n":13,"l":1}],"co":"rgb(218, 216, 179)"},{"no":[{"n":7,"l":1},{"n":14,"l":1}],"co":"rgb(218, 216, 179)"},{"no":[{"n":3,"l":1},{"n":7,"l":1}],"co":"rgb(218, 216, 179)"},{"no":[{"n":4,"l":1},{"n":11,"l":1}],"co":"rgb(218, 216, 179)"},{"no":[{"n":2,"l":1},{"n":7,"l":1}],"co":"rgb(218, 216, 179)"},{"no":[{"n":11,"l":1}],"co":"rgb(218, 216, 179)"},{"no":[{"n":13,"l":1}],"co":"rgb(218, 216, 179)"},{"no":[{"n":14,"l":1}],"co":"rgb(218, 216, 179)"},{"no":[{"n":7,"l":1}],"co":"rgb(218, 216, 179)"},{"no":[{"n":11,"l":1}],"co":"rgb(218, 216, 179)"},{"no":[],"co":"rgb(218, 216, 179)"},{"no":[],"co":"rgb(218, 216, 179)"},{"no":[{"n":0,"l":1},{"n":7,"l":1}],"co":"rgb(218, 216, 179)"},{"no":[{"n":3,"l":1},{"n":8,"l":1}],"co":"rgb(218, 216, 179)"},{"no":[{"n":2,"l":1},{"n":9,"l":1}],"co":"rgb(218, 216, 179)"},{"no":[{"n":4,"l":1},{"n":7,"l":1}],"co":"rgb(218, 216, 179)"},{"no":[{"n":0,"l":1},{"n":8,"l":1}],"co":"rgb(218, 216, 179)"},{"no":[{"n":11,"l":1}],"co":"rgb(218, 216, 179)"},{"no":[{"n":7,"l":1}],"co":"rgb(218, 216, 179)"},{"no":[{"n":8,"l":1}],"co":"rgb(218, 216, 179)"},{"no":[{"n":9,"l":1}],"co":"rgb(218, 216, 179)"},{"no":[],"co":"rgb(218, 216, 179)"},{"no":[],"co":"rgb(218, 216, 179)"},{"no":[],"co":"rgb(218, 216, 179)"},{"no":[{"n":7,"l":1}],"co":"rgb(218, 216, 179)"},{"no":[{"n":8,"l":1}],"co":"rgb(218, 216, 179)"},{"no":[{"n":9,"l":1}],"co":"rgb(218, 216, 179)"},{"no":[],"co":"rgb(218, 216, 179)"},{"no":[],"co":"rgb(218, 216, 179)"},{"no":[],"co":"rgb(218, 216, 179)"},{"no":[],"co":"rgb(218, 216, 179)"},{"no":[],"co":"rgb(218, 216, 179)"},{"no":[{"n":5,"l":1},{"n":13,"l":1}],"co":"rgb(218, 216, 179)"},{"no":[{"n":2,"l":1},{"n":14,"l":1}],"co":"rgb(218, 216, 179)"},{"no":[{"n":6,"l":1},{"n":7,"l":1}],"co":"rgb(218, 216, 179)"},{"no":[{"n":0,"l":1},{"n":7,"l":1},{"n":11,"l":1}],"co":"rgb(218, 216, 179)"},{"no":[{"n":6,"l":1},{"n":7,"l":1}],"co":"rgb(218, 216, 179)"},{"no":[{"n":11,"l":1}],"co":"rgb(218, 216, 179)"},{"no":[{"n":13,"l":1}],"co":"rgb(218, 216, 179)"},{"no":[{"n":14,"l":1}],"co":"rgb(218, 216, 179)"},{"no":[{"n":7,"l":1}],"co":"rgb(218, 216, 179)"},{"no":[{"n":11,"l":1}],"co":"rgb(218, 216, 179)"},{"no":[],"co":"rgb(218, 216, 179)"},{"no":[],"co":"rgb(218, 216, 179)"},{"no":[{"n":3,"l":1},{"n":13,"l":1}],"co":"rgb(218, 216, 179)"},{"no":[{"n":7,"l":1},{"n":14,"l":1}],"co":"rgb(218, 216, 179)"},{"no":[{"n":3,"l":1},{"n":7,"l":1}],"co":"rgb(218, 216, 179)"},{"no":[{"n":4,"l":1},{"n":11,"l":1}],"co":"rgb(218, 216, 179)"},{"no":[{"n":2,"l":1},{"n":7,"l":1}],"co":"rgb(218, 216, 179)"},{"no":[{"n":11,"l":1}],"co":"rgb(218, 216, 179)"},{"no":[{"n":13,"l":1}],"co":"rgb(218, 216, 179)"},{"no":[{"n":14,"l":1}],"co":"rgb(218, 216, 179)"},{"no":[{"n":7,"l":1}],"co":"#dad8b3"},{"no":[{"n":11,"l":1}],"co":"#dad8b3"},{"no":[],"co":"#dad8b3"},{"no":[],"co":"#dad8b3"},{"no":[{"n":0,"l":1},{"n":7,"l":1}],"co":"#dad8b3"},{"no":[{"n":3,"l":1},{"n":8,"l":1}],"co":"#dad8b3"},{"no":[{"n":2,"l":1},{"n":9,"l":1}],"co":"#dad8b3"},{"no":[{"n":4,"l":1},{"n":7,"l":1}],"co":"#dad8b3"},{"no":[{"n":0,"l":1},{"n":8,"l":1}],"co":"#dad8b3"},{"no":[{"n":11,"l":1}],"co":"#dad8b3"},{"no":[{"n":7,"l":1}],"co":"#dad8b3"},{"no":[{"n":8,"l":1}],"co":"#dad8b3"},{"no":[{"n":9,"l":1}],"co":"#dad8b3"},{"no":[],"co":"#dad8b3"},{"no":[],"co":"#dad8b3"},{"no":[],"co":"#dad8b3"},{"no":[{"n":7,"l":1}],"co":"#dad8b3"},{"no":[{"n":8,"l":1}],"co":"#dad8b3"},{"no":[{"n":9,"l":1}],"co":"#dad8b3"},{"no":[{"n":7,"l":1}],"co":"#dad8b3"},{"no":[{"n":0,"l":1},{"n":8,"l":1}],"co":"#dad8b3"},{"no":[{"n":11,"l":1}],"co":"#dad8b3"},{"no":[{"n":7,"l":1}],"co":"#dad8b3"},{"no":[{"n":8,"l":1}],"co":"#dad8b3"},{"no":[{"n":9,"l":1}],"co":"#dad8b3"},{"no":[],"co":"#dad8b3"},{"no":[],"co":"#dad8b3"},{"no":[],"co":"#dad8b3"},{"no":[{"n":4,"l":1},{"n":7,"l":1}],"co":"#dad8b3"},{"no":[{"n":8,"l":1}],"co":"#dad8b3"},{"no":[{"n":9,"l":1}],"co":"#dad8b3"},{"no":[],"co":"#dad8b3"},{"no":[],"co":"#dad8b3"},{"no":[],"co":"#dad8b3"},{"no":[{"n":7,"l":1}],"co":"#dad8b3"},{"no":[{"n":8,"l":1}],"co":"#dad8b3"},{"no":[{"n":9,"l":1}],"co":"#dad8b3"},{"no":[],"co":"#dad8b3"},{"no":[],"co":"#dad8b3"},{"no":[],"co":"#dad8b3"}]}]