[{"name":"Kum Ba Yah","songNotes":[{"time":1252,"key":"1Key0"},{"time":1646,"key":"1Key2"},{"time":2069,"key":"1Key4"},{"time":2710,"key":"1Key4"},{"time":2912,"key":"1Key4"},{"time":3766,"key":"1Key5"},{"time":4180,"key":"1Key5"},{"time":4580,"key":"1Key4"},{"time":6297,"key":"1Key0"},{"time":6729,"key":"1Key2"},{"time":7148,"key":"1Key4"},{"time":7853,"key":"1Key4"},{"time":8082,"key":"1Key4"},{"time":8941,"key":"1Key3"},{"time":9348,"key":"1Key2"},{"time":9759,"key":"1Key1"},{"time":11438,"key":"1Key0"},{"time":11880,"key":"1Key2"},{"time":12302,"key":"1Key4"},{"time":13017,"key":"1Key4"},{"time":13203,"key":"1Key4"},{"time":14024,"key":"1Key5"},{"time":14404,"key":"1Key5"},{"time":14826,"key":"1Key4"},{"time":16368,"key":"1Key3"},{"time":17304,"key":"1Key2"},{"time":17739,"key":"1Key0"},{"time":18201,"key":"1Key1"},{"time":18642,"key":"1Key1"},{"time":19130,"key":"1Key0"}]}]