[{"name":"Someone You Loved","bpm":150,"bitsPerPage":16,"pitchLevel":0,"isComposed":true,"songNotes":[{"time":400,"key":"1Key7"},{"time":400,"key":"1Key9"},{"time":600,"key":"1Key4"},{"time":800,"key":"1Key9"},{"time":1000,"key":"1Key4"},{"time":1200,"key":"1Key9"},{"time":1400,"key":"1Key4"},{"time":1600,"key":"1Key9"},{"time":1800,"key":"1Key4"},{"time":2000,"key":"1Key4"},{"time":2000,"key":"1Key6"},{"time":2200,"key":"1Key1"},{"time":2400,"key":"1Key6"},{"time":2600,"key":"1Key1"},{"time":2800,"key":"1Key6"},{"time":3000,"key":"1Key1"},{"time":3200,"key":"1Key6"},{"time":3400,"key":"1Key1"},{"time":3600,"key":"1Key5"},{"time":3600,"key":"1Key7"},{"time":3800,"key":"1Key2"},{"time":4000,"key":"1Key7"},{"time":4200,"key":"1Key2"},{"time":4400,"key":"1Key7"},{"time":4600,"key":"1Key2"},{"time":4800,"key":"1Key7"},{"time":5000,"key":"1Key2"},{"time":5200,"key":"1Key3"},{"time":5200,"key":"1Key5"},{"time":5400,"key":"1Key0"},{"time":5600,"key":"1Key5"},{"time":5800,"key":"1Key0"},{"time":6000,"key":"1Key5"},{"time":6200,"key":"1Key0"},{"time":6400,"key":"1Key5"},{"time":6600,"key":"1Key0"},{"time":6600,"key":"1Key2"},{"time":6600,"key":"1Key4"},{"time":6800,"key":"1Key0"},{"time":8200,"key":"1Key0"},{"time":8200,"key":"1Key2"},{"time":8200,"key":"1Key4"},{"time":8600,"key":"1Key4"},{"time":9000,"key":"1Key2"},{"time":9400,"key":"1Key0"},{"time":9400,"key":"1Key4"},{"time":9800,"key":"1Key2"},{"time":10200,"key":"1Key4"},{"time":10600,"key":"1Key2"},{"time":11000,"key":"1Key0"},{"time":11000,"key":"1Key2"},{"time":11000,"key":"1Key5"},{"time":11400,"key":"1Key6"},{"time":11800,"key":"1Key5"},{"time":12200,"key":"1Key4"},{"time":12600,"key":"1Key0"},{"time":12600,"key":"1Key2"},{"time":12600,"key":"1Key4"},{"time":13000,"key":"1Key5"},{"time":13400,"key":"1Key4"},{"time":13800,"key":"1Key0"},{"time":13800,"key":"1Key2"},{"time":14600,"key":"1Key1"},{"time":15400,"key":"1Key1"},{"time":15400,"key":"1Key3"},{"time":17800,"key":"1Key0"},{"time":17800,"key":"1Key2"},{"time":17800,"key":"1Key4"},{"time":18200,"key":"1Key4"},{"time":18600,"key":"1Key2"},{"time":19000,"key":"1Key0"},{"time":19000,"key":"1Key4"},{"time":19400,"key":"1Key2"},{"time":19800,"key":"1Key4"},{"time":20200,"key":"1Key2"},{"time":20600,"key":"1Key0"},{"time":20600,"key":"1Key2"},{"time":20600,"key":"1Key5"},{"time":21000,"key":"1Key6"},{"time":21400,"key":"1Key5"},{"time":21800,"key":"1Key4"},{"time":22200,"key":"1Key0"},{"time":22200,"key":"1Key2"},{"time":22200,"key":"1Key4"},{"time":22600,"key":"1Key5"},{"time":23000,"key":"1Key4"},{"time":23400,"key":"1Key0"},{"time":23400,"key":"1Key2"},{"time":24200,"key":"1Key1"},{"time":25000,"key":"1Key1"},{"time":25000,"key":"1Key3"},{"time":27400,"key":"1Key4"},{"time":27800,"key":"1Key5"},{"time":28200,"key":"1Key4"},{"time":28600,"key":"1Key0"},{"time":28600,"key":"1Key5"},{"time":29000,"key":"1Key4"},{"time":29400,"key":"1Key4"},{"time":29800,"key":"1Key0"},{"time":29800,"key":"1Key4"},{"time":29800,"key":"1Key9"},{"time":31000,"key":"1Key0"},{"time":31400,"key":"1Key4"},{"time":31800,"key":"1Key5"},{"time":32200,"key":"1Key4"},{"time":32600,"key":"1Key9"},{"time":33000,"key":"1Key1"},{"time":33000,"key":"1Key4"},{"time":33000,"key":"1Key8"},{"time":33800,"key":"1Key0"},{"time":34200,"key":"1Key4"},{"time":34600,"key":"1Key4"},{"time":35000,"key":"1Key4"},{"time":35400,"key":"1Key4"},{"time":35800,"key":"1Key1"},{"time":35800,"key":"1Key3"},{"time":35800,"key":"1Key8"},{"time":36600,"key":"1Key0"},{"time":37000,"key":"1Key9"},{"time":37400,"key":"1Key9"},{"time":37800,"key":"1Key8"},{"time":38200,"key":"1Key7"},{"time":38600,"key":"1Key0"},{"time":38600,"key":"1Key3"},{"time":38600,"key":"1Key5"},{"time":39400,"key":"1Key0"},{"time":39400,"key":"1Key2"},{"time":39400,"key":"1Key4"},{"time":40600,"key":"1Key4"},{"time":41000,"key":"1Key5"},{"time":41400,"key":"1Key4"},{"time":41800,"key":"1Key4"},{"time":42200,"key":"1Key0"},{"time":42200,"key":"1Key4"},{"time":42200,"key":"1Key9"},{"time":43000,"key":"1Key0"},{"time":43400,"key":"1Key4"},{"time":43800,"key":"1Key4"},{"time":44000,"key":"1Key0"},{"time":44000,"key":"1Key2"},{"time":44000,"key":"1Key5"},{"time":44400,"key":"1Key4"},{"time":44800,"key":"1Key9"},{"time":45200,"key":"1Key1"},{"time":45200,"key":"1Key3"},{"time":45200,"key":"1Key8"},{"time":46400,"key":"1Key0"},{"time":46800,"key":"1Key9"},{"time":47200,"key":"1Key9"},{"time":47600,"key":"1Key9"},{"time":48000,"key":"1Key9"},{"time":48400,"key":"1Key9"},{"time":48800,"key":"1Key0"},{"time":48800,"key":"1Key2"},{"time":48800,"key":"1Key9"},{"time":49200,"key":"1Key8"},{"time":49600,"key":"1Key7"},{"time":50000,"key":"1Key8"},{"time":50400,"key":"1Key0"},{"time":50400,"key":"1Key4"},{"time":50400,"key":"1Key8"},{"time":50800,"key":"1Key7"},{"time":51200,"key":"1Key8"},{"time":51600,"key":"1Key1"},{"time":51600,"key":"1Key4"},{"time":51600,"key":"1Key8"},{"time":52000,"key":"1Key7"},{"time":52400,"key":"1Key0"},{"time":53200,"key":"1Key2"},{"time":53200,"key":"1Key7"},{"time":53600,"key":"1Key7"},{"time":54000,"key":"1Key10"},{"time":54800,"key":"1Key0"},{"time":54800,"key":"1Key4"},{"time":54800,"key":"1Key9"},{"time":55600,"key":"1Key0"},{"time":55600,"key":"1Key2"},{"time":56400,"key":"1Key2"},{"time":56400,"key":"1Key7"},{"time":56800,"key":"1Key7"},{"time":57200,"key":"1Key10"},{"time":58000,"key":"1Key0"},{"time":58000,"key":"1Key4"},{"time":58000,"key":"1Key9"},{"time":58800,"key":"1Key0"},{"time":58800,"key":"1Key2"},{"time":59600,"key":"1Key2"},{"time":59600,"key":"1Key7"},{"time":60000,"key":"1Key7"},{"time":60400,"key":"1Key10"},{"time":61200,"key":"1Key0"},{"time":61200,"key":"1Key4"},{"time":61200,"key":"1Key9"},{"time":62000,"key":"1Key1"},{"time":62000,"key":"1Key3"},{"time":62000,"key":"1Key8"},{"time":62800,"key":"1Key0"},{"time":62800,"key":"1Key2"},{"time":63200,"key":"1Key2"},{"time":63200,"key":"1Key7"},{"time":63600,"key":"1Key7"},{"time":64000,"key":"1Key7"},{"time":64400,"key":"1Key0"},{"time":64400,"key":"1Key3"},{"time":64400,"key":"1Key5"},{"time":64400,"key":"1Key11"},{"time":64800,"key":"1Key11"},{"time":65200,"key":"1Key9"},{"time":65600,"key":"1Key0"},{"time":65600,"key":"1Key2"},{"time":66400,"key":"1Key2"},{"time":66400,"key":"1Key7"},{"time":66800,"key":"1Key7"},{"time":67200,"key":"1Key7"},{"time":67600,"key":"1Key0"},{"time":67600,"key":"1Key3"},{"time":67600,"key":"1Key7"},{"time":67600,"key":"1Key10"},{"time":68400,"key":"1Key0"},{"time":68400,"key":"1Key4"},{"time":68400,"key":"1Key9"},{"time":69200,"key":"1Key0"},{"time":69200,"key":"1Key2"},{"time":69600,"key":"1Key2"},{"time":69600,"key":"1Key7"},{"time":70000,"key":"1Key7"},{"time":70400,"key":"1Key7"},{"time":70800,"key":"1Key0"},{"time":70800,"key":"1Key10"},{"time":71200,"key":"1Key10"},{"time":71600,"key":"1Key2"},{"time":71600,"key":"1Key4"},{"time":71600,"key":"1Key9"},{"time":72400,"key":"1Key1"},{"time":72400,"key":"1Key3"},{"time":72400,"key":"1Key8"},{"time":73200,"key":"1Key0"},{"time":73200,"key":"1Key2"},{"time":74000,"key":"1Key9"},{"time":74400,"key":"1Key9"},{"time":74800,"key":"1Key2"},{"time":74800,"key":"1Key4"},{"time":74800,"key":"1Key9"},{"time":75200,"key":"1Key9"},{"time":75600,"key":"1Key9"},{"time":76000,"key":"1Key9"},{"time":76400,"key":"1Key2"},{"time":76400,"key":"1Key4"},{"time":76400,"key":"1Key9"},{"time":76800,"key":"1Key8"},{"time":77200,"key":"1Key7"},{"time":77600,"key":"1Key8"},{"time":78000,"key":"1Key0"},{"time":78000,"key":"1Key3"},{"time":78000,"key":"1Key8"},{"time":78400,"key":"1Key7"},{"time":78800,"key":"1Key8"},{"time":79200,"key":"1Key0"},{"time":79200,"key":"1Key3"},{"time":79200,"key":"1Key8"},{"time":80000,"key":"1Key0"},{"time":80000,"key":"1Key2"},{"time":80000,"key":"1Key7"}]}]