[
    {
      "name": "numb",
      "bpm": 216,
      "songNotes": [
        {
          "time": 3601,
          "key": "1Key9"
        },
        {
          "time": 3878,
          "key": "1Key11"
        },
        {
          "time": 4155,
          "key": "1Key9"
        },
        {
          "time": 4432,
          "key": "1Key5"
        },
        {
          "time": 4432,
          "key": "1Key12"
        },
        {
          "time": 4709,
          "key": "1Key7"
        },
        {
          "time": 4986,
          "key": "1Key9"
        },
        {
          "time": 5263,
          "key": "1Key12"
        },
        {
          "time": 5263,
          "key": "1Key14"
        },
        {
          "time": 5817,
          "key": "1Key12"
        },
        {
          "time": 6094,
          "key": "1Key9"
        },
        {
          "time": 6094,
          "key": "1Key13"
        },
        {
          "time": 6648,
          "key": "1Key3"
        },
        {
          "time": 6925,
          "key": "1Key7"
        },
        {
          "time": 7202,
          "key": "1Key10"
        },
        {
          "time": 7479,
          "key": "1Key12"
        },
        {
          "time": 8033,
          "key": "1Key9"
        },
        {
          "time": 8310,
          "key": "1Key7"
        },
        {
          "time": 8310,
          "key": "1Key11"
        },
        {
          "time": 8587,
          "key": "1Key9"
        },
        {
          "time": 8864,
          "key": "1Key0"
        },
        {
          "time": 8864,
          "key": "1Key14"
        },
        {
          "time": 9141,
          "key": "1Key4"
        },
        {
          "time": 9418,
          "key": "1Key7"
        },
        {
          "time": 9695,
          "key": "1Key9"
        },
        {
          "time": 9695,
          "key": "1Key13"
        },
        {
          "time": 10249,
          "key": "1Key7"
        },
        {
          "time": 10526,
          "key": "1Key4"
        },
        {
          "time": 10526,
          "key": "1Key11"
        },
        {
          "time": 11080,
          "key": "1Key4"
        },
        {
          "time": 11357,
          "key": "1Key8"
        },
        {
          "time": 11634,
          "key": "1Key11"
        },
        {
          "time": 11911,
          "key": "1Key13"
        },
        {
          "time": 12465,
          "key": "1Key2"
        },
        {
          "time": 12465,
          "key": "1Key9"
        },
        {
          "time": 12742,
          "key": "1Key4"
        },
        {
          "time": 12742,
          "key": "1Key11"
        },
        {
          "time": 13019,
          "key": "1Key2"
        },
        {
          "time": 13019,
          "key": "1Key9"
        },
        {
          "time": 13296,
          "key": "1Key5"
        },
        {
          "time": 13296,
          "key": "1Key12"
        },
        {
          "time": 13573,
          "key": "1Key7"
        },
        {
          "time": 13850,
          "key": "1Key9"
        },
        {
          "time": 14127,
          "key": "1Key7"
        },
        {
          "time": 14127,
          "key": "1Key12"
        },
        {
          "time": 14127,
          "key": "1Key14"
        },
        {
          "time": 14681,
          "key": "1Key12"
        },
        {
          "time": 14958,
          "key": "1Key6"
        },
        {
          "time": 14958,
          "key": "1Key9"
        },
        {
          "time": 14958,
          "key": "1Key13"
        },
        {
          "time": 15512,
          "key": "1Key3"
        },
        {
          "time": 15789,
          "key": "1Key7"
        },
        {
          "time": 16066,
          "key": "1Key10"
        },
        {
          "time": 16343,
          "key": "1Key12"
        },
        {
          "time": 16897,
          "key": "1Key2"
        },
        {
          "time": 16897,
          "key": "1Key9"
        },
        {
          "time": 17174,
          "key": "1Key4"
        },
        {
          "time": 17174,
          "key": "1Key11"
        },
        {
          "time": 17451,
          "key": "1Key2"
        },
        {
          "time": 17451,
          "key": "1Key9"
        },
        {
          "time": 17728,
          "key": "1Key0"
        },
        {
          "time": 17728,
          "key": "1Key7"
        },
        {
          "time": 17728,
          "key": "1Key14"
        },
        {
          "time": 18005,
          "key": "1Key4"
        },
        {
          "time": 18282,
          "key": "1Key7"
        },
        {
          "time": 18559,
          "key": "1Key6"
        },
        {
          "time": 18559,
          "key": "1Key9"
        },
        {
          "time": 18559,
          "key": "1Key13"
        },
        {
          "time": 19113,
          "key": "1Key7"
        },
        {
          "time": 19390,
          "key": "1Key4"
        },
        {
          "time": 19390,
          "key": "1Key11"
        },
        {
          "time": 19944,
          "key": "1Key4"
        },
        {
          "time": 20221,
          "key": "1Key8"
        },
        {
          "time": 20498,
          "key": "1Key11"
        },
        {
          "time": 20775,
          "key": "1Key13"
        },
        {
          "time": 21329,
          "key": "1Key2"
        },
        {
          "time": 21329,
          "key": "1Key9"
        },
        {
          "time": 21606,
          "key": "1Key4"
        },
        {
          "time": 21606,
          "key": "1Key11"
        },
        {
          "time": 21883,
          "key": "1Key2"
        },
        {
          "time": 21883,
          "key": "1Key9"
        },
        {
          "time": 22160,
          "key": "1Key5"
        },
        {
          "time": 22160,
          "key": "1Key12"
        },
        {
          "time": 22437,
          "key": "1Key7"
        },
        {
          "time": 22714,
          "key": "1Key5"
        },
        {
          "time": 22714,
          "key": "1Key9"
        },
        {
          "time": 22991,
          "key": "1Key5"
        },
        {
          "time": 22991,
          "key": "1Key9"
        },
        {
          "time": 23268,
          "key": "1Key5"
        },
        {
          "time": 23268,
          "key": "1Key9"
        },
        {
          "time": 23545,
          "key": "1Key5"
        },
        {
          "time": 23545,
          "key": "1Key9"
        },
        {
          "time": 23822,
          "key": "1Key5"
        },
        {
          "time": 23822,
          "key": "1Key10"
        },
        {
          "time": 24099,
          "key": "1Key5"
        },
        {
          "time": 24099,
          "key": "1Key9"
        },
        {
          "time": 24376,
          "key": "1Key3"
        },
        {
          "time": 24653,
          "key": "1Key5"
        },
        {
          "time": 24653,
          "key": "1Key9"
        },
        {
          "time": 24930,
          "key": "1Key8"
        },
        {
          "time": 25207,
          "key": "1Key7"
        },
        {
          "time": 25207,
          "key": "1Key10"
        },
        {
          "time": 25761,
          "key": "1Key10"
        },
        {
          "time": 26038,
          "key": "1Key7"
        },
        {
          "time": 26315,
          "key": "1Key4"
        },
        {
          "time": 26592,
          "key": "1Key0"
        },
        {
          "time": 26592,
          "key": "1Key9"
        },
        {
          "time": 26869,
          "key": "1Key2"
        },
        {
          "time": 26869,
          "key": "1Key9"
        },
        {
          "time": 27146,
          "key": "1Key4"
        },
        {
          "time": 27146,
          "key": "1Key8"
        },
        {
          "time": 27423,
          "key": "1Key7"
        },
        {
          "time": 27423,
          "key": "1Key11"
        },
        {
          "time": 27977,
          "key": "1Key8"
        },
        {
          "time": 27977,
          "key": "1Key14"
        },
        {
          "time": 28254,
          "key": "1Key11"
        },
        {
          "time": 28531,
          "key": "1Key4"
        },
        {
          "time": 28808,
          "key": "1Key4"
        },
        {
          "time": 28808,
          "key": "1Key9"
        },
        {
          "time": 29085,
          "key": "1Key6"
        },
        {
          "time": 29085,
          "key": "1Key9"
        },
        {
          "time": 29362,
          "key": "1Key8"
        },
        {
          "time": 29639,
          "key": "1Key7"
        },
        {
          "time": 29639,
          "key": "1Key11"
        },
        {
          "time": 29639,
          "key": "1Key13"
        },
        {
          "time": 30193,
          "key": "1Key8"
        },
        {
          "time": 30193,
          "key": "1Key11"
        },
        {
          "time": 30470,
          "key": "1Key6"
        },
        {
          "time": 31024,
          "key": "1Key5"
        },
        {
          "time": 31301,
          "key": "1Key5"
        },
        {
          "time": 31301,
          "key": "1Key7"
        },
        {
          "time": 31578,
          "key": "1Key7"
        },
        {
          "time": 31578,
          "key": "1Key9"
        },
        {
          "time": 31855,
          "key": "1Key7"
        },
        {
          "time": 31855,
          "key": "1Key9"
        },
        {
          "time": 31855,
          "key": "1Key12"
        },
        {
          "time": 31855,
          "key": "1Key14"
        },
        {
          "time": 32132,
          "key": "1Key7"
        },
        {
          "time": 32132,
          "key": "1Key9"
        },
        {
          "time": 32409,
          "key": "1Key7"
        },
        {
          "time": 32409,
          "key": "1Key9"
        },
        {
          "time": 32409,
          "key": "1Key12"
        },
        {
          "time": 32686,
          "key": "1Key7"
        },
        {
          "time": 32686,
          "key": "1Key10"
        },
        {
          "time": 32963,
          "key": "1Key7"
        },
        {
          "time": 32963,
          "key": "1Key9"
        },
        {
          "time": 33240,
          "key": "1Key3"
        },
        {
          "time": 33517,
          "key": "1Key7"
        },
        {
          "time": 33517,
          "key": "1Key9"
        },
        {
          "time": 33794,
          "key": "1Key8"
        },
        {
          "time": 33794,
          "key": "1Key10"
        },
        {
          "time": 34071,
          "key": "1Key7"
        },
        {
          "time": 34071,
          "key": "1Key12"
        },
        {
          "time": 34625,
          "key": "1Key10"
        },
        {
          "time": 34902,
          "key": "1Key7"
        },
        {
          "time": 35179,
          "key": "1Key4"
        },
        {
          "time": 35456,
          "key": "1Key0"
        },
        {
          "time": 35456,
          "key": "1Key9"
        },
        {
          "time": 35733,
          "key": "1Key2"
        },
        {
          "time": 35733,
          "key": "1Key9"
        },
        {
          "time": 36010,
          "key": "1Key4"
        },
        {
          "time": 36010,
          "key": "1Key8"
        },
        {
          "time": 36287,
          "key": "1Key7"
        },
        {
          "time": 36287,
          "key": "1Key11"
        },
        {
          "time": 36841,
          "key": "1Key8"
        },
        {
          "time": 36841,
          "key": "1Key14"
        },
        {
          "time": 37118,
          "key": "1Key11"
        },
        {
          "time": 37395,
          "key": "1Key4"
        },
        {
          "time": 37672,
          "key": "1Key4"
        },
        {
          "time": 37672,
          "key": "1Key9"
        },
        {
          "time": 37949,
          "key": "1Key8"
        },
        {
          "time": 38226,
          "key": "1Key11"
        },
        {
          "time": 38503,
          "key": "1Key7"
        },
        {
          "time": 38503,
          "key": "1Key13"
        },
        {
          "time": 39057,
          "key": "1Key8"
        },
        {
          "time": 39057,
          "key": "1Key11"
        },
        {
          "time": 39334,
          "key": "1Key6"
        },
        {
          "time": 39611,
          "key": "1Key9"
        },
        {
          "time": 39888,
          "key": "1Key3"
        },
        {
          "time": 40165,
          "key": "1Key5"
        },
        {
          "time": 40442,
          "key": "1Key5"
        },
        {
          "time": 40442,
          "key": "1Key7"
        },
        {
          "time": 40442,
          "key": "1Key10"
        },
        {
          "time": 40442,
          "key": "1Key12"
        },
        {
          "time": 40719,
          "key": "1Key5"
        },
        {
          "time": 40719,
          "key": "1Key12"
        },
        {
          "time": 40996,
          "key": "1Key5"
        },
        {
          "time": 40996,
          "key": "1Key12"
        },
        {
          "time": 41273,
          "key": "1Key5"
        },
        {
          "time": 41273,
          "key": "1Key10"
        },
        {
          "time": 41273,
          "key": "1Key12"
        },
        {
          "time": 41550,
          "key": "1Key5"
        },
        {
          "time": 41550,
          "key": "1Key7"
        },
        {
          "time": 41550,
          "key": "1Key12"
        },
        {
          "time": 41827,
          "key": "1Key5"
        },
        {
          "time": 41827,
          "key": "1Key12"
        },
        {
          "time": 42104,
          "key": "1Key4"
        },
        {
          "time": 42104,
          "key": "1Key5"
        },
        {
          "time": 42104,
          "key": "1Key12"
        },
        {
          "time": 42381,
          "key": "1Key5"
        },
        {
          "time": 42381,
          "key": "1Key8"
        },
        {
          "time": 42381,
          "key": "1Key12"
        },
        {
          "time": 42658,
          "key": "1Key5"
        },
        {
          "time": 42658,
          "key": "1Key11"
        },
        {
          "time": 42658,
          "key": "1Key12"
        },
        {
          "time": 42935,
          "key": "1Key5"
        },
        {
          "time": 42935,
          "key": "1Key12"
        },
        {
          "time": 42935,
          "key": "1Key13"
        },
        {
          "time": 43489,
          "key": "1Key11"
        },
        {
          "time": 43766,
          "key": "1Key8"
        },
        {
          "time": 43766,
          "key": "1Key9"
        },
        {
          "time": 44043,
          "key": "1Key9"
        },
        {
          "time": 44320,
          "key": "1Key5"
        },
        {
          "time": 44320,
          "key": "1Key12"
        },
        {
          "time": 44597,
          "key": "1Key7"
        },
        {
          "time": 44597,
          "key": "1Key12"
        },
        {
          "time": 44874,
          "key": "1Key9"
        },
        {
          "time": 44874,
          "key": "1Key11"
        },
        {
          "time": 45151,
          "key": "1Key9"
        },
        {
          "time": 45151,
          "key": "1Key14"
        },
        {
          "time": 45705,
          "key": "1Key9"
        },
        {
          "time": 45705,
          "key": "1Key12"
        },
        {
          "time": 45982,
          "key": "1Key9"
        },
        {
          "time": 46259,
          "key": "1Key12"
        },
        {
          "time": 46536,
          "key": "1Key0"
        },
        {
          "time": 46813,
          "key": "1Key4"
        },
        {
          "time": 46813,
          "key": "1Key12"
        },
        {
          "time": 47090,
          "key": "1Key7"
        },
        {
          "time": 47090,
          "key": "1Key11"
        },
        {
          "time": 47367,
          "key": "1Key9"
        },
        {
          "time": 47644,
          "key": "1Key11"
        },
        {
          "time": 47921,
          "key": "1Key7"
        },
        {
          "time": 47921,
          "key": "1Key10"
        },
        {
          "time": 48198,
          "key": "1Key4"
        },
        {
          "time": 48475,
          "key": "1Key11"
        },
        {
          "time": 48752,
          "key": "1Key3"
        },
        {
          "time": 49029,
          "key": "1Key7"
        },
        {
          "time": 49306,
          "key": "1Key5"
        },
        {
          "time": 49306,
          "key": "1Key10"
        },
        {
          "time": 49306,
          "key": "1Key12"
        },
        {
          "time": 49583,
          "key": "1Key5"
        },
        {
          "time": 49583,
          "key": "1Key12"
        },
        {
          "time": 49583,
          "key": "1Key14"
        },
        {
          "time": 49860,
          "key": "1Key5"
        },
        {
          "time": 49860,
          "key": "1Key12"
        },
        {
          "time": 50137,
          "key": "1Key5"
        },
        {
          "time": 50137,
          "key": "1Key10"
        },
        {
          "time": 50137,
          "key": "1Key12"
        },
        {
          "time": 50414,
          "key": "1Key5"
        },
        {
          "time": 50414,
          "key": "1Key7"
        },
        {
          "time": 50414,
          "key": "1Key12"
        },
        {
          "time": 50691,
          "key": "1Key5"
        },
        {
          "time": 50691,
          "key": "1Key12"
        },
        {
          "time": 50968,
          "key": "1Key4"
        },
        {
          "time": 50968,
          "key": "1Key5"
        },
        {
          "time": 50968,
          "key": "1Key12"
        },
        {
          "time": 51245,
          "key": "1Key5"
        },
        {
          "time": 51245,
          "key": "1Key8"
        },
        {
          "time": 51245,
          "key": "1Key12"
        },
        {
          "time": 51522,
          "key": "1Key5"
        },
        {
          "time": 51522,
          "key": "1Key11"
        },
        {
          "time": 51522,
          "key": "1Key12"
        },
        {
          "time": 51799,
          "key": "1Key5"
        },
        {
          "time": 51799,
          "key": "1Key12"
        },
        {
          "time": 51799,
          "key": "1Key13"
        },
        {
          "time": 52353,
          "key": "1Key11"
        },
        {
          "time": 52630,
          "key": "1Key8"
        },
        {
          "time": 53184,
          "key": "1Key5"
        },
        {
          "time": 53184,
          "key": "1Key9"
        },
        {
          "time": 53184,
          "key": "1Key12"
        },
        {
          "time": 53461,
          "key": "1Key2"
        },
        {
          "time": 53738,
          "key": "1Key5"
        },
        {
          "time": 54015,
          "key": "1Key5"
        },
        {
          "time": 54015,
          "key": "1Key9"
        },
        {
          "time": 54015,
          "key": "1Key12"
        },
        {
          "time": 54292,
          "key": "1Key5"
        },
        {
          "time": 54292,
          "key": "1Key12"
        },
        {
          "time": 54569,
          "key": "1Key5"
        },
        {
          "time": 54846,
          "key": "1Key2"
        },
        {
          "time": 54846,
          "key": "1Key4"
        },
        {
          "time": 54846,
          "key": "1Key8"
        },
        {
          "time": 54846,
          "key": "1Key11"
        },
        {
          "time": 55400,
          "key": "1Key3"
        },
        {
          "time": 55400,
          "key": "1Key5"
        },
        {
          "time": 55400,
          "key": "1Key7"
        },
        {
          "time": 55400,
          "key": "1Key12"
        },
        {
          "time": 55677,
          "key": "1Key5"
        },
        {
          "time": 55954,
          "key": "1Key5"
        },
        {
          "time": 55954,
          "key": "1Key7"
        },
        {
          "time": 55954,
          "key": "1Key10"
        },
        {
          "time": 55954,
          "key": "1Key12"
        },
        {
          "time": 56231,
          "key": "1Key5"
        },
        {
          "time": 56231,
          "key": "1Key7"
        },
        {
          "time": 56231,
          "key": "1Key12"
        },
        {
          "time": 56508,
          "key": "1Key5"
        },
        {
          "time": 56508,
          "key": "1Key7"
        },
        {
          "time": 56508,
          "key": "1Key12"
        },
        {
          "time": 56508,
          "key": "1Key14"
        },
        {
          "time": 56785,
          "key": "1Key10"
        },
        {
          "time": 57062,
          "key": "1Key6"
        },
        {
          "time": 57062,
          "key": "1Key7"
        },
        {
          "time": 57062,
          "key": "1Key10"
        },
        {
          "time": 57062,
          "key": "1Key13"
        },
        {
          "time": 57616,
          "key": "1Key0"
        },
        {
          "time": 57616,
          "key": "1Key4"
        },
        {
          "time": 57616,
          "key": "1Key9"
        },
        {
          "time": 57616,
          "key": "1Key11"
        },
        {
          "time": 57893,
          "key": "1Key4"
        },
        {
          "time": 58170,
          "key": "1Key5"
        },
        {
          "time": 58170,
          "key": "1Key7"
        },
        {
          "time": 58170,
          "key": "1Key9"
        },
        {
          "time": 58170,
          "key": "1Key12"
        },
        {
          "time": 58447,
          "key": "1Key5"
        },
        {
          "time": 58447,
          "key": "1Key9"
        },
        {
          "time": 58447,
          "key": "1Key12"
        },
        {
          "time": 58724,
          "key": "1Key5"
        },
        {
          "time": 58724,
          "key": "1Key9"
        },
        {
          "time": 58724,
          "key": "1Key12"
        },
        {
          "time": 59001,
          "key": "1Key7"
        },
        {
          "time": 59278,
          "key": "1Key4"
        },
        {
          "time": 59278,
          "key": "1Key8"
        },
        {
          "time": 59278,
          "key": "1Key11"
        },
        {
          "time": 59832,
          "key": "1Key4"
        },
        {
          "time": 59832,
          "key": "1Key5"
        },
        {
          "time": 59832,
          "key": "1Key8"
        },
        {
          "time": 59832,
          "key": "1Key12"
        },
        {
          "time": 60109,
          "key": "1Key8"
        },
        {
          "time": 60386,
          "key": "1Key5"
        },
        {
          "time": 60386,
          "key": "1Key8"
        },
        {
          "time": 60386,
          "key": "1Key11"
        },
        {
          "time": 60386,
          "key": "1Key12"
        },
        {
          "time": 60663,
          "key": "1Key5"
        },
        {
          "time": 60663,
          "key": "1Key8"
        },
        {
          "time": 60663,
          "key": "1Key12"
        },
        {
          "time": 60663,
          "key": "1Key13"
        },
        {
          "time": 60940,
          "key": "1Key5"
        },
        {
          "time": 60940,
          "key": "1Key8"
        },
        {
          "time": 60940,
          "key": "1Key12"
        },
        {
          "time": 61217,
          "key": "1Key11"
        },
        {
          "time": 61494,
          "key": "1Key4"
        },
        {
          "time": 61494,
          "key": "1Key6"
        },
        {
          "time": 61494,
          "key": "1Key8"
        },
        {
          "time": 61494,
          "key": "1Key11"
        },
        {
          "time": 62048,
          "key": "1Key5"
        },
        {
          "time": 62048,
          "key": "1Key9"
        },
        {
          "time": 62048,
          "key": "1Key12"
        },
        {
          "time": 62325,
          "key": "1Key2"
        },
        {
          "time": 62602,
          "key": "1Key5"
        },
        {
          "time": 62602,
          "key": "1Key12"
        },
        {
          "time": 62879,
          "key": "1Key5"
        },
        {
          "time": 62879,
          "key": "1Key9"
        },
        {
          "time": 62879,
          "key": "1Key12"
        },
        {
          "time": 63156,
          "key": "1Key5"
        },
        {
          "time": 63156,
          "key": "1Key12"
        },
        {
          "time": 63433,
          "key": "1Key5"
        },
        {
          "time": 63710,
          "key": "1Key2"
        },
        {
          "time": 63710,
          "key": "1Key4"
        },
        {
          "time": 63710,
          "key": "1Key8"
        },
        {
          "time": 63710,
          "key": "1Key11"
        },
        {
          "time": 64264,
          "key": "1Key3"
        },
        {
          "time": 64264,
          "key": "1Key5"
        },
        {
          "time": 64264,
          "key": "1Key7"
        },
        {
          "time": 64264,
          "key": "1Key12"
        },
        {
          "time": 64541,
          "key": "1Key7"
        },
        {
          "time": 64818,
          "key": "1Key5"
        },
        {
          "time": 64818,
          "key": "1Key7"
        },
        {
          "time": 64818,
          "key": "1Key10"
        },
        {
          "time": 64818,
          "key": "1Key12"
        },
        {
          "time": 65095,
          "key": "1Key5"
        },
        {
          "time": 65095,
          "key": "1Key7"
        },
        {
          "time": 65095,
          "key": "1Key12"
        },
        {
          "time": 65372,
          "key": "1Key5"
        },
        {
          "time": 65372,
          "key": "1Key7"
        },
        {
          "time": 65372,
          "key": "1Key12"
        },
        {
          "time": 65649,
          "key": "1Key10"
        },
        {
          "time": 65926,
          "key": "1Key6"
        },
        {
          "time": 65926,
          "key": "1Key7"
        },
        {
          "time": 65926,
          "key": "1Key10"
        },
        {
          "time": 65926,
          "key": "1Key13"
        },
        {
          "time": 66480,
          "key": "1Key0"
        },
        {
          "time": 66480,
          "key": "1Key7"
        },
        {
          "time": 66480,
          "key": "1Key9"
        },
        {
          "time": 66480,
          "key": "1Key11"
        },
        {
          "time": 66757,
          "key": "1Key4"
        },
        {
          "time": 67034,
          "key": "1Key5"
        },
        {
          "time": 67034,
          "key": "1Key7"
        },
        {
          "time": 67034,
          "key": "1Key9"
        },
        {
          "time": 67034,
          "key": "1Key12"
        },
        {
          "time": 67311,
          "key": "1Key5"
        },
        {
          "time": 67311,
          "key": "1Key9"
        },
        {
          "time": 67311,
          "key": "1Key12"
        },
        {
          "time": 67588,
          "key": "1Key5"
        },
        {
          "time": 67588,
          "key": "1Key9"
        },
        {
          "time": 67588,
          "key": "1Key12"
        },
        {
          "time": 67588,
          "key": "1Key14"
        },
        {
          "time": 67865,
          "key": "1Key7"
        },
        {
          "time": 68142,
          "key": "1Key4"
        },
        {
          "time": 68142,
          "key": "1Key8"
        },
        {
          "time": 68142,
          "key": "1Key11"
        },
        {
          "time": 68696,
          "key": "1Key4"
        },
        {
          "time": 68696,
          "key": "1Key5"
        },
        {
          "time": 68696,
          "key": "1Key8"
        },
        {
          "time": 68696,
          "key": "1Key12"
        },
        {
          "time": 68973,
          "key": "1Key8"
        },
        {
          "time": 69250,
          "key": "1Key5"
        },
        {
          "time": 69250,
          "key": "1Key8"
        },
        {
          "time": 69250,
          "key": "1Key11"
        },
        {
          "time": 69250,
          "key": "1Key12"
        },
        {
          "time": 69527,
          "key": "1Key5"
        },
        {
          "time": 69527,
          "key": "1Key8"
        },
        {
          "time": 69527,
          "key": "1Key12"
        },
        {
          "time": 69527,
          "key": "1Key13"
        },
        {
          "time": 69804,
          "key": "1Key5"
        },
        {
          "time": 69804,
          "key": "1Key8"
        },
        {
          "time": 69804,
          "key": "1Key12"
        },
        {
          "time": 70081,
          "key": "1Key11"
        },
        {
          "time": 70358,
          "key": "1Key4"
        },
        {
          "time": 70358,
          "key": "1Key8"
        },
        {
          "time": 70358,
          "key": "1Key10"
        },
        {
          "time": 70358,
          "key": "1Key11"
        },
        {
          "time": 70912,
          "key": "1Key5"
        },
        {
          "time": 70912,
          "key": "1Key9"
        },
        {
          "time": 70912,
          "key": "1Key12"
        },
        {
          "time": 71189,
          "key": "1Key7"
        },
        {
          "time": 71466,
          "key": "1Key9"
        },
        {
          "time": 71466,
          "key": "1Key12"
        },
        {
          "time": 71743,
          "key": "1Key12"
        },
        {
          "time": 72020,
          "key": "1Key12"
        },
        {
          "time": 72297,
          "key": "1Key12"
        },
        {
          "time": 72574,
          "key": "1Key9"
        },
        {
          "time": 72574,
          "key": "1Key11"
        },
        {
          "time": 72851,
          "key": "1Key12"
        },
        {
          "time": 73128,
          "key": "1Key3"
        },
        {
          "time": 73405,
          "key": "1Key5"
        },
        {
          "time": 73405,
          "key": "1Key11"
        },
        {
          "time": 73682,
          "key": "1Key7"
        },
        {
          "time": 73682,
          "key": "1Key11"
        },
        {
          "time": 73959,
          "key": "1Key10"
        },
        {
          "time": 73959,
          "key": "1Key11"
        },
        {
          "time": 74513,
          "key": "1Key10"
        },
        {
          "time": 74790,
          "key": "1Key7"
        },
        {
          "time": 75344,
          "key": "1Key0"
        },
        {
          "time": 75344,
          "key": "1Key12"
        },
        {
          "time": 75621,
          "key": "1Key4"
        },
        {
          "time": 75621,
          "key": "1Key11"
        },
        {
          "time": 75898,
          "key": "1Key7"
        },
        {
          "time": 75898,
          "key": "1Key11"
        },
        {
          "time": 76175,
          "key": "1Key9"
        },
        {
          "time": 76175,
          "key": "1Key11"
        },
        {
          "time": 76729,
          "key": "1Key9"
        },
        {
          "time": 76729,
          "key": "1Key14"
        },
        {
          "time": 77006,
          "key": "1Key11"
        },
        {
          "time": 77283,
          "key": "1Key9"
        },
        {
          "time": 77560,
          "key": "1Key4"
        },
        {
          "time": 77560,
          "key": "1Key10"
        },
        {
          "time": 77837,
          "key": "1Key6"
        },
        {
          "time": 77837,
          "key": "1Key9"
        },
        {
          "time": 78114,
          "key": "1Key8"
        },
        {
          "time": 78391,
          "key": "1Key8"
        },
        {
          "time": 78391,
          "key": "1Key11"
        },
        {
          "time": 78391,
          "key": "1Key13"
        },
        {
          "time": 78945,
          "key": "1Key9"
        },
        {
          "time": 78945,
          "key": "1Key11"
        },
        {
          "time": 79222,
          "key": "1Key8"
        },
        {
          "time": 79499,
          "key": "1Key9"
        },
        {
          "time": 79776,
          "key": "1Key5"
        },
        {
          "time": 80053,
          "key": "1Key5"
        },
        {
          "time": 80053,
          "key": "1Key7"
        },
        {
          "time": 80330,
          "key": "1Key7"
        },
        {
          "time": 80330,
          "key": "1Key9"
        },
        {
          "time": 80607,
          "key": "1Key7"
        },
        {
          "time": 80607,
          "key": "1Key9"
        },
        {
          "time": 80607,
          "key": "1Key12"
        },
        {
          "time": 80607,
          "key": "1Key14"
        },
        {
          "time": 80884,
          "key": "1Key7"
        },
        {
          "time": 80884,
          "key": "1Key9"
        },
        {
          "time": 81161,
          "key": "1Key7"
        },
        {
          "time": 81161,
          "key": "1Key9"
        },
        {
          "time": 81161,
          "key": "1Key12"
        },
        {
          "time": 81438,
          "key": "1Key7"
        },
        {
          "time": 81438,
          "key": "1Key9"
        },
        {
          "time": 81438,
          "key": "1Key10"
        },
        {
          "time": 81715,
          "key": "1Key7"
        },
        {
          "time": 81715,
          "key": "1Key9"
        },
        {
          "time": 81992,
          "key": "1Key3"
        },
        {
          "time": 82269,
          "key": "1Key5"
        },
        {
          "time": 82269,
          "key": "1Key9"
        },
        {
          "time": 82546,
          "key": "1Key8"
        },
        {
          "time": 82823,
          "key": "1Key7"
        },
        {
          "time": 82823,
          "key": "1Key10"
        },
        {
          "time": 82823,
          "key": "1Key12"
        },
        {
          "time": 83377,
          "key": "1Key10"
        },
        {
          "time": 83654,
          "key": "1Key7"
        },
        {
          "time": 83931,
          "key": "1Key4"
        },
        {
          "time": 84208,
          "key": "1Key0"
        },
        {
          "time": 84208,
          "key": "1Key9"
        },
        {
          "time": 84485,
          "key": "1Key4"
        },
        {
          "time": 84485,
          "key": "1Key9"
        },
        {
          "time": 84762,
          "key": "1Key7"
        },
        {
          "time": 84762,
          "key": "1Key8"
        },
        {
          "time": 85039,
          "key": "1Key7"
        },
        {
          "time": 85039,
          "key": "1Key11"
        },
        {
          "time": 85593,
          "key": "1Key14"
        },
        {
          "time": 85870,
          "key": "1Key11"
        },
        {
          "time": 86147,
          "key": "1Key9"
        },
        {
          "time": 86424,
          "key": "1Key4"
        },
        {
          "time": 86701,
          "key": "1Key6"
        },
        {
          "time": 86701,
          "key": "1Key8"
        },
        {
          "time": 86978,
          "key": "1Key8"
        },
        {
          "time": 87255,
          "key": "1Key7"
        },
        {
          "time": 87255,
          "key": "1Key11"
        },
        {
          "time": 87255,
          "key": "1Key13"
        },
        {
          "time": 87809,
          "key": "1Key8"
        },
        {
          "time": 87809,
          "key": "1Key11"
        },
        {
          "time": 88086,
          "key": "1Key8"
        },
        {
          "time": 88363,
          "key": "1Key9"
        },
        {
          "time": 88640,
          "key": "1Key3"
        },
        {
          "time": 88917,
          "key": "1Key5"
        },
        {
          "time": 89194,
          "key": "1Key5"
        },
        {
          "time": 89194,
          "key": "1Key7"
        },
        {
          "time": 89194,
          "key": "1Key12"
        },
        {
          "time": 89471,
          "key": "1Key5"
        },
        {
          "time": 89471,
          "key": "1Key10"
        },
        {
          "time": 89471,
          "key": "1Key12"
        },
        {
          "time": 89748,
          "key": "1Key5"
        },
        {
          "time": 89748,
          "key": "1Key12"
        },
        {
          "time": 90025,
          "key": "1Key5"
        },
        {
          "time": 90025,
          "key": "1Key10"
        },
        {
          "time": 90025,
          "key": "1Key12"
        },
        {
          "time": 90302,
          "key": "1Key5"
        },
        {
          "time": 90302,
          "key": "1Key7"
        },
        {
          "time": 90302,
          "key": "1Key12"
        },
        {
          "time": 90579,
          "key": "1Key5"
        },
        {
          "time": 90579,
          "key": "1Key12"
        },
        {
          "time": 90856,
          "key": "1Key4"
        },
        {
          "time": 90856,
          "key": "1Key5"
        },
        {
          "time": 90856,
          "key": "1Key12"
        },
        {
          "time": 91133,
          "key": "1Key5"
        },
        {
          "time": 91133,
          "key": "1Key8"
        },
        {
          "time": 91133,
          "key": "1Key12"
        },
        {
          "time": 91410,
          "key": "1Key5"
        },
        {
          "time": 91410,
          "key": "1Key11"
        },
        {
          "time": 91410,
          "key": "1Key12"
        },
        {
          "time": 91687,
          "key": "1Key5"
        },
        {
          "time": 91687,
          "key": "1Key12"
        },
        {
          "time": 91687,
          "key": "1Key13"
        },
        {
          "time": 92241,
          "key": "1Key11"
        },
        {
          "time": 92518,
          "key": "1Key8"
        },
        {
          "time": 92518,
          "key": "1Key9"
        },
        {
          "time": 92795,
          "key": "1Key9"
        },
        {
          "time": 93072,
          "key": "1Key5"
        },
        {
          "time": 93072,
          "key": "1Key12"
        },
        {
          "time": 93349,
          "key": "1Key7"
        },
        {
          "time": 93349,
          "key": "1Key12"
        },
        {
          "time": 93626,
          "key": "1Key9"
        },
        {
          "time": 93626,
          "key": "1Key11"
        },
        {
          "time": 93903,
          "key": "1Key9"
        },
        {
          "time": 93903,
          "key": "1Key12"
        },
        {
          "time": 93903,
          "key": "1Key14"
        },
        {
          "time": 94457,
          "key": "1Key9"
        },
        {
          "time": 94457,
          "key": "1Key12"
        },
        {
          "time": 94734,
          "key": "1Key9"
        },
        {
          "time": 95011,
          "key": "1Key12"
        },
        {
          "time": 95288,
          "key": "1Key0"
        },
        {
          "time": 95565,
          "key": "1Key4"
        },
        {
          "time": 95565,
          "key": "1Key12"
        },
        {
          "time": 95842,
          "key": "1Key7"
        },
        {
          "time": 95842,
          "key": "1Key11"
        },
        {
          "time": 96119,
          "key": "1Key9"
        },
        {
          "time": 96673,
          "key": "1Key7"
        },
        {
          "time": 96673,
          "key": "1Key10"
        },
        {
          "time": 96950,
          "key": "1Key4"
        },
        {
          "time": 97227,
          "key": "1Key11"
        },
        {
          "time": 97504,
          "key": "1Key3"
        },
        {
          "time": 97781,
          "key": "1Key7"
        },
        {
          "time": 98058,
          "key": "1Key5"
        },
        {
          "time": 98058,
          "key": "1Key10"
        },
        {
          "time": 98058,
          "key": "1Key12"
        },
        {
          "time": 98335,
          "key": "1Key5"
        },
        {
          "time": 98335,
          "key": "1Key12"
        },
        {
          "time": 98612,
          "key": "1Key5"
        },
        {
          "time": 98612,
          "key": "1Key12"
        },
        {
          "time": 98889,
          "key": "1Key5"
        },
        {
          "time": 98889,
          "key": "1Key10"
        },
        {
          "time": 98889,
          "key": "1Key12"
        },
        {
          "time": 99166,
          "key": "1Key5"
        },
        {
          "time": 99166,
          "key": "1Key7"
        },
        {
          "time": 99166,
          "key": "1Key12"
        },
        {
          "time": 99443,
          "key": "1Key5"
        },
        {
          "time": 99443,
          "key": "1Key12"
        },
        {
          "time": 99720,
          "key": "1Key4"
        },
        {
          "time": 99720,
          "key": "1Key5"
        },
        {
          "time": 99720,
          "key": "1Key12"
        },
        {
          "time": 99997,
          "key": "1Key5"
        },
        {
          "time": 99997,
          "key": "1Key6"
        },
        {
          "time": 99997,
          "key": "1Key12"
        },
        {
          "time": 100274,
          "key": "1Key5"
        },
        {
          "time": 100274,
          "key": "1Key8"
        },
        {
          "time": 100274,
          "key": "1Key12"
        },
        {
          "time": 100551,
          "key": "1Key5"
        },
        {
          "time": 100551,
          "key": "1Key11"
        },
        {
          "time": 100551,
          "key": "1Key12"
        },
        {
          "time": 101105,
          "key": "1Key9"
        },
        {
          "time": 101105,
          "key": "1Key11"
        },
        {
          "time": 101382,
          "key": "1Key8"
        },
        {
          "time": 101382,
          "key": "1Key9"
        },
        {
          "time": 101659,
          "key": "1Key9"
        },
        {
          "time": 101936,
          "key": "1Key5"
        },
        {
          "time": 101936,
          "key": "1Key12"
        },
        {
          "time": 102213,
          "key": "1Key7"
        },
        {
          "time": 102213,
          "key": "1Key12"
        },
        {
          "time": 102490,
          "key": "1Key9"
        },
        {
          "time": 102490,
          "key": "1Key11"
        },
        {
          "time": 102767,
          "key": "1Key9"
        },
        {
          "time": 102767,
          "key": "1Key12"
        },
        {
          "time": 103321,
          "key": "1Key9"
        },
        {
          "time": 103321,
          "key": "1Key12"
        },
        {
          "time": 103598,
          "key": "1Key9"
        },
        {
          "time": 103875,
          "key": "1Key9"
        },
        {
          "time": 104152,
          "key": "1Key0"
        },
        {
          "time": 104152,
          "key": "1Key7"
        },
        {
          "time": 104152,
          "key": "1Key14"
        },
        {
          "time": 104429,
          "key": "1Key2"
        },
        {
          "time": 104429,
          "key": "1Key6"
        },
        {
          "time": 104429,
          "key": "1Key13"
        },
        {
          "time": 104706,
          "key": "1Key4"
        },
        {
          "time": 104983,
          "key": "1Key7"
        },
        {
          "time": 104983,
          "key": "1Key9"
        },
        {
          "time": 104983,
          "key": "1Key14"
        },
        {
          "time": 105537,
          "key": "1Key7"
        },
        {
          "time": 105814,
          "key": "1Key4"
        },
        {
          "time": 105814,
          "key": "1Key6"
        },
        {
          "time": 105814,
          "key": "1Key13"
        },
        {
          "time": 106368,
          "key": "1Key5"
        },
        {
          "time": 106368,
          "key": "1Key9"
        },
        {
          "time": 106368,
          "key": "1Key12"
        },
        {
          "time": 106645,
          "key": "1Key9"
        },
        {
          "time": 106922,
          "key": "1Key12"
        },
        {
          "time": 107199,
          "key": "1Key5"
        },
        {
          "time": 107199,
          "key": "1Key9"
        },
        {
          "time": 107199,
          "key": "1Key12"
        },
        {
          "time": 107476,
          "key": "1Key5"
        },
        {
          "time": 107476,
          "key": "1Key9"
        },
        {
          "time": 107476,
          "key": "1Key12"
        },
        {
          "time": 107753,
          "key": "1Key12"
        },
        {
          "time": 108030,
          "key": "1Key4"
        },
        {
          "time": 108030,
          "key": "1Key8"
        },
        {
          "time": 108030,
          "key": "1Key9"
        },
        {
          "time": 108030,
          "key": "1Key11"
        },
        {
          "time": 108584,
          "key": "1Key3"
        },
        {
          "time": 108584,
          "key": "1Key5"
        },
        {
          "time": 108584,
          "key": "1Key7"
        },
        {
          "time": 108584,
          "key": "1Key12"
        },
        {
          "time": 108861,
          "key": "1Key5"
        },
        {
          "time": 109138,
          "key": "1Key5"
        },
        {
          "time": 109138,
          "key": "1Key7"
        },
        {
          "time": 109138,
          "key": "1Key12"
        },
        {
          "time": 109415,
          "key": "1Key5"
        },
        {
          "time": 109415,
          "key": "1Key7"
        },
        {
          "time": 109415,
          "key": "1Key10"
        },
        {
          "time": 109415,
          "key": "1Key12"
        },
        {
          "time": 109692,
          "key": "1Key5"
        },
        {
          "time": 109692,
          "key": "1Key7"
        },
        {
          "time": 109692,
          "key": "1Key12"
        },
        {
          "time": 109969,
          "key": "1Key10"
        },
        {
          "time": 110246,
          "key": "1Key6"
        },
        {
          "time": 110246,
          "key": "1Key7"
        },
        {
          "time": 110246,
          "key": "1Key10"
        },
        {
          "time": 110246,
          "key": "1Key13"
        },
        {
          "time": 110800,
          "key": "1Key0"
        },
        {
          "time": 110800,
          "key": "1Key4"
        },
        {
          "time": 110800,
          "key": "1Key9"
        },
        {
          "time": 110800,
          "key": "1Key11"
        },
        {
          "time": 111077,
          "key": "1Key2"
        },
        {
          "time": 111354,
          "key": "1Key5"
        },
        {
          "time": 111354,
          "key": "1Key9"
        },
        {
          "time": 111354,
          "key": "1Key12"
        },
        {
          "time": 111631,
          "key": "1Key5"
        },
        {
          "time": 111631,
          "key": "1Key7"
        },
        {
          "time": 111631,
          "key": "1Key9"
        },
        {
          "time": 111631,
          "key": "1Key12"
        },
        {
          "time": 111908,
          "key": "1Key5"
        },
        {
          "time": 111908,
          "key": "1Key9"
        },
        {
          "time": 111908,
          "key": "1Key12"
        },
        {
          "time": 112185,
          "key": "1Key7"
        },
        {
          "time": 112462,
          "key": "1Key4"
        },
        {
          "time": 112462,
          "key": "1Key8"
        },
        {
          "time": 112462,
          "key": "1Key11"
        },
        {
          "time": 113016,
          "key": "1Key4"
        },
        {
          "time": 113016,
          "key": "1Key5"
        },
        {
          "time": 113016,
          "key": "1Key8"
        },
        {
          "time": 113016,
          "key": "1Key12"
        },
        {
          "time": 113293,
          "key": "1Key6"
        },
        {
          "time": 113570,
          "key": "1Key5"
        },
        {
          "time": 113570,
          "key": "1Key8"
        },
        {
          "time": 113570,
          "key": "1Key11"
        },
        {
          "time": 113570,
          "key": "1Key12"
        },
        {
          "time": 113847,
          "key": "1Key5"
        },
        {
          "time": 113847,
          "key": "1Key8"
        },
        {
          "time": 113847,
          "key": "1Key12"
        },
        {
          "time": 113847,
          "key": "1Key13"
        },
        {
          "time": 114124,
          "key": "1Key5"
        },
        {
          "time": 114124,
          "key": "1Key8"
        },
        {
          "time": 114124,
          "key": "1Key12"
        },
        {
          "time": 114401,
          "key": "1Key11"
        },
        {
          "time": 114678,
          "key": "1Key4"
        },
        {
          "time": 114678,
          "key": "1Key6"
        },
        {
          "time": 114678,
          "key": "1Key8"
        },
        {
          "time": 114678,
          "key": "1Key11"
        },
        {
          "time": 115232,
          "key": "1Key5"
        },
        {
          "time": 115232,
          "key": "1Key9"
        },
        {
          "time": 115232,
          "key": "1Key12"
        },
        {
          "time": 115509,
          "key": "1Key9"
        },
        {
          "time": 115786,
          "key": "1Key5"
        },
        {
          "time": 115786,
          "key": "1Key9"
        },
        {
          "time": 115786,
          "key": "1Key12"
        },
        {
          "time": 116063,
          "key": "1Key5"
        },
        {
          "time": 116063,
          "key": "1Key9"
        },
        {
          "time": 116063,
          "key": "1Key12"
        },
        {
          "time": 116340,
          "key": "1Key5"
        },
        {
          "time": 116340,
          "key": "1Key9"
        },
        {
          "time": 116340,
          "key": "1Key12"
        },
        {
          "time": 116617,
          "key": "1Key9"
        },
        {
          "time": 116617,
          "key": "1Key12"
        },
        {
          "time": 116894,
          "key": "1Key4"
        },
        {
          "time": 116894,
          "key": "1Key8"
        },
        {
          "time": 116894,
          "key": "1Key11"
        },
        {
          "time": 117448,
          "key": "1Key3"
        },
        {
          "time": 117448,
          "key": "1Key5"
        },
        {
          "time": 117448,
          "key": "1Key7"
        },
        {
          "time": 117448,
          "key": "1Key12"
        },
        {
          "time": 117725,
          "key": "1Key5"
        },
        {
          "time": 118002,
          "key": "1Key5"
        },
        {
          "time": 118002,
          "key": "1Key7"
        },
        {
          "time": 118002,
          "key": "1Key10"
        },
        {
          "time": 118002,
          "key": "1Key12"
        },
        {
          "time": 118279,
          "key": "1Key5"
        },
        {
          "time": 118279,
          "key": "1Key7"
        },
        {
          "time": 118279,
          "key": "1Key12"
        },
        {
          "time": 118556,
          "key": "1Key5"
        },
        {
          "time": 118556,
          "key": "1Key7"
        },
        {
          "time": 118556,
          "key": "1Key12"
        },
        {
          "time": 118833,
          "key": "1Key10"
        },
        {
          "time": 119110,
          "key": "1Key6"
        },
        {
          "time": 119110,
          "key": "1Key7"
        },
        {
          "time": 119110,
          "key": "1Key10"
        },
        {
          "time": 119110,
          "key": "1Key13"
        },
        {
          "time": 119664,
          "key": "1Key0"
        },
        {
          "time": 119664,
          "key": "1Key4"
        },
        {
          "time": 119664,
          "key": "1Key9"
        },
        {
          "time": 119664,
          "key": "1Key11"
        },
        {
          "time": 119941,
          "key": "1Key4"
        },
        {
          "time": 120218,
          "key": "1Key5"
        },
        {
          "time": 120218,
          "key": "1Key7"
        },
        {
          "time": 120218,
          "key": "1Key9"
        },
        {
          "time": 120218,
          "key": "1Key12"
        },
        {
          "time": 120495,
          "key": "1Key5"
        },
        {
          "time": 120495,
          "key": "1Key9"
        },
        {
          "time": 120495,
          "key": "1Key12"
        },
        {
          "time": 120772,
          "key": "1Key5"
        },
        {
          "time": 120772,
          "key": "1Key9"
        },
        {
          "time": 120772,
          "key": "1Key12"
        },
        {
          "time": 121049,
          "key": "1Key7"
        },
        {
          "time": 121326,
          "key": "1Key4"
        },
        {
          "time": 121326,
          "key": "1Key8"
        },
        {
          "time": 121326,
          "key": "1Key11"
        },
        {
          "time": 121880,
          "key": "1Key4"
        },
        {
          "time": 121880,
          "key": "1Key5"
        },
        {
          "time": 121880,
          "key": "1Key8"
        },
        {
          "time": 121880,
          "key": "1Key12"
        },
        {
          "time": 122157,
          "key": "1Key8"
        },
        {
          "time": 122434,
          "key": "1Key5"
        },
        {
          "time": 122434,
          "key": "1Key8"
        },
        {
          "time": 122434,
          "key": "1Key11"
        },
        {
          "time": 122434,
          "key": "1Key12"
        },
        {
          "time": 122711,
          "key": "1Key5"
        },
        {
          "time": 122711,
          "key": "1Key8"
        },
        {
          "time": 122711,
          "key": "1Key12"
        },
        {
          "time": 122711,
          "key": "1Key13"
        },
        {
          "time": 122988,
          "key": "1Key5"
        },
        {
          "time": 122988,
          "key": "1Key8"
        },
        {
          "time": 122988,
          "key": "1Key12"
        },
        {
          "time": 123265,
          "key": "1Key11"
        },
        {
          "time": 123542,
          "key": "1Key4"
        },
        {
          "time": 123542,
          "key": "1Key6"
        },
        {
          "time": 123542,
          "key": "1Key8"
        },
        {
          "time": 123542,
          "key": "1Key11"
        },
        {
          "time": 124096,
          "key": "1Key3"
        },
        {
          "time": 124096,
          "key": "1Key5"
        },
        {
          "time": 124096,
          "key": "1Key7"
        },
        {
          "time": 124096,
          "key": "1Key12"
        },
        {
          "time": 124373,
          "key": "1Key5"
        },
        {
          "time": 124650,
          "key": "1Key7"
        },
        {
          "time": 124927,
          "key": "1Key10"
        },
        {
          "time": 125481,
          "key": "1Key5"
        },
        {
          "time": 125481,
          "key": "1Key7"
        },
        {
          "time": 125481,
          "key": "1Key10"
        },
        {
          "time": 125481,
          "key": "1Key12"
        },
        {
          "time": 125758,
          "key": "1Key7"
        },
        {
          "time": 125758,
          "key": "1Key9"
        },
        {
          "time": 125758,
          "key": "1Key14"
        },
        {
          "time": 126035,
          "key": "1Key6"
        },
        {
          "time": 126035,
          "key": "1Key8"
        },
        {
          "time": 126035,
          "key": "1Key13"
        },
        {
          "time": 126312,
          "key": "1Key4"
        },
        {
          "time": 126589,
          "key": "1Key8"
        },
        {
          "time": 126866,
          "key": "1Key11"
        },
        {
          "time": 127143,
          "key": "1Key13"
        },
        {
          "time": 127697,
          "key": "1Key5"
        },
        {
          "time": 127697,
          "key": "1Key7"
        },
        {
          "time": 127697,
          "key": "1Key12"
        },
        {
          "time": 127974,
          "key": "1Key6"
        },
        {
          "time": 127974,
          "key": "1Key8"
        },
        {
          "time": 127974,
          "key": "1Key13"
        },
        {
          "time": 128528,
          "key": "1Key5"
        },
        {
          "time": 128528,
          "key": "1Key7"
        },
        {
          "time": 128528,
          "key": "1Key9"
        },
        {
          "time": 128528,
          "key": "1Key14"
        },
        {
          "time": 128805,
          "key": "1Key9"
        },
        {
          "time": 129082,
          "key": "1Key12"
        },
        {
          "time": 129359,
          "key": "1Key9"
        },
        {
          "time": 129636,
          "key": "1Key6"
        },
        {
          "time": 129636,
          "key": "1Key8"
        },
        {
          "time": 129636,
          "key": "1Key13"
        },
        {
          "time": 129913,
          "key": "1Key11"
        },
        {
          "time": 130190,
          "key": "1Key13"
        },
        {
          "time": 130467,
          "key": "1Key11"
        },
        {
          "time": 130744,
          "key": "1Key0"
        },
        {
          "time": 130744,
          "key": "1Key7"
        },
        {
          "time": 130744,
          "key": "1Key9"
        },
        {
          "time": 130744,
          "key": "1Key14"
        },
        {
          "time": 131021,
          "key": "1Key4"
        },
        {
          "time": 131021,
          "key": "1Key11"
        },
        {
          "time": 131298,
          "key": "1Key7"
        },
        {
          "time": 131298,
          "key": "1Key14"
        },
        {
          "time": 131575,
          "key": "1Key4"
        },
        {
          "time": 131575,
          "key": "1Key11"
        },
        {
          "time": 131852,
          "key": "1Key2"
        },
        {
          "time": 131852,
          "key": "1Key6"
        },
        {
          "time": 131852,
          "key": "1Key8"
        },
        {
          "time": 131852,
          "key": "1Key13"
        },
        {
          "time": 132129,
          "key": "1Key4"
        },
        {
          "time": 132406,
          "key": "1Key6"
        },
        {
          "time": 132683,
          "key": "1Key5"
        },
        {
          "time": 132683,
          "key": "1Key7"
        },
        {
          "time": 132683,
          "key": "1Key9"
        },
        {
          "time": 132683,
          "key": "1Key12"
        },
        {
          "time": 132960,
          "key": "1Key3"
        },
        {
          "time": 133237,
          "key": "1Key7"
        },
        {
          "time": 133514,
          "key": "1Key10"
        },
        {
          "time": 133791,
          "key": "1Key12"
        },
        {
          "time": 134345,
          "key": "1Key5"
        },
        {
          "time": 134345,
          "key": "1Key7"
        },
        {
          "time": 134345,
          "key": "1Key12"
        },
        {
          "time": 134622,
          "key": "1Key7"
        },
        {
          "time": 134622,
          "key": "1Key9"
        },
        {
          "time": 134622,
          "key": "1Key14"
        },
        {
          "time": 134899,
          "key": "1Key6"
        },
        {
          "time": 134899,
          "key": "1Key8"
        },
        {
          "time": 134899,
          "key": "1Key13"
        },
        {
          "time": 135176,
          "key": "1Key4"
        },
        {
          "time": 135453,
          "key": "1Key8"
        },
        {
          "time": 135730,
          "key": "1Key11"
        },
        {
          "time": 136007,
          "key": "1Key13"
        },
        {
          "time": 136561,
          "key": "1Key11"
        },
        {
          "time": 136838,
          "key": "1Key6"
        },
        {
          "time": 136838,
          "key": "1Key8"
        },
        {
          "time": 136838,
          "key": "1Key13"
        },
        {
          "time": 137115,
          "key": "1Key5"
        },
        {
          "time": 137115,
          "key": "1Key7"
        },
        {
          "time": 137115,
          "key": "1Key12"
        },
        {
          "time": 137392,
          "key": "1Key2"
        },
        {
          "time": 137392,
          "key": "1Key6"
        },
        {
          "time": 137392,
          "key": "1Key8"
        },
        {
          "time": 137392,
          "key": "1Key13"
        },
        {
          "time": 137669,
          "key": "1Key6"
        },
        {
          "time": 137669,
          "key": "1Key8"
        },
        {
          "time": 137669,
          "key": "1Key13"
        },
        {
          "time": 137946,
          "key": "1Key9"
        },
        {
          "time": 138223,
          "key": "1Key6"
        },
        {
          "time": 138223,
          "key": "1Key8"
        },
        {
          "time": 138223,
          "key": "1Key13"
        },
        {
          "time": 138777,
          "key": "1Key5"
        },
        {
          "time": 138777,
          "key": "1Key6"
        },
        {
          "time": 138777,
          "key": "1Key7"
        },
        {
          "time": 138777,
          "key": "1Key12"
        },
        {
          "time": 139054,
          "key": "1Key6"
        },
        {
          "time": 139054,
          "key": "1Key8"
        },
        {
          "time": 139054,
          "key": "1Key9"
        },
        {
          "time": 139054,
          "key": "1Key13"
        },
        {
          "time": 139331,
          "key": "1Key5"
        },
        {
          "time": 139331,
          "key": "1Key6"
        },
        {
          "time": 139331,
          "key": "1Key7"
        },
        {
          "time": 139331,
          "key": "1Key12"
        },
        {
          "time": 139608,
          "key": "1Key2"
        },
        {
          "time": 139608,
          "key": "1Key6"
        },
        {
          "time": 139608,
          "key": "1Key8"
        },
        {
          "time": 139608,
          "key": "1Key13"
        },
        {
          "time": 139885,
          "key": "1Key6"
        },
        {
          "time": 139885,
          "key": "1Key8"
        },
        {
          "time": 139885,
          "key": "1Key13"
        },
        {
          "time": 140162,
          "key": "1Key9"
        },
        {
          "time": 140439,
          "key": "1Key6"
        },
        {
          "time": 140439,
          "key": "1Key8"
        },
        {
          "time": 140439,
          "key": "1Key13"
        },
        {
          "time": 140993,
          "key": "1Key6"
        },
        {
          "time": 140993,
          "key": "1Key8"
        },
        {
          "time": 140993,
          "key": "1Key13"
        },
        {
          "time": 141270,
          "key": "1Key7"
        },
        {
          "time": 141270,
          "key": "1Key9"
        },
        {
          "time": 141270,
          "key": "1Key14"
        },
        {
          "time": 141547,
          "key": "1Key6"
        },
        {
          "time": 141547,
          "key": "1Key8"
        },
        {
          "time": 141547,
          "key": "1Key13"
        },
        {
          "time": 141824,
          "key": "1Key2"
        },
        {
          "time": 142101,
          "key": "1Key6"
        },
        {
          "time": 142378,
          "key": "1Key9"
        },
        {
          "time": 142655,
          "key": "1Key5"
        },
        {
          "time": 142655,
          "key": "1Key7"
        },
        {
          "time": 142655,
          "key": "1Key12"
        },
        {
          "time": 143209,
          "key": "1Key6"
        },
        {
          "time": 143486,
          "key": "1Key4"
        },
        {
          "time": 143486,
          "key": "1Key6"
        },
        {
          "time": 143486,
          "key": "1Key9"
        },
        {
          "time": 143486,
          "key": "1Key11"
        },
        {
          "time": 143763,
          "key": "1Key6"
        },
        {
          "time": 144040,
          "key": "1Key5"
        },
        {
          "time": 144040,
          "key": "1Key9"
        },
        {
          "time": 144040,
          "key": "1Key12"
        },
        {
          "time": 144317,
          "key": "1Key2"
        },
        {
          "time": 144594,
          "key": "1Key5"
        },
        {
          "time": 144594,
          "key": "1Key9"
        },
        {
          "time": 144871,
          "key": "1Key5"
        },
        {
          "time": 144871,
          "key": "1Key9"
        },
        {
          "time": 144871,
          "key": "1Key12"
        },
        {
          "time": 145148,
          "key": "1Key5"
        },
        {
          "time": 145148,
          "key": "1Key9"
        },
        {
          "time": 145148,
          "key": "1Key12"
        },
        {
          "time": 145425,
          "key": "1Key5"
        },
        {
          "time": 145702,
          "key": "1Key2"
        },
        {
          "time": 145702,
          "key": "1Key4"
        },
        {
          "time": 145702,
          "key": "1Key8"
        },
        {
          "time": 145702,
          "key": "1Key11"
        },
        {
          "time": 146256,
          "key": "1Key3"
        },
        {
          "time": 146256,
          "key": "1Key5"
        },
        {
          "time": 146256,
          "key": "1Key7"
        },
        {
          "time": 146256,
          "key": "1Key12"
        },
        {
          "time": 146533,
          "key": "1Key7"
        },
        {
          "time": 146810,
          "key": "1Key5"
        },
        {
          "time": 146810,
          "key": "1Key7"
        },
        {
          "time": 146810,
          "key": "1Key10"
        },
        {
          "time": 146810,
          "key": "1Key12"
        },
        {
          "time": 147087,
          "key": "1Key5"
        },
        {
          "time": 147087,
          "key": "1Key7"
        },
        {
          "time": 147087,
          "key": "1Key12"
        },
        {
          "time": 147364,
          "key": "1Key5"
        },
        {
          "time": 147364,
          "key": "1Key7"
        },
        {
          "time": 147364,
          "key": "1Key12"
        },
        {
          "time": 147641,
          "key": "1Key10"
        },
        {
          "time": 147918,
          "key": "1Key6"
        },
        {
          "time": 147918,
          "key": "1Key10"
        },
        {
          "time": 147918,
          "key": "1Key13"
        },
        {
          "time": 148472,
          "key": "1Key0"
        },
        {
          "time": 148472,
          "key": "1Key4"
        },
        {
          "time": 148472,
          "key": "1Key9"
        },
        {
          "time": 148472,
          "key": "1Key11"
        },
        {
          "time": 148749,
          "key": "1Key2"
        },
        {
          "time": 149026,
          "key": "1Key5"
        },
        {
          "time": 149026,
          "key": "1Key9"
        },
        {
          "time": 149026,
          "key": "1Key12"
        },
        {
          "time": 149303,
          "key": "1Key5"
        },
        {
          "time": 149303,
          "key": "1Key7"
        },
        {
          "time": 149303,
          "key": "1Key9"
        },
        {
          "time": 149303,
          "key": "1Key12"
        },
        {
          "time": 149580,
          "key": "1Key5"
        },
        {
          "time": 149580,
          "key": "1Key9"
        },
        {
          "time": 149580,
          "key": "1Key12"
        },
        {
          "time": 149857,
          "key": "1Key7"
        },
        {
          "time": 150134,
          "key": "1Key4"
        },
        {
          "time": 150134,
          "key": "1Key8"
        },
        {
          "time": 150134,
          "key": "1Key11"
        },
        {
          "time": 150688,
          "key": "1Key4"
        },
        {
          "time": 150688,
          "key": "1Key5"
        },
        {
          "time": 150688,
          "key": "1Key8"
        },
        {
          "time": 150688,
          "key": "1Key12"
        },
        {
          "time": 150965,
          "key": "1Key8"
        },
        {
          "time": 151242,
          "key": "1Key5"
        },
        {
          "time": 151242,
          "key": "1Key8"
        },
        {
          "time": 151242,
          "key": "1Key11"
        },
        {
          "time": 151242,
          "key": "1Key12"
        },
        {
          "time": 151519,
          "key": "1Key5"
        },
        {
          "time": 151519,
          "key": "1Key8"
        },
        {
          "time": 151519,
          "key": "1Key12"
        },
        {
          "time": 151519,
          "key": "1Key13"
        },
        {
          "time": 151796,
          "key": "1Key5"
        },
        {
          "time": 151796,
          "key": "1Key8"
        },
        {
          "time": 151796,
          "key": "1Key12"
        },
        {
          "time": 152073,
          "key": "1Key11"
        },
        {
          "time": 152350,
          "key": "1Key4"
        },
        {
          "time": 152350,
          "key": "1Key6"
        },
        {
          "time": 152350,
          "key": "1Key8"
        },
        {
          "time": 152350,
          "key": "1Key11"
        },
        {
          "time": 152904,
          "key": "1Key5"
        },
        {
          "time": 152904,
          "key": "1Key9"
        },
        {
          "time": 152904,
          "key": "1Key12"
        },
        {
          "time": 153181,
          "key": "1Key2"
        },
        {
          "time": 153458,
          "key": "1Key5"
        },
        {
          "time": 153458,
          "key": "1Key9"
        },
        {
          "time": 153458,
          "key": "1Key12"
        },
        {
          "time": 153735,
          "key": "1Key5"
        },
        {
          "time": 153735,
          "key": "1Key9"
        },
        {
          "time": 153735,
          "key": "1Key12"
        },
        {
          "time": 154012,
          "key": "1Key5"
        },
        {
          "time": 154012,
          "key": "1Key9"
        },
        {
          "time": 154012,
          "key": "1Key12"
        },
        {
          "time": 154289,
          "key": "1Key5"
        },
        {
          "time": 154566,
          "key": "1Key2"
        },
        {
          "time": 154566,
          "key": "1Key4"
        },
        {
          "time": 154566,
          "key": "1Key8"
        },
        {
          "time": 154566,
          "key": "1Key11"
        },
        {
          "time": 155120,
          "key": "1Key3"
        },
        {
          "time": 155120,
          "key": "1Key5"
        },
        {
          "time": 155120,
          "key": "1Key7"
        },
        {
          "time": 155120,
          "key": "1Key12"
        },
        {
          "time": 155397,
          "key": "1Key7"
        },
        {
          "time": 155674,
          "key": "1Key5"
        },
        {
          "time": 155674,
          "key": "1Key7"
        },
        {
          "time": 155674,
          "key": "1Key10"
        },
        {
          "time": 155674,
          "key": "1Key12"
        },
        {
          "time": 155951,
          "key": "1Key5"
        },
        {
          "time": 155951,
          "key": "1Key7"
        },
        {
          "time": 155951,
          "key": "1Key12"
        },
        {
          "time": 156228,
          "key": "1Key5"
        },
        {
          "time": 156228,
          "key": "1Key7"
        },
        {
          "time": 156228,
          "key": "1Key12"
        },
        {
          "time": 156505,
          "key": "1Key10"
        },
        {
          "time": 156782,
          "key": "1Key6"
        },
        {
          "time": 156782,
          "key": "1Key7"
        },
        {
          "time": 156782,
          "key": "1Key10"
        },
        {
          "time": 156782,
          "key": "1Key13"
        },
        {
          "time": 157336,
          "key": "1Key0"
        },
        {
          "time": 157336,
          "key": "1Key4"
        },
        {
          "time": 157336,
          "key": "1Key9"
        },
        {
          "time": 157336,
          "key": "1Key11"
        },
        {
          "time": 157613,
          "key": "1Key2"
        },
        {
          "time": 157890,
          "key": "1Key4"
        },
        {
          "time": 157890,
          "key": "1Key5"
        },
        {
          "time": 157890,
          "key": "1Key9"
        },
        {
          "time": 157890,
          "key": "1Key12"
        },
        {
          "time": 158167,
          "key": "1Key5"
        },
        {
          "time": 158167,
          "key": "1Key7"
        },
        {
          "time": 158167,
          "key": "1Key9"
        },
        {
          "time": 158167,
          "key": "1Key12"
        },
        {
          "time": 158444,
          "key": "1Key5"
        },
        {
          "time": 158444,
          "key": "1Key9"
        },
        {
          "time": 158444,
          "key": "1Key12"
        },
        {
          "time": 158721,
          "key": "1Key7"
        },
        {
          "time": 158998,
          "key": "1Key4"
        },
        {
          "time": 158998,
          "key": "1Key8"
        },
        {
          "time": 158998,
          "key": "1Key11"
        },
        {
          "time": 159552,
          "key": "1Key4"
        },
        {
          "time": 159552,
          "key": "1Key5"
        },
        {
          "time": 159552,
          "key": "1Key8"
        },
        {
          "time": 159552,
          "key": "1Key12"
        },
        {
          "time": 159829,
          "key": "1Key8"
        },
        {
          "time": 160106,
          "key": "1Key5"
        },
        {
          "time": 160106,
          "key": "1Key8"
        },
        {
          "time": 160106,
          "key": "1Key11"
        },
        {
          "time": 160106,
          "key": "1Key12"
        },
        {
          "time": 160383,
          "key": "1Key5"
        },
        {
          "time": 160383,
          "key": "1Key8"
        },
        {
          "time": 160383,
          "key": "1Key12"
        },
        {
          "time": 160383,
          "key": "1Key13"
        },
        {
          "time": 160660,
          "key": "1Key5"
        },
        {
          "time": 160660,
          "key": "1Key8"
        },
        {
          "time": 160660,
          "key": "1Key12"
        },
        {
          "time": 160937,
          "key": "1Key11"
        },
        {
          "time": 161214,
          "key": "1Key4"
        },
        {
          "time": 161214,
          "key": "1Key6"
        },
        {
          "time": 161214,
          "key": "1Key8"
        },
        {
          "time": 161214,
          "key": "1Key11"
        },
        {
          "time": 161768,
          "key": "1Key5"
        },
        {
          "time": 161768,
          "key": "1Key9"
        },
        {
          "time": 161768,
          "key": "1Key12"
        },
        {
          "time": 162045,
          "key": "1Key2"
        },
        {
          "time": 162322,
          "key": "1Key5"
        },
        {
          "time": 162599,
          "key": "1Key5"
        },
        {
          "time": 162599,
          "key": "1Key9"
        },
        {
          "time": 162599,
          "key": "1Key12"
        },
        {
          "time": 162876,
          "key": "1Key5"
        },
        {
          "time": 162876,
          "key": "1Key9"
        },
        {
          "time": 162876,
          "key": "1Key12"
        },
        {
          "time": 163153,
          "key": "1Key5"
        },
        {
          "time": 163153,
          "key": "1Key9"
        },
        {
          "time": 163430,
          "key": "1Key2"
        },
        {
          "time": 163430,
          "key": "1Key4"
        },
        {
          "time": 163430,
          "key": "1Key8"
        },
        {
          "time": 163430,
          "key": "1Key11"
        },
        {
          "time": 163984,
          "key": "1Key3"
        },
        {
          "time": 163984,
          "key": "1Key5"
        },
        {
          "time": 163984,
          "key": "1Key7"
        },
        {
          "time": 163984,
          "key": "1Key12"
        },
        {
          "time": 164261,
          "key": "1Key7"
        },
        {
          "time": 164538,
          "key": "1Key5"
        },
        {
          "time": 164538,
          "key": "1Key7"
        },
        {
          "time": 164538,
          "key": "1Key10"
        },
        {
          "time": 164538,
          "key": "1Key12"
        },
        {
          "time": 164815,
          "key": "1Key5"
        },
        {
          "time": 164815,
          "key": "1Key7"
        },
        {
          "time": 164815,
          "key": "1Key12"
        },
        {
          "time": 165092,
          "key": "1Key5"
        },
        {
          "time": 165092,
          "key": "1Key7"
        },
        {
          "time": 165092,
          "key": "1Key12"
        },
        {
          "time": 165369,
          "key": "1Key10"
        },
        {
          "time": 165646,
          "key": "1Key6"
        },
        {
          "time": 165646,
          "key": "1Key7"
        },
        {
          "time": 165646,
          "key": "1Key10"
        },
        {
          "time": 165646,
          "key": "1Key13"
        },
        {
          "time": 166200,
          "key": "1Key0"
        },
        {
          "time": 166200,
          "key": "1Key4"
        },
        {
          "time": 166200,
          "key": "1Key9"
        },
        {
          "time": 166200,
          "key": "1Key11"
        },
        {
          "time": 166477,
          "key": "1Key4"
        },
        {
          "time": 166477,
          "key": "1Key11"
        },
        {
          "time": 166754,
          "key": "1Key7"
        },
        {
          "time": 166754,
          "key": "1Key9"
        },
        {
          "time": 167031,
          "key": "1Key9"
        },
        {
          "time": 167308,
          "key": "1Key9"
        },
        {
          "time": 167585,
          "key": "1Key7"
        },
        {
          "time": 167585,
          "key": "1Key9"
        },
        {
          "time": 167862,
          "key": "1Key4"
        },
        {
          "time": 167862,
          "key": "1Key10"
        },
        {
          "time": 168139,
          "key": "1Key9"
        },
        {
          "time": 168416,
          "key": "1Key4"
        },
        {
          "time": 168693,
          "key": "1Key6"
        },
        {
          "time": 168693,
          "key": "1Key9"
        },
        {
          "time": 168970,
          "key": "1Key8"
        },
        {
          "time": 168970,
          "key": "1Key11"
        },
        {
          "time": 169247,
          "key": "1Key7"
        },
        {
          "time": 169247,
          "key": "1Key13"
        },
        {
          "time": 169801,
          "key": "1Key11"
        },
        {
          "time": 170078,
          "key": "1Key8"
        },
        {
          "time": 170632,
          "key": "1Key5"
        },
        {
          "time": 170632,
          "key": "1Key12"
        },
        {
          "time": 170909,
          "key": "1Key2"
        },
        {
          "time": 171186,
          "key": "1Key5"
        },
        {
          "time": 171463,
          "key": "1Key5"
        },
        {
          "time": 171463,
          "key": "1Key12"
        },
        {
          "time": 171740,
          "key": "1Key5"
        },
        {
          "time": 171740,
          "key": "1Key12"
        },
        {
          "time": 172017,
          "key": "1Key5"
        },
        {
          "time": 172294,
          "key": "1Key2"
        },
        {
          "time": 172294,
          "key": "1Key4"
        },
        {
          "time": 172294,
          "key": "1Key8"
        },
        {
          "time": 172294,
          "key": "1Key11"
        },
        {
          "time": 172848,
          "key": "1Key3"
        },
        {
          "time": 172848,
          "key": "1Key5"
        },
        {
          "time": 172848,
          "key": "1Key7"
        },
        {
          "time": 172848,
          "key": "1Key12"
        },
        {
          "time": 173125,
          "key": "1Key7"
        },
        {
          "time": 173402,
          "key": "1Key5"
        },
        {
          "time": 173402,
          "key": "1Key7"
        },
        {
          "time": 173402,
          "key": "1Key10"
        },
        {
          "time": 173402,
          "key": "1Key12"
        },
        {
          "time": 173679,
          "key": "1Key5"
        },
        {
          "time": 173679,
          "key": "1Key7"
        },
        {
          "time": 173679,
          "key": "1Key12"
        },
        {
          "time": 173956,
          "key": "1Key5"
        },
        {
          "time": 173956,
          "key": "1Key7"
        },
        {
          "time": 173956,
          "key": "1Key12"
        },
        {
          "time": 174233,
          "key": "1Key10"
        },
        {
          "time": 174510,
          "key": "1Key6"
        },
        {
          "time": 174510,
          "key": "1Key7"
        },
        {
          "time": 174510,
          "key": "1Key10"
        },
        {
          "time": 174510,
          "key": "1Key13"
        },
        {
          "time": 175064,
          "key": "1Key0"
        },
        {
          "time": 175064,
          "key": "1Key4"
        },
        {
          "time": 175064,
          "key": "1Key9"
        },
        {
          "time": 175064,
          "key": "1Key11"
        },
        {
          "time": 175341,
          "key": "1Key4"
        },
        {
          "time": 175341,
          "key": "1Key11"
        },
        {
          "time": 175618,
          "key": "1Key7"
        },
        {
          "time": 175618,
          "key": "1Key9"
        },
        {
          "time": 175895,
          "key": "1Key9"
        },
        {
          "time": 176172,
          "key": "1Key9"
        },
        {
          "time": 176449,
          "key": "1Key7"
        },
        {
          "time": 176449,
          "key": "1Key9"
        },
        {
          "time": 176726,
          "key": "1Key4"
        },
        {
          "time": 176726,
          "key": "1Key10"
        },
        {
          "time": 177003,
          "key": "1Key9"
        },
        {
          "time": 177280,
          "key": "1Key4"
        },
        {
          "time": 177557,
          "key": "1Key8"
        },
        {
          "time": 177557,
          "key": "1Key9"
        },
        {
          "time": 177834,
          "key": "1Key8"
        },
        {
          "time": 177834,
          "key": "1Key11"
        },
        {
          "time": 178111,
          "key": "1Key7"
        },
        {
          "time": 178111,
          "key": "1Key13"
        },
        {
          "time": 178665,
          "key": "1Key11"
        },
        {
          "time": 178942,
          "key": "1Key2"
        },
        {
          "time": 178942,
          "key": "1Key6"
        },
        {
          "time": 178942,
          "key": "1Key13"
        },
        {
          "time": 179496,
          "key": "1Key5"
        },
        {
          "time": 179496,
          "key": "1Key12"
        },
        {
          "time": 183928,
          "key": "1Key5"
        },
        {
          "time": 183928,
          "key": "1Key12"
        },
        {
          "time": 184205,
          "key": "1Key7"
        },
        {
          "time": 184482,
          "key": "1Key9"
        },
        {
          "time": 184759,
          "key": "1Key7"
        },
        {
          "time": 184759,
          "key": "1Key12"
        },
        {
          "time": 185036,
          "key": "1Key9"
        },
        {
          "time": 185313,
          "key": "1Key7"
        },
        {
          "time": 185590,
          "key": "1Key9"
        },
        {
          "time": 185590,
          "key": "1Key11"
        },
        {
          "time": 185867,
          "key": "1Key7"
        },
        {
          "time": 186144,
          "key": "1Key3"
        },
        {
          "time": 186144,
          "key": "1Key12"
        },
        {
          "time": 186421,
          "key": "1Key7"
        },
        {
          "time": 186698,
          "key": "1Key10"
        },
        {
          "time": 186698,
          "key": "1Key12"
        },
        {
          "time": 186975,
          "key": "1Key7"
        },
        {
          "time": 186975,
          "key": "1Key12"
        },
        {
          "time": 187252,
          "key": "1Key10"
        },
        {
          "time": 187252,
          "key": "1Key12"
        },
        {
          "time": 187529,
          "key": "1Key7"
        },
        {
          "time": 187806,
          "key": "1Key10"
        },
        {
          "time": 187806,
          "key": "1Key13"
        },
        {
          "time": 188083,
          "key": "1Key7"
        },
        {
          "time": 188360,
          "key": "1Key0"
        },
        {
          "time": 188360,
          "key": "1Key11"
        },
        {
          "time": 188637,
          "key": "1Key4"
        },
        {
          "time": 188914,
          "key": "1Key7"
        },
        {
          "time": 188914,
          "key": "1Key12"
        },
        {
          "time": 189191,
          "key": "1Key4"
        },
        {
          "time": 189191,
          "key": "1Key12"
        },
        {
          "time": 189468,
          "key": "1Key7"
        },
        {
          "time": 189468,
          "key": "1Key12"
        },
        {
          "time": 189745,
          "key": "1Key4"
        },
        {
          "time": 190022,
          "key": "1Key7"
        },
        {
          "time": 190022,
          "key": "1Key11"
        },
        {
          "time": 190299,
          "key": "1Key4"
        },
        {
          "time": 190576,
          "key": "1Key4"
        },
        {
          "time": 190576,
          "key": "1Key12"
        },
        {
          "time": 190853,
          "key": "1Key6"
        },
        {
          "time": 191130,
          "key": "1Key8"
        },
        {
          "time": 191130,
          "key": "1Key12"
        },
        {
          "time": 191407,
          "key": "1Key6"
        },
        {
          "time": 191407,
          "key": "1Key12"
        },
        {
          "time": 191684,
          "key": "1Key8"
        },
        {
          "time": 191684,
          "key": "1Key12"
        },
        {
          "time": 191961,
          "key": "1Key6"
        },
        {
          "time": 192238,
          "key": "1Key8"
        },
        {
          "time": 192238,
          "key": "1Key11"
        },
        {
          "time": 192515,
          "key": "1Key6"
        },
        {
          "time": 192792,
          "key": "1Key5"
        },
        {
          "time": 192792,
          "key": "1Key12"
        },
        {
          "time": 193069,
          "key": "1Key7"
        },
        {
          "time": 193346,
          "key": "1Key9"
        },
        {
          "time": 193346,
          "key": "1Key12"
        },
        {
          "time": 193623,
          "key": "1Key7"
        },
        {
          "time": 193623,
          "key": "1Key12"
        },
        {
          "time": 193900,
          "key": "1Key9"
        },
        {
          "time": 193900,
          "key": "1Key12"
        },
        {
          "time": 194177,
          "key": "1Key7"
        },
        {
          "time": 194454,
          "key": "1Key9"
        },
        {
          "time": 194454,
          "key": "1Key11"
        },
        {
          "time": 194731,
          "key": "1Key7"
        },
        {
          "time": 195008,
          "key": "1Key3"
        },
        {
          "time": 195008,
          "key": "1Key12"
        },
        {
          "time": 195285,
          "key": "1Key7"
        },
        {
          "time": 195562,
          "key": "1Key10"
        },
        {
          "time": 195562,
          "key": "1Key12"
        },
        {
          "time": 195839,
          "key": "1Key7"
        },
        {
          "time": 195839,
          "key": "1Key12"
        },
        {
          "time": 196116,
          "key": "1Key10"
        },
        {
          "time": 196116,
          "key": "1Key12"
        },
        {
          "time": 196393,
          "key": "1Key7"
        },
        {
          "time": 196670,
          "key": "1Key10"
        },
        {
          "time": 196670,
          "key": "1Key13"
        },
        {
          "time": 196947,
          "key": "1Key7"
        },
        {
          "time": 197224,
          "key": "1Key0"
        },
        {
          "time": 197224,
          "key": "1Key11"
        },
        {
          "time": 197501,
          "key": "1Key4"
        },
        {
          "time": 197778,
          "key": "1Key7"
        },
        {
          "time": 197778,
          "key": "1Key12"
        },
        {
          "time": 198055,
          "key": "1Key4"
        },
        {
          "time": 198055,
          "key": "1Key12"
        },
        {
          "time": 198332,
          "key": "1Key7"
        },
        {
          "time": 198332,
          "key": "1Key12"
        },
        {
          "time": 198609,
          "key": "1Key4"
        },
        {
          "time": 198886,
          "key": "1Key7"
        },
        {
          "time": 198886,
          "key": "1Key11"
        },
        {
          "time": 199163,
          "key": "1Key4"
        },
        {
          "time": 199440,
          "key": "1Key4"
        },
        {
          "time": 199440,
          "key": "1Key12"
        },
        {
          "time": 199717,
          "key": "1Key6"
        },
        {
          "time": 199994,
          "key": "1Key8"
        },
        {
          "time": 199994,
          "key": "1Key12"
        },
        {
          "time": 200271,
          "key": "1Key6"
        },
        {
          "time": 200271,
          "key": "1Key12"
        },
        {
          "time": 200548,
          "key": "1Key8"
        },
        {
          "time": 200548,
          "key": "1Key12"
        },
        {
          "time": 200825,
          "key": "1Key6"
        },
        {
          "time": 201102,
          "key": "1Key8"
        },
        {
          "time": 201102,
          "key": "1Key11"
        },
        {
          "time": 201379,
          "key": "1Key6"
        },
        {
          "time": 201656,
          "key": "1Key5"
        },
        {
          "time": 201656,
          "key": "1Key9"
        },
        {
          "time": 201656,
          "key": "1Key12"
        }
      ]
    }
  ]