[
	{
		"name": "Breaking of the Fellowship",
		"bpm": 120,
		"songNotes": [
			{
				"key": "1Key7",
				"time": 700
			},
			{
				"key": "1Key8",
				"time": 1200
			},
			{
				"key": "1Key0",
				"time": 1700
			},
			{
				"key": "1Key4",
				"time": 1700
			},
			{
				"key": "1Key9",
				"time": 1700
			},
			{
				"key": "1Key11",
				"time": 2200
			},
			{
				"key": "1Key2",
				"time": 2700
			},
			{
				"key": "1Key4",
				"time": 2700
			},
			{
				"key": "1Key9",
				"time": 2700
			},
			{
				"key": "1Key8",
				"time": 3200
			},
			{
				"key": "1Key2",
				"time": 3700
			},
			{
				"key": "1Key4",
				"time": 3700
			},
			{
				"key": "1Key7",
				"time": 3700
			},
			{
				"key": "1Key9",
				"time": 4200
			},
			{
				"key": "1Key11",
				"time": 4700
			},
			{
				"key": "1Key3",
				"time": 5200
			},
			{
				"key": "1Key12",
				"time": 5200
			},
			{
				"key": "1Key14",
				"time": 5700
			},
			{
				"key": "1Key13",
				"time": 6200
			},
			{
				"key": "1Key11",
				"time": 6700
			},
			{
				"key": "1Key4",
				"time": 7200
			},
			{
				"key": "1Key7",
				"time": 7200
			},
			{
				"key": "1Key9",
				"time": 7200
			},
			{
				"key": "1Key10",
				"time": 7700
			},
			{
				"key": "1Key9",
				"time": 8200
			},
			{
				"key": "1Key3",
				"time": 8700
			},
			{
				"key": "1Key6",
				"time": 8700
			},
			{
				"key": "1Key8",
				"time": 8700
			},
			{
				"key": "1Key7",
				"time": 9700
			},
			{
				"key": "1Key8",
				"time": 10200
			},
			{
				"key": "1Key0",
				"time": 10700
			},
			{
				"key": "1Key4",
				"time": 10700
			},
			{
				"key": "1Key9",
				"time": 10700
			},
			{
				"key": "1Key11",
				"time": 11200
			},
			{
				"key": "1Key2",
				"time": 11700
			},
			{
				"key": "1Key4",
				"time": 11700
			},
			{
				"key": "1Key9",
				"time": 11700
			},
			{
				"key": "1Key8",
				"time": 12200
			},
			{
				"key": "1Key2",
				"time": 12700
			},
			{
				"key": "1Key4",
				"time": 12700
			},
			{
				"key": "1Key7",
				"time": 12700
			},
			{
				"key": "1Key7",
				"time": 13200
			},
			{
				"key": "1Key9",
				"time": 13700
			},
			{
				"key": "1Key11",
				"time": 14200
			},
			{
				"key": "1Key3",
				"time": 14700
			},
			{
				"key": "1Key5",
				"time": 14700
			},
			{
				"key": "1Key12",
				"time": 14700
			},
			{
				"key": "1Key12",
				"time": 15200
			},
			{
				"key": "1Key11",
				"time": 15700
			},
			{
				"key": "1Key9",
				"time": 16200
			},
			{
				"key": "1Key3",
				"time": 16700
			},
			{
				"key": "1Key6",
				"time": 16700
			},
			{
				"key": "1Key8",
				"time": 16700
			},
			{
				"key": "1Key8",
				"time": 17200
			},
			{
				"key": "1Key7",
				"time": 17700
			},
			{
				"key": "1Key6",
				"time": 18200
			},
			{
				"key": "1Key0",
				"time": 18700
			},
			{
				"key": "1Key2",
				"time": 18700
			},
			{
				"key": "1Key4",
				"time": 18700
			},
			{
				"key": "1Key7",
				"time": 18700
			}
		]
	}
]