[
    {
      "name": "Lord Of The Rings CM",
      "bpm": 240,
      "songNotes": [
        {
          "time": 1066,
          "key": "Key2"
        },
        {
          "time": 1066,
          "key": "Key5"
        },
        {
          "time": 1066,
          "key": "Key12"
        },
        {
          "time": 2398,
          "key": "Key0"
        },
        {
          "time": 2398,
          "key": "Key2"
        },
        {
          "time": 2398,
          "key": "Key4"
        },
        {
          "time": 2398,
          "key": "Key11"
        },
        {
          "time": 3230,
          "key": "Key0"
        },
        {
          "time": 3230,
          "key": "Key2"
        },
        {
          "time": 3230,
          "key": "Key11"
        },
        {
          "time": 3396,
          "key": "Key0"
        },
        {
          "time": 3396,
          "key": "Key2"
        },
        {
          "time": 3396,
          "key": "Key11"
        },
        {
          "time": 3562,
          "key": "Key2"
        },
        {
          "time": 3562,
          "key": "Key5"
        },
        {
          "time": 3562,
          "key": "Key12"
        },
        {
          "time": 5310,
          "key": "Key8"
        },
        {
          "time": 5476,
          "key": "Key9"
        },
        {
          "time": 5642,
          "key": "Key0"
        },
        {
          "time": 5642,
          "key": "Key3"
        },
        {
          "time": 5642,
          "key": "Key10"
        },
        {
          "time": 6474,
          "key": "Key9"
        },
        {
          "time": 6640,
          "key": "Key8"
        },
        {
          "time": 6806,
          "key": "Key0"
        },
        {
          "time": 6806,
          "key": "Key2"
        },
        {
          "time": 6806,
          "key": "Key7"
        },
        {
          "time": 7638,
          "key": "Key8"
        },
        {
          "time": 7804,
          "key": "Key9"
        },
        {
          "time": 7970,
          "key": "Key1"
        },
        {
          "time": 7970,
          "key": "Key3"
        },
        {
          "time": 7970,
          "key": "Key8"
        },
        {
          "time": 9135,
          "key": "Key7"
        },
        {
          "time": 9884,
          "key": "Key6"
        },
        {
          "time": 10217,
          "key": "Key0"
        },
        {
          "time": 10217,
          "key": "Key2"
        },
        {
          "time": 10217,
          "key": "Key5"
        },
        {
          "time": 11299,
          "key": "Key4"
        },
        {
          "time": 12131,
          "key": "Key4"
        },
        {
          "time": 12297,
          "key": "Key4"
        },
        {
          "time": 12463,
          "key": "Key0"
        },
        {
          "time": 12463,
          "key": "Key5"
        },
        {
          "time": 14294,
          "key": "Key8"
        },
        {
          "time": 14460,
          "key": "Key9"
        },
        {
          "time": 14709,
          "key": "Key0"
        },
        {
          "time": 14709,
          "key": "Key3"
        },
        {
          "time": 14709,
          "key": "Key10"
        },
        {
          "time": 15541,
          "key": "Key9"
        },
        {
          "time": 15707,
          "key": "Key10"
        },
        {
          "time": 15956,
          "key": "Key1"
        },
        {
          "time": 15956,
          "key": "Key4"
        },
        {
          "time": 15956,
          "key": "Key11"
        },
        {
          "time": 16871,
          "key": "Key9"
        },
        {
          "time": 17370,
          "key": "Key11"
        },
        {
          "time": 17869,
          "key": "Key2"
        },
        {
          "time": 17869,
          "key": "Key5"
        },
        {
          "time": 17869,
          "key": "Key12"
        }
      ]
    }
  ]