[{"name":"Marry had a little lamb","bpm":200,"bitsPerPage":16,"pitchLevel":0,"isComposed":false,"songNotes":[{"time":755,"key":"1Key9"},{"time":1229,"key":"1Key8"},{"time":1675,"key":"1Key7"},{"time":2153,"key":"1Key8"},{"time":2612,"key":"1Key9"},{"time":3058,"key":"1Key9"},{"time":3520,"key":"1Key9"},{"time":4329,"key":"1Key8"},{"time":4770,"key":"1Key8"},{"time":5252,"key":"1Key8"},{"time":6012,"key":"1Key9"},{"time":6479,"key":"1Key11"},{"time":6936,"key":"1Key11"},{"time":7719,"key":"1Key9"},{"time":8103,"key":"1Key8"},{"time":8491,"key":"1Key7"},{"time":8886,"key":"1Key8"},{"time":9278,"key":"1Key9"},{"time":9702,"key":"1Key9"},{"time":10102,"key":"1Key9"},{"time":10795,"key":"1Key8"},{"time":11182,"key":"1Key8"},{"time":11537,"key":"1Key9"},{"time":11894,"key":"1Key8"},{"time":12242,"key":"1Key7"}]}]