[{"name":"Michael Jackson - Smooth Criminal  (Specy)","bpm":450,"bitsPerPage":16,"pitchLevel":3,"isComposed":true,"songNotes":[{"time":400,"key":"1Key5"},{"time":666,"key":"1Key5"},{"time":799,"key":"1Key5"},{"time":932,"key":"1Key4"},{"time":1065,"key":"1Key5"},{"time":1198,"key":"1Key6"},{"time":1464,"key":"1Key6"},{"time":1996,"key":"1Key5"},{"time":2129,"key":"1Key6"},{"time":2262,"key":"1Key7"},{"time":2528,"key":"1Key7"},{"time":3060,"key":"1Key6"},{"time":3193,"key":"1Key7"},{"time":3326,"key":"1Key6"},{"time":3459,"key":"1Key6"},{"time":3592,"key":"1Key4"},{"time":4124,"key":"1Key5"},{"time":4656,"key":"1Key5"},{"time":4922,"key":"1Key5"},{"time":5055,"key":"1Key5"},{"time":5188,"key":"1Key4"},{"time":5321,"key":"1Key5"},{"time":5454,"key":"1Key6"},{"time":5720,"key":"1Key6"},{"time":6252,"key":"1Key5"},{"time":6385,"key":"1Key6"},{"time":6518,"key":"1Key7"},{"time":6784,"key":"1Key7"},{"time":7316,"key":"1Key6"},{"time":7449,"key":"1Key7"},{"time":7582,"key":"1Key6"},{"time":7715,"key":"1Key6"},{"time":7848,"key":"1Key4"},{"time":8380,"key":"1Key5"},{"time":8912,"key":"1Key5"},{"time":9178,"key":"1Key5"},{"time":9311,"key":"1Key5"},{"time":9444,"key":"1Key4"},{"time":9577,"key":"1Key5"},{"time":9710,"key":"1Key6"},{"time":9976,"key":"1Key6"},{"time":10508,"key":"1Key5"},{"time":10641,"key":"1Key6"},{"time":10774,"key":"1Key7"},{"time":11040,"key":"1Key7"},{"time":11572,"key":"1Key6"},{"time":11705,"key":"1Key7"},{"time":11838,"key":"1Key6"},{"time":12104,"key":"1Key4"},{"time":12636,"key":"1Key5"},{"time":13168,"key":"1Key5"},{"time":13434,"key":"1Key5"},{"time":13567,"key":"1Key5"},{"time":13700,"key":"1Key4"},{"time":13833,"key":"1Key5"},{"time":13966,"key":"1Key6"},{"time":14232,"key":"1Key6"},{"time":14764,"key":"1Key5"},{"time":14897,"key":"1Key6"},{"time":15030,"key":"1Key7"},{"time":15296,"key":"1Key7"},{"time":15828,"key":"1Key6"},{"time":15961,"key":"1Key7"},{"time":16094,"key":"1Key6"},{"time":16360,"key":"1Key4"},{"time":16892,"key":"1Key0"},{"time":16892,"key":"1Key2"},{"time":16892,"key":"1Key5"},{"time":17424,"key":"1Key5"},{"time":17557,"key":"1Key5"},{"time":17690,"key":"1Key5"},{"time":17823,"key":"1Key5"},{"time":17956,"key":"1Key4"},{"time":18089,"key":"1Key5"},{"time":18222,"key":"1Key6"},{"time":18222,"key":"1Key8"},{"time":18488,"key":"1Key6"},{"time":18488,"key":"1Key8"},{"time":19020,"key":"1Key5"},{"time":19153,"key":"1Key6"},{"time":19286,"key":"1Key7"},{"time":19286,"key":"1Key9"},{"time":19552,"key":"1Key7"},{"time":19552,"key":"1Key9"},{"time":20084,"key":"1Key6"},{"time":20217,"key":"1Key7"},{"time":20350,"key":"1Key6"},{"time":20350,"key":"1Key8"},{"time":20616,"key":"1Key4"},{"time":20616,"key":"1Key6"},{"time":20616,"key":"1Key8"},{"time":21148,"key":"1Key5"},{"time":21148,"key":"1Key7"},{"time":21680,"key":"1Key5"},{"time":21813,"key":"1Key5"},{"time":21946,"key":"1Key5"},{"time":22079,"key":"1Key5"},{"time":22212,"key":"1Key4"},{"time":22345,"key":"1Key5"},{"time":22478,"key":"1Key6"},{"time":22478,"key":"1Key8"},{"time":22744,"key":"1Key6"},{"time":22744,"key":"1Key8"},{"time":23143,"key":"1Key5"},{"time":23276,"key":"1Key5"},{"time":23409,"key":"1Key6"},{"time":23542,"key":"1Key7"},{"time":23542,"key":"1Key9"},{"time":23808,"key":"1Key7"},{"time":23808,"key":"1Key9"},{"time":24340,"key":"1Key6"},{"time":24473,"key":"1Key7"},{"time":24606,"key":"1Key6"},{"time":24606,"key":"1Key8"},{"time":24872,"key":"1Key4"},{"time":24872,"key":"1Key6"},{"time":24872,"key":"1Key8"},{"time":25404,"key":"1Key5"},{"time":25404,"key":"1Key7"},{"time":25936,"key":"1Key5"},{"time":26069,"key":"1Key5"},{"time":26202,"key":"1Key5"},{"time":26335,"key":"1Key5"},{"time":26468,"key":"1Key4"},{"time":26601,"key":"1Key5"},{"time":26734,"key":"1Key6"},{"time":26734,"key":"1Key8"},{"time":27000,"key":"1Key6"},{"time":27000,"key":"1Key8"},{"time":27532,"key":"1Key5"},{"time":27665,"key":"1Key6"},{"time":27798,"key":"1Key7"},{"time":27798,"key":"1Key9"},{"time":28064,"key":"1Key7"},{"time":28064,"key":"1Key9"},{"time":28596,"key":"1Key6"},{"time":28729,"key":"1Key7"},{"time":28862,"key":"1Key6"},{"time":28862,"key":"1Key8"},{"time":29128,"key":"1Key4"},{"time":29128,"key":"1Key6"},{"time":29128,"key":"1Key8"},{"time":29660,"key":"1Key5"},{"time":29660,"key":"1Key7"},{"time":30192,"key":"1Key5"},{"time":30325,"key":"1Key5"},{"time":30458,"key":"1Key5"},{"time":30591,"key":"1Key5"},{"time":30724,"key":"1Key4"},{"time":30857,"key":"1Key5"},{"time":30990,"key":"1Key6"},{"time":30990,"key":"1Key8"},{"time":31256,"key":"1Key6"},{"time":31256,"key":"1Key8"},{"time":31788,"key":"1Key5"},{"time":31921,"key":"1Key6"},{"time":32054,"key":"1Key7"},{"time":32054,"key":"1Key9"},{"time":32320,"key":"1Key7"},{"time":32320,"key":"1Key9"},{"time":32852,"key":"1Key6"},{"time":32985,"key":"1Key7"},{"time":33118,"key":"1Key6"},{"time":33118,"key":"1Key8"},{"time":33384,"key":"1Key4"},{"time":33384,"key":"1Key6"},{"time":33384,"key":"1Key8"},{"time":33916,"key":"1Key0"},{"time":33916,"key":"1Key2"},{"time":33916,"key":"1Key3"},{"time":33916,"key":"1Key5"},{"time":33916,"key":"1Key7"},{"time":34182,"key":"1Key5"},{"time":34315,"key":"1Key5"},{"time":34448,"key":"1Key5"},{"time":34581,"key":"1Key9"},{"time":34714,"key":"1Key8"},{"time":34980,"key":"1Key5"},{"time":35512,"key":"1Key5"},{"time":35778,"key":"1Key5"},{"time":35911,"key":"1Key5"},{"time":36044,"key":"1Key5"},{"time":36177,"key":"1Key9"},{"time":36310,"key":"1Key8"},{"time":36576,"key":"1Key5"},{"time":37108,"key":"1Key5"},{"time":37241,"key":"1Key5"},{"time":37374,"key":"1Key1"},{"time":37374,"key":"1Key4"},{"time":37374,"key":"1Key6"},{"time":37640,"key":"1Key4"},{"time":37906,"key":"1Key4"},{"time":38039,"key":"1Key5"},{"time":38172,"key":"1Key0"},{"time":38172,"key":"1Key3"},{"time":38172,"key":"1Key5"},{"time":38438,"key":"1Key5"},{"time":38571,"key":"1Key5"},{"time":38704,"key":"1Key5"},{"time":38837,"key":"1Key9"},{"time":38970,"key":"1Key8"},{"time":39236,"key":"1Key5"},{"time":39768,"key":"1Key5"},{"time":40034,"key":"1Key5"},{"time":40167,"key":"1Key5"},{"time":40300,"key":"1Key5"},{"time":40433,"key":"1Key9"},{"time":40566,"key":"1Key8"},{"time":40832,"key":"1Key5"},{"time":41364,"key":"1Key5"},{"time":41497,"key":"1Key5"},{"time":41630,"key":"1Key1"},{"time":41630,"key":"1Key4"},{"time":41630,"key":"1Key6"},{"time":41630,"key":"1Key11"},{"time":41896,"key":"1Key4"},{"time":42162,"key":"1Key4"},{"time":42295,"key":"1Key6"},{"time":42428,"key":"1Key0"},{"time":42428,"key":"1Key3"},{"time":42428,"key":"1Key5"},{"time":42428,"key":"1Key10"},{"time":42694,"key":"1Key5"},{"time":42827,"key":"1Key5"},{"time":42960,"key":"1Key5"},{"time":43093,"key":"1Key9"},{"time":43226,"key":"1Key8"},{"time":43492,"key":"1Key5"},{"time":44024,"key":"1Key5"},{"time":44290,"key":"1Key5"},{"time":44423,"key":"1Key5"},{"time":44556,"key":"1Key5"},{"time":44689,"key":"1Key9"},{"time":44822,"key":"1Key8"},{"time":45088,"key":"1Key5"},{"time":45620,"key":"1Key5"},{"time":45753,"key":"1Key5"},{"time":45886,"key":"1Key1"},{"time":45886,"key":"1Key4"},{"time":45886,"key":"1Key6"},{"time":45886,"key":"1Key11"},{"time":46152,"key":"1Key4"},{"time":46418,"key":"1Key4"},{"time":46551,"key":"1Key5"},{"time":46684,"key":"1Key0"},{"time":46684,"key":"1Key3"},{"time":46684,"key":"1Key5"},{"time":46684,"key":"1Key10"},{"time":46950,"key":"1Key5"},{"time":47083,"key":"1Key5"},{"time":47216,"key":"1Key5"},{"time":47349,"key":"1Key9"},{"time":47482,"key":"1Key8"},{"time":47748,"key":"1Key5"},{"time":48280,"key":"1Key9"},{"time":48546,"key":"1Key9"},{"time":48679,"key":"1Key9"},{"time":48812,"key":"1Key9"},{"time":48945,"key":"1Key9"},{"time":49078,"key":"1Key2"},{"time":49078,"key":"1Key4"},{"time":49078,"key":"1Key9"},{"time":49078,"key":"1Key11"},{"time":49344,"key":"1Key9"},{"time":49876,"key":"1Key10"},{"time":50009,"key":"1Key9"},{"time":50142,"key":"1Key11"},{"time":50408,"key":"1Key9"},{"time":50674,"key":"1Key11"},{"time":50940,"key":"1Key0"},{"time":50940,"key":"1Key2"},{"time":50940,"key":"1Key12"},{"time":50940,"key":"1Key14"},{"time":51472,"key":"1Key1"},{"time":51738,"key":"1Key9"},{"time":51738,"key":"1Key14"},{"time":51871,"key":"1Key9"},{"time":51871,"key":"1Key14"},{"time":52004,"key":"1Key9"},{"time":52004,"key":"1Key14"},{"time":52137,"key":"1Key9"},{"time":52137,"key":"1Key14"},{"time":52270,"key":"1Key6"},{"time":52270,"key":"1Key8"},{"time":52270,"key":"1Key11"},{"time":52270,"key":"1Key13"},{"time":52536,"key":"1Key6"},{"time":52536,"key":"1Key11"},{"time":53068,"key":"1Key7"},{"time":53068,"key":"1Key12"},{"time":53201,"key":"1Key8"},{"time":53201,"key":"1Key13"},{"time":53334,"key":"1Key5"},{"time":53334,"key":"1Key7"},{"time":53334,"key":"1Key10"},{"time":53334,"key":"1Key12"},{"time":53600,"key":"1Key5"},{"time":53600,"key":"1Key10"},{"time":54132,"key":"1Key7"},{"time":54132,"key":"1Key12"},{"time":54265,"key":"1Key7"},{"time":54265,"key":"1Key12"},{"time":54398,"key":"1Key6"},{"time":54398,"key":"1Key8"},{"time":54398,"key":"1Key11"},{"time":54398,"key":"1Key13"},{"time":54664,"key":"1Key4"},{"time":54664,"key":"1Key9"},{"time":55196,"key":"1Key0"},{"time":55196,"key":"1Key7"},{"time":55196,"key":"1Key12"},{"time":55196,"key":"1Key14"},{"time":55462,"key":"1Key0"},{"time":55462,"key":"1Key2"},{"time":55728,"key":"1Key9"},{"time":55728,"key":"1Key14"},{"time":55861,"key":"1Key9"},{"time":55861,"key":"1Key14"},{"time":55994,"key":"1Key9"},{"time":55994,"key":"1Key14"},{"time":56260,"key":"1Key9"},{"time":56260,"key":"1Key14"},{"time":56393,"key":"1Key9"},{"time":56393,"key":"1Key14"},{"time":56526,"key":"1Key6"},{"time":56526,"key":"1Key8"},{"time":56526,"key":"1Key11"},{"time":56526,"key":"1Key13"},{"time":56792,"key":"1Key6"},{"time":56792,"key":"1Key11"},{"time":57324,"key":"1Key7"},{"time":57324,"key":"1Key14"},{"time":57457,"key":"1Key8"},{"time":57590,"key":"1Key5"},{"time":57590,"key":"1Key7"},{"time":57590,"key":"1Key10"},{"time":57590,"key":"1Key12"},{"time":57856,"key":"1Key5"},{"time":57856,"key":"1Key10"},{"time":58388,"key":"1Key7"},{"time":58388,"key":"1Key12"},{"time":58521,"key":"1Key7"},{"time":58521,"key":"1Key12"},{"time":58654,"key":"1Key4"},{"time":58654,"key":"1Key6"},{"time":58654,"key":"1Key9"},{"time":58654,"key":"1Key11"},{"time":58920,"key":"1Key6"},{"time":58920,"key":"1Key11"},{"time":59186,"key":"1Key9"},{"time":59186,"key":"1Key13"},{"time":59452,"key":"1Key0"},{"time":59452,"key":"1Key7"},{"time":59452,"key":"1Key12"},{"time":59452,"key":"1Key14"},{"time":59984,"key":"1Key9"},{"time":59984,"key":"1Key14"},{"time":60117,"key":"1Key9"},{"time":60117,"key":"1Key14"},{"time":60250,"key":"1Key9"},{"time":60250,"key":"1Key14"},{"time":60383,"key":"1Key9"},{"time":60383,"key":"1Key14"},{"time":60516,"key":"1Key9"},{"time":60516,"key":"1Key14"},{"time":60649,"key":"1Key9"},{"time":60649,"key":"1Key14"},{"time":60782,"key":"1Key6"},{"time":60782,"key":"1Key8"},{"time":60782,"key":"1Key11"},{"time":60782,"key":"1Key13"},{"time":61048,"key":"1Key6"},{"time":61048,"key":"1Key11"},{"time":61447,"key":"1Key7"},{"time":61447,"key":"1Key12"},{"time":61580,"key":"1Key7"},{"time":61580,"key":"1Key12"},{"time":61713,"key":"1Key7"},{"time":61713,"key":"1Key8"},{"time":61713,"key":"1Key13"},{"time":61846,"key":"1Key5"},{"time":61846,"key":"1Key7"},{"time":61846,"key":"1Key10"},{"time":61846,"key":"1Key12"},{"time":62112,"key":"1Key5"},{"time":62112,"key":"1Key10"},{"time":62644,"key":"1Key7"},{"time":62644,"key":"1Key12"},{"time":62777,"key":"1Key7"},{"time":62777,"key":"1Key12"},{"time":62910,"key":"1Key6"},{"time":62910,"key":"1Key8"},{"time":62910,"key":"1Key11"},{"time":62910,"key":"1Key13"},{"time":63176,"key":"1Key6"},{"time":63176,"key":"1Key11"},{"time":63708,"key":"1Key0"},{"time":63708,"key":"1Key2"},{"time":63708,"key":"1Key12"},{"time":63708,"key":"1Key14"},{"time":64240,"key":"1Key9"},{"time":64240,"key":"1Key14"},{"time":64373,"key":"1Key9"},{"time":64373,"key":"1Key14"},{"time":64506,"key":"1Key9"},{"time":64506,"key":"1Key14"},{"time":64639,"key":"1Key9"},{"time":64639,"key":"1Key14"},{"time":64772,"key":"1Key9"},{"time":64772,"key":"1Key14"},{"time":64905,"key":"1Key9"},{"time":64905,"key":"1Key14"},{"time":65038,"key":"1Key6"},{"time":65038,"key":"1Key8"},{"time":65038,"key":"1Key11"},{"time":65038,"key":"1Key13"},{"time":65304,"key":"1Key6"},{"time":65304,"key":"1Key11"},{"time":65836,"key":"1Key7"},{"time":65836,"key":"1Key12"},{"time":65969,"key":"1Key8"},{"time":65969,"key":"1Key13"},{"time":66102,"key":"1Key5"},{"time":66102,"key":"1Key7"},{"time":66102,"key":"1Key10"},{"time":66102,"key":"1Key12"},{"time":66368,"key":"1Key5"},{"time":66368,"key":"1Key10"},{"time":66900,"key":"1Key7"},{"time":66900,"key":"1Key12"},{"time":67033,"key":"1Key7"},{"time":67033,"key":"1Key12"},{"time":67166,"key":"1Key4"},{"time":67166,"key":"1Key6"},{"time":67166,"key":"1Key8"},{"time":67166,"key":"1Key9"},{"time":67166,"key":"1Key11"},{"time":67166,"key":"1Key13"},{"time":67299,"key":"1Key13"},{"time":67432,"key":"1Key6"},{"time":67432,"key":"1Key11"},{"time":67964,"key":"1Key0"},{"time":67964,"key":"1Key2"},{"time":67964,"key":"1Key7"},{"time":67964,"key":"1Key10"},{"time":67964,"key":"1Key12"},{"time":68230,"key":"1Key5"},{"time":68363,"key":"1Key5"},{"time":68496,"key":"1Key5"},{"time":68629,"key":"1Key9"},{"time":68762,"key":"1Key8"},{"time":69028,"key":"1Key5"},{"time":69560,"key":"1Key5"},{"time":69826,"key":"1Key5"},{"time":69959,"key":"1Key5"},{"time":70092,"key":"1Key5"},{"time":70225,"key":"1Key9"},{"time":70358,"key":"1Key8"},{"time":70624,"key":"1Key5"},{"time":71156,"key":"1Key5"},{"time":71289,"key":"1Key5"},{"time":71422,"key":"1Key6"},{"time":71422,"key":"1Key8"},{"time":71422,"key":"1Key11"},{"time":71422,"key":"1Key13"},{"time":71555,"key":"1Key6"},{"time":71688,"key":"1Key4"},{"time":71954,"key":"1Key4"},{"time":72087,"key":"1Key5"},{"time":72220,"key":"1Key5"},{"time":72220,"key":"1Key7"},{"time":72220,"key":"1Key10"},{"time":72220,"key":"1Key12"},{"time":72486,"key":"1Key5"},{"time":72619,"key":"1Key5"},{"time":72752,"key":"1Key5"},{"time":72885,"key":"1Key9"},{"time":73018,"key":"1Key8"},{"time":73284,"key":"1Key5"},{"time":73816,"key":"1Key5"},{"time":74082,"key":"1Key5"},{"time":74215,"key":"1Key5"},{"time":74348,"key":"1Key5"},{"time":74481,"key":"1Key9"},{"time":74614,"key":"1Key8"},{"time":74880,"key":"1Key5"},{"time":75412,"key":"1Key5"},{"time":75545,"key":"1Key5"},{"time":75678,"key":"1Key6"},{"time":75678,"key":"1Key8"},{"time":75678,"key":"1Key11"},{"time":75678,"key":"1Key13"},{"time":75811,"key":"1Key6"},{"time":75944,"key":"1Key4"},{"time":76210,"key":"1Key4"},{"time":76343,"key":"1Key5"},{"time":76476,"key":"1Key0"},{"time":76476,"key":"1Key2"},{"time":76476,"key":"1Key7"},{"time":76476,"key":"1Key10"},{"time":76476,"key":"1Key12"},{"time":76742,"key":"1Key5"},{"time":76875,"key":"1Key5"},{"time":77008,"key":"1Key5"},{"time":77141,"key":"1Key9"},{"time":77274,"key":"1Key8"},{"time":77540,"key":"1Key5"},{"time":78072,"key":"1Key5"},{"time":78338,"key":"1Key5"},{"time":78471,"key":"1Key5"},{"time":78604,"key":"1Key5"},{"time":78737,"key":"1Key9"},{"time":78870,"key":"1Key8"},{"time":79136,"key":"1Key5"},{"time":79668,"key":"1Key5"},{"time":79801,"key":"1Key5"},{"time":79934,"key":"1Key6"},{"time":79934,"key":"1Key8"},{"time":79934,"key":"1Key11"},{"time":79934,"key":"1Key13"},{"time":80200,"key":"1Key4"},{"time":80466,"key":"1Key4"},{"time":80599,"key":"1Key5"},{"time":80732,"key":"1Key0"},{"time":80732,"key":"1Key2"},{"time":80732,"key":"1Key7"},{"time":80732,"key":"1Key10"},{"time":80732,"key":"1Key12"},{"time":80998,"key":"1Key4"},{"time":80998,"key":"1Key6"},{"time":80998,"key":"1Key9"},{"time":80998,"key":"1Key11"},{"time":81264,"key":"1Key7"},{"time":81530,"key":"1Key8"},{"time":81796,"key":"1Key8"},{"time":82062,"key":"1Key4"},{"time":82328,"key":"1Key4"},{"time":82594,"key":"1Key9"},{"time":82860,"key":"1Key7"},{"time":83126,"key":"1Key8"},{"time":83392,"key":"1Key8"},{"time":83658,"key":"1Key4"},{"time":83924,"key":"1Key7"},{"time":84190,"key":"1Key9"},{"time":84589,"key":"1Key8"},{"time":84722,"key":"1Key7"},{"time":84855,"key":"1Key0"},{"time":84855,"key":"1Key2"},{"time":84855,"key":"1Key5"}]}]