[{"name":"Subwoofer Lullaby","bpm":160,"pitchLevel":0,"bitsPerPage":16,"isComposed":"true","songNotes":[{"time":400,"key":"Key0"},{"time":1150,"key":"Key6"},{"time":1900,"key":"Key4"},{"time":2650,"key":"Key6"},{"time":3400,"key":"Key0"},{"time":4150,"key":"Key6"},{"time":4900,"key":"Key4"},{"time":5650,"key":"Key6"},{"time":6400,"key":"Key0"},{"time":6400,"key":"Key6","l":2},{"time":6775,"key":"Key7","l":2},{"time":7150,"key":"Key4"},{"time":7150,"key":"Key6"},{"time":7150,"key":"Key8","l":2},{"time":7525,"key":"Key9","l":2},{"time":7900,"key":"Key2"},{"time":7900,"key":"Key4"},{"time":8275,"key":"Key8","l":2},{"time":8650,"key":"Key4"},{"time":8650,"key":"Key6"},{"time":9025,"key":"Key6","l":2},{"time":9400,"key":"Key0"},{"time":9400,"key":"Key7","l":2},{"time":10150,"key":"Key4"},{"time":10150,"key":"Key6"},{"time":10900,"key":"Key2"},{"time":10900,"key":"Key4"},{"time":11650,"key":"Key4"},{"time":11650,"key":"Key6"},{"time":12400,"key":"Key0"},{"time":12400,"key":"Key6","l":2},{"time":12775,"key":"Key9","l":2},{"time":13150,"key":"Key4"},{"time":13150,"key":"Key6"},{"time":13150,"key":"Key8","l":2},{"time":13525,"key":"Key9","l":2},{"time":13900,"key":"Key2"},{"time":13900,"key":"Key4"},{"time":14275,"key":"Key11","l":2},{"time":14650,"key":"Key4"},{"time":14650,"key":"Key6"},{"time":15025,"key":"Key9","l":2},{"time":15400,"key":"Key0"},{"time":16150,"key":"Key4"},{"time":16150,"key":"Key6"},{"time":16150,"key":"Key8","l":2},{"time":16900,"key":"Key2"},{"time":16900,"key":"Key4"},{"time":17650,"key":"Key4"},{"time":17650,"key":"Key6"},{"time":18400,"key":"Key1"},{"time":18400,"key":"Key10","l":2},{"time":18775,"key":"Key9","l":2},{"time":19150,"key":"Key3"},{"time":19150,"key":"Key5"},{"time":19525,"key":"Key7","l":2},{"time":19900,"key":"Key1"},{"time":20275,"key":"Key5","l":2},{"time":20650,"key":"Key3"},{"time":20650,"key":"Key5"},{"time":20650,"key":"Key7","l":2},{"time":21400,"key":"Key0"},{"time":21400,"key":"Key6","l":2},{"time":21775,"key":"Key4","l":2},{"time":22150,"key":"Key2"},{"time":22150,"key":"Key4"},{"time":22525,"key":"Key9","l":2},{"time":22900,"key":"Key0"},{"time":23275,"key":"Key8","l":2},{"time":23650,"key":"Key2"},{"time":23650,"key":"Key4"},{"time":24025,"key":"Key3"},{"time":24025,"key":"Key9","l":2},{"time":24400,"key":"Key1"},{"time":24400,"key":"Key10","l":2},{"time":24775,"key":"Key9","l":2},{"time":25150,"key":"Key3"},{"time":25150,"key":"Key5"},{"time":25525,"key":"Key7","l":2},{"time":25900,"key":"Key1"},{"time":26275,"key":"Key5","l":2},{"time":26650,"key":"Key3"},{"time":26650,"key":"Key5"},{"time":26650,"key":"Key12","l":2},{"time":27400,"key":"Key2"},{"time":27400,"key":"Key11","l":2},{"time":28150,"key":"Key2"},{"time":28150,"key":"Key4"},{"time":28150,"key":"Key9","l":2},{"time":28525,"key":"Key8","l":2},{"time":28900,"key":"Key2"},{"time":29275,"key":"Key6","l":2},{"time":29650,"key":"Key2"},{"time":29650,"key":"Key4"},{"time":30400,"key":"Key0"},{"time":31150,"key":"Key6"},{"time":31150,"key":"Key11"},{"time":31900,"key":"Key4"},{"time":31900,"key":"Key9"},{"time":32650,"key":"Key6"},{"time":32650,"key":"Key11"},{"time":33400,"key":"Key0"},{"time":34150,"key":"Key6"},{"time":34150,"key":"Key11"},{"time":34900,"key":"Key4"},{"time":34900,"key":"Key9"},{"time":35650,"key":"Key6"},{"time":35650,"key":"Key11"},{"time":36400,"key":"Key0"},{"time":37150,"key":"Key6"},{"time":37150,"key":"Key11"},{"time":37900,"key":"Key4"},{"time":37900,"key":"Key9"},{"time":38650,"key":"Key6"},{"time":38650,"key":"Key11"},{"time":39400,"key":"Key0"},{"time":40150,"key":"Key6"},{"time":40150,"key":"Key11"},{"time":40900,"key":"Key4"},{"time":40900,"key":"Key9"},{"time":41650,"key":"Key6"},{"time":41650,"key":"Key11"}],"fromLibrary":true}]