[{"name":"Somewhere over the rainbow","bpm":480,"pitchLevel":0,"bitsPerPage":16,"isComposed":true,"songNotes":[{"time":400,"key":"Key0"},{"time":400,"key":"Key7"},{"time":915,"key":"Key2"},{"time":1430,"key":"Key4"},{"time":1945,"key":"Key2"},{"time":2460,"key":"Key7"},{"time":2460,"key":"Key14"},{"time":2975,"key":"Key9"},{"time":3490,"key":"Key11"},{"time":4005,"key":"Key2"},{"time":4005,"key":"Key13"},{"time":4520,"key":"Key4"},{"time":5035,"key":"Key6"},{"time":5550,"key":"Key11"},{"time":5815,"key":"Key12"},{"time":6205,"key":"Key2"},{"time":6205,"key":"Key13"},{"time":6720,"key":"Key4"},{"time":7235,"key":"Key14"},{"time":7750,"key":"Key0"},{"time":7750,"key":"Key3"},{"time":7750,"key":"Key5"},{"time":8265,"key":"Key0"},{"time":8780,"key":"Key3"},{"time":9295,"key":"Key5"},{"time":9810,"key":"Key12"},{"time":10435,"key":"Key4"},{"time":10435,"key":"Key11"},{"time":10950,"key":"Key0"},{"time":11465,"key":"Key2"},{"time":11980,"key":"Key4"},{"time":12495,"key":"Key0"},{"time":13010,"key":"Key2"},{"time":13525,"key":"Key4"},{"time":14040,"key":"Key6"},{"time":14555,"key":"Key9"},{"time":15070,"key":"Key11"},{"time":15585,"key":"Key0"},{"time":15585,"key":"Key3"},{"time":15585,"key":"Key5"},{"time":16100,"key":"Key0"},{"time":16615,"key":"Key3"},{"time":17130,"key":"Key5"},{"time":17645,"key":"Key10"},{"time":18160,"key":"Key0"},{"time":18160,"key":"Key9"},{"time":18675,"key":"Key2"},{"time":19190,"key":"Key4"},{"time":19705,"key":"Key7"},{"time":20095,"key":"Key8"},{"time":20610,"key":"Key0"},{"time":20610,"key":"Key9"},{"time":21125,"key":"Key2"},{"time":21640,"key":"Key10"},{"time":22155,"key":"Key1"},{"time":22155,"key":"Key8"},{"time":22670,"key":"Key3"},{"time":23185,"key":"Key6"},{"time":23450,"key":"Key7"},{"time":23840,"key":"Key4"},{"time":23840,"key":"Key6"},{"time":23840,"key":"Key8"},{"time":24465,"key":"Key9"},{"time":24980,"key":"Key8"},{"time":25495,"key":"Key0"},{"time":25495,"key":"Key7"},{"time":26010,"key":"Key2"},{"time":26525,"key":"Key4"},{"time":27040,"key":"Key6"},{"time":27555,"key":"Key7"},{"time":28070,"key":"Key9"},{"time":28585,"key":"Key11"},{"time":29100,"key":"Key9"},{"time":29615,"key":"Key0"},{"time":29615,"key":"Key7"},{"time":30130,"key":"Key2"},{"time":30645,"key":"Key4"},{"time":31160,"key":"Key2"},{"time":31675,"key":"Key7"},{"time":31675,"key":"Key14"},{"time":32175,"key":"Key9"},{"time":32690,"key":"Key11"},{"time":33205,"key":"Key2"},{"time":33205,"key":"Key13"},{"time":33720,"key":"Key4"},{"time":34235,"key":"Key6"},{"time":34750,"key":"Key11"},{"time":35015,"key":"Key12"},{"time":35405,"key":"Key2"},{"time":35405,"key":"Key13"},{"time":35920,"key":"Key14"},{"time":36545,"key":"Key0"},{"time":36545,"key":"Key3"},{"time":36545,"key":"Key5"},{"time":37060,"key":"Key0"},{"time":37575,"key":"Key3"},{"time":38090,"key":"Key5"},{"time":38605,"key":"Key12"},{"time":39230,"key":"Key4"},{"time":39230,"key":"Key11"},{"time":39745,"key":"Key0"},{"time":40260,"key":"Key2"},{"time":40775,"key":"Key4"},{"time":41290,"key":"Key0"},{"time":41805,"key":"Key2"},{"time":42320,"key":"Key4"},{"time":42835,"key":"Key6"},{"time":43350,"key":"Key9"},{"time":43865,"key":"Key11"},{"time":44380,"key":"Key0"},{"time":44380,"key":"Key3"},{"time":44380,"key":"Key5"},{"time":44895,"key":"Key0"},{"time":45410,"key":"Key3"},{"time":45925,"key":"Key5"},{"time":46440,"key":"Key10"},{"time":47065,"key":"Key0"},{"time":47065,"key":"Key9"},{"time":47580,"key":"Key2"},{"time":48095,"key":"Key4"},{"time":48610,"key":"Key7"},{"time":49015,"key":"Key8"},{"time":49530,"key":"Key0"},{"time":49530,"key":"Key7"},{"time":50045,"key":"Key2"},{"time":50560,"key":"Key8"},{"time":51185,"key":"Key1"},{"time":51185,"key":"Key8"},{"time":51810,"key":"Key3"},{"time":52325,"key":"Key6"},{"time":52730,"key":"Key7"},{"time":53245,"key":"Key4"},{"time":53245,"key":"Key6"},{"time":53245,"key":"Key8"},{"time":53760,"key":"Key0"},{"time":53760,"key":"Key7"},{"time":54555,"key":"Key11"},{"time":55180,"key":"Key0"},{"time":55180,"key":"Key9"},{"time":55695,"key":"Key2"},{"time":56210,"key":"Key11"},{"time":56725,"key":"Key2"},{"time":56725,"key":"Key9"},{"time":57240,"key":"Key4"},{"time":57755,"key":"Key11"},{"time":58270,"key":"Key0"},{"time":58270,"key":"Key9"},{"time":58785,"key":"Key2"},{"time":59300,"key":"Key11"},{"time":59815,"key":"Key0"},{"time":59815,"key":"Key9"},{"time":60330,"key":"Key11"},{"time":60845,"key":"Key1"},{"time":60845,"key":"Key8"},{"time":61360,"key":"Key4"},{"time":61875,"key":"Key6"},{"time":61875,"key":"Key11"},{"time":62390,"key":"Key1"},{"time":62390,"key":"Key10"},{"time":62905,"key":"Key4"},{"time":63420,"key":"Key6"},{"time":63420,"key":"Key11"},{"time":63935,"key":"Key1"},{"time":63935,"key":"Key10"},{"time":64450,"key":"Key4"},{"time":64965,"key":"Key6"},{"time":64965,"key":"Key11"},{"time":65480,"key":"Key10"},{"time":65995,"key":"Key11"},{"time":66510,"key":"Key1"},{"time":66510,"key":"Key12"},{"time":67305,"key":"Key3"},{"time":67820,"key":"Key5"},{"time":68615,"key":"Key3"},{"time":69130,"key":"Key1"},{"time":69130,"key":"Key12"},{"time":69925,"key":"Key3"},{"time":70440,"key":"Key5"},{"time":71235,"key":"Key3"},{"time":71750,"key":"Key4"},{"time":71750,"key":"Key11"},{"time":72545,"key":"Key6"},{"time":73060,"key":"Key8"},{"time":73855,"key":"Key6"},{"time":74370,"key":"Key1"},{"time":74370,"key":"Key4"},{"time":74995,"key":"Key11"},{"time":75620,"key":"Key0"},{"time":75620,"key":"Key9"},{"time":76135,"key":"Key2"},{"time":76650,"key":"Key11"},{"time":77165,"key":"Key2"},{"time":77165,"key":"Key9"},{"time":77680,"key":"Key4"},{"time":78320,"key":"Key11"},{"time":78835,"key":"Key0"},{"time":78835,"key":"Key9"},{"time":79350,"key":"Key2"},{"time":79865,"key":"Key11"},{"time":80380,"key":"Key0"},{"time":80380,"key":"Key9"},{"time":80895,"key":"Key11"},{"time":81410,"key":"Key1"},{"time":81410,"key":"Key8"},{"time":81925,"key":"Key4"},{"time":82440,"key":"Key6"},{"time":82440,"key":"Key11"},{"time":82955,"key":"Key1"},{"time":82955,"key":"Key10"},{"time":83470,"key":"Key4"},{"time":83985,"key":"Key6"},{"time":83985,"key":"Key11"},{"time":84500,"key":"Key1"},{"time":84500,"key":"Key10"},{"time":85015,"key":"Key4"},{"time":85530,"key":"Key6"},{"time":85530,"key":"Key11"},{"time":86045,"key":"Key10"},{"time":86560,"key":"Key11"},{"time":87075,"key":"Key1"},{"time":87075,"key":"Key12"},{"time":87870,"key":"Key3"},{"time":88385,"key":"Key5"},{"time":89180,"key":"Key3"},{"time":89695,"key":"Key3"},{"time":89695,"key":"Key14"},{"time":90490,"key":"Key5"},{"time":91005,"key":"Key7"},{"time":91925,"key":"Key5"},{"time":92440,"key":"Key4"},{"time":92440,"key":"Key6"},{"time":92440,"key":"Key8"},{"time":92440,"key":"Key11"},{"time":93470,"key":"Key0"},{"time":93470,"key":"Key7"},{"time":93985,"key":"Key2"},{"time":94500,"key":"Key4"},{"time":95015,"key":"Key2"},{"time":95530,"key":"Key7"},{"time":95530,"key":"Key14"},{"time":96155,"key":"Key9"},{"time":96670,"key":"Key11"},{"time":97185,"key":"Key2"},{"time":97185,"key":"Key13"},{"time":97700,"key":"Key4"},{"time":98215,"key":"Key6"},{"time":98730,"key":"Key11"},{"time":99135,"key":"Key12"},{"time":99650,"key":"Key2"},{"time":99650,"key":"Key13"},{"time":100165,"key":"Key4"},{"time":100680,"key":"Key14"},{"time":101555,"key":"Key0"},{"time":101555,"key":"Key5"},{"time":101555,"key":"Key7"},{"time":102070,"key":"Key0"},{"time":102585,"key":"Key5"},{"time":103100,"key":"Key7"},{"time":103615,"key":"Key12"},{"time":104365,"key":"Key4"},{"time":104365,"key":"Key11"},{"time":104880,"key":"Key0"},{"time":105395,"key":"Key2"},{"time":105910,"key":"Key4"},{"time":106425,"key":"Key0"},{"time":106940,"key":"Key2"},{"time":107455,"key":"Key4"},{"time":107970,"key":"Key6"},{"time":108485,"key":"Key9"},{"time":109000,"key":"Key11"},{"time":109515,"key":"Key0"},{"time":109515,"key":"Key3"},{"time":109515,"key":"Key5"},{"time":110030,"key":"Key0"},{"time":110545,"key":"Key3"},{"time":111060,"key":"Key5"},{"time":111575,"key":"Key10"},{"time":112340,"key":"Key0"},{"time":112340,"key":"Key9"},{"time":112855,"key":"Key2"},{"time":113370,"key":"Key4"},{"time":113885,"key":"Key7"},{"time":114400,"key":"Key8"},{"time":114915,"key":"Key0"},{"time":114915,"key":"Key9"},{"time":115430,"key":"Key2"},{"time":115945,"key":"Key10"},{"time":116460,"key":"Key1"},{"time":116460,"key":"Key8"},{"time":116975,"key":"Key3"},{"time":117490,"key":"Key6"},{"time":117880,"key":"Key7"},{"time":118395,"key":"Key2"},{"time":118395,"key":"Key4"},{"time":118395,"key":"Key6"},{"time":118910,"key":"Key9"},{"time":119425,"key":"Key8"},{"time":119940,"key":"Key0"},{"time":119940,"key":"Key7"}],"fromLibrary":true}]