[{"name":"Owl City Fireflies","bpm":240,"pitchLevel":0,"bitsPerPage":16,"isComposed":false,"songNotes":[{"time":1600,"key":"Key4"},{"time":1800,"key":"Key13"},{"time":2200,"key":"Key4"},{"time":2200,"key":"Key6"},{"time":2400,"key":"Key11"},{"time":2800,"key":"Key4"},{"time":2800,"key":"Key7"},{"time":3200,"key":"Key4"},{"time":3400,"key":"Key8"},{"time":3600,"key":"Key7"},{"time":3800,"key":"Key8"},{"time":4000,"key":"Key11"},{"time":4400,"key":"Key8"},{"time":4600,"key":"Key4"},{"time":4600,"key":"Key7"},{"time":5000,"key":"Key5"},{"time":5200,"key":"Key4"},{"time":5400,"key":"Key5"},{"time":5600,"key":"Key7"},{"time":6400,"key":"Key3"},{"time":6600,"key":"Key5"},{"time":6800,"key":"Key4"},{"time":7200,"key":"Key3"},{"time":7400,"key":"Key7"},{"time":7600,"key":"Key8"},{"time":8000,"key":"Key4"},{"time":8200,"key":"Key13"},{"time":8400,"key":"Key6"},{"time":8600,"key":"Key4"},{"time":8600,"key":"Key6"},{"time":8800,"key":"Key11"},{"time":9200,"key":"Key4"},{"time":9200,"key":"Key7"},{"time":9600,"key":"Key4"},{"time":9800,"key":"Key7"},{"time":9800,"key":"Key8"},{"time":10000,"key":"Key10"},{"time":10200,"key":"Key9"},{"time":10400,"key":"Key7"},{"time":10600,"key":"Key3"},{"time":10800,"key":"Key2"},{"time":10800,"key":"Key4"},{"time":11400,"key":"Key5"},{"time":11600,"key":"Key3"},{"time":11800,"key":"Key5"},{"time":12000,"key":"Key4"},{"time":12600,"key":"Key5"},{"time":13000,"key":"Key5"},{"time":13600,"key":"Key7"},{"time":13800,"key":"Key8"},{"time":14000,"key":"Key7"},{"time":14400,"key":"Key4"},{"time":14600,"key":"Key13"},{"time":15000,"key":"Key4"},{"time":15000,"key":"Key6"},{"time":15200,"key":"Key11"},{"time":15600,"key":"Key4"},{"time":15600,"key":"Key7"},{"time":16000,"key":"Key4"},{"time":16200,"key":"Key8"},{"time":16400,"key":"Key7"},{"time":16600,"key":"Key8"},{"time":16800,"key":"Key11"},{"time":17200,"key":"Key8"},{"time":17400,"key":"Key4"},{"time":17400,"key":"Key7"},{"time":18000,"key":"Key5"},{"time":18200,"key":"Key4"},{"time":18400,"key":"Key5"},{"time":18600,"key":"Key7"},{"time":19400,"key":"Key3"},{"time":19600,"key":"Key5"},{"time":19800,"key":"Key4"},{"time":20000,"key":"Key3"},{"time":20200,"key":"Key7"},{"time":20400,"key":"Key8"},{"time":20800,"key":"Key4"},{"time":21000,"key":"Key13"},{"time":21200,"key":"Key6"},{"time":21400,"key":"Key4"},{"time":21400,"key":"Key6"},{"time":21600,"key":"Key11"},{"time":22000,"key":"Key4"},{"time":22000,"key":"Key7"},{"time":22400,"key":"Key4"},{"time":22600,"key":"Key8"},{"time":22800,"key":"Key7"},{"time":23000,"key":"Key10"},{"time":23200,"key":"Key9"},{"time":23400,"key":"Key7"},{"time":23600,"key":"Key3"},{"time":23800,"key":"Key2"},{"time":23800,"key":"Key4"},{"time":24400,"key":"Key5"},{"time":24600,"key":"Key3"},{"time":24800,"key":"Key5"},{"time":25000,"key":"Key4"},{"time":25400,"key":"Key5"},{"time":25800,"key":"Key5"},{"time":26000,"key":"Key4"},{"time":26400,"key":"Key7"},{"time":26600,"key":"Key8"},{"time":26800,"key":"Key7"},{"time":27400,"key":"Key4"},{"time":27600,"key":"Key8"},{"time":28000,"key":"Key8"},{"time":28400,"key":"Key7"},{"time":28600,"key":"Key8"},{"time":29000,"key":"Key7"},{"time":29400,"key":"Key4"},{"time":30400,"key":"Key3"},{"time":30600,"key":"Key5"},{"time":31000,"key":"Key5"},{"time":31200,"key":"Key4"},{"time":31600,"key":"Key5"},{"time":32000,"key":"Key7"},{"time":32400,"key":"Key8"},{"time":33400,"key":"Key4"},{"time":33600,"key":"Key9"},{"time":34000,"key":"Key8"},{"time":34400,"key":"Key7"},{"time":34600,"key":"Key4"},{"time":35000,"key":"Key4"},{"time":35400,"key":"Key8"},{"time":35600,"key":"Key7"},{"time":36000,"key":"Key5"},{"time":39800,"key":"Key4"},{"time":39800,"key":"Key8"},{"time":40200,"key":"Key8"},{"time":40600,"key":"Key7"},{"time":40800,"key":"Key8"},{"time":41200,"key":"Key7"},{"time":41600,"key":"Key4"},{"time":42800,"key":"Key5"},{"time":43200,"key":"Key5"},{"time":43800,"key":"Key4"},{"time":44000,"key":"Key5"},{"time":44200,"key":"Key7"},{"time":44400,"key":"Key8"},{"time":45600,"key":"Key4"},{"time":45800,"key":"Key4"},{"time":46200,"key":"Key4"},{"time":46800,"key":"Key4"},{"time":47000,"key":"Key9"},{"time":47400,"key":"Key9"},{"time":47800,"key":"Key8"},{"time":48000,"key":"Key7"},{"time":48600,"key":"Key5"},{"time":49800,"key":"Key4"},{"time":50200,"key":"Key5"},{"time":50600,"key":"Key4"},{"time":50800,"key":"Key5"},{"time":51200,"key":"Key7"},{"time":51400,"key":"Key8"},{"time":52000,"key":"Key4"},{"time":52200,"key":"Key8"},{"time":52600,"key":"Key8"},{"time":53000,"key":"Key7"},{"time":53200,"key":"Key8"},{"time":53600,"key":"Key7"},{"time":53800,"key":"Key4"},{"time":55000,"key":"Key3"},{"time":55200,"key":"Key5"},{"time":55600,"key":"Key5"},{"time":55800,"key":"Key4"},{"time":56200,"key":"Key5"},{"time":56600,"key":"Key7"},{"time":57000,"key":"Key8"},{"time":58200,"key":"Key9"},{"time":58600,"key":"Key8"},{"time":58800,"key":"Key7"},{"time":59000,"key":"Key4"},{"time":59400,"key":"Key4"},{"time":59600,"key":"Key4"},{"time":60000,"key":"Key8"},{"time":60200,"key":"Key7"},{"time":60600,"key":"Key5"}],"fromLibrary":true}]