[{"name":"Pure Imagination","bpm":220,"bitsPerPage":16,"pitchLevel":0,"isComposed":true,"songNotes":[{"time":672,"key":"1Key5"},{"time":1216,"key":"1Key7"},{"time":1760,"key":"1Key11"},{"time":2576,"key":"1Key5"},{"time":3120,"key":"1Key7"},{"time":3664,"key":"1Key11"},{"time":4480,"key":"1Key5"},{"time":5024,"key":"1Key7"},{"time":5568,"key":"1Key13"},{"time":6384,"key":"1Key14"},{"time":6656,"key":"1Key13"},{"time":6928,"key":"1Key14"},{"time":7200,"key":"1Key13"},{"time":7472,"key":"1Key14"},{"time":7744,"key":"1Key13"},{"time":8288,"key":"1Key11"},{"time":9104,"key":"1Key5"},{"time":9648,"key":"1Key7"},{"time":10192,"key":"1Key9"},{"time":11008,"key":"1Key10"},{"time":11552,"key":"1Key11"},{"time":12096,"key":"1Key9"},{"time":12912,"key":"1Key8"},{"time":13456,"key":"1Key7"},{"time":14000,"key":"1Key6"},{"time":14816,"key":"1Key7"},{"time":15088,"key":"1Key6"},{"time":15360,"key":"1Key7"},{"time":15632,"key":"1Key6"},{"time":15904,"key":"1Key7"},{"time":16176,"key":"1Key6"},{"time":16720,"key":"1Key2"},{"time":17536,"key":"1Key0"},{"time":17536,"key":"1Key5"},{"time":18080,"key":"1Key2"},{"time":18080,"key":"1Key7"},{"time":18624,"key":"1Key6"},{"time":18624,"key":"1Key11"},{"time":19440,"key":"1Key0"},{"time":19440,"key":"1Key5"},{"time":19984,"key":"1Key2"},{"time":19984,"key":"1Key7"},{"time":20528,"key":"1Key6"},{"time":20528,"key":"1Key11"},{"time":21344,"key":"1Key0"},{"time":21344,"key":"1Key5"},{"time":21888,"key":"1Key2"},{"time":21888,"key":"1Key7"},{"time":22432,"key":"1Key8"},{"time":22432,"key":"1Key13"},{"time":23248,"key":"1Key9"},{"time":23248,"key":"1Key14"},{"time":23520,"key":"1Key8"},{"time":23520,"key":"1Key13"},{"time":23792,"key":"1Key9"},{"time":23792,"key":"1Key14"},{"time":24064,"key":"1Key8"},{"time":24064,"key":"1Key13"},{"time":24336,"key":"1Key9"},{"time":24336,"key":"1Key14"},{"time":24608,"key":"1Key8"},{"time":24608,"key":"1Key13"},{"time":25152,"key":"1Key6"},{"time":25152,"key":"1Key11"},{"time":25696,"key":"1Key0"},{"time":25696,"key":"1Key5"},{"time":26240,"key":"1Key2"},{"time":26240,"key":"1Key7"},{"time":26784,"key":"1Key4"},{"time":26784,"key":"1Key9"},{"time":27600,"key":"1Key5"},{"time":27600,"key":"1Key10"},{"time":28144,"key":"1Key6"},{"time":28144,"key":"1Key11"},{"time":28688,"key":"1Key4"},{"time":28688,"key":"1Key9"},{"time":29504,"key":"1Key3"},{"time":29504,"key":"1Key8"},{"time":30048,"key":"1Key2"},{"time":30048,"key":"1Key7"},{"time":30592,"key":"1Key1"},{"time":30592,"key":"1Key6"},{"time":31408,"key":"1Key2"},{"time":31408,"key":"1Key7"},{"time":31680,"key":"1Key1"},{"time":31680,"key":"1Key6"},{"time":31952,"key":"1Key2"},{"time":31952,"key":"1Key7"},{"time":32224,"key":"1Key1"},{"time":32224,"key":"1Key6"},{"time":32496,"key":"1Key2"},{"time":32496,"key":"1Key7"},{"time":32768,"key":"1Key1"},{"time":32768,"key":"1Key6"},{"time":33312,"key":"1Key2"}]}]