[
    {
      "name": "We will rock you",
      "bpm": 500,
      "songNotes": [
        {
          "time": 400,
          "key": "1Key10"
        },
        {
          "time": 880,
          "key": "1Key9"
        },
        {
          "time": 1360,
          "key": "1Key8"
        },
        {
          "time": 1840,
          "key": "1Key7"
        },
        {
          "time": 2320,
          "key": "1Key8"
        },
        {
          "time": 2620,
          "key": "1Key8"
        },
        {
          "time": 4000,
          "key": "1Key10"
        },
        {
          "time": 4480,
          "key": "1Key9"
        },
        {
          "time": 4960,
          "key": "1Key8"
        },
        {
          "time": 5440,
          "key": "1Key7"
        },
        {
          "time": 5920,
          "key": "1Key8"
        },
        {
          "time": 6220,
          "key": "1Key8"
        },
        {
          "time": 7930,
          "key": "1Key10"
        },
        {
          "time": 8410,
          "key": "1Key9"
        },
        {
          "time": 8890,
          "key": "1Key8"
        },
        {
          "time": 9370,
          "key": "1Key7"
        },
        {
          "time": 9850,
          "key": "1Key8"
        },
        {
          "time": 10150,
          "key": "1Key8"
        },
        {
          "time": 11530,
          "key": "1Key10"
        },
        {
          "time": 12010,
          "key": "1Key9"
        },
        {
          "time": 12490,
          "key": "1Key8"
        },
        {
          "time": 12970,
          "key": "1Key7"
        },
        {
          "time": 13450,
          "key": "1Key8"
        },
        {
          "time": 13750,
          "key": "1Key8"
        },
        {
          "time": 15460,
          "key": "1Key10"
        },
        {
          "time": 15940,
          "key": "1Key9"
        },
        {
          "time": 16420,
          "key": "1Key8"
        },
        {
          "time": 16900,
          "key": "1Key7"
        },
        {
          "time": 17380,
          "key": "1Key8"
        },
        {
          "time": 17680,
          "key": "1Key8"
        },
        {
          "time": 19060,
          "key": "1Key10"
        },
        {
          "time": 19540,
          "key": "1Key9"
        },
        {
          "time": 20020,
          "key": "1Key8"
        },
        {
          "time": 20500,
          "key": "1Key7"
        },
        {
          "time": 20980,
          "key": "1Key8"
        },
        {
          "time": 21280,
          "key": "1Key8"
        },
        {
          "time": 22990,
          "key": "1Key10"
        },
        {
          "time": 23470,
          "key": "1Key9"
        },
        {
          "time": 23950,
          "key": "1Key8"
        },
        {
          "time": 24430,
          "key": "1Key7"
        },
        {
          "time": 24910,
          "key": "1Key8"
        },
        {
          "time": 25210,
          "key": "1Key8"
        },
        {
          "time": 26590,
          "key": "1Key10"
        },
        {
          "time": 27070,
          "key": "1Key9"
        },
        {
          "time": 27550,
          "key": "1Key8"
        },
        {
          "time": 28030,
          "key": "1Key7"
        },
        {
          "time": 28510,
          "key": "1Key8"
        },
        {
          "time": 28810,
          "key": "1Key8"
        },
        {
          "time": 30190,
          "key": "1Key7"
        },
        {
          "time": 30310,
          "key": "1Key8"
        },
        {
          "time": 30430,
          "key": "1Key8"
        },
        {
          "time": 30550,
          "key": "1Key7"
        },
        {
          "time": 30670,
          "key": "1Key8"
        },
        {
          "time": 30970,
          "key": "1Key8"
        },
        {
          "time": 31270,
          "key": "1Key8"
        },
        {
          "time": 31570,
          "key": "1Key8"
        },
        {
          "time": 31870,
          "key": "1Key7"
        },
        {
          "time": 31990,
          "key": "1Key8"
        },
        {
          "time": 32110,
          "key": "1Key8"
        },
        {
          "time": 32230,
          "key": "1Key7"
        },
        {
          "time": 32350,
          "key": "1Key8"
        },
        {
          "time": 32650,
          "key": "1Key8"
        },
        {
          "time": 32770,
          "key": "1Key7"
        },
        {
          "time": 32890,
          "key": "1Key8"
        },
        {
          "time": 33010,
          "key": "1Key7"
        },
        {
          "time": 33130,
          "key": "1Key8"
        },
        {
          "time": 33430,
          "key": "1Key11"
        },
        {
          "time": 33730,
          "key": "1Key10"
        },
        {
          "time": 34030,
          "key": "1Key10"
        },
        {
          "time": 34330,
          "key": "1Key5"
        },
        {
          "time": 34450,
          "key": "1Key7"
        },
        {
          "time": 34570,
          "key": "1Key8"
        },
        {
          "time": 34690,
          "key": "1Key8"
        },
        {
          "time": 34990,
          "key": "1Key8"
        },
        {
          "time": 35110,
          "key": "1Key8"
        },
        {
          "time": 35590,
          "key": "1Key8"
        },
        {
          "time": 35890,
          "key": "1Key8"
        },
        {
          "time": 36190,
          "key": "1Key8"
        },
        {
          "time": 36490,
          "key": "1Key7"
        },
        {
          "time": 36790,
          "key": "1Key7"
        },
        {
          "time": 36910,
          "key": "1Key7"
        },
        {
          "time": 37030,
          "key": "1Key7"
        },
        {
          "time": 37150,
          "key": "1Key7"
        },
        {
          "time": 37270,
          "key": "1Key7"
        },
        {
          "time": 37390,
          "key": "1Key7"
        },
        {
          "time": 37510,
          "key": "1Key4"
        },
        {
          "time": 37900,
          "key": "1Key3"
        },
        {
          "time": 38020,
          "key": "1Key1"
        },
        {
          "time": 38320,
          "key": "1Key8"
        },
        {
          "time": 38800,
          "key": "1Key10"
        },
        {
          "time": 39280,
          "key": "1Key9"
        },
        {
          "time": 39760,
          "key": "1Key8"
        },
        {
          "time": 40240,
          "key": "1Key7"
        },
        {
          "time": 40720,
          "key": "1Key8"
        },
        {
          "time": 41020,
          "key": "1Key8"
        },
        {
          "time": 41140,
          "key": "1Key7"
        },
        {
          "time": 41260,
          "key": "1Key5"
        },
        {
          "time": 41650,
          "key": "1Key11"
        },
        {
          "time": 41770,
          "key": "1Key8"
        },
        {
          "time": 41890,
          "key": "1Key5"
        },
        {
          "time": 42640,
          "key": "1Key10"
        },
        {
          "time": 43120,
          "key": "1Key9"
        },
        {
          "time": 43600,
          "key": "1Key8"
        },
        {
          "time": 44080,
          "key": "1Key7"
        },
        {
          "time": 44560,
          "key": "1Key8"
        },
        {
          "time": 44860,
          "key": "1Key8"
        },
        {
          "time": 45880,
          "key": "1Key3"
        },
        {
          "time": 46000,
          "key": "1Key4"
        },
        {
          "time": 46120,
          "key": "1Key5"
        },
        {
          "time": 46240,
          "key": "1Key7"
        },
        {
          "time": 46360,
          "key": "1Key10"
        },
        {
          "time": 46840,
          "key": "1Key9"
        },
        {
          "time": 47320,
          "key": "1Key8"
        },
        {
          "time": 47800,
          "key": "1Key7"
        },
        {
          "time": 48280,
          "key": "1Key8"
        },
        {
          "time": 48580,
          "key": "1Key8"
        },
        {
          "time": 49690,
          "key": "1Key5"
        },
        {
          "time": 49810,
          "key": "1Key7"
        },
        {
          "time": 50110,
          "key": "1Key10"
        },
        {
          "time": 50590,
          "key": "1Key9"
        },
        {
          "time": 51070,
          "key": "1Key8"
        },
        {
          "time": 51550,
          "key": "1Key7"
        },
        {
          "time": 52030,
          "key": "1Key8"
        },
        {
          "time": 52330,
          "key": "1Key8"
        },
        {
          "time": 53440,
          "key": "1Key8"
        },
        {
          "time": 53560,
          "key": "1Key8"
        },
        {
          "time": 53680,
          "key": "1Key8"
        },
        {
          "time": 55255,
          "key": "1Key6"
        },
        {
          "time": 55645,
          "key": "1Key7"
        },
        {
          "time": 55765,
          "key": "1Key6"
        },
        {
          "time": 55885,
          "key": "1Key7"
        },
        {
          "time": 56005,
          "key": "1Key6"
        },
        {
          "time": 56125,
          "key": "1Key7"
        },
        {
          "time": 56245,
          "key": "1Key6"
        },
        {
          "time": 57085,
          "key": "1Key6"
        },
        {
          "time": 57475,
          "key": "1Key7"
        },
        {
          "time": 57595,
          "key": "1Key6"
        },
        {
          "time": 57715,
          "key": "1Key7"
        },
        {
          "time": 57835,
          "key": "1Key6"
        },
        {
          "time": 57955,
          "key": "1Key7"
        },
        {
          "time": 58075,
          "key": "1Key6"
        },
        {
          "time": 58735,
          "key": "1Key11"
        },
        {
          "time": 58855,
          "key": "1Key10"
        },
        {
          "time": 58975,
          "key": "1Key8"
        },
        {
          "time": 59095,
          "key": "1Key9"
        },
        {
          "time": 59215,
          "key": "1Key8"
        },
        {
          "time": 59335,
          "key": "1Key8"
        },
        {
          "time": 59455,
          "key": "1Key8"
        },
        {
          "time": 59575,
          "key": "1Key7"
        },
        {
          "time": 59695,
          "key": "1Key4"
        },
        {
          "time": 59815,
          "key": "1Key2"
        },
        {
          "time": 59935,
          "key": "1Key7"
        },
        {
          "time": 60475,
          "key": "1Key7"
        },
        {
          "time": 60595,
          "key": "1Key6"
        },
        {
          "time": 60715,
          "key": "1Key5"
        },
        {
          "time": 60835,
          "key": "1Key4"
        },
        {
          "time": 61135,
          "key": "1Key4"
        },
        {
          "time": 61255,
          "key": "1Key8"
        },
        {
          "time": 61375,
          "key": "1Key4"
        },
        {
          "time": 61495,
          "key": "1Key8"
        },
        {
          "time": 61615,
          "key": "1Key4"
        },
        {
          "time": 61915,
          "key": "1Key8"
        },
        {
          "time": 62035,
          "key": "1Key9"
        },
        {
          "time": 62155,
          "key": "1Key9"
        },
        {
          "time": 62275,
          "key": "1Key8"
        },
        {
          "time": 62395,
          "key": "1Key6"
        },
        {
          "time": 62515,
          "key": "1Key5"
        },
        {
          "time": 62635,
          "key": "1Key5"
        },
        {
          "time": 62755,
          "key": "1Key4"
        },
        {
          "time": 62875,
          "key": "1Key6"
        },
        {
          "time": 63265,
          "key": "1Key7"
        },
        {
          "time": 63385,
          "key": "1Key6"
        },
        {
          "time": 63505,
          "key": "1Key7"
        },
        {
          "time": 63625,
          "key": "1Key6"
        },
        {
          "time": 63745,
          "key": "1Key7"
        },
        {
          "time": 63865,
          "key": "1Key6"
        },
        {
          "time": 64705,
          "key": "1Key6"
        },
        {
          "time": 65095,
          "key": "1Key7"
        },
        {
          "time": 65215,
          "key": "1Key6"
        },
        {
          "time": 65335,
          "key": "1Key7"
        },
        {
          "time": 65455,
          "key": "1Key6"
        },
        {
          "time": 65575,
          "key": "1Key7"
        },
        {
          "time": 65695,
          "key": "1Key6"
        },
        {
          "time": 66085,
          "key": "1Key7"
        },
        {
          "time": 66385,
          "key": "1Key6"
        },
        {
          "time": 66865,
          "key": "1Key6"
        },
        {
          "time": 67165,
          "key": "1Key7"
        },
        {
          "time": 67285,
          "key": "1Key6"
        },
        {
          "time": 67405,
          "key": "1Key7"
        },
        {
          "time": 67525,
          "key": "1Key6"
        },
        {
          "time": 67645,
          "key": "1Key7"
        },
        {
          "time": 67765,
          "key": "1Key6"
        },
        {
          "time": 68155,
          "key": "1Key7"
        },
        {
          "time": 68455,
          "key": "1Key6"
        },
        {
          "time": 68935,
          "key": "1Key6"
        },
        {
          "time": 69235,
          "key": "1Key7"
        },
        {
          "time": 69355,
          "key": "1Key6"
        },
        {
          "time": 69475,
          "key": "1Key7"
        },
        {
          "time": 69595,
          "key": "1Key6"
        },
        {
          "time": 69715,
          "key": "1Key7"
        },
        {
          "time": 69835,
          "key": "1Key6"
        },
        {
          "time": 70225,
          "key": "1Key7"
        },
        {
          "time": 70525,
          "key": "1Key6"
        }
      ]
    }
  ]