[{"name":"city of star  (Nori)","bpm":220,"bitsPerPage":16,"pitchLevel":0,"isComposed":true,"songNotes":[{"time":400,"key":"1Key1"},{"time":536,"key":"1Key3"},{"time":808,"key":"1Key5"},{"time":1080,"key":"1Key8"},{"time":1624,"key":"1Key8"},{"time":1896,"key":"1Key7"},{"time":2168,"key":"1Key5"},{"time":2712,"key":"1Key1"},{"time":2984,"key":"1Key3"},{"time":3256,"key":"1Key5"},{"time":3528,"key":"1Key8"},{"time":4072,"key":"1Key8"},{"time":4344,"key":"1Key7"},{"time":4616,"key":"1Key5"},{"time":4888,"key":"1Key1"},{"time":5160,"key":"1Key3"},{"time":5432,"key":"1Key5"},{"time":5704,"key":"1Key8"},{"time":6248,"key":"1Key8"},{"time":6520,"key":"1Key7"},{"time":6792,"key":"1Key5"},{"time":7064,"key":"1Key1"},{"time":7336,"key":"1Key3"},{"time":7608,"key":"1Key5"},{"time":7880,"key":"1Key8"},{"time":8424,"key":"1Key8"},{"time":8696,"key":"1Key7"},{"time":8968,"key":"1Key5"},{"time":9512,"key":"1Key1"},{"time":9512,"key":"1Key8"},{"time":9784,"key":"1Key3"},{"time":9784,"key":"1Key9"},{"time":10056,"key":"1Key5"},{"time":10056,"key":"1Key10"},{"time":10328,"key":"1Key8"},{"time":10328,"key":"1Key12"},{"time":10600,"key":"1Key8"},{"time":10872,"key":"1Key7"},{"time":11144,"key":"1Key5"},{"time":11416,"key":"1Key4"},{"time":11688,"key":"1Key6"},{"time":11960,"key":"1Key8"},{"time":11960,"key":"1Key13"},{"time":12232,"key":"1Key11"},{"time":12232,"key":"1Key14"},{"time":12504,"key":"1Key12"},{"time":12776,"key":"1Key11"},{"time":12776,"key":"1Key13"},{"time":13048,"key":"1Key10"},{"time":13048,"key":"1Key11"},{"time":13320,"key":"1Key8"},{"time":13320,"key":"1Key12"},{"time":13592,"key":"1Key5"},{"time":13592,"key":"1Key9"},{"time":13864,"key":"1Key7"},{"time":14136,"key":"1Key9"},{"time":14408,"key":"1Key12"},{"time":14680,"key":"1Key12"},{"time":14952,"key":"1Key11"},{"time":15224,"key":"1Key9"},{"time":15496,"key":"1Key5"},{"time":15768,"key":"1Key14"},{"time":16040,"key":"1Key9"},{"time":16312,"key":"1Key12"},{"time":16584,"key":"1Key12"},{"time":16856,"key":"1Key11"},{"time":17128,"key":"1Key9"},{"time":17400,"key":"1Key1"},{"time":17400,"key":"1Key8"},{"time":17672,"key":"1Key3"},{"time":17672,"key":"1Key9"},{"time":17944,"key":"1Key5"},{"time":17944,"key":"1Key12"},{"time":18216,"key":"1Key8"},{"time":18216,"key":"1Key12"},{"time":18488,"key":"1Key8"},{"time":18760,"key":"1Key7"},{"time":19032,"key":"1Key5"},{"time":19304,"key":"1Key4"},{"time":19576,"key":"1Key6"},{"time":19848,"key":"1Key8"},{"time":19848,"key":"1Key13"},{"time":20120,"key":"1Key11"},{"time":20120,"key":"1Key14"},{"time":20392,"key":"1Key12"},{"time":20664,"key":"1Key11"},{"time":20664,"key":"1Key13"},{"time":20936,"key":"1Key10"},{"time":20936,"key":"1Key11"},{"time":21208,"key":"1Key8"},{"time":21208,"key":"1Key12"},{"time":21480,"key":"1Key0"},{"time":21480,"key":"1Key9"},{"time":21548,"key":"1Key2"},{"time":21820,"key":"1Key4"},{"time":22092,"key":"1Key7"},{"time":22364,"key":"1Key7"},{"time":22636,"key":"1Key6"},{"time":22908,"key":"1Key4"},{"time":23180,"key":"1Key0"},{"time":23452,"key":"1Key2"},{"time":23724,"key":"1Key4"},{"time":23996,"key":"1Key7"},{"time":24268,"key":"1Key7"},{"time":24540,"key":"1Key6"},{"time":24540,"key":"1Key9"},{"time":24812,"key":"1Key4"},{"time":25084,"key":"1Key1"},{"time":25084,"key":"1Key10"},{"time":25356,"key":"1Key3"},{"time":25628,"key":"1Key5"},{"time":25900,"key":"1Key8"},{"time":26444,"key":"1Key8"},{"time":26716,"key":"1Key7"},{"time":26988,"key":"1Key5"},{"time":27260,"key":"1Key4"},{"time":27532,"key":"1Key6"},{"time":27532,"key":"1Key12"},{"time":27804,"key":"1Key8"},{"time":27804,"key":"1Key11"},{"time":28076,"key":"1Key12"},{"time":28348,"key":"1Key11"},{"time":28620,"key":"1Key8"},{"time":28620,"key":"1Key12"},{"time":28892,"key":"1Key6"},{"time":28892,"key":"1Key11"},{"time":29164,"key":"1Key4"},{"time":29164,"key":"1Key12"},{"time":29436,"key":"1Key0"},{"time":29436,"key":"1Key9"},{"time":29708,"key":"1Key2"},{"time":29980,"key":"1Key4"},{"time":30252,"key":"1Key9"},{"time":30524,"key":"1Key0"},{"time":30524,"key":"1Key9"},{"time":30796,"key":"1Key2"},{"time":31068,"key":"1Key4"},{"time":31340,"key":"1Key9"},{"time":31884,"key":"1Key0"},{"time":31884,"key":"1Key4"},{"time":31884,"key":"1Key6"},{"time":31884,"key":"1Key9"},{"time":32156,"key":"1Key9"},{"time":32428,"key":"1Key1"},{"time":32428,"key":"1Key3"},{"time":32428,"key":"1Key5"},{"time":32428,"key":"1Key8"},{"time":32700,"key":"1Key3"},{"time":32700,"key":"1Key5"},{"time":33244,"key":"1Key2"},{"time":33244,"key":"1Key5"},{"time":33244,"key":"1Key6"},{"time":33516,"key":"1Key2"},{"time":33788,"key":"1Key9"},{"time":34060,"key":"1Key8"},{"time":34332,"key":"1Key7"},{"time":34604,"key":"1Key5"},{"time":34876,"key":"1Key7"},{"time":35148,"key":"1Key9"},{"time":35420,"key":"1Key12"},{"time":35964,"key":"1Key12"},{"time":36236,"key":"1Key11"},{"time":36508,"key":"1Key9"},{"time":36780,"key":"1Key4"},{"time":37052,"key":"1Key7"},{"time":37324,"key":"1Key9"},{"time":37596,"key":"1Key12"},{"time":38140,"key":"1Key12"},{"time":38412,"key":"1Key11"},{"time":38684,"key":"1Key9"},{"time":38956,"key":"1Key1"},{"time":38956,"key":"1Key8"},{"time":39228,"key":"1Key3"},{"time":39228,"key":"1Key9"},{"time":39500,"key":"1Key5"},{"time":39500,"key":"1Key10"},{"time":39772,"key":"1Key8"},{"time":39772,"key":"1Key12"},{"time":40044,"key":"1Key8"},{"time":40316,"key":"1Key7"},{"time":40588,"key":"1Key5"},{"time":40860,"key":"1Key4"},{"time":41132,"key":"1Key6"},{"time":41404,"key":"1Key8"},{"time":41404,"key":"1Key13"},{"time":41676,"key":"1Key11"},{"time":41676,"key":"1Key14"},{"time":41948,"key":"1Key12"},{"time":42220,"key":"1Key11"},{"time":42220,"key":"1Key13"},{"time":42492,"key":"1Key10"},{"time":42492,"key":"1Key11"},{"time":42764,"key":"1Key8"},{"time":42764,"key":"1Key12"},{"time":43036,"key":"1Key5"},{"time":43036,"key":"1Key9"},{"time":43308,"key":"1Key7"},{"time":43580,"key":"1Key9"},{"time":43852,"key":"1Key12"},{"time":44396,"key":"1Key12"},{"time":44668,"key":"1Key11"},{"time":44940,"key":"1Key9"},{"time":45212,"key":"1Key5"},{"time":45484,"key":"1Key7"},{"time":45756,"key":"1Key9"},{"time":46028,"key":"1Key12"},{"time":46572,"key":"1Key12"},{"time":46844,"key":"1Key11"},{"time":47116,"key":"1Key9"},{"time":47388,"key":"1Key1"},{"time":47388,"key":"1Key8"},{"time":47660,"key":"1Key3"},{"time":47660,"key":"1Key9"},{"time":47932,"key":"1Key5"},{"time":47932,"key":"1Key10"},{"time":48204,"key":"1Key8"},{"time":48204,"key":"1Key12"},{"time":48476,"key":"1Key8"},{"time":48748,"key":"1Key7"},{"time":49020,"key":"1Key5"},{"time":49292,"key":"1Key4"},{"time":49564,"key":"1Key6"},{"time":49836,"key":"1Key8"},{"time":49836,"key":"1Key13"},{"time":50108,"key":"1Key11"},{"time":50108,"key":"1Key14"},{"time":50380,"key":"1Key12"},{"time":50652,"key":"1Key11"},{"time":50652,"key":"1Key13"},{"time":50924,"key":"1Key10"},{"time":50924,"key":"1Key11"},{"time":51196,"key":"1Key8"},{"time":51196,"key":"1Key12"},{"time":51468,"key":"1Key0"},{"time":51468,"key":"1Key9"},{"time":51740,"key":"1Key2"},{"time":52012,"key":"1Key4"},{"time":52284,"key":"1Key7"},{"time":52828,"key":"1Key7"},{"time":53100,"key":"1Key6"},{"time":53372,"key":"1Key4"},{"time":53644,"key":"1Key0"},{"time":53916,"key":"1Key2"},{"time":54188,"key":"1Key4"},{"time":54460,"key":"1Key7"},{"time":55004,"key":"1Key7"},{"time":55276,"key":"1Key6"},{"time":55276,"key":"1Key9"},{"time":55548,"key":"1Key4"},{"time":55820,"key":"1Key1"},{"time":55820,"key":"1Key10"},{"time":56092,"key":"1Key3"},{"time":56364,"key":"1Key5"},{"time":56636,"key":"1Key8"},{"time":57180,"key":"1Key8"},{"time":57452,"key":"1Key7"},{"time":57724,"key":"1Key5"},{"time":57996,"key":"1Key4"},{"time":58268,"key":"1Key6"},{"time":58268,"key":"1Key12"},{"time":58540,"key":"1Key8"},{"time":58540,"key":"1Key11"},{"time":58812,"key":"1Key12"},{"time":59084,"key":"1Key11"},{"time":59356,"key":"1Key8"},{"time":59356,"key":"1Key12"},{"time":59628,"key":"1Key6"},{"time":59628,"key":"1Key12"},{"time":59900,"key":"1Key4"},{"time":59900,"key":"1Key12"},{"time":60172,"key":"1Key0"},{"time":60172,"key":"1Key9"},{"time":60444,"key":"1Key2"},{"time":60716,"key":"1Key4"},{"time":60988,"key":"1Key9"},{"time":61260,"key":"1Key0"},{"time":61260,"key":"1Key9"},{"time":61532,"key":"1Key2"},{"time":61804,"key":"1Key4"},{"time":62076,"key":"1Key9"},{"time":62348,"key":"1Key0"},{"time":62348,"key":"1Key4"},{"time":62348,"key":"1Key6"},{"time":62348,"key":"1Key9"},{"time":62620,"key":"1Key9"},{"time":62892,"key":"1Key1"},{"time":62892,"key":"1Key3"},{"time":62892,"key":"1Key5"},{"time":62892,"key":"1Key8"},{"time":63164,"key":"1Key8"},{"time":63436,"key":"1Key1"},{"time":63436,"key":"1Key3"},{"time":63436,"key":"1Key5"},{"time":63708,"key":"1Key5"},{"time":64252,"key":"1Key2"},{"time":64252,"key":"1Key5"},{"time":64252,"key":"1Key6"},{"time":64524,"key":"1Key6"},{"time":64796,"key":"1Key2"},{"time":64796,"key":"1Key5"},{"time":64796,"key":"1Key6"},{"time":64796,"key":"1Key9"},{"time":65340,"key":"1Key0"},{"time":65340,"key":"1Key3"},{"time":65340,"key":"1Key5"},{"time":65612,"key":"1Key0"},{"time":65612,"key":"1Key3"},{"time":65612,"key":"1Key5"},{"time":65884,"key":"1Key0"},{"time":65884,"key":"1Key3"},{"time":65884,"key":"1Key5"},{"time":66156,"key":"1Key4"},{"time":66428,"key":"1Key0"},{"time":66428,"key":"1Key3"},{"time":66428,"key":"1Key5"},{"time":66700,"key":"1Key1"},{"time":66700,"key":"1Key4"},{"time":66700,"key":"1Key6"},{"time":67516,"key":"1Key1"},{"time":67516,"key":"1Key4"},{"time":67516,"key":"1Key6"},{"time":67788,"key":"1Key1"},{"time":67788,"key":"1Key4"},{"time":67788,"key":"1Key6"},{"time":68332,"key":"1Key5"},{"time":68604,"key":"1Key1"},{"time":68604,"key":"1Key4"},{"time":68604,"key":"1Key6"},{"time":69148,"key":"1Key2"},{"time":69148,"key":"1Key4"},{"time":69148,"key":"1Key6"},{"time":69964,"key":"1Key2"},{"time":69964,"key":"1Key4"},{"time":69964,"key":"1Key6"},{"time":70236,"key":"1Key2"},{"time":70236,"key":"1Key4"},{"time":70236,"key":"1Key6"},{"time":70780,"key":"1Key5"},{"time":71052,"key":"1Key4"},{"time":71052,"key":"1Key6"},{"time":71596,"key":"1Key5"},{"time":71596,"key":"1Key7"},{"time":72140,"key":"1Key5"},{"time":72140,"key":"1Key7"},{"time":72412,"key":"1Key4"},{"time":72412,"key":"1Key6"},{"time":72956,"key":"1Key4"},{"time":72956,"key":"1Key6"},{"time":73228,"key":"1Key2"},{"time":73228,"key":"1Key5"},{"time":73772,"key":"1Key2"},{"time":73772,"key":"1Key4"},{"time":74316,"key":"1Key0"},{"time":74316,"key":"1Key3"},{"time":74316,"key":"1Key5"},{"time":74860,"key":"1Key0"},{"time":74860,"key":"1Key3"},{"time":74860,"key":"1Key5"},{"time":75132,"key":"1Key0"},{"time":75132,"key":"1Key3"},{"time":75132,"key":"1Key5"},{"time":75404,"key":"1Key4"},{"time":75676,"key":"1Key0"},{"time":75676,"key":"1Key3"},{"time":75676,"key":"1Key5"},{"time":76220,"key":"1Key1"},{"time":76220,"key":"1Key4"},{"time":76220,"key":"1Key6"},{"time":77036,"key":"1Key1"},{"time":77036,"key":"1Key4"},{"time":77036,"key":"1Key6"},{"time":77308,"key":"1Key1"},{"time":77308,"key":"1Key4"},{"time":77308,"key":"1Key6"},{"time":77580,"key":"1Key5"},{"time":77852,"key":"1Key1"},{"time":77852,"key":"1Key4"},{"time":77852,"key":"1Key6"},{"time":78124,"key":"1Key2"},{"time":78396,"key":"1Key0"},{"time":78668,"key":"1Key2"},{"time":78940,"key":"1Key4"},{"time":79212,"key":"1Key7"},{"time":79756,"key":"1Key7"},{"time":80028,"key":"1Key6"},{"time":80300,"key":"1Key4"},{"time":80572,"key":"1Key0"},{"time":81116,"key":"1Key2"},{"time":81388,"key":"1Key4"},{"time":81660,"key":"1Key7"},{"time":82204,"key":"1Key7"},{"time":82476,"key":"1Key6"},{"time":82748,"key":"1Key4"},{"time":83020,"key":"1Key0"},{"time":83020,"key":"1Key3"},{"time":83020,"key":"1Key5"},{"time":83564,"key":"1Key0"},{"time":83564,"key":"1Key3"},{"time":83564,"key":"1Key5"},{"time":83836,"key":"1Key0"},{"time":83836,"key":"1Key3"},{"time":83836,"key":"1Key5"},{"time":84108,"key":"1Key4"},{"time":84380,"key":"1Key0"},{"time":84380,"key":"1Key3"},{"time":84380,"key":"1Key5"},{"time":84652,"key":"1Key1"},{"time":84652,"key":"1Key4"},{"time":84652,"key":"1Key6"},{"time":85468,"key":"1Key1"},{"time":85468,"key":"1Key4"},{"time":85468,"key":"1Key6"},{"time":85740,"key":"1Key1"},{"time":85740,"key":"1Key4"},{"time":85740,"key":"1Key6"},{"time":86012,"key":"1Key5"},{"time":86284,"key":"1Key1"},{"time":86284,"key":"1Key4"},{"time":86284,"key":"1Key6"},{"time":86556,"key":"1Key2"},{"time":86556,"key":"1Key4"},{"time":86556,"key":"1Key6"},{"time":87372,"key":"1Key2"},{"time":87372,"key":"1Key4"},{"time":87372,"key":"1Key6"},{"time":87644,"key":"1Key2"},{"time":87644,"key":"1Key4"},{"time":87644,"key":"1Key6"},{"time":87916,"key":"1Key5"},{"time":88188,"key":"1Key4"},{"time":88188,"key":"1Key6"},{"time":88732,"key":"1Key5"},{"time":88732,"key":"1Key7"},{"time":89276,"key":"1Key5"},{"time":89276,"key":"1Key7"},{"time":89548,"key":"1Key4"},{"time":89548,"key":"1Key6"},{"time":90092,"key":"1Key4"},{"time":90092,"key":"1Key6"},{"time":90364,"key":"1Key2"},{"time":90364,"key":"1Key5"},{"time":90908,"key":"1Key2"},{"time":90908,"key":"1Key4"},{"time":91452,"key":"1Key0"},{"time":91452,"key":"1Key3"},{"time":91452,"key":"1Key5"},{"time":91996,"key":"1Key0"},{"time":91996,"key":"1Key3"},{"time":91996,"key":"1Key5"},{"time":92268,"key":"1Key0"},{"time":92268,"key":"1Key3"},{"time":92268,"key":"1Key5"},{"time":92540,"key":"1Key4"},{"time":92812,"key":"1Key0"},{"time":92812,"key":"1Key3"},{"time":92812,"key":"1Key5"},{"time":93084,"key":"1Key1"},{"time":93084,"key":"1Key4"},{"time":93084,"key":"1Key6"},{"time":93628,"key":"1Key2"},{"time":93900,"key":"1Key4"},{"time":94172,"key":"1Key6"},{"time":94444,"key":"1Key9"},{"time":94716,"key":"1Key8"},{"time":94988,"key":"1Key7"},{"time":95260,"key":"1Key5"},{"time":95804,"key":"1Key7"},{"time":96076,"key":"1Key9"},{"time":96348,"key":"1Key12"},{"time":96892,"key":"1Key12"},{"time":97164,"key":"1Key11"},{"time":97708,"key":"1Key9"},{"time":97980,"key":"1Key4"},{"time":98252,"key":"1Key7"},{"time":98524,"key":"1Key9"},{"time":98796,"key":"1Key12"},{"time":99340,"key":"1Key12"},{"time":99612,"key":"1Key11"},{"time":99884,"key":"1Key9"},{"time":100156,"key":"1Key1"},{"time":100156,"key":"1Key8"},{"time":100428,"key":"1Key3"},{"time":100428,"key":"1Key9"},{"time":100700,"key":"1Key5"},{"time":100700,"key":"1Key12"},{"time":101244,"key":"1Key8"},{"time":101244,"key":"1Key12"},{"time":101788,"key":"1Key8"},{"time":102060,"key":"1Key7"},{"time":102332,"key":"1Key5"},{"time":102604,"key":"1Key4"},{"time":102876,"key":"1Key6"},{"time":103148,"key":"1Key8"},{"time":103148,"key":"1Key13"},{"time":103964,"key":"1Key11"},{"time":103964,"key":"1Key14"},{"time":104236,"key":"1Key12"},{"time":104508,"key":"1Key11"},{"time":104508,"key":"1Key13"},{"time":104780,"key":"1Key10"},{"time":104780,"key":"1Key11"},{"time":105052,"key":"1Key8"},{"time":105052,"key":"1Key12"},{"time":105324,"key":"1Key5"},{"time":105324,"key":"1Key9"},{"time":105596,"key":"1Key7"},{"time":105868,"key":"1Key9"},{"time":106140,"key":"1Key12"},{"time":106684,"key":"1Key12"},{"time":106956,"key":"1Key11"},{"time":107228,"key":"1Key9"},{"time":107500,"key":"1Key5"},{"time":107772,"key":"1Key7"},{"time":108044,"key":"1Key9"},{"time":108316,"key":"1Key12"},{"time":108860,"key":"1Key12"},{"time":109132,"key":"1Key4"},{"time":109404,"key":"1Key9"},{"time":109676,"key":"1Key1"},{"time":109676,"key":"1Key8"},{"time":109948,"key":"1Key3"},{"time":109948,"key":"1Key9"},{"time":110220,"key":"1Key5"},{"time":110220,"key":"1Key10"},{"time":110492,"key":"1Key8"},{"time":110492,"key":"1Key12"},{"time":111036,"key":"1Key8"},{"time":111308,"key":"1Key7"},{"time":111580,"key":"1Key5"},{"time":111852,"key":"1Key2"},{"time":111852,"key":"1Key5"},{"time":111852,"key":"1Key6"},{"time":112396,"key":"1Key2"},{"time":112668,"key":"1Key6"},{"time":112940,"key":"1Key9"},{"time":113212,"key":"1Key8"},{"time":113484,"key":"1Key7"},{"time":113756,"key":"1Key5"},{"time":114028,"key":"1Key7"},{"time":114300,"key":"1Key9"},{"time":114572,"key":"1Key12"},{"time":115116,"key":"1Key12"},{"time":115388,"key":"1Key11"},{"time":115660,"key":"1Key9"},{"time":115932,"key":"1Key5"},{"time":116204,"key":"1Key7"},{"time":116476,"key":"1Key9"},{"time":116748,"key":"1Key12"},{"time":117292,"key":"1Key12"},{"time":117564,"key":"1Key11"},{"time":117836,"key":"1Key9"},{"time":118108,"key":"1Key5"},{"time":118108,"key":"1Key7"},{"time":118108,"key":"1Key9"},{"time":118108,"key":"1Key11"},{"time":118108,"key":"1Key12"}]}]