[
    {
      "name": "Seven Nation Army-The White Stripes",
      "bpm": 220,
      "songNotes": [
        {
          "time": 400,
          "key": "1Key5"
        },
        {
          "time": 1012,
          "key": "1Key5"
        },
        {
          "time": 1284,
          "key": "1Key7"
        },
        {
          "time": 1556,
          "key": "1Key5"
        },
        {
          "time": 1828,
          "key": "1Key4"
        },
        {
          "time": 2100,
          "key": "1Key3"
        },
        {
          "time": 2780,
          "key": "1Key2"
        },
        {
          "time": 3460,
          "key": "1Key5"
        },
        {
          "time": 4072,
          "key": "1Key5"
        },
        {
          "time": 4344,
          "key": "1Key7"
        },
        {
          "time": 4616,
          "key": "1Key5"
        },
        {
          "time": 4888,
          "key": "1Key4"
        },
        {
          "time": 5160,
          "key": "1Key3"
        },
        {
          "time": 5840,
          "key": "1Key2"
        },
        {
          "time": 6520,
          "key": "1Key5"
        },
        {
          "time": 7132,
          "key": "1Key5"
        },
        {
          "time": 7404,
          "key": "1Key7"
        },
        {
          "time": 7676,
          "key": "1Key5"
        },
        {
          "time": 7948,
          "key": "1Key4"
        },
        {
          "time": 8220,
          "key": "1Key3"
        },
        {
          "time": 8900,
          "key": "1Key2"
        },
        {
          "time": 9580,
          "key": "1Key5"
        },
        {
          "time": 10192,
          "key": "1Key5"
        },
        {
          "time": 10464,
          "key": "1Key7"
        },
        {
          "time": 10736,
          "key": "1Key5"
        },
        {
          "time": 11008,
          "key": "1Key4"
        },
        {
          "time": 11280,
          "key": "1Key3"
        },
        {
          "time": 11960,
          "key": "1Key2"
        },
        {
          "time": 12232,
          "key": "1Key12"
        },
        {
          "time": 12504,
          "key": "1Key12"
        },
        {
          "time": 12776,
          "key": "1Key12"
        },
        {
          "time": 13048,
          "key": "1Key5"
        },
        {
          "time": 13048,
          "key": "1Key14"
        },
        {
          "time": 13320,
          "key": "1Key12"
        },
        {
          "time": 13592,
          "key": "1Key12"
        },
        {
          "time": 13864,
          "key": "1Key5"
        },
        {
          "time": 14136,
          "key": "1Key7"
        },
        {
          "time": 14408,
          "key": "1Key5"
        },
        {
          "time": 14680,
          "key": "1Key4"
        },
        {
          "time": 14952,
          "key": "1Key3"
        },
        {
          "time": 15564,
          "key": "1Key11"
        },
        {
          "time": 15836,
          "key": "1Key2"
        },
        {
          "time": 15836,
          "key": "1Key12"
        },
        {
          "time": 16108,
          "key": "1Key11"
        },
        {
          "time": 16380,
          "key": "1Key12"
        },
        {
          "time": 16652,
          "key": "1Key11"
        },
        {
          "time": 16924,
          "key": "1Key5"
        },
        {
          "time": 16924,
          "key": "1Key12"
        },
        {
          "time": 17196,
          "key": "1Key11"
        },
        {
          "time": 17468,
          "key": "1Key12"
        },
        {
          "time": 17740,
          "key": "1Key5"
        },
        {
          "time": 17740,
          "key": "1Key11"
        },
        {
          "time": 18012,
          "key": "1Key7"
        },
        {
          "time": 18012,
          "key": "1Key12"
        },
        {
          "time": 18284,
          "key": "1Key5"
        },
        {
          "time": 18284,
          "key": "1Key12"
        },
        {
          "time": 18556,
          "key": "1Key4"
        },
        {
          "time": 18556,
          "key": "1Key12"
        },
        {
          "time": 18828,
          "key": "1Key3"
        },
        {
          "time": 19508,
          "key": "1Key2"
        },
        {
          "time": 19780,
          "key": "1Key12"
        },
        {
          "time": 20052,
          "key": "1Key12"
        },
        {
          "time": 20324,
          "key": "1Key12"
        },
        {
          "time": 20596,
          "key": "1Key5"
        },
        {
          "time": 20596,
          "key": "1Key14"
        },
        {
          "time": 20868,
          "key": "1Key12"
        },
        {
          "time": 21140,
          "key": "1Key12"
        },
        {
          "time": 21412,
          "key": "1Key5"
        },
        {
          "time": 21684,
          "key": "1Key7"
        },
        {
          "time": 21956,
          "key": "1Key5"
        },
        {
          "time": 22228,
          "key": "1Key4"
        },
        {
          "time": 22500,
          "key": "1Key3"
        },
        {
          "time": 23180,
          "key": "1Key2"
        },
        {
          "time": 23180,
          "key": "1Key12"
        },
        {
          "time": 23452,
          "key": "1Key11"
        },
        {
          "time": 23724,
          "key": "1Key12"
        },
        {
          "time": 23996,
          "key": "1Key5"
        },
        {
          "time": 23996,
          "key": "1Key12"
        },
        {
          "time": 24268,
          "key": "1Key12"
        },
        {
          "time": 24540,
          "key": "1Key5"
        },
        {
          "time": 24540,
          "key": "1Key11"
        },
        {
          "time": 24812,
          "key": "1Key7"
        },
        {
          "time": 24812,
          "key": "1Key12"
        },
        {
          "time": 25084,
          "key": "1Key5"
        },
        {
          "time": 25084,
          "key": "1Key12"
        },
        {
          "time": 25356,
          "key": "1Key4"
        },
        {
          "time": 25356,
          "key": "1Key12"
        },
        {
          "time": 25628,
          "key": "1Key3"
        },
        {
          "time": 26308,
          "key": "1Key2"
        },
        {
          "time": 26580,
          "key": "1Key12"
        },
        {
          "time": 26852,
          "key": "1Key12"
        },
        {
          "time": 27124,
          "key": "1Key5"
        },
        {
          "time": 27124,
          "key": "1Key9"
        },
        {
          "time": 27396,
          "key": "1Key9"
        },
        {
          "time": 27668,
          "key": "1Key8"
        },
        {
          "time": 27940,
          "key": "1Key5"
        },
        {
          "time": 27940,
          "key": "1Key8"
        },
        {
          "time": 28212,
          "key": "1Key7"
        },
        {
          "time": 28212,
          "key": "1Key14"
        },
        {
          "time": 28484,
          "key": "1Key5"
        },
        {
          "time": 28484,
          "key": "1Key12"
        },
        {
          "time": 28756,
          "key": "1Key4"
        },
        {
          "time": 28756,
          "key": "1Key12"
        },
        {
          "time": 29028,
          "key": "1Key3"
        },
        {
          "time": 29300,
          "key": "1Key12"
        },
        {
          "time": 29572,
          "key": "1Key12"
        },
        {
          "time": 29844,
          "key": "1Key12"
        },
        {
          "time": 30116,
          "key": "1Key2"
        },
        {
          "time": 30116,
          "key": "1Key11"
        },
        {
          "time": 30388,
          "key": "1Key11"
        },
        {
          "time": 30660,
          "key": "1Key12"
        },
        {
          "time": 30932,
          "key": "1Key5"
        },
        {
          "time": 31544,
          "key": "1Key5"
        },
        {
          "time": 31816,
          "key": "1Key7"
        },
        {
          "time": 32088,
          "key": "1Key5"
        },
        {
          "time": 32360,
          "key": "1Key4"
        },
        {
          "time": 32632,
          "key": "1Key3"
        },
        {
          "time": 33312,
          "key": "1Key2"
        },
        {
          "time": 33992,
          "key": "1Key5"
        },
        {
          "time": 33992,
          "key": "1Key12"
        },
        {
          "time": 34264,
          "key": "1Key11"
        },
        {
          "time": 34536,
          "key": "1Key12"
        },
        {
          "time": 34808,
          "key": "1Key5"
        },
        {
          "time": 35080,
          "key": "1Key7"
        },
        {
          "time": 35080,
          "key": "1Key12"
        },
        {
          "time": 35352,
          "key": "1Key5"
        },
        {
          "time": 35352,
          "key": "1Key12"
        },
        {
          "time": 35624,
          "key": "1Key4"
        },
        {
          "time": 35624,
          "key": "1Key12"
        },
        {
          "time": 35896,
          "key": "1Key3"
        },
        {
          "time": 36168,
          "key": "1Key12"
        },
        {
          "time": 36440,
          "key": "1Key12"
        },
        {
          "time": 36712,
          "key": "1Key12"
        },
        {
          "time": 36984,
          "key": "1Key2"
        },
        {
          "time": 36984,
          "key": "1Key12"
        },
        {
          "time": 37256,
          "key": "1Key12"
        },
        {
          "time": 37528,
          "key": "1Key12"
        },
        {
          "time": 37800,
          "key": "1Key5"
        },
        {
          "time": 38412,
          "key": "1Key5"
        },
        {
          "time": 38684,
          "key": "1Key7"
        },
        {
          "time": 38956,
          "key": "1Key5"
        },
        {
          "time": 39228,
          "key": "1Key4"
        },
        {
          "time": 39500,
          "key": "1Key3"
        },
        {
          "time": 40180,
          "key": "1Key2"
        },
        {
          "time": 40452,
          "key": "1Key12"
        },
        {
          "time": 40724,
          "key": "1Key12"
        },
        {
          "time": 40996,
          "key": "1Key0"
        },
        {
          "time": 40996,
          "key": "1Key7"
        },
        {
          "time": 40996,
          "key": "1Key12"
        },
        {
          "time": 41268,
          "key": "1Key0"
        },
        {
          "time": 41268,
          "key": "1Key7"
        },
        {
          "time": 41268,
          "key": "1Key12"
        },
        {
          "time": 41540,
          "key": "1Key0"
        },
        {
          "time": 41540,
          "key": "1Key7"
        },
        {
          "time": 41540,
          "key": "1Key12"
        },
        {
          "time": 41812,
          "key": "1Key0"
        },
        {
          "time": 41812,
          "key": "1Key7"
        },
        {
          "time": 41812,
          "key": "1Key12"
        },
        {
          "time": 42084,
          "key": "1Key0"
        },
        {
          "time": 42084,
          "key": "1Key7"
        },
        {
          "time": 42084,
          "key": "1Key12"
        },
        {
          "time": 42356,
          "key": "1Key0"
        },
        {
          "time": 42356,
          "key": "1Key7"
        },
        {
          "time": 42628,
          "key": "1Key12"
        },
        {
          "time": 42900,
          "key": "1Key0"
        },
        {
          "time": 42900,
          "key": "1Key7"
        },
        {
          "time": 43172,
          "key": "1Key0"
        },
        {
          "time": 43172,
          "key": "1Key7"
        },
        {
          "time": 43172,
          "key": "1Key12"
        },
        {
          "time": 43444,
          "key": "1Key1"
        },
        {
          "time": 43444,
          "key": "1Key8"
        },
        {
          "time": 43716,
          "key": "1Key1"
        },
        {
          "time": 43716,
          "key": "1Key8"
        },
        {
          "time": 43988,
          "key": "1Key1"
        },
        {
          "time": 43988,
          "key": "1Key8"
        },
        {
          "time": 43988,
          "key": "1Key12"
        },
        {
          "time": 44260,
          "key": "1Key1"
        },
        {
          "time": 44260,
          "key": "1Key8"
        },
        {
          "time": 44260,
          "key": "1Key12"
        },
        {
          "time": 44532,
          "key": "1Key1"
        },
        {
          "time": 44532,
          "key": "1Key8"
        },
        {
          "time": 44532,
          "key": "1Key14"
        },
        {
          "time": 44804,
          "key": "1Key1"
        },
        {
          "time": 44804,
          "key": "1Key8"
        },
        {
          "time": 44804,
          "key": "1Key12"
        },
        {
          "time": 45076,
          "key": "1Key1"
        },
        {
          "time": 45076,
          "key": "1Key8"
        },
        {
          "time": 45076,
          "key": "1Key12"
        },
        {
          "time": 45348,
          "key": "1Key1"
        },
        {
          "time": 45348,
          "key": "1Key8"
        },
        {
          "time": 45348,
          "key": "1Key12"
        },
        {
          "time": 45620,
          "key": "1Key5"
        },
        {
          "time": 45620,
          "key": "1Key12"
        },
        {
          "time": 46232,
          "key": "1Key5"
        },
        {
          "time": 46232,
          "key": "1Key12"
        },
        {
          "time": 46504,
          "key": "1Key0"
        },
        {
          "time": 46504,
          "key": "1Key7"
        },
        {
          "time": 46504,
          "key": "1Key14"
        },
        {
          "time": 46776,
          "key": "1Key5"
        },
        {
          "time": 46776,
          "key": "1Key12"
        },
        {
          "time": 47048,
          "key": "1Key4"
        },
        {
          "time": 47048,
          "key": "1Key11"
        },
        {
          "time": 47320,
          "key": "1Key3"
        },
        {
          "time": 47320,
          "key": "1Key10"
        },
        {
          "time": 48000,
          "key": "1Key2"
        },
        {
          "time": 48000,
          "key": "1Key9"
        },
        {
          "time": 48680,
          "key": "1Key5"
        },
        {
          "time": 48680,
          "key": "1Key12"
        },
        {
          "time": 49292,
          "key": "1Key5"
        },
        {
          "time": 49292,
          "key": "1Key12"
        },
        {
          "time": 49564,
          "key": "1Key0"
        },
        {
          "time": 49564,
          "key": "1Key7"
        },
        {
          "time": 49564,
          "key": "1Key14"
        },
        {
          "time": 49836,
          "key": "1Key5"
        },
        {
          "time": 49836,
          "key": "1Key12"
        },
        {
          "time": 50108,
          "key": "1Key4"
        },
        {
          "time": 50108,
          "key": "1Key11"
        },
        {
          "time": 50380,
          "key": "1Key3"
        },
        {
          "time": 50380,
          "key": "1Key10"
        },
        {
          "time": 50652,
          "key": "1Key4"
        },
        {
          "time": 50652,
          "key": "1Key11"
        },
        {
          "time": 50924,
          "key": "1Key3"
        },
        {
          "time": 50924,
          "key": "1Key10"
        },
        {
          "time": 51196,
          "key": "1Key2"
        },
        {
          "time": 51196,
          "key": "1Key9"
        },
        {
          "time": 51876,
          "key": "1Key5"
        },
        {
          "time": 51876,
          "key": "1Key12"
        },
        {
          "time": 52488,
          "key": "1Key5"
        },
        {
          "time": 52488,
          "key": "1Key12"
        },
        {
          "time": 52760,
          "key": "1Key0"
        },
        {
          "time": 52760,
          "key": "1Key7"
        },
        {
          "time": 52760,
          "key": "1Key14"
        },
        {
          "time": 53032,
          "key": "1Key5"
        },
        {
          "time": 53032,
          "key": "1Key12"
        },
        {
          "time": 53304,
          "key": "1Key4"
        },
        {
          "time": 53304,
          "key": "1Key11"
        },
        {
          "time": 53576,
          "key": "1Key3"
        },
        {
          "time": 53576,
          "key": "1Key10"
        },
        {
          "time": 54256,
          "key": "1Key2"
        },
        {
          "time": 54256,
          "key": "1Key9"
        },
        {
          "time": 54936,
          "key": "1Key5"
        },
        {
          "time": 54936,
          "key": "1Key12"
        },
        {
          "time": 55548,
          "key": "1Key5"
        },
        {
          "time": 55548,
          "key": "1Key12"
        },
        {
          "time": 55820,
          "key": "1Key0"
        },
        {
          "time": 55820,
          "key": "1Key7"
        },
        {
          "time": 55820,
          "key": "1Key14"
        },
        {
          "time": 56092,
          "key": "1Key5"
        },
        {
          "time": 56092,
          "key": "1Key12"
        },
        {
          "time": 56364,
          "key": "1Key4"
        },
        {
          "time": 56364,
          "key": "1Key11"
        },
        {
          "time": 56636,
          "key": "1Key3"
        },
        {
          "time": 56636,
          "key": "1Key10"
        },
        {
          "time": 56908,
          "key": "1Key4"
        },
        {
          "time": 56908,
          "key": "1Key11"
        },
        {
          "time": 57180,
          "key": "1Key3"
        },
        {
          "time": 57180,
          "key": "1Key10"
        },
        {
          "time": 57452,
          "key": "1Key2"
        },
        {
          "time": 57452,
          "key": "1Key9"
        },
        {
          "time": 58132,
          "key": "1Key0"
        },
        {
          "time": 58132,
          "key": "1Key7"
        },
        {
          "time": 58132,
          "key": "1Key9"
        },
        {
          "time": 58132,
          "key": "1Key11"
        },
        {
          "time": 58132,
          "key": "1Key14"
        },
        {
          "time": 58404,
          "key": "1Key0"
        },
        {
          "time": 58404,
          "key": "1Key7"
        },
        {
          "time": 58404,
          "key": "1Key9"
        },
        {
          "time": 58404,
          "key": "1Key11"
        },
        {
          "time": 58404,
          "key": "1Key14"
        },
        {
          "time": 58676,
          "key": "1Key0"
        },
        {
          "time": 58676,
          "key": "1Key7"
        },
        {
          "time": 58676,
          "key": "1Key9"
        },
        {
          "time": 58676,
          "key": "1Key11"
        },
        {
          "time": 58676,
          "key": "1Key14"
        },
        {
          "time": 58948,
          "key": "1Key0"
        },
        {
          "time": 58948,
          "key": "1Key7"
        },
        {
          "time": 58948,
          "key": "1Key9"
        },
        {
          "time": 58948,
          "key": "1Key11"
        },
        {
          "time": 58948,
          "key": "1Key14"
        },
        {
          "time": 59220,
          "key": "1Key0"
        },
        {
          "time": 59220,
          "key": "1Key7"
        },
        {
          "time": 59220,
          "key": "1Key9"
        },
        {
          "time": 59220,
          "key": "1Key11"
        },
        {
          "time": 59220,
          "key": "1Key14"
        },
        {
          "time": 59492,
          "key": "1Key0"
        },
        {
          "time": 59492,
          "key": "1Key7"
        },
        {
          "time": 59492,
          "key": "1Key9"
        },
        {
          "time": 59492,
          "key": "1Key11"
        },
        {
          "time": 59492,
          "key": "1Key14"
        },
        {
          "time": 59764,
          "key": "1Key0"
        },
        {
          "time": 59764,
          "key": "1Key7"
        },
        {
          "time": 59764,
          "key": "1Key9"
        },
        {
          "time": 59764,
          "key": "1Key11"
        },
        {
          "time": 59764,
          "key": "1Key14"
        },
        {
          "time": 60036,
          "key": "1Key0"
        },
        {
          "time": 60036,
          "key": "1Key7"
        },
        {
          "time": 60036,
          "key": "1Key9"
        },
        {
          "time": 60036,
          "key": "1Key11"
        },
        {
          "time": 60036,
          "key": "1Key14"
        },
        {
          "time": 60308,
          "key": "1Key1"
        },
        {
          "time": 60308,
          "key": "1Key8"
        },
        {
          "time": 60308,
          "key": "1Key10"
        },
        {
          "time": 60308,
          "key": "1Key12"
        },
        {
          "time": 60580,
          "key": "1Key1"
        },
        {
          "time": 60580,
          "key": "1Key8"
        },
        {
          "time": 60580,
          "key": "1Key10"
        },
        {
          "time": 60580,
          "key": "1Key12"
        },
        {
          "time": 60852,
          "key": "1Key1"
        },
        {
          "time": 60852,
          "key": "1Key8"
        },
        {
          "time": 60852,
          "key": "1Key10"
        },
        {
          "time": 60852,
          "key": "1Key12"
        },
        {
          "time": 61124,
          "key": "1Key1"
        },
        {
          "time": 61124,
          "key": "1Key8"
        },
        {
          "time": 61124,
          "key": "1Key10"
        },
        {
          "time": 61124,
          "key": "1Key12"
        },
        {
          "time": 61396,
          "key": "1Key1"
        },
        {
          "time": 61396,
          "key": "1Key8"
        },
        {
          "time": 61396,
          "key": "1Key10"
        },
        {
          "time": 61396,
          "key": "1Key12"
        },
        {
          "time": 61668,
          "key": "1Key1"
        },
        {
          "time": 61668,
          "key": "1Key8"
        },
        {
          "time": 61668,
          "key": "1Key10"
        },
        {
          "time": 61668,
          "key": "1Key12"
        },
        {
          "time": 61940,
          "key": "1Key1"
        },
        {
          "time": 61940,
          "key": "1Key8"
        },
        {
          "time": 61940,
          "key": "1Key10"
        },
        {
          "time": 61940,
          "key": "1Key12"
        },
        {
          "time": 62212,
          "key": "1Key1"
        },
        {
          "time": 62212,
          "key": "1Key8"
        },
        {
          "time": 62212,
          "key": "1Key10"
        },
        {
          "time": 62212,
          "key": "1Key12"
        },
        {
          "time": 62484,
          "key": "1Key5"
        },
        {
          "time": 62484,
          "key": "1Key9"
        },
        {
          "time": 62484,
          "key": "1Key12"
        }
      ]
    }
  ]