[
    {
      "name": "Sons of Skyrim",
      "bpm": 420,
      "songNotes": [
        {
          "time": 0,
          "key": "1Key5"
        },
        {
          "time": 0,
          "key": "1Key12"
        },
        {
          "time": 284,
          "key": "1Key12"
        },
        {
          "time": 568,
          "key": "1Key12"
        },
        {
          "time": 852,
          "key": "1Key2"
        },
        {
          "time": 852,
          "key": "1Key12"
        },
        {
          "time": 1136,
          "key": "1Key12"
        },
        {
          "time": 1420,
          "key": "1Key12"
        },
        {
          "time": 1704,
          "key": "1Key3"
        },
        {
          "time": 1704,
          "key": "1Key12"
        },
        {
          "time": 1988,
          "key": "1Key12"
        },
        {
          "time": 2272,
          "key": "1Key12"
        },
        {
          "time": 2556,
          "key": "1Key1"
        },
        {
          "time": 2556,
          "key": "1Key12"
        },
        {
          "time": 2840,
          "key": "1Key12"
        },
        {
          "time": 3124,
          "key": "1Key13"
        },
        {
          "time": 3266,
          "key": "1Key14"
        },
        {
          "time": 3408,
          "key": "1Key5"
        },
        {
          "time": 3408,
          "key": "1Key12"
        },
        {
          "time": 3692,
          "key": "1Key12"
        },
        {
          "time": 3976,
          "key": "1Key12"
        },
        {
          "time": 4260,
          "key": "1Key2"
        },
        {
          "time": 4260,
          "key": "1Key12"
        },
        {
          "time": 4544,
          "key": "1Key12"
        },
        {
          "time": 4828,
          "key": "1Key12"
        },
        {
          "time": 5112,
          "key": "1Key3"
        },
        {
          "time": 5112,
          "key": "1Key12"
        },
        {
          "time": 5396,
          "key": "1Key12"
        },
        {
          "time": 5680,
          "key": "1Key12"
        },
        {
          "time": 5964,
          "key": "1Key1"
        },
        {
          "time": 5964,
          "key": "1Key12"
        },
        {
          "time": 6248,
          "key": "1Key12"
        },
        {
          "time": 6532,
          "key": "1Key13"
        },
        {
          "time": 6674,
          "key": "1Key14"
        },
        {
          "time": 6816,
          "key": "1Key5"
        },
        {
          "time": 6816,
          "key": "1Key12"
        },
        {
          "time": 7100,
          "key": "1Key12"
        },
        {
          "time": 7384,
          "key": "1Key12"
        },
        {
          "time": 7668,
          "key": "1Key2"
        },
        {
          "time": 7668,
          "key": "1Key12"
        },
        {
          "time": 7952,
          "key": "1Key12"
        },
        {
          "time": 8236,
          "key": "1Key12"
        },
        {
          "time": 8520,
          "key": "1Key3"
        },
        {
          "time": 8520,
          "key": "1Key12"
        },
        {
          "time": 8804,
          "key": "1Key12"
        },
        {
          "time": 9088,
          "key": "1Key12"
        },
        {
          "time": 9372,
          "key": "1Key1"
        },
        {
          "time": 9372,
          "key": "1Key12"
        },
        {
          "time": 9656,
          "key": "1Key12"
        },
        {
          "time": 9940,
          "key": "1Key13"
        },
        {
          "time": 10082,
          "key": "1Key14"
        },
        {
          "time": 10224,
          "key": "1Key5"
        },
        {
          "time": 10224,
          "key": "1Key12"
        },
        {
          "time": 10508,
          "key": "1Key12"
        },
        {
          "time": 10792,
          "key": "1Key12"
        },
        {
          "time": 11076,
          "key": "1Key2"
        },
        {
          "time": 11076,
          "key": "1Key12"
        },
        {
          "time": 11360,
          "key": "1Key12"
        },
        {
          "time": 11644,
          "key": "1Key12"
        },
        {
          "time": 11928,
          "key": "1Key3"
        },
        {
          "time": 11928,
          "key": "1Key12"
        },
        {
          "time": 12212,
          "key": "1Key12"
        },
        {
          "time": 12496,
          "key": "1Key12"
        },
        {
          "time": 12780,
          "key": "1Key1"
        },
        {
          "time": 12780,
          "key": "1Key12"
        },
        {
          "time": 13064,
          "key": "1Key12"
        },
        {
          "time": 13348,
          "key": "1Key13"
        },
        {
          "time": 13490,
          "key": "1Key14"
        },
        {
          "time": 13632,
          "key": "1Key5"
        },
        {
          "time": 13632,
          "key": "1Key12"
        },
        {
          "time": 13916,
          "key": "1Key5"
        },
        {
          "time": 14200,
          "key": "1Key5"
        },
        {
          "time": 14484,
          "key": "1Key5"
        },
        {
          "time": 14768,
          "key": "1Key5"
        },
        {
          "time": 15052,
          "key": "1Key5"
        },
        {
          "time": 15336,
          "key": "1Key1"
        },
        {
          "time": 15336,
          "key": "1Key8"
        },
        {
          "time": 15336,
          "key": "1Key12"
        },
        {
          "time": 15620,
          "key": "1Key1"
        },
        {
          "time": 15904,
          "key": "1Key1"
        },
        {
          "time": 16188,
          "key": "1Key1"
        },
        {
          "time": 16472,
          "key": "1Key1"
        },
        {
          "time": 16756,
          "key": "1Key1"
        },
        {
          "time": 17040,
          "key": "1Key3"
        },
        {
          "time": 17040,
          "key": "1Key5"
        },
        {
          "time": 17040,
          "key": "1Key10"
        },
        {
          "time": 17324,
          "key": "1Key3"
        },
        {
          "time": 17608,
          "key": "1Key3"
        },
        {
          "time": 17892,
          "key": "1Key3"
        },
        {
          "time": 18176,
          "key": "1Key3"
        },
        {
          "time": 18460,
          "key": "1Key3"
        },
        {
          "time": 18744,
          "key": "1Key4"
        },
        {
          "time": 18744,
          "key": "1Key8"
        },
        {
          "time": 18744,
          "key": "1Key13"
        },
        {
          "time": 19028,
          "key": "1Key4"
        },
        {
          "time": 19312,
          "key": "1Key4"
        },
        {
          "time": 19596,
          "key": "1Key4"
        },
        {
          "time": 20164,
          "key": "1Key14"
        },
        {
          "time": 20306,
          "key": "1Key13"
        },
        {
          "time": 20448,
          "key": "1Key5"
        },
        {
          "time": 20448,
          "key": "1Key14"
        },
        {
          "time": 20732,
          "key": "1Key7"
        },
        {
          "time": 20874,
          "key": "1Key10"
        },
        {
          "time": 21016,
          "key": "1Key14"
        },
        {
          "time": 21158,
          "key": "1Key13"
        },
        {
          "time": 21300,
          "key": "1Key3"
        },
        {
          "time": 21300,
          "key": "1Key14"
        },
        {
          "time": 21584,
          "key": "1Key7"
        },
        {
          "time": 21726,
          "key": "1Key10"
        },
        {
          "time": 21868,
          "key": "1Key13"
        },
        {
          "time": 22010,
          "key": "1Key14"
        },
        {
          "time": 22152,
          "key": "1Key4"
        },
        {
          "time": 22152,
          "key": "1Key8"
        },
        {
          "time": 22436,
          "key": "1Key8"
        },
        {
          "time": 22436,
          "key": "1Key14"
        },
        {
          "time": 22720,
          "key": "1Key11"
        },
        {
          "time": 22720,
          "key": "1Key13"
        },
        {
          "time": 23004,
          "key": "1Key1"
        },
        {
          "time": 23004,
          "key": "1Key12"
        },
        {
          "time": 23288,
          "key": "1Key5"
        },
        {
          "time": 23430,
          "key": "1Key8"
        },
        {
          "time": 23572,
          "key": "1Key12"
        },
        {
          "time": 23714,
          "key": "1Key11"
        },
        {
          "time": 23856,
          "key": "1Key5"
        },
        {
          "time": 23856,
          "key": "1Key12"
        },
        {
          "time": 24140,
          "key": "1Key12"
        },
        {
          "time": 24282,
          "key": "1Key9"
        },
        {
          "time": 24424,
          "key": "1Key12"
        },
        {
          "time": 24566,
          "key": "1Key11"
        },
        {
          "time": 24708,
          "key": "1Key3"
        },
        {
          "time": 24708,
          "key": "1Key12"
        },
        {
          "time": 24992,
          "key": "1Key10"
        },
        {
          "time": 25134,
          "key": "1Key7"
        },
        {
          "time": 25276,
          "key": "1Key11"
        },
        {
          "time": 25418,
          "key": "1Key12"
        },
        {
          "time": 25560,
          "key": "1Key4"
        },
        {
          "time": 25560,
          "key": "1Key13"
        },
        {
          "time": 25844,
          "key": "1Key5"
        },
        {
          "time": 25844,
          "key": "1Key14"
        },
        {
          "time": 26128,
          "key": "1Key11"
        },
        {
          "time": 26412,
          "key": "1Key1"
        },
        {
          "time": 26412,
          "key": "1Key12"
        },
        {
          "time": 26696,
          "key": "1Key5"
        },
        {
          "time": 26838,
          "key": "1Key8"
        },
        {
          "time": 26980,
          "key": "1Key14"
        },
        {
          "time": 27122,
          "key": "1Key13"
        },
        {
          "time": 27264,
          "key": "1Key5"
        },
        {
          "time": 27264,
          "key": "1Key14"
        },
        {
          "time": 27548,
          "key": "1Key7"
        },
        {
          "time": 27690,
          "key": "1Key10"
        },
        {
          "time": 27832,
          "key": "1Key14"
        },
        {
          "time": 27974,
          "key": "1Key13"
        },
        {
          "time": 28116,
          "key": "1Key3"
        },
        {
          "time": 28116,
          "key": "1Key14"
        },
        {
          "time": 28400,
          "key": "1Key7"
        },
        {
          "time": 28542,
          "key": "1Key10"
        },
        {
          "time": 28684,
          "key": "1Key13"
        },
        {
          "time": 28826,
          "key": "1Key14"
        },
        {
          "time": 28968,
          "key": "1Key4"
        },
        {
          "time": 28968,
          "key": "1Key8"
        },
        {
          "time": 29252,
          "key": "1Key8"
        },
        {
          "time": 29252,
          "key": "1Key14"
        },
        {
          "time": 29536,
          "key": "1Key11"
        },
        {
          "time": 29536,
          "key": "1Key13"
        },
        {
          "time": 29820,
          "key": "1Key1"
        },
        {
          "time": 29820,
          "key": "1Key12"
        },
        {
          "time": 30104,
          "key": "1Key5"
        },
        {
          "time": 30246,
          "key": "1Key8"
        },
        {
          "time": 30388,
          "key": "1Key12"
        },
        {
          "time": 30530,
          "key": "1Key11"
        },
        {
          "time": 30672,
          "key": "1Key5"
        },
        {
          "time": 30672,
          "key": "1Key12"
        },
        {
          "time": 30956,
          "key": "1Key12"
        },
        {
          "time": 31098,
          "key": "1Key9"
        },
        {
          "time": 31240,
          "key": "1Key12"
        },
        {
          "time": 31382,
          "key": "1Key11"
        },
        {
          "time": 31524,
          "key": "1Key3"
        },
        {
          "time": 31524,
          "key": "1Key12"
        },
        {
          "time": 31808,
          "key": "1Key10"
        },
        {
          "time": 31950,
          "key": "1Key7"
        },
        {
          "time": 32092,
          "key": "1Key11"
        },
        {
          "time": 32234,
          "key": "1Key12"
        },
        {
          "time": 32376,
          "key": "1Key4"
        },
        {
          "time": 32376,
          "key": "1Key13"
        },
        {
          "time": 32660,
          "key": "1Key1"
        },
        {
          "time": 32660,
          "key": "1Key14"
        },
        {
          "time": 32944,
          "key": "1Key11"
        },
        {
          "time": 33228,
          "key": "1Key1"
        },
        {
          "time": 33228,
          "key": "1Key12"
        },
        {
          "time": 33512,
          "key": "1Key3"
        },
        {
          "time": 33796,
          "key": "1Key5"
        },
        {
          "time": 34080,
          "key": "1Key8"
        },
        {
          "time": 34364,
          "key": "1Key10"
        },
        {
          "time": 34648,
          "key": "1Key12"
        },
        {
          "time": 34932,
          "key": "1Key10"
        },
        {
          "time": 35216,
          "key": "1Key8"
        },
        {
          "time": 35500,
          "key": "1Key5"
        },
        {
          "time": 35784,
          "key": "1Key1"
        },
        {
          "time": 36068,
          "key": "1Key8"
        },
        {
          "time": 36352,
          "key": "1Key9"
        },
        {
          "time": 36636,
          "key": "1Key1"
        },
        {
          "time": 36636,
          "key": "1Key10"
        },
        {
          "time": 36920,
          "key": "1Key3"
        },
        {
          "time": 37204,
          "key": "1Key5"
        },
        {
          "time": 37488,
          "key": "1Key1"
        },
        {
          "time": 37772,
          "key": "1Key10"
        },
        {
          "time": 38056,
          "key": "1Key11"
        },
        {
          "time": 38340,
          "key": "1Key3"
        },
        {
          "time": 38340,
          "key": "1Key12"
        },
        {
          "time": 38624,
          "key": "1Key7"
        },
        {
          "time": 38908,
          "key": "1Key10"
        },
        {
          "time": 39192,
          "key": "1Key3"
        },
        {
          "time": 39476,
          "key": "1Key12"
        },
        {
          "time": 39760,
          "key": "1Key14"
        },
        {
          "time": 40044,
          "key": "1Key4"
        },
        {
          "time": 40044,
          "key": "1Key11"
        },
        {
          "time": 40328,
          "key": "1Key7"
        },
        {
          "time": 40612,
          "key": "1Key9"
        },
        {
          "time": 40896,
          "key": "1Key4"
        },
        {
          "time": 41180,
          "key": "1Key10"
        },
        {
          "time": 41464,
          "key": "1Key9"
        },
        {
          "time": 41748,
          "key": "1Key4"
        },
        {
          "time": 41748,
          "key": "1Key11"
        },
        {
          "time": 42032,
          "key": "1Key4"
        },
        {
          "time": 42316,
          "key": "1Key6"
        },
        {
          "time": 42600,
          "key": "1Key5"
        },
        {
          "time": 42600,
          "key": "1Key12"
        },
        {
          "time": 42884,
          "key": "1Key8"
        },
        {
          "time": 43168,
          "key": "1Key9"
        },
        {
          "time": 43452,
          "key": "1Key1"
        },
        {
          "time": 43452,
          "key": "1Key10"
        },
        {
          "time": 43736,
          "key": "1Key3"
        },
        {
          "time": 44020,
          "key": "1Key5"
        },
        {
          "time": 44304,
          "key": "1Key1"
        },
        {
          "time": 44588,
          "key": "1Key10"
        },
        {
          "time": 44872,
          "key": "1Key11"
        },
        {
          "time": 45156,
          "key": "1Key3"
        },
        {
          "time": 45156,
          "key": "1Key12"
        },
        {
          "time": 45440,
          "key": "1Key7"
        },
        {
          "time": 45724,
          "key": "1Key10"
        },
        {
          "time": 46008,
          "key": "1Key3"
        },
        {
          "time": 46292,
          "key": "1Key12"
        },
        {
          "time": 46576,
          "key": "1Key14"
        },
        {
          "time": 46860,
          "key": "1Key0"
        },
        {
          "time": 46860,
          "key": "1Key8"
        },
        {
          "time": 47144,
          "key": "1Key3"
        },
        {
          "time": 47428,
          "key": "1Key1"
        },
        {
          "time": 47712,
          "key": "1Key3"
        },
        {
          "time": 47996,
          "key": "1Key7"
        },
        {
          "time": 48280,
          "key": "1Key9"
        },
        {
          "time": 48564,
          "key": "1Key4"
        },
        {
          "time": 48564,
          "key": "1Key8"
        },
        {
          "time": 48848,
          "key": "1Key1"
        },
        {
          "time": 49132,
          "key": "1Key4"
        },
        {
          "time": 49416,
          "key": "1Key4"
        },
        {
          "time": 49700,
          "key": "1Key8"
        },
        {
          "time": 49984,
          "key": "1Key9"
        },
        {
          "time": 50268,
          "key": "1Key1"
        },
        {
          "time": 50268,
          "key": "1Key10"
        },
        {
          "time": 50552,
          "key": "1Key3"
        },
        {
          "time": 50836,
          "key": "1Key9"
        },
        {
          "time": 51120,
          "key": "1Key3"
        },
        {
          "time": 51404,
          "key": "1Key8"
        },
        {
          "time": 51688,
          "key": "1Key3"
        },
        {
          "time": 51972,
          "key": "1Key3"
        },
        {
          "time": 51972,
          "key": "1Key7"
        },
        {
          "time": 52256,
          "key": "1Key0"
        },
        {
          "time": 52540,
          "key": "1Key6"
        },
        {
          "time": 52824,
          "key": "1Key0"
        },
        {
          "time": 53108,
          "key": "1Key5"
        },
        {
          "time": 53392,
          "key": "1Key0"
        },
        {
          "time": 53676,
          "key": "1Key4"
        },
        {
          "time": 53960,
          "key": "1Key0"
        },
        {
          "time": 54244,
          "key": "1Key2"
        },
        {
          "time": 54528,
          "key": "1Key0"
        },
        {
          "time": 54812,
          "key": "1Key10"
        },
        {
          "time": 55096,
          "key": "1Key12"
        },
        {
          "time": 55380,
          "key": "1Key0"
        },
        {
          "time": 55380,
          "key": "1Key11"
        },
        {
          "time": 55664,
          "key": "1Key4"
        },
        {
          "time": 55948,
          "key": "1Key7"
        },
        {
          "time": 56232,
          "key": "1Key0"
        },
        {
          "time": 56516,
          "key": "1Key10"
        },
        {
          "time": 56800,
          "key": "1Key9"
        },
        {
          "time": 57084,
          "key": "1Key4"
        },
        {
          "time": 57084,
          "key": "1Key8"
        },
        {
          "time": 57368,
          "key": "1Key8"
        },
        {
          "time": 57652,
          "key": "1Key11"
        },
        {
          "time": 57936,
          "key": "1Key13"
        },
        {
          "time": 58220,
          "key": "1Key11"
        },
        {
          "time": 58504,
          "key": "1Key8"
        },
        {
          "time": 58788,
          "key": "1Key4"
        },
        {
          "time": 58788,
          "key": "1Key8"
        },
        {
          "time": 59072,
          "key": "1Key6"
        },
        {
          "time": 59356,
          "key": "1Key4"
        },
        {
          "time": 59640,
          "key": "1Key1"
        },
        {
          "time": 59924,
          "key": "1Key10"
        },
        {
          "time": 60208,
          "key": "1Key9"
        },
        {
          "time": 60492,
          "key": "1Key1"
        },
        {
          "time": 60492,
          "key": "1Key8"
        },
        {
          "time": 60776,
          "key": "1Key5"
        },
        {
          "time": 61060,
          "key": "1Key8"
        },
        {
          "time": 61344,
          "key": "1Key11"
        },
        {
          "time": 61628,
          "key": "1Key12"
        },
        {
          "time": 61912,
          "key": "1Key11"
        },
        {
          "time": 62196,
          "key": "1Key1"
        },
        {
          "time": 62196,
          "key": "1Key5"
        },
        {
          "time": 62196,
          "key": "1Key8"
        }
      ]
    }
  ]