[
    {
      "name": "Ripped My Pants",
      "bpm": 480,
      "songNotes": [
        {
          "time": 500,
          "key": "1Key0"
        },
        {
          "time": 500,
          "key": "1Key7"
        },
        {
          "time": 625,
          "key": "1Key9"
        },
        {
          "time": 750,
          "key": "1Key11"
        },
        {
          "time": 1500,
          "key": "1Key0"
        },
        {
          "time": 1500,
          "key": "1Key4"
        },
        {
          "time": 1625,
          "key": "1Key7"
        },
        {
          "time": 1750,
          "key": "1Key9"
        },
        {
          "time": 2500,
          "key": "1Key5"
        },
        {
          "time": 2500,
          "key": "1Key12"
        },
        {
          "time": 2625,
          "key": "1Key7"
        },
        {
          "time": 2750,
          "key": "1Key9"
        },
        {
          "time": 3500,
          "key": "1Key3"
        },
        {
          "time": 3500,
          "key": "1Key5"
        },
        {
          "time": 3625,
          "key": "1Key7"
        },
        {
          "time": 3750,
          "key": "1Key10"
        },
        {
          "time": 4500,
          "key": "1Key4"
        },
        {
          "time": 4500,
          "key": "1Key6"
        },
        {
          "time": 4625,
          "key": "1Key8"
        },
        {
          "time": 4750,
          "key": "1Key11"
        },
        {
          "time": 5500,
          "key": "1Key2"
        },
        {
          "time": 5500,
          "key": "1Key4"
        },
        {
          "time": 5625,
          "key": "1Key6"
        },
        {
          "time": 5750,
          "key": "1Key9"
        },
        {
          "time": 6500,
          "key": "1Key5"
        },
        {
          "time": 6500,
          "key": "1Key12"
        },
        {
          "time": 6625,
          "key": "1Key7"
        },
        {
          "time": 6750,
          "key": "1Key9"
        },
        {
          "time": 7500,
          "key": "1Key1"
        },
        {
          "time": 7500,
          "key": "1Key5"
        },
        {
          "time": 7625,
          "key": "1Key8"
        },
        {
          "time": 7750,
          "key": "1Key10"
        },
        {
          "time": 8500,
          "key": "1Key4"
        },
        {
          "time": 8500,
          "key": "1Key6"
        },
        {
          "time": 8625,
          "key": "1Key8"
        },
        {
          "time": 8750,
          "key": "1Key11"
        },
        {
          "time": 9250,
          "key": "1Key4"
        },
        {
          "time": 9500,
          "key": "1Key0"
        },
        {
          "time": 9500,
          "key": "1Key2"
        },
        {
          "time": 9500,
          "key": "1Key7"
        },
        {
          "time": 10000,
          "key": "1Key2"
        },
        {
          "time": 10000,
          "key": "1Key7"
        },
        {
          "time": 10250,
          "key": "1Key0"
        },
        {
          "time": 10250,
          "key": "1Key7"
        },
        {
          "time": 10500,
          "key": "1Key2"
        },
        {
          "time": 10500,
          "key": "1Key4"
        },
        {
          "time": 10500,
          "key": "1Key7"
        },
        {
          "time": 10750,
          "key": "1Key0"
        },
        {
          "time": 10750,
          "key": "1Key7"
        },
        {
          "time": 11000,
          "key": "1Key2"
        },
        {
          "time": 11000,
          "key": "1Key4"
        },
        {
          "time": 11000,
          "key": "1Key7"
        },
        {
          "time": 11000,
          "key": "1Key8"
        },
        {
          "time": 11250,
          "key": "1Key4"
        },
        {
          "time": 11250,
          "key": "1Key9"
        },
        {
          "time": 11500,
          "key": "1Key2"
        },
        {
          "time": 11500,
          "key": "1Key5"
        },
        {
          "time": 11500,
          "key": "1Key8"
        },
        {
          "time": 11750,
          "key": "1Key7"
        },
        {
          "time": 12000,
          "key": "1Key0"
        },
        {
          "time": 12250,
          "key": "1Key5"
        },
        {
          "time": 12250,
          "key": "1Key7"
        },
        {
          "time": 12500,
          "key": "1Key2"
        },
        {
          "time": 12750,
          "key": "1Key5"
        },
        {
          "time": 13000,
          "key": "1Key0"
        },
        {
          "time": 13000,
          "key": "1Key2"
        },
        {
          "time": 13000,
          "key": "1Key7"
        },
        {
          "time": 13250,
          "key": "1Key2"
        },
        {
          "time": 13500,
          "key": "1Key0"
        },
        {
          "time": 13500,
          "key": "1Key3"
        },
        {
          "time": 13500,
          "key": "1Key5"
        },
        {
          "time": 14000,
          "key": "1Key0"
        },
        {
          "time": 14000,
          "key": "1Key8"
        },
        {
          "time": 14250,
          "key": "1Key5"
        },
        {
          "time": 14500,
          "key": "1Key3"
        },
        {
          "time": 14500,
          "key": "1Key5"
        },
        {
          "time": 14500,
          "key": "1Key9"
        },
        {
          "time": 14750,
          "key": "1Key5"
        },
        {
          "time": 15000,
          "key": "1Key0"
        },
        {
          "time": 15000,
          "key": "1Key5"
        },
        {
          "time": 15000,
          "key": "1Key7"
        },
        {
          "time": 15000,
          "key": "1Key10"
        },
        {
          "time": 15250,
          "key": "1Key3"
        },
        {
          "time": 15500,
          "key": "1Key4"
        },
        {
          "time": 15500,
          "key": "1Key6"
        },
        {
          "time": 15500,
          "key": "1Key9"
        },
        {
          "time": 15750,
          "key": "1Key8"
        },
        {
          "time": 16000,
          "key": "1Key6"
        },
        {
          "time": 16250,
          "key": "1Key4"
        },
        {
          "time": 16250,
          "key": "1Key8"
        },
        {
          "time": 16500,
          "key": "1Key1"
        },
        {
          "time": 16750,
          "key": "1Key4"
        },
        {
          "time": 17000,
          "key": "1Key1"
        },
        {
          "time": 17000,
          "key": "1Key4"
        },
        {
          "time": 17000,
          "key": "1Key6"
        },
        {
          "time": 17250,
          "key": "1Key1"
        },
        {
          "time": 17250,
          "key": "1Key7"
        },
        {
          "time": 17500,
          "key": "1Key2"
        },
        {
          "time": 17500,
          "key": "1Key4"
        },
        {
          "time": 17500,
          "key": "1Key6"
        },
        {
          "time": 17750,
          "key": "1Key6"
        },
        {
          "time": 18000,
          "key": "1Key2"
        },
        {
          "time": 18250,
          "key": "1Key6"
        },
        {
          "time": 18250,
          "key": "1Key12"
        },
        {
          "time": 18500,
          "key": "1Key4"
        },
        {
          "time": 18500,
          "key": "1Key6"
        },
        {
          "time": 18500,
          "key": "1Key9"
        },
        {
          "time": 18750,
          "key": "1Key6"
        },
        {
          "time": 18750,
          "key": "1Key11"
        },
        {
          "time": 19000,
          "key": "1Key2"
        },
        {
          "time": 19000,
          "key": "1Key4"
        },
        {
          "time": 19000,
          "key": "1Key6"
        },
        {
          "time": 19250,
          "key": "1Key4"
        },
        {
          "time": 19250,
          "key": "1Key10"
        },
        {
          "time": 19500,
          "key": "1Key5"
        },
        {
          "time": 19500,
          "key": "1Key7"
        },
        {
          "time": 19750,
          "key": "1Key9"
        },
        {
          "time": 20000,
          "key": "1Key5"
        },
        {
          "time": 20250,
          "key": "1Key2"
        },
        {
          "time": 20250,
          "key": "1Key8"
        },
        {
          "time": 20500,
          "key": "1Key1"
        },
        {
          "time": 20500,
          "key": "1Key2"
        },
        {
          "time": 20500,
          "key": "1Key5"
        },
        {
          "time": 20500,
          "key": "1Key8"
        },
        {
          "time": 20750,
          "key": "1Key2"
        },
        {
          "time": 21000,
          "key": "1Key5"
        },
        {
          "time": 21000,
          "key": "1Key8"
        },
        {
          "time": 21250,
          "key": "1Key0"
        },
        {
          "time": 21250,
          "key": "1Key9"
        },
        {
          "time": 21500,
          "key": "1Key1"
        },
        {
          "time": 21500,
          "key": "1Key5"
        },
        {
          "time": 21500,
          "key": "1Key8"
        },
        {
          "time": 21500,
          "key": "1Key10"
        },
        {
          "time": 22000,
          "key": "1Key3"
        },
        {
          "time": 22000,
          "key": "1Key5"
        },
        {
          "time": 22250,
          "key": "1Key1"
        },
        {
          "time": 22500,
          "key": "1Key1"
        },
        {
          "time": 22500,
          "key": "1Key3"
        },
        {
          "time": 22500,
          "key": "1Key5"
        },
        {
          "time": 22750,
          "key": "1Key1"
        },
        {
          "time": 23000,
          "key": "1Key3"
        },
        {
          "time": 23000,
          "key": "1Key8"
        },
        {
          "time": 23250,
          "key": "1Key5"
        },
        {
          "time": 23500,
          "key": "1Key4"
        },
        {
          "time": 23500,
          "key": "1Key6"
        },
        {
          "time": 23500,
          "key": "1Key8"
        },
        {
          "time": 23750,
          "key": "1Key4"
        },
        {
          "time": 24000,
          "key": "1Key1"
        },
        {
          "time": 24000,
          "key": "1Key7"
        },
        {
          "time": 24250,
          "key": "1Key6"
        },
        {
          "time": 24500,
          "key": "1Key5"
        },
        {
          "time": 24750,
          "key": "1Key4"
        },
        {
          "time": 25250,
          "key": "1Key4"
        },
        {
          "time": 25500,
          "key": "1Key2"
        },
        {
          "time": 25500,
          "key": "1Key6"
        },
        {
          "time": 25500,
          "key": "1Key9"
        },
        {
          "time": 25500,
          "key": "1Key11"
        },
        {
          "time": 25750,
          "key": "1Key11"
        },
        {
          "time": 26000,
          "key": "1Key2"
        },
        {
          "time": 26000,
          "key": "1Key11"
        },
        {
          "time": 26250,
          "key": "1Key6"
        },
        {
          "time": 26250,
          "key": "1Key11"
        },
        {
          "time": 26500,
          "key": "1Key4"
        },
        {
          "time": 26500,
          "key": "1Key6"
        },
        {
          "time": 26500,
          "key": "1Key9"
        },
        {
          "time": 26500,
          "key": "1Key11"
        },
        {
          "time": 26750,
          "key": "1Key6"
        },
        {
          "time": 26750,
          "key": "1Key10"
        },
        {
          "time": 27000,
          "key": "1Key2"
        },
        {
          "time": 27000,
          "key": "1Key4"
        },
        {
          "time": 27000,
          "key": "1Key6"
        },
        {
          "time": 27000,
          "key": "1Key10"
        },
        {
          "time": 27250,
          "key": "1Key4"
        },
        {
          "time": 27250,
          "key": "1Key9"
        },
        {
          "time": 27500,
          "key": "1Key2"
        },
        {
          "time": 27500,
          "key": "1Key5"
        },
        {
          "time": 27500,
          "key": "1Key8"
        },
        {
          "time": 27750,
          "key": "1Key8"
        },
        {
          "time": 28000,
          "key": "1Key5"
        },
        {
          "time": 28250,
          "key": "1Key2"
        },
        {
          "time": 28250,
          "key": "1Key8"
        },
        {
          "time": 28500,
          "key": "1Key1"
        },
        {
          "time": 28750,
          "key": "1Key2"
        },
        {
          "time": 29000,
          "key": "1Key2"
        },
        {
          "time": 29000,
          "key": "1Key5"
        },
        {
          "time": 29000,
          "key": "1Key8"
        },
        {
          "time": 29250,
          "key": "1Key0"
        },
        {
          "time": 29250,
          "key": "1Key9"
        },
        {
          "time": 29500,
          "key": "1Key1"
        },
        {
          "time": 29500,
          "key": "1Key5"
        },
        {
          "time": 29500,
          "key": "1Key8"
        },
        {
          "time": 29500,
          "key": "1Key10"
        },
        {
          "time": 30000,
          "key": "1Key1"
        },
        {
          "time": 30000,
          "key": "1Key5"
        },
        {
          "time": 30250,
          "key": "1Key5"
        },
        {
          "time": 30500,
          "key": "1Key1"
        },
        {
          "time": 30500,
          "key": "1Key3"
        },
        {
          "time": 30500,
          "key": "1Key5"
        },
        {
          "time": 30750,
          "key": "1Key5"
        },
        {
          "time": 31000,
          "key": "1Key1"
        },
        {
          "time": 31250,
          "key": "1Key3"
        },
        {
          "time": 31250,
          "key": "1Key8"
        },
        {
          "time": 31500,
          "key": "1Key4"
        },
        {
          "time": 31500,
          "key": "1Key6"
        },
        {
          "time": 32000,
          "key": "1Key1"
        },
        {
          "time": 32250,
          "key": "1Key6"
        },
        {
          "time": 32500,
          "key": "1Key4"
        },
        {
          "time": 32750,
          "key": "1Key6"
        },
        {
          "time": 33000,
          "key": "1Key4"
        },
        {
          "time": 33250,
          "key": "1Key1"
        },
        {
          "time": 33250,
          "key": "1Key4"
        },
        {
          "time": 33500,
          "key": "1Key2"
        },
        {
          "time": 33500,
          "key": "1Key6"
        },
        {
          "time": 33500,
          "key": "1Key9"
        },
        {
          "time": 33500,
          "key": "1Key11"
        },
        {
          "time": 33750,
          "key": "1Key11"
        },
        {
          "time": 34000,
          "key": "1Key2"
        },
        {
          "time": 34000,
          "key": "1Key11"
        },
        {
          "time": 34250,
          "key": "1Key6"
        },
        {
          "time": 34250,
          "key": "1Key11"
        },
        {
          "time": 34500,
          "key": "1Key4"
        },
        {
          "time": 34500,
          "key": "1Key6"
        },
        {
          "time": 34500,
          "key": "1Key9"
        },
        {
          "time": 34500,
          "key": "1Key11"
        },
        {
          "time": 34750,
          "key": "1Key6"
        },
        {
          "time": 34750,
          "key": "1Key10"
        },
        {
          "time": 35000,
          "key": "1Key2"
        },
        {
          "time": 35000,
          "key": "1Key10"
        },
        {
          "time": 35250,
          "key": "1Key4"
        },
        {
          "time": 35250,
          "key": "1Key9"
        },
        {
          "time": 35500,
          "key": "1Key2"
        },
        {
          "time": 35500,
          "key": "1Key5"
        },
        {
          "time": 35500,
          "key": "1Key8"
        },
        {
          "time": 35750,
          "key": "1Key8"
        },
        {
          "time": 36000,
          "key": "1Key2"
        },
        {
          "time": 36250,
          "key": "1Key1"
        },
        {
          "time": 36250,
          "key": "1Key8"
        },
        {
          "time": 36500,
          "key": "1Key5"
        },
        {
          "time": 36625,
          "key": "1Key2"
        },
        {
          "time": 36875,
          "key": "1Key0"
        },
        {
          "time": 36875,
          "key": "1Key2"
        },
        {
          "time": 36875,
          "key": "1Key5"
        },
        {
          "time": 37125,
          "key": "1Key0"
        },
        {
          "time": 37125,
          "key": "1Key5"
        },
        {
          "time": 37375,
          "key": "1Key1"
        },
        {
          "time": 37375,
          "key": "1Key5"
        },
        {
          "time": 37375,
          "key": "1Key8"
        },
        {
          "time": 37625,
          "key": "1Key5"
        },
        {
          "time": 37625,
          "key": "1Key8"
        },
        {
          "time": 37875,
          "key": "1Key1"
        },
        {
          "time": 37875,
          "key": "1Key5"
        },
        {
          "time": 37875,
          "key": "1Key9"
        },
        {
          "time": 38125,
          "key": "1Key5"
        },
        {
          "time": 38125,
          "key": "1Key8"
        },
        {
          "time": 38375,
          "key": "1Key3"
        },
        {
          "time": 38625,
          "key": "1Key5"
        },
        {
          "time": 38875,
          "key": "1Key1"
        },
        {
          "time": 39125,
          "key": "1Key3"
        },
        {
          "time": 39125,
          "key": "1Key4"
        },
        {
          "time": 39375,
          "key": "1Key4"
        },
        {
          "time": 39375,
          "key": "1Key6"
        },
        {
          "time": 39375,
          "key": "1Key11"
        },
        {
          "time": 39625,
          "key": "1Key4"
        },
        {
          "time": 39625,
          "key": "1Key6"
        },
        {
          "time": 39625,
          "key": "1Key11"
        },
        {
          "time": 39875,
          "key": "1Key1"
        },
        {
          "time": 39875,
          "key": "1Key7"
        },
        {
          "time": 39875,
          "key": "1Key12"
        },
        {
          "time": 40125,
          "key": "1Key6"
        },
        {
          "time": 40125,
          "key": "1Key8"
        },
        {
          "time": 40125,
          "key": "1Key13"
        },
        {
          "time": 41750,
          "key": "1Key0"
        },
        {
          "time": 41750,
          "key": "1Key2"
        },
        {
          "time": 41750,
          "key": "1Key7"
        },
        {
          "time": 42250,
          "key": "1Key2"
        },
        {
          "time": 42250,
          "key": "1Key7"
        },
        {
          "time": 42500,
          "key": "1Key0"
        },
        {
          "time": 42500,
          "key": "1Key7"
        },
        {
          "time": 42750,
          "key": "1Key2"
        },
        {
          "time": 42750,
          "key": "1Key4"
        },
        {
          "time": 42750,
          "key": "1Key7"
        },
        {
          "time": 43000,
          "key": "1Key0"
        },
        {
          "time": 43000,
          "key": "1Key7"
        },
        {
          "time": 43250,
          "key": "1Key2"
        },
        {
          "time": 43250,
          "key": "1Key4"
        },
        {
          "time": 43250,
          "key": "1Key7"
        },
        {
          "time": 43250,
          "key": "1Key8"
        },
        {
          "time": 43500,
          "key": "1Key4"
        },
        {
          "time": 43500,
          "key": "1Key9"
        },
        {
          "time": 43750,
          "key": "1Key2"
        },
        {
          "time": 43750,
          "key": "1Key5"
        },
        {
          "time": 43750,
          "key": "1Key8"
        },
        {
          "time": 44000,
          "key": "1Key7"
        },
        {
          "time": 44250,
          "key": "1Key0"
        },
        {
          "time": 44500,
          "key": "1Key5"
        },
        {
          "time": 44500,
          "key": "1Key7"
        },
        {
          "time": 44750,
          "key": "1Key2"
        },
        {
          "time": 45000,
          "key": "1Key5"
        },
        {
          "time": 45250,
          "key": "1Key0"
        },
        {
          "time": 45250,
          "key": "1Key2"
        },
        {
          "time": 45250,
          "key": "1Key7"
        },
        {
          "time": 45500,
          "key": "1Key2"
        },
        {
          "time": 45750,
          "key": "1Key0"
        },
        {
          "time": 45750,
          "key": "1Key3"
        },
        {
          "time": 45750,
          "key": "1Key5"
        },
        {
          "time": 46250,
          "key": "1Key0"
        },
        {
          "time": 46250,
          "key": "1Key8"
        },
        {
          "time": 46500,
          "key": "1Key5"
        },
        {
          "time": 46750,
          "key": "1Key3"
        },
        {
          "time": 46750,
          "key": "1Key5"
        },
        {
          "time": 46750,
          "key": "1Key9"
        },
        {
          "time": 47000,
          "key": "1Key5"
        },
        {
          "time": 47250,
          "key": "1Key0"
        },
        {
          "time": 47250,
          "key": "1Key5"
        },
        {
          "time": 47250,
          "key": "1Key7"
        },
        {
          "time": 47250,
          "key": "1Key10"
        },
        {
          "time": 47500,
          "key": "1Key3"
        },
        {
          "time": 47750,
          "key": "1Key4"
        },
        {
          "time": 47750,
          "key": "1Key6"
        },
        {
          "time": 47750,
          "key": "1Key9"
        },
        {
          "time": 48000,
          "key": "1Key8"
        },
        {
          "time": 48250,
          "key": "1Key6"
        },
        {
          "time": 48500,
          "key": "1Key4"
        },
        {
          "time": 48500,
          "key": "1Key8"
        },
        {
          "time": 48750,
          "key": "1Key1"
        },
        {
          "time": 49000,
          "key": "1Key4"
        },
        {
          "time": 49250,
          "key": "1Key1"
        },
        {
          "time": 49250,
          "key": "1Key4"
        },
        {
          "time": 49250,
          "key": "1Key6"
        },
        {
          "time": 49500,
          "key": "1Key1"
        },
        {
          "time": 49500,
          "key": "1Key7"
        },
        {
          "time": 49750,
          "key": "1Key2"
        },
        {
          "time": 49750,
          "key": "1Key4"
        },
        {
          "time": 49750,
          "key": "1Key6"
        },
        {
          "time": 50000,
          "key": "1Key6"
        },
        {
          "time": 50250,
          "key": "1Key2"
        },
        {
          "time": 50500,
          "key": "1Key6"
        },
        {
          "time": 50500,
          "key": "1Key12"
        },
        {
          "time": 50750,
          "key": "1Key4"
        },
        {
          "time": 50750,
          "key": "1Key6"
        },
        {
          "time": 50750,
          "key": "1Key9"
        },
        {
          "time": 51000,
          "key": "1Key6"
        },
        {
          "time": 51000,
          "key": "1Key11"
        },
        {
          "time": 51250,
          "key": "1Key2"
        },
        {
          "time": 51250,
          "key": "1Key4"
        },
        {
          "time": 51250,
          "key": "1Key6"
        },
        {
          "time": 51500,
          "key": "1Key4"
        },
        {
          "time": 51500,
          "key": "1Key10"
        },
        {
          "time": 51750,
          "key": "1Key5"
        },
        {
          "time": 51750,
          "key": "1Key7"
        },
        {
          "time": 52000,
          "key": "1Key9"
        },
        {
          "time": 52250,
          "key": "1Key5"
        },
        {
          "time": 52500,
          "key": "1Key2"
        },
        {
          "time": 52500,
          "key": "1Key8"
        },
        {
          "time": 52750,
          "key": "1Key1"
        },
        {
          "time": 52750,
          "key": "1Key2"
        },
        {
          "time": 52750,
          "key": "1Key5"
        },
        {
          "time": 52750,
          "key": "1Key8"
        },
        {
          "time": 53000,
          "key": "1Key2"
        },
        {
          "time": 53250,
          "key": "1Key5"
        },
        {
          "time": 53250,
          "key": "1Key8"
        },
        {
          "time": 53500,
          "key": "1Key0"
        },
        {
          "time": 53500,
          "key": "1Key9"
        },
        {
          "time": 53750,
          "key": "1Key1"
        },
        {
          "time": 53750,
          "key": "1Key5"
        },
        {
          "time": 53750,
          "key": "1Key8"
        },
        {
          "time": 53750,
          "key": "1Key10"
        },
        {
          "time": 54250,
          "key": "1Key3"
        },
        {
          "time": 54250,
          "key": "1Key5"
        },
        {
          "time": 54500,
          "key": "1Key1"
        },
        {
          "time": 54750,
          "key": "1Key1"
        },
        {
          "time": 54750,
          "key": "1Key3"
        },
        {
          "time": 54750,
          "key": "1Key5"
        },
        {
          "time": 55000,
          "key": "1Key1"
        },
        {
          "time": 55250,
          "key": "1Key3"
        },
        {
          "time": 55250,
          "key": "1Key8"
        },
        {
          "time": 55500,
          "key": "1Key5"
        },
        {
          "time": 55750,
          "key": "1Key4"
        },
        {
          "time": 55750,
          "key": "1Key6"
        },
        {
          "time": 55750,
          "key": "1Key8"
        },
        {
          "time": 56250,
          "key": "1Key0"
        },
        {
          "time": 56250,
          "key": "1Key2"
        },
        {
          "time": 56750,
          "key": "1Key2"
        },
        {
          "time": 56750,
          "key": "1Key4"
        },
        {
          "time": 57250,
          "key": "1Key1"
        },
        {
          "time": 57250,
          "key": "1Key3"
        },
        {
          "time": 57750,
          "key": "1Key0"
        },
        {
          "time": 57750,
          "key": "1Key2"
        }
      ]
    }
  ]