[
    {
      "isComposed": true,
      "isComposedVersion": true,
      "appName": "Sky",
      "name": "SpongeBob Squarepants Theme",
      "bpm": 300,
      "songNotes": [
        {
          "key": "1Key7",
          "time": 100
        },
        {
          "key": "1Key6",
          "time": 300
        },
        {
          "key": "1Key6",
          "time": 500
        },
        {
          "key": "1Key5",
          "time": 700
        },
        {
          "key": "1Key3",
          "time": 1000
        },
        {
          "key": "1Key0",
          "time": 1200
        },
        {
          "key": "1Key3",
          "time": 1500
        },
        {
          "key": "1Key5",
          "time": 1700
        },
        {
          "key": "1Key3",
          "time": 2000
        },
        {
          "key": "1Key7",
          "time": 2200
        },
        {
          "key": "1Key5",
          "time": 2500
        },
        {
          "key": "1Key10",
          "time": 2700
        },
        {
          "key": "1Key9",
          "time": 2900
        },
        {
          "key": "1Key10",
          "time": 3100
        },
        {
          "key": "1Key11",
          "time": 3300
        },
        {
          "key": "1Key10",
          "time": 3500
        },
        {
          "key": "1Key9",
          "time": 3700
        },
        {
          "key": "1Key10",
          "time": 3900
        },
        {
          "key": "1Key7",
          "time": 4200
        },
        {
          "key": "1Key5",
          "time": 4400
        },
        {
          "key": "1Key3",
          "time": 4700
        },
        {
          "key": "1Key2",
          "time": 4900
        },
        {
          "key": "1Key1",
          "time": 5200
        },
        {
          "key": "1Key2",
          "time": 5400
        },
        {
          "key": "1Key3",
          "time": 5700
        },
        {
          "key": "1Key4",
          "time": 5900
        },
        {
          "key": "1Key5",
          "time": 6200
        },
        {
          "key": "1Key6",
          "time": 6400
        },
        {
          "key": "1Key5",
          "time": 6600
        },
        {
          "key": "1Key4",
          "time": 6800
        },
        {
          "key": "1Key7",
          "time": 7000
        },
        {
          "key": "1Key6",
          "time": 7300
        },
        {
          "key": "1Key7",
          "time": 7500
        },
        {
          "key": "1Key8",
          "time": 7800
        },
        {
          "key": "1Key9",
          "time": 8000
        },
        {
          "key": "1Key7",
          "time": 8300
        },
        {
          "key": "1Key6",
          "time": 8500
        },
        {
          "key": "1Key4",
          "time": 8800
        },
        {
          "key": "1Key5",
          "time": 9000
        },
        {
          "key": "1Key3",
          "time": 9300
        },
        {
          "key": "1Key1",
          "time": 9500
        },
        {
          "key": "1Key3",
          "time": 9800
        },
        {
          "key": "1Key5",
          "time": 10000
        },
        {
          "key": "1Key3",
          "time": 10300
        },
        {
          "key": "1Key7",
          "time": 10500
        },
        {
          "key": "1Key5",
          "time": 10800
        },
        {
          "key": "1Key10",
          "time": 11000
        },
        {
          "key": "1Key9",
          "time": 11200
        },
        {
          "key": "1Key10",
          "time": 11400
        },
        {
          "key": "1Key11",
          "time": 11600
        },
        {
          "key": "1Key10",
          "time": 11800
        },
        {
          "key": "1Key9",
          "time": 12000
        },
        {
          "key": "1Key10",
          "time": 12200
        },
        {
          "key": "1Key7",
          "time": 12500
        },
        {
          "key": "1Key5",
          "time": 12700
        },
        {
          "key": "1Key3",
          "time": 13000
        },
        {
          "key": "1Key5",
          "time": 13200
        },
        {
          "key": "1Key6",
          "time": 13400
        },
        {
          "key": "1Key7",
          "time": 13600
        },
        {
          "key": "1Key10",
          "time": 13800
        },
        {
          "key": "1Key7",
          "time": 14100
        },
        {
          "key": "1Key6",
          "time": 14300
        },
        {
          "key": "1Key4",
          "time": 14600
        },
        {
          "key": "1Key2",
          "time": 14800
        },
        {
          "key": "1Key3",
          "time": 15100
        },
        {
          "key": "1Key4",
          "time": 15300
        },
        {
          "key": "1Key3",
          "time": 15600
        },
        {
          "key": "1Key3",
          "time": 15800
        },
        {
          "key": "1Key2",
          "time": 16100
        },
        {
          "key": "1Key3",
          "time": 16300
        }
      ]
    }
  ]