[{"name":"Cradles","bpm":150,"bitsPerPage":16,"pitchLevel":0,"isComposed":true,"songNotes":[{"time":400,"key":"1Key5"},{"time":800,"key":"1Key7"},{"time":1200,"key":"1Key9"},{"time":1600,"key":"1Key7"},{"time":2000,"key":"1Key2"},{"time":2400,"key":"1Key4"},{"time":2800,"key":"1Key6"},{"time":3200,"key":"1Key4"},{"time":3600,"key":"1Key3"},{"time":4000,"key":"1Key5"},{"time":4400,"key":"1Key7"},{"time":4800,"key":"1Key5"},{"time":5200,"key":"1Key0"},{"time":5600,"key":"1Key2"},{"time":6000,"key":"1Key4"},{"time":6400,"key":"1Key2"},{"time":6800,"key":"1Key5"},{"time":7200,"key":"1Key7"},{"time":7600,"key":"1Key9"},{"time":8000,"key":"1Key7"},{"time":8400,"key":"1Key11"},{"time":8800,"key":"1Key10"},{"time":9200,"key":"1Key9"},{"time":9600,"key":"1Key6"},{"time":10000,"key":"1Key3"},{"time":10400,"key":"1Key5"},{"time":10800,"key":"1Key7"},{"time":11200,"key":"1Key5"},{"time":11600,"key":"1Key0"},{"time":12000,"key":"1Key2"},{"time":12400,"key":"1Key4"},{"time":13332,"key":"1Key0"},{"time":13332,"key":"1Key2"},{"time":13332,"key":"1Key5"},{"time":13732,"key":"1Key0"},{"time":13732,"key":"1Key2"},{"time":13732,"key":"1Key5"},{"time":14132,"key":"1Key11"},{"time":15064,"key":"1Key0"},{"time":15064,"key":"1Key2"},{"time":15064,"key":"1Key9"},{"time":15464,"key":"1Key0"},{"time":15464,"key":"1Key2"},{"time":15864,"key":"1Key9"},{"time":16264,"key":"1Key10"},{"time":16664,"key":"1Key0"},{"time":16664,"key":"1Key3"},{"time":16664,"key":"1Key11"},{"time":17064,"key":"1Key0"},{"time":17064,"key":"1Key3"},{"time":17064,"key":"1Key10"},{"time":17464,"key":"1Key9"},{"time":17864,"key":"1Key10"},{"time":18264,"key":"1Key0"},{"time":18264,"key":"1Key2"},{"time":18264,"key":"1Key11"},{"time":18664,"key":"1Key0"},{"time":18664,"key":"1Key2"},{"time":18664,"key":"1Key10"},{"time":19064,"key":"1Key9"},{"time":19996,"key":"1Key0"},{"time":19996,"key":"1Key2"},{"time":19996,"key":"1Key5"},{"time":20396,"key":"1Key0"},{"time":20396,"key":"1Key2"},{"time":20396,"key":"1Key5"},{"time":20796,"key":"1Key12"},{"time":21728,"key":"1Key0"},{"time":21728,"key":"1Key2"},{"time":21728,"key":"1Key9"},{"time":22128,"key":"1Key0"},{"time":22128,"key":"1Key2"},{"time":22528,"key":"1Key9"},{"time":22928,"key":"1Key10"},{"time":23328,"key":"1Key0"},{"time":23328,"key":"1Key3"},{"time":23328,"key":"1Key11"},{"time":23728,"key":"1Key0"},{"time":23728,"key":"1Key3"},{"time":23728,"key":"1Key10"},{"time":24128,"key":"1Key9"},{"time":24528,"key":"1Key10"},{"time":24928,"key":"1Key0"},{"time":24928,"key":"1Key2"},{"time":24928,"key":"1Key11"},{"time":25328,"key":"1Key0"},{"time":25328,"key":"1Key2"},{"time":25328,"key":"1Key10"},{"time":25728,"key":"1Key9"},{"time":26660,"key":"1Key0"},{"time":26660,"key":"1Key2"},{"time":26660,"key":"1Key5"},{"time":27060,"key":"1Key0"},{"time":27060,"key":"1Key2"},{"time":27060,"key":"1Key5"},{"time":27460,"key":"1Key14"},{"time":28392,"key":"1Key0"},{"time":28392,"key":"1Key2"},{"time":28392,"key":"1Key13"},{"time":28792,"key":"1Key0"},{"time":28792,"key":"1Key2"},{"time":28792,"key":"1Key12"},{"time":29192,"key":"1Key11"},{"time":29592,"key":"1Key12"},{"time":29992,"key":"1Key0"},{"time":29992,"key":"1Key2"},{"time":29992,"key":"1Key11"},{"time":30392,"key":"1Key0"},{"time":30392,"key":"1Key2"},{"time":30392,"key":"1Key10"},{"time":30792,"key":"1Key9"},{"time":31192,"key":"1Key10"},{"time":31592,"key":"1Key0"},{"time":31592,"key":"1Key2"},{"time":31592,"key":"1Key9"},{"time":31992,"key":"1Key0"},{"time":31992,"key":"1Key2"},{"time":31992,"key":"1Key9"},{"time":32392,"key":"1Key9"},{"time":33324,"key":"1Key0"},{"time":33324,"key":"1Key2"},{"time":33324,"key":"1Key5"},{"time":33724,"key":"1Key0"},{"time":33724,"key":"1Key2"},{"time":33724,"key":"1Key5"},{"time":34124,"key":"1Key14"},{"time":35056,"key":"1Key0"},{"time":35056,"key":"1Key2"},{"time":35056,"key":"1Key13"},{"time":35456,"key":"1Key0"},{"time":35456,"key":"1Key2"},{"time":35456,"key":"1Key12"},{"time":35856,"key":"1Key11"},{"time":36256,"key":"1Key12"},{"time":36656,"key":"1Key0"},{"time":36656,"key":"1Key2"},{"time":36656,"key":"1Key11"},{"time":37056,"key":"1Key0"},{"time":37056,"key":"1Key2"},{"time":37056,"key":"1Key10"},{"time":37456,"key":"1Key9"},{"time":37856,"key":"1Key10"},{"time":38256,"key":"1Key0"},{"time":38256,"key":"1Key2"},{"time":38256,"key":"1Key9"},{"time":38656,"key":"1Key0"},{"time":38656,"key":"1Key2"},{"time":38656,"key":"1Key9"},{"time":39056,"key":"1Key9"},{"time":39988,"key":"1Key0"},{"time":39988,"key":"1Key2"},{"time":39988,"key":"1Key5"},{"time":40388,"key":"1Key0"},{"time":40388,"key":"1Key2"},{"time":40388,"key":"1Key5"},{"time":40788,"key":"1Key8"},{"time":41188,"key":"1Key8"},{"time":41588,"key":"1Key8"},{"time":41988,"key":"1Key8"},{"time":42388,"key":"1Key8"},{"time":42788,"key":"1Key7"},{"time":44252,"key":"1Key8"},{"time":44652,"key":"1Key9"},{"time":45052,"key":"1Key8"},{"time":45452,"key":"1Key9"},{"time":45852,"key":"1Key8"},{"time":46252,"key":"1Key9"},{"time":46652,"key":"1Key11"},{"time":47052,"key":"1Key9"},{"time":47452,"key":"1Key8"},{"time":47852,"key":"1Key9"},{"time":48252,"key":"1Key12"},{"time":48652,"key":"1Key9"},{"time":49052,"key":"1Key8"},{"time":49452,"key":"1Key9"},{"time":49852,"key":"1Key11"},{"time":50252,"key":"1Key9"},{"time":50652,"key":"1Key8"},{"time":51052,"key":"1Key9"},{"time":51452,"key":"1Key11"},{"time":51852,"key":"1Key9"},{"time":52252,"key":"1Key8"},{"time":52652,"key":"1Key7"},{"time":53052,"key":"1Key0"},{"time":53052,"key":"1Key2"},{"time":53052,"key":"1Key5"},{"time":53452,"key":"1Key0"},{"time":53452,"key":"1Key5"},{"time":53452,"key":"1Key7"},{"time":53852,"key":"1Key2"},{"time":53852,"key":"1Key7"},{"time":53852,"key":"1Key9"},{"time":54252,"key":"1Key0"},{"time":54252,"key":"1Key5"},{"time":54252,"key":"1Key7"},{"time":54652,"key":"1Key0"},{"time":54652,"key":"1Key2"},{"time":55052,"key":"1Key0"},{"time":55052,"key":"1Key2"},{"time":55052,"key":"1Key4"},{"time":55452,"key":"1Key1"},{"time":55452,"key":"1Key4"},{"time":55452,"key":"1Key6"},{"time":55852,"key":"1Key0"},{"time":55852,"key":"1Key2"},{"time":55852,"key":"1Key4"},{"time":56252,"key":"1Key0"},{"time":56252,"key":"1Key3"},{"time":56652,"key":"1Key0"},{"time":56652,"key":"1Key3"},{"time":56652,"key":"1Key5"},{"time":57052,"key":"1Key0"},{"time":57052,"key":"1Key2"},{"time":57052,"key":"1Key7"},{"time":57452,"key":"1Key0"},{"time":57452,"key":"1Key3"},{"time":57452,"key":"1Key5"},{"time":57852,"key":"1Key0"},{"time":58252,"key":"1Key0"},{"time":58252,"key":"1Key2"},{"time":58652,"key":"1Key0"},{"time":58652,"key":"1Key2"},{"time":58652,"key":"1Key4"},{"time":59052,"key":"1Key0"},{"time":59052,"key":"1Key2"},{"time":59452,"key":"1Key0"},{"time":59452,"key":"1Key2"},{"time":59452,"key":"1Key5"},{"time":59852,"key":"1Key0"},{"time":59852,"key":"1Key5"},{"time":59852,"key":"1Key7"},{"time":60252,"key":"1Key2"},{"time":60252,"key":"1Key7"},{"time":60252,"key":"1Key9"},{"time":60652,"key":"1Key0"},{"time":60652,"key":"1Key5"},{"time":60652,"key":"1Key7"},{"time":61052,"key":"1Key4"},{"time":61052,"key":"1Key6"},{"time":61052,"key":"1Key11"},{"time":61452,"key":"1Key3"},{"time":61452,"key":"1Key5"},{"time":61452,"key":"1Key10"},{"time":61852,"key":"1Key2"},{"time":61852,"key":"1Key4"},{"time":61852,"key":"1Key7"},{"time":62252,"key":"1Key1"},{"time":62252,"key":"1Key3"},{"time":62252,"key":"1Key6"},{"time":62652,"key":"1Key0"},{"time":62652,"key":"1Key3"},{"time":63052,"key":"1Key0"},{"time":63052,"key":"1Key3"},{"time":63052,"key":"1Key5"},{"time":63452,"key":"1Key0"},{"time":63452,"key":"1Key2"},{"time":63452,"key":"1Key7"},{"time":63852,"key":"1Key0"},{"time":63852,"key":"1Key3"},{"time":63852,"key":"1Key5"},{"time":64252,"key":"1Key0"},{"time":64652,"key":"1Key0"},{"time":64652,"key":"1Key2"},{"time":65052,"key":"1Key0"},{"time":65052,"key":"1Key2"},{"time":65052,"key":"1Key4"},{"time":65452,"key":"1Key0"},{"time":65452,"key":"1Key2"},{"time":65852,"key":"1Key0"},{"time":65852,"key":"1Key2"},{"time":65852,"key":"1Key5"},{"time":66252,"key":"1Key2"},{"time":66252,"key":"1Key7"},{"time":66252,"key":"1Key12"},{"time":66652,"key":"1Key4"},{"time":66652,"key":"1Key6"},{"time":66652,"key":"1Key11"},{"time":67052,"key":"1Key3"},{"time":67052,"key":"1Key5"},{"time":67052,"key":"1Key10"},{"time":67452,"key":"1Key2"},{"time":67452,"key":"1Key4"},{"time":67452,"key":"1Key9"},{"time":67852,"key":"1Key3"},{"time":67852,"key":"1Key5"},{"time":67852,"key":"1Key10"},{"time":68252,"key":"1Key2"},{"time":68252,"key":"1Key4"},{"time":68252,"key":"1Key9"},{"time":68652,"key":"1Key1"},{"time":68652,"key":"1Key3"},{"time":68652,"key":"1Key8"},{"time":69052,"key":"1Key0"},{"time":69052,"key":"1Key2"},{"time":69052,"key":"1Key5"},{"time":69452,"key":"1Key1"},{"time":69452,"key":"1Key7"},{"time":69452,"key":"1Key12"},{"time":69852,"key":"1Key4"},{"time":69852,"key":"1Key6"},{"time":69852,"key":"1Key11"},{"time":70252,"key":"1Key3"},{"time":70252,"key":"1Key5"},{"time":70252,"key":"1Key10"},{"time":70652,"key":"1Key2"},{"time":70652,"key":"1Key4"},{"time":70652,"key":"1Key9"},{"time":71052,"key":"1Key3"},{"time":71052,"key":"1Key5"},{"time":71052,"key":"1Key10"},{"time":71452,"key":"1Key2"},{"time":71452,"key":"1Key4"},{"time":71452,"key":"1Key9"},{"time":72384,"key":"1Key0"},{"time":72384,"key":"1Key2"},{"time":72384,"key":"1Key5"},{"time":72784,"key":"1Key2"},{"time":72784,"key":"1Key7"},{"time":72784,"key":"1Key12"},{"time":73184,"key":"1Key4"},{"time":73184,"key":"1Key6"},{"time":73184,"key":"1Key11"},{"time":73584,"key":"1Key3"},{"time":73584,"key":"1Key5"},{"time":73584,"key":"1Key10"},{"time":73984,"key":"1Key2"},{"time":73984,"key":"1Key4"},{"time":73984,"key":"1Key9"},{"time":74384,"key":"1Key3"},{"time":74384,"key":"1Key5"},{"time":74384,"key":"1Key10"},{"time":74784,"key":"1Key2"},{"time":74784,"key":"1Key4"},{"time":74784,"key":"1Key9"},{"time":75184,"key":"1Key1"},{"time":75184,"key":"1Key3"},{"time":75184,"key":"1Key8"},{"time":75584,"key":"1Key0"},{"time":75584,"key":"1Key2"},{"time":75584,"key":"1Key5"},{"time":75984,"key":"1Key0"},{"time":75984,"key":"1Key2"},{"time":75984,"key":"1Key5"},{"time":76384,"key":"1Key0"},{"time":76384,"key":"1Key2"},{"time":76384,"key":"1Key5"},{"time":76384,"key":"1Key7"},{"time":76784,"key":"1Key0"},{"time":76784,"key":"1Key5"},{"time":76784,"key":"1Key10"},{"time":77184,"key":"1Key2"},{"time":77184,"key":"1Key4"},{"time":77184,"key":"1Key9"},{"time":77584,"key":"1Key0"},{"time":77584,"key":"1Key5"},{"time":77584,"key":"1Key10"},{"time":77984,"key":"1Key2"},{"time":77984,"key":"1Key4"},{"time":77984,"key":"1Key9"},{"time":78916,"key":"1Key0"},{"time":78916,"key":"1Key2"},{"time":78916,"key":"1Key5"},{"time":79316,"key":"1Key0"},{"time":79316,"key":"1Key2"},{"time":79316,"key":"1Key5"},{"time":79716,"key":"1Key12"},{"time":80116,"key":"1Key11"},{"time":80516,"key":"1Key10"},{"time":80916,"key":"1Key9"},{"time":81316,"key":"1Key8"},{"time":81716,"key":"1Key9"},{"time":82116,"key":"1Key11"},{"time":82516,"key":"1Key10"},{"time":82916,"key":"1Key8"},{"time":83316,"key":"1Key10"},{"time":83716,"key":"1Key9"},{"time":84648,"key":"1Key9"},{"time":85580,"key":"1Key0"},{"time":85580,"key":"1Key2"},{"time":85580,"key":"1Key5"},{"time":85980,"key":"1Key0"},{"time":85980,"key":"1Key2"},{"time":85980,"key":"1Key5"},{"time":86380,"key":"1Key12"},{"time":86780,"key":"1Key11"},{"time":87180,"key":"1Key10"},{"time":87580,"key":"1Key9"},{"time":87980,"key":"1Key8"},{"time":88380,"key":"1Key9"},{"time":88780,"key":"1Key11"},{"time":89180,"key":"1Key10"},{"time":89580,"key":"1Key8"},{"time":89980,"key":"1Key10"},{"time":90380,"key":"1Key9"},{"time":90780,"key":"1Key8"},{"time":91180,"key":"1Key7"},{"time":91580,"key":"1Key6"},{"time":91980,"key":"1Key0"},{"time":91980,"key":"1Key2"},{"time":91980,"key":"1Key5"},{"time":92380,"key":"1Key0"},{"time":92380,"key":"1Key2"},{"time":92380,"key":"1Key5"},{"time":92780,"key":"1Key11"},{"time":93712,"key":"1Key0"},{"time":93712,"key":"1Key2"},{"time":93712,"key":"1Key9"},{"time":94112,"key":"1Key0"},{"time":94112,"key":"1Key2"},{"time":94512,"key":"1Key9"},{"time":94912,"key":"1Key10"},{"time":95312,"key":"1Key0"},{"time":95312,"key":"1Key3"},{"time":95312,"key":"1Key11"},{"time":95712,"key":"1Key0"},{"time":95712,"key":"1Key3"},{"time":95712,"key":"1Key10"},{"time":96112,"key":"1Key9"},{"time":96512,"key":"1Key10"},{"time":96912,"key":"1Key0"},{"time":96912,"key":"1Key2"},{"time":96912,"key":"1Key11"},{"time":97312,"key":"1Key0"},{"time":97312,"key":"1Key2"},{"time":97312,"key":"1Key10"},{"time":97712,"key":"1Key9"},{"time":98644,"key":"1Key0"},{"time":98644,"key":"1Key2"},{"time":98644,"key":"1Key5"},{"time":99044,"key":"1Key0"},{"time":99044,"key":"1Key2"},{"time":99044,"key":"1Key5"},{"time":99444,"key":"1Key12"},{"time":100376,"key":"1Key0"},{"time":100376,"key":"1Key2"},{"time":100376,"key":"1Key9"},{"time":100776,"key":"1Key0"},{"time":100776,"key":"1Key2"},{"time":101176,"key":"1Key9"},{"time":101576,"key":"1Key10"},{"time":101976,"key":"1Key0"},{"time":101976,"key":"1Key3"},{"time":101976,"key":"1Key11"},{"time":102376,"key":"1Key0"},{"time":102376,"key":"1Key3"},{"time":102376,"key":"1Key10"},{"time":102776,"key":"1Key9"},{"time":103176,"key":"1Key10"},{"time":103576,"key":"1Key0"},{"time":103576,"key":"1Key2"},{"time":103576,"key":"1Key11"},{"time":103976,"key":"1Key0"},{"time":103976,"key":"1Key2"},{"time":103976,"key":"1Key10"},{"time":104376,"key":"1Key9"},{"time":105308,"key":"1Key0"},{"time":105308,"key":"1Key2"},{"time":105308,"key":"1Key5"},{"time":105708,"key":"1Key0"},{"time":105708,"key":"1Key2"},{"time":105708,"key":"1Key5"},{"time":106108,"key":"1Key6"},{"time":106508,"key":"1Key7"},{"time":106908,"key":"1Key0"},{"time":106908,"key":"1Key2"},{"time":106908,"key":"1Key8"},{"time":107308,"key":"1Key0"},{"time":107308,"key":"1Key2"},{"time":107308,"key":"1Key7"},{"time":107708,"key":"1Key6"},{"time":108108,"key":"1Key7"},{"time":108508,"key":"1Key0"},{"time":108508,"key":"1Key3"},{"time":108508,"key":"1Key8"},{"time":108908,"key":"1Key0"},{"time":108908,"key":"1Key3"},{"time":108908,"key":"1Key7"},{"time":109308,"key":"1Key6"},{"time":109708,"key":"1Key7"},{"time":110108,"key":"1Key0"},{"time":110108,"key":"1Key2"},{"time":110108,"key":"1Key9"},{"time":110508,"key":"1Key0"},{"time":110508,"key":"1Key2"},{"time":110508,"key":"1Key8"},{"time":110908,"key":"1Key6"},{"time":111840,"key":"1Key0"},{"time":111840,"key":"1Key2"},{"time":111840,"key":"1Key5"},{"time":112240,"key":"1Key0"},{"time":112240,"key":"1Key2"},{"time":112240,"key":"1Key5"},{"time":112640,"key":"1Key7"},{"time":113040,"key":"1Key7"},{"time":113440,"key":"1Key0"},{"time":113440,"key":"1Key2"},{"time":113440,"key":"1Key4"},{"time":113840,"key":"1Key0"},{"time":113840,"key":"1Key2"},{"time":113840,"key":"1Key4"},{"time":114240,"key":"1Key2"},{"time":114640,"key":"1Key2"},{"time":115040,"key":"1Key0"},{"time":115040,"key":"1Key3"},{"time":115440,"key":"1Key0"},{"time":115440,"key":"1Key3"},{"time":115840,"key":"1Key1"},{"time":116240,"key":"1Key3"},{"time":116640,"key":"1Key0"},{"time":116640,"key":"1Key2"},{"time":117040,"key":"1Key0"},{"time":117040,"key":"1Key2"},{"time":117440,"key":"1Key0"},{"time":117440,"key":"1Key2"},{"time":118372,"key":"1Key0"},{"time":118372,"key":"1Key2"},{"time":118372,"key":"1Key5"},{"time":118772,"key":"1Key0"},{"time":118772,"key":"1Key2"},{"time":118772,"key":"1Key5"},{"time":119172,"key":"1Key8"},{"time":119572,"key":"1Key8"},{"time":119972,"key":"1Key8"},{"time":120372,"key":"1Key8"},{"time":120772,"key":"1Key8"},{"time":121172,"key":"1Key7"},{"time":122636,"key":"1Key8"},{"time":123036,"key":"1Key9"},{"time":123436,"key":"1Key8"},{"time":123836,"key":"1Key9"},{"time":124236,"key":"1Key8"},{"time":124636,"key":"1Key9"},{"time":125036,"key":"1Key11"},{"time":125436,"key":"1Key9"},{"time":125836,"key":"1Key8"},{"time":126236,"key":"1Key9"},{"time":126636,"key":"1Key12"},{"time":127036,"key":"1Key9"},{"time":127436,"key":"1Key8"},{"time":127836,"key":"1Key9"},{"time":128236,"key":"1Key11"},{"time":128636,"key":"1Key9"},{"time":129036,"key":"1Key8"},{"time":129436,"key":"1Key9"},{"time":129836,"key":"1Key11"},{"time":130236,"key":"1Key9"},{"time":130636,"key":"1Key8"},{"time":131036,"key":"1Key7"},{"time":131436,"key":"1Key0"},{"time":131436,"key":"1Key2"},{"time":131436,"key":"1Key5"},{"time":131836,"key":"1Key0"},{"time":131836,"key":"1Key5"},{"time":131836,"key":"1Key7"},{"time":132236,"key":"1Key2"},{"time":132236,"key":"1Key7"},{"time":132236,"key":"1Key9"},{"time":132636,"key":"1Key0"},{"time":132636,"key":"1Key5"},{"time":132636,"key":"1Key7"},{"time":133036,"key":"1Key0"},{"time":133036,"key":"1Key2"},{"time":133436,"key":"1Key0"},{"time":133436,"key":"1Key2"},{"time":133436,"key":"1Key4"},{"time":133836,"key":"1Key1"},{"time":133836,"key":"1Key4"},{"time":133836,"key":"1Key6"},{"time":134236,"key":"1Key0"},{"time":134236,"key":"1Key2"},{"time":134236,"key":"1Key4"},{"time":134636,"key":"1Key0"},{"time":134636,"key":"1Key3"},{"time":135036,"key":"1Key0"},{"time":135036,"key":"1Key3"},{"time":135036,"key":"1Key5"},{"time":135436,"key":"1Key0"},{"time":135436,"key":"1Key2"},{"time":135436,"key":"1Key7"},{"time":135836,"key":"1Key0"},{"time":135836,"key":"1Key3"},{"time":135836,"key":"1Key5"},{"time":136236,"key":"1Key0"},{"time":136636,"key":"1Key0"},{"time":136636,"key":"1Key2"},{"time":137036,"key":"1Key0"},{"time":137036,"key":"1Key2"},{"time":137036,"key":"1Key4"},{"time":137436,"key":"1Key0"},{"time":137436,"key":"1Key2"},{"time":137836,"key":"1Key0"},{"time":137836,"key":"1Key2"},{"time":137836,"key":"1Key5"},{"time":138236,"key":"1Key0"},{"time":138236,"key":"1Key5"},{"time":138236,"key":"1Key7"},{"time":138636,"key":"1Key2"},{"time":138636,"key":"1Key7"},{"time":138636,"key":"1Key9"},{"time":139036,"key":"1Key0"},{"time":139036,"key":"1Key5"},{"time":139036,"key":"1Key7"},{"time":139436,"key":"1Key4"},{"time":139436,"key":"1Key6"},{"time":139436,"key":"1Key11"},{"time":139836,"key":"1Key3"},{"time":139836,"key":"1Key5"},{"time":139836,"key":"1Key10"},{"time":140236,"key":"1Key2"},{"time":140236,"key":"1Key4"},{"time":140236,"key":"1Key7"},{"time":140636,"key":"1Key1"},{"time":140636,"key":"1Key3"},{"time":140636,"key":"1Key6"},{"time":141036,"key":"1Key0"},{"time":141036,"key":"1Key3"},{"time":141436,"key":"1Key0"},{"time":141436,"key":"1Key3"},{"time":141436,"key":"1Key5"},{"time":141836,"key":"1Key0"},{"time":141836,"key":"1Key2"},{"time":141836,"key":"1Key7"},{"time":142236,"key":"1Key0"},{"time":142236,"key":"1Key3"},{"time":142236,"key":"1Key5"},{"time":142636,"key":"1Key0"},{"time":143036,"key":"1Key0"},{"time":143036,"key":"1Key2"},{"time":143436,"key":"1Key0"},{"time":143436,"key":"1Key2"},{"time":143436,"key":"1Key4"},{"time":143836,"key":"1Key0"},{"time":143836,"key":"1Key2"},{"time":144236,"key":"1Key0"},{"time":144236,"key":"1Key2"},{"time":144236,"key":"1Key5"},{"time":144636,"key":"1Key2"},{"time":144636,"key":"1Key7"},{"time":144636,"key":"1Key12"},{"time":145036,"key":"1Key4"},{"time":145036,"key":"1Key6"},{"time":145036,"key":"1Key11"},{"time":145436,"key":"1Key3"},{"time":145436,"key":"1Key5"},{"time":145436,"key":"1Key10"},{"time":145836,"key":"1Key2"},{"time":145836,"key":"1Key4"},{"time":145836,"key":"1Key9"},{"time":146236,"key":"1Key3"},{"time":146236,"key":"1Key5"},{"time":146236,"key":"1Key10"},{"time":146636,"key":"1Key2"},{"time":146636,"key":"1Key4"},{"time":146636,"key":"1Key9"},{"time":147036,"key":"1Key1"},{"time":147036,"key":"1Key3"},{"time":147036,"key":"1Key8"},{"time":147436,"key":"1Key0"},{"time":147436,"key":"1Key2"},{"time":147436,"key":"1Key5"},{"time":147836,"key":"1Key1"},{"time":147836,"key":"1Key7"},{"time":147836,"key":"1Key12"},{"time":148236,"key":"1Key4"},{"time":148236,"key":"1Key6"},{"time":148236,"key":"1Key11"},{"time":148636,"key":"1Key3"},{"time":148636,"key":"1Key5"},{"time":148636,"key":"1Key10"},{"time":149036,"key":"1Key2"},{"time":149036,"key":"1Key4"},{"time":149036,"key":"1Key9"},{"time":149436,"key":"1Key3"},{"time":149436,"key":"1Key5"},{"time":149436,"key":"1Key10"},{"time":149836,"key":"1Key2"},{"time":149836,"key":"1Key4"},{"time":149836,"key":"1Key9"},{"time":150768,"key":"1Key0"},{"time":150768,"key":"1Key2"},{"time":150768,"key":"1Key5"},{"time":151168,"key":"1Key2"},{"time":151168,"key":"1Key7"},{"time":151168,"key":"1Key12"},{"time":151568,"key":"1Key4"},{"time":151568,"key":"1Key6"},{"time":151568,"key":"1Key11"},{"time":151968,"key":"1Key3"},{"time":151968,"key":"1Key5"},{"time":151968,"key":"1Key10"},{"time":152368,"key":"1Key2"},{"time":152368,"key":"1Key4"},{"time":152368,"key":"1Key9"},{"time":152768,"key":"1Key3"},{"time":152768,"key":"1Key5"},{"time":152768,"key":"1Key10"},{"time":153168,"key":"1Key2"},{"time":153168,"key":"1Key4"},{"time":153168,"key":"1Key9"},{"time":153568,"key":"1Key1"},{"time":153568,"key":"1Key3"},{"time":153568,"key":"1Key8"},{"time":153968,"key":"1Key0"},{"time":153968,"key":"1Key2"},{"time":153968,"key":"1Key5"},{"time":154368,"key":"1Key0"},{"time":154368,"key":"1Key2"},{"time":154368,"key":"1Key5"},{"time":154768,"key":"1Key0"},{"time":154768,"key":"1Key2"},{"time":154768,"key":"1Key5"},{"time":154768,"key":"1Key7"},{"time":155168,"key":"1Key0"},{"time":155168,"key":"1Key5"},{"time":155168,"key":"1Key10"},{"time":155568,"key":"1Key2"},{"time":155568,"key":"1Key4"},{"time":155568,"key":"1Key9"},{"time":155968,"key":"1Key0"},{"time":155968,"key":"1Key5"},{"time":155968,"key":"1Key10"},{"time":156368,"key":"1Key2"},{"time":156368,"key":"1Key4"},{"time":156368,"key":"1Key9"},{"time":157300,"key":"1Key0"},{"time":157300,"key":"1Key2"},{"time":157300,"key":"1Key5"},{"time":157700,"key":"1Key9"},{"time":158100,"key":"1Key8"},{"time":158500,"key":"1Key9"},{"time":158900,"key":"1Key10"},{"time":159300,"key":"1Key9"},{"time":159700,"key":"1Key8"},{"time":160100,"key":"1Key9"},{"time":160500,"key":"1Key11"},{"time":160900,"key":"1Key9"},{"time":161300,"key":"1Key8"},{"time":161700,"key":"1Key9"},{"time":162100,"key":"1Key10"},{"time":162500,"key":"1Key9"},{"time":162900,"key":"1Key8"},{"time":163300,"key":"1Key9"},{"time":163700,"key":"1Key0"},{"time":163700,"key":"1Key2"},{"time":163700,"key":"1Key5"},{"time":164100,"key":"1Key9"},{"time":164500,"key":"1Key8"},{"time":164900,"key":"1Key9"},{"time":165300,"key":"1Key10"},{"time":165700,"key":"1Key9"},{"time":166100,"key":"1Key8"},{"time":166500,"key":"1Key9"},{"time":166900,"key":"1Key8"},{"time":167300,"key":"1Key7"},{"time":167700,"key":"1Key6"},{"time":168100,"key":"1Key7"},{"time":168500,"key":"1Key8"},{"time":168900,"key":"1Key7"},{"time":169300,"key":"1Key6"},{"time":169700,"key":"1Key7"},{"time":170100,"key":"1Key0"},{"time":170100,"key":"1Key2"},{"time":170100,"key":"1Key5"},{"time":170500,"key":"1Key9"},{"time":170900,"key":"1Key8"},{"time":171300,"key":"1Key9"},{"time":171700,"key":"1Key10"},{"time":172100,"key":"1Key9"},{"time":172500,"key":"1Key8"},{"time":172900,"key":"1Key9"},{"time":173300,"key":"1Key11"},{"time":173700,"key":"1Key9"},{"time":174100,"key":"1Key8"},{"time":174500,"key":"1Key9"},{"time":174900,"key":"1Key10"},{"time":175300,"key":"1Key9"},{"time":175700,"key":"1Key8"},{"time":176100,"key":"1Key9"},{"time":176500,"key":"1Key0"},{"time":176500,"key":"1Key2"},{"time":176500,"key":"1Key5"},{"time":176900,"key":"1Key9"},{"time":177300,"key":"1Key8"},{"time":177700,"key":"1Key9"},{"time":178100,"key":"1Key10"},{"time":178500,"key":"1Key9"},{"time":178900,"key":"1Key8"},{"time":179300,"key":"1Key9"},{"time":179700,"key":"1Key8"},{"time":180100,"key":"1Key7"},{"time":180500,"key":"1Key6"},{"time":180900,"key":"1Key7"},{"time":181300,"key":"1Key8"},{"time":181700,"key":"1Key7"},{"time":182100,"key":"1Key6"},{"time":182500,"key":"1Key7"},{"time":182900,"key":"1Key0"},{"time":182900,"key":"1Key2"},{"time":182900,"key":"1Key5"},{"time":183300,"key":"1Key0"},{"time":183300,"key":"1Key5"},{"time":183300,"key":"1Key7"},{"time":183700,"key":"1Key2"},{"time":183700,"key":"1Key7"},{"time":183700,"key":"1Key9"},{"time":184100,"key":"1Key0"},{"time":184100,"key":"1Key5"},{"time":184100,"key":"1Key7"},{"time":184500,"key":"1Key0"},{"time":184500,"key":"1Key2"},{"time":184900,"key":"1Key0"},{"time":184900,"key":"1Key2"},{"time":184900,"key":"1Key4"},{"time":185300,"key":"1Key1"},{"time":185300,"key":"1Key4"},{"time":185300,"key":"1Key6"},{"time":185700,"key":"1Key0"},{"time":185700,"key":"1Key2"},{"time":185700,"key":"1Key4"},{"time":186100,"key":"1Key0"},{"time":186100,"key":"1Key3"},{"time":186500,"key":"1Key0"},{"time":186500,"key":"1Key3"},{"time":186500,"key":"1Key5"},{"time":186900,"key":"1Key0"},{"time":186900,"key":"1Key2"},{"time":186900,"key":"1Key7"},{"time":187300,"key":"1Key0"},{"time":187300,"key":"1Key3"},{"time":187300,"key":"1Key5"},{"time":187700,"key":"1Key0"},{"time":188100,"key":"1Key0"},{"time":188100,"key":"1Key2"},{"time":188500,"key":"1Key0"},{"time":188500,"key":"1Key2"},{"time":188500,"key":"1Key4"},{"time":188900,"key":"1Key0"},{"time":188900,"key":"1Key2"},{"time":189300,"key":"1Key0"},{"time":189300,"key":"1Key2"},{"time":189300,"key":"1Key5"},{"time":189700,"key":"1Key0"},{"time":189700,"key":"1Key5"},{"time":189700,"key":"1Key7"},{"time":190100,"key":"1Key2"},{"time":190100,"key":"1Key7"},{"time":190100,"key":"1Key9"},{"time":190500,"key":"1Key0"},{"time":190500,"key":"1Key5"},{"time":190500,"key":"1Key7"},{"time":190900,"key":"1Key4"},{"time":190900,"key":"1Key6"},{"time":190900,"key":"1Key11"},{"time":191300,"key":"1Key3"},{"time":191300,"key":"1Key5"},{"time":191300,"key":"1Key10"},{"time":191700,"key":"1Key2"},{"time":191700,"key":"1Key4"},{"time":191700,"key":"1Key7"},{"time":192100,"key":"1Key1"},{"time":192100,"key":"1Key3"},{"time":192100,"key":"1Key6"},{"time":192500,"key":"1Key0"},{"time":192500,"key":"1Key3"},{"time":192900,"key":"1Key0"},{"time":192900,"key":"1Key3"},{"time":192900,"key":"1Key5"},{"time":193300,"key":"1Key0"},{"time":193300,"key":"1Key2"},{"time":193300,"key":"1Key7"},{"time":193700,"key":"1Key0"},{"time":193700,"key":"1Key3"},{"time":193700,"key":"1Key5"},{"time":194100,"key":"1Key0"},{"time":194500,"key":"1Key0"},{"time":194500,"key":"1Key2"},{"time":194900,"key":"1Key0"},{"time":194900,"key":"1Key2"},{"time":194900,"key":"1Key4"},{"time":195300,"key":"1Key0"},{"time":195300,"key":"1Key2"},{"time":195700,"key":"1Key0"},{"time":195700,"key":"1Key2"},{"time":195700,"key":"1Key5"},{"time":196100,"key":"1Key2"},{"time":196100,"key":"1Key7"},{"time":196100,"key":"1Key12"},{"time":196500,"key":"1Key4"},{"time":196500,"key":"1Key6"},{"time":196500,"key":"1Key11"},{"time":196900,"key":"1Key3"},{"time":196900,"key":"1Key5"},{"time":196900,"key":"1Key10"},{"time":197300,"key":"1Key2"},{"time":197300,"key":"1Key4"},{"time":197300,"key":"1Key9"},{"time":197700,"key":"1Key3"},{"time":197700,"key":"1Key5"},{"time":197700,"key":"1Key10"},{"time":198100,"key":"1Key2"},{"time":198100,"key":"1Key4"},{"time":198100,"key":"1Key9"},{"time":198500,"key":"1Key1"},{"time":198500,"key":"1Key3"},{"time":198500,"key":"1Key8"},{"time":198900,"key":"1Key0"},{"time":198900,"key":"1Key2"},{"time":198900,"key":"1Key5"},{"time":199300,"key":"1Key1"},{"time":199300,"key":"1Key7"},{"time":199300,"key":"1Key12"},{"time":199700,"key":"1Key4"},{"time":199700,"key":"1Key6"},{"time":199700,"key":"1Key11"},{"time":200100,"key":"1Key3"},{"time":200100,"key":"1Key5"},{"time":200100,"key":"1Key10"},{"time":200500,"key":"1Key2"},{"time":200500,"key":"1Key4"},{"time":200500,"key":"1Key9"},{"time":200900,"key":"1Key3"},{"time":200900,"key":"1Key5"},{"time":200900,"key":"1Key10"},{"time":201300,"key":"1Key2"},{"time":201300,"key":"1Key4"},{"time":201300,"key":"1Key9"},{"time":202232,"key":"1Key0"},{"time":202232,"key":"1Key2"},{"time":202232,"key":"1Key5"},{"time":202632,"key":"1Key2"},{"time":202632,"key":"1Key7"},{"time":202632,"key":"1Key12"},{"time":203032,"key":"1Key4"},{"time":203032,"key":"1Key6"},{"time":203032,"key":"1Key11"},{"time":203432,"key":"1Key3"},{"time":203432,"key":"1Key5"},{"time":203432,"key":"1Key10"},{"time":203832,"key":"1Key2"},{"time":203832,"key":"1Key4"},{"time":203832,"key":"1Key9"},{"time":204232,"key":"1Key3"},{"time":204232,"key":"1Key5"},{"time":204232,"key":"1Key10"},{"time":204632,"key":"1Key2"},{"time":204632,"key":"1Key4"},{"time":204632,"key":"1Key9"},{"time":205032,"key":"1Key1"},{"time":205032,"key":"1Key3"},{"time":205032,"key":"1Key8"},{"time":205432,"key":"1Key0"},{"time":205432,"key":"1Key2"},{"time":205432,"key":"1Key5"},{"time":205832,"key":"1Key0"},{"time":205832,"key":"1Key2"},{"time":205832,"key":"1Key5"},{"time":206232,"key":"1Key0"},{"time":206232,"key":"1Key2"},{"time":206232,"key":"1Key5"},{"time":206232,"key":"1Key7"},{"time":206632,"key":"1Key0"},{"time":206632,"key":"1Key5"},{"time":206632,"key":"1Key10"},{"time":207032,"key":"1Key2"},{"time":207032,"key":"1Key4"},{"time":207032,"key":"1Key9"},{"time":207432,"key":"1Key0"},{"time":207432,"key":"1Key5"},{"time":207432,"key":"1Key10"},{"time":207832,"key":"1Key2"},{"time":207832,"key":"1Key4"},{"time":207832,"key":"1Key9"},{"time":208764,"key":"1Key0"},{"time":208764,"key":"1Key2"},{"time":208764,"key":"1Key5"},{"time":209164,"key":"1Key7"},{"time":209564,"key":"1Key9"},{"time":209964,"key":"1Key7"},{"time":210364,"key":"1Key0"},{"time":210364,"key":"1Key2"},{"time":210764,"key":"1Key4"},{"time":211164,"key":"1Key6"},{"time":211564,"key":"1Key4"},{"time":211964,"key":"1Key0"},{"time":211964,"key":"1Key3"},{"time":212364,"key":"1Key5"},{"time":212764,"key":"1Key7"},{"time":213164,"key":"1Key5"},{"time":213564,"key":"1Key0"},{"time":213964,"key":"1Key2"},{"time":214364,"key":"1Key4"},{"time":214764,"key":"1Key2"},{"time":215164,"key":"1Key0"},{"time":215164,"key":"1Key2"},{"time":215164,"key":"1Key5"},{"time":215564,"key":"1Key7"},{"time":215964,"key":"1Key9"},{"time":216364,"key":"1Key7"},{"time":216764,"key":"1Key0"},{"time":216764,"key":"1Key2"},{"time":217164,"key":"1Key4"},{"time":217564,"key":"1Key6"},{"time":217964,"key":"1Key4"},{"time":218364,"key":"1Key0"},{"time":218364,"key":"1Key3"},{"time":218764,"key":"1Key5"},{"time":219164,"key":"1Key7"},{"time":219564,"key":"1Key5"},{"time":219964,"key":"1Key0"},{"time":220364,"key":"1Key2"},{"time":220764,"key":"1Key4"},{"time":221696,"key":"1Key0"},{"time":221696,"key":"1Key2"},{"time":221696,"key":"1Key5"},{"time":223692,"key":"1Key0"},{"time":223692,"key":"1Key2"},{"time":225688,"key":"1Key0"},{"time":225688,"key":"1Key3"},{"time":227684,"key":"1Key0"},{"time":227684,"key":"1Key2"},{"time":229680,"key":"1Key0"},{"time":229680,"key":"1Key2"},{"time":229680,"key":"1Key5"},{"time":231676,"key":"1Key0"},{"time":231676,"key":"1Key2"},{"time":233672,"key":"1Key0"},{"time":233672,"key":"1Key3"},{"time":235668,"key":"1Key0"},{"time":235668,"key":"1Key2"}]}]