[
    {
      "name": "Super Mario",
      "bpm": 375,
      "songNotes": [
        {
          "time": 1280,
          "key": "1Key1"
        },
        {
          "time": 1280,
          "key": "1Key7"
        },
        {
          "time": 1280,
          "key": "1Key9"
        },
        {
          "time": 1440,
          "key": "1Key1"
        },
        {
          "time": 1440,
          "key": "1Key7"
        },
        {
          "time": 1440,
          "key": "1Key9"
        },
        {
          "time": 1760,
          "key": "1Key1"
        },
        {
          "time": 1760,
          "key": "1Key7"
        },
        {
          "time": 1760,
          "key": "1Key9"
        },
        {
          "time": 2080,
          "key": "1Key1"
        },
        {
          "time": 2080,
          "key": "1Key7"
        },
        {
          "time": 2240,
          "key": "1Key1"
        },
        {
          "time": 2240,
          "key": "1Key9"
        },
        {
          "time": 2560,
          "key": "1Key4"
        },
        {
          "time": 2560,
          "key": "1Key6"
        },
        {
          "time": 2560,
          "key": "1Key11"
        },
        {
          "time": 3200,
          "key": "1Key4"
        },
        {
          "time": 3840,
          "key": "1Key0"
        },
        {
          "time": 3840,
          "key": "1Key4"
        },
        {
          "time": 3840,
          "key": "1Key7"
        },
        {
          "time": 4320,
          "key": "1Key0"
        },
        {
          "time": 4320,
          "key": "1Key4"
        },
        {
          "time": 4800,
          "key": "1Key0"
        },
        {
          "time": 4800,
          "key": "1Key2"
        },
        {
          "time": 5280,
          "key": "1Key0"
        },
        {
          "time": 5280,
          "key": "1Key5"
        },
        {
          "time": 5600,
          "key": "1Key0"
        },
        {
          "time": 5600,
          "key": "1Key6"
        },
        {
          "time": 5920,
          "key": "1Key0"
        },
        {
          "time": 5920,
          "key": "1Key5"
        },
        {
          "time": 6080,
          "key": "1Key0"
        },
        {
          "time": 6240,
          "key": "1Key4"
        },
        {
          "time": 6560,
          "key": "1Key9"
        },
        {
          "time": 6720,
          "key": "1Key11"
        },
        {
          "time": 6880,
          "key": "1Key12"
        },
        {
          "time": 7200,
          "key": "1Key10"
        },
        {
          "time": 7360,
          "key": "1Key11"
        },
        {
          "time": 7680,
          "key": "1Key9"
        },
        {
          "time": 8000,
          "key": "1Key7"
        },
        {
          "time": 8160,
          "key": "1Key8"
        },
        {
          "time": 8320,
          "key": "1Key6"
        },
        {
          "time": 8960,
          "key": "1Key0"
        },
        {
          "time": 8960,
          "key": "1Key7"
        },
        {
          "time": 9440,
          "key": "1Key0"
        },
        {
          "time": 9440,
          "key": "1Key4"
        },
        {
          "time": 9920,
          "key": "1Key0"
        },
        {
          "time": 9920,
          "key": "1Key2"
        },
        {
          "time": 10400,
          "key": "1Key0"
        },
        {
          "time": 10400,
          "key": "1Key5"
        },
        {
          "time": 10720,
          "key": "1Key0"
        },
        {
          "time": 10720,
          "key": "1Key6"
        },
        {
          "time": 11040,
          "key": "1Key0"
        },
        {
          "time": 11040,
          "key": "1Key5"
        },
        {
          "time": 11200,
          "key": "1Key0"
        },
        {
          "time": 11200,
          "key": "1Key5"
        },
        {
          "time": 11360,
          "key": "1Key0"
        },
        {
          "time": 11360,
          "key": "1Key4"
        },
        {
          "time": 11680,
          "key": "1Key9"
        },
        {
          "time": 11840,
          "key": "1Key11"
        },
        {
          "time": 12000,
          "key": "1Key12"
        },
        {
          "time": 12320,
          "key": "1Key10"
        },
        {
          "time": 12480,
          "key": "1Key11"
        },
        {
          "time": 12800,
          "key": "1Key9"
        },
        {
          "time": 13120,
          "key": "1Key7"
        },
        {
          "time": 13280,
          "key": "1Key8"
        },
        {
          "time": 13440,
          "key": "1Key6"
        },
        {
          "time": 14240,
          "key": "1Key11"
        },
        {
          "time": 14400,
          "key": "1Key10"
        },
        {
          "time": 14560,
          "key": "1Key7"
        },
        {
          "time": 14720,
          "key": "1Key8"
        },
        {
          "time": 15040,
          "key": "1Key9"
        },
        {
          "time": 15360,
          "key": "1Key4"
        },
        {
          "time": 15520,
          "key": "1Key5"
        },
        {
          "time": 15680,
          "key": "1Key7"
        },
        {
          "time": 16000,
          "key": "1Key5"
        },
        {
          "time": 16160,
          "key": "1Key7"
        },
        {
          "time": 16320,
          "key": "1Key8"
        },
        {
          "time": 16800,
          "key": "1Key11"
        },
        {
          "time": 16960,
          "key": "1Key10"
        },
        {
          "time": 17120,
          "key": "1Key8"
        },
        {
          "time": 17280,
          "key": "1Key9"
        },
        {
          "time": 17600,
          "key": "1Key7"
        },
        {
          "time": 17920,
          "key": "1Key14"
        },
        {
          "time": 18240,
          "key": "1Key14"
        },
        {
          "time": 18400,
          "key": "1Key14"
        },
        {
          "time": 19360,
          "key": "1Key11"
        },
        {
          "time": 19520,
          "key": "1Key10"
        },
        {
          "time": 19680,
          "key": "1Key7"
        },
        {
          "time": 19840,
          "key": "1Key8"
        },
        {
          "time": 20160,
          "key": "1Key9"
        },
        {
          "time": 20480,
          "key": "1Key4"
        },
        {
          "time": 20640,
          "key": "1Key5"
        },
        {
          "time": 20800,
          "key": "1Key7"
        },
        {
          "time": 21120,
          "key": "1Key5"
        },
        {
          "time": 21280,
          "key": "1Key7"
        },
        {
          "time": 21440,
          "key": "1Key8"
        },
        {
          "time": 21920,
          "key": "1Key0"
        },
        {
          "time": 21920,
          "key": "1Key7"
        },
        {
          "time": 21920,
          "key": "1Key9"
        },
        {
          "time": 22400,
          "key": "1Key0"
        },
        {
          "time": 22400,
          "key": "1Key4"
        },
        {
          "time": 22400,
          "key": "1Key8"
        },
        {
          "time": 22880,
          "key": "1Key3"
        },
        {
          "time": 22880,
          "key": "1Key5"
        },
        {
          "time": 22880,
          "key": "1Key7"
        },
        {
          "time": 24320,
          "key": "1Key11"
        },
        {
          "time": 24480,
          "key": "1Key10"
        },
        {
          "time": 24640,
          "key": "1Key7"
        },
        {
          "time": 24800,
          "key": "1Key8"
        },
        {
          "time": 25120,
          "key": "1Key9"
        },
        {
          "time": 25440,
          "key": "1Key4"
        },
        {
          "time": 25600,
          "key": "1Key5"
        },
        {
          "time": 25760,
          "key": "1Key7"
        },
        {
          "time": 26080,
          "key": "1Key5"
        },
        {
          "time": 26240,
          "key": "1Key7"
        },
        {
          "time": 26400,
          "key": "1Key8"
        },
        {
          "time": 26880,
          "key": "1Key11"
        },
        {
          "time": 27040,
          "key": "1Key10"
        },
        {
          "time": 27200,
          "key": "1Key8"
        },
        {
          "time": 27360,
          "key": "1Key9"
        },
        {
          "time": 27680,
          "key": "1Key7"
        },
        {
          "time": 28000,
          "key": "1Key14"
        },
        {
          "time": 28320,
          "key": "1Key14"
        },
        {
          "time": 28480,
          "key": "1Key14"
        },
        {
          "time": 29440,
          "key": "1Key11"
        },
        {
          "time": 29600,
          "key": "1Key10"
        },
        {
          "time": 29760,
          "key": "1Key7"
        },
        {
          "time": 29920,
          "key": "1Key8"
        },
        {
          "time": 30240,
          "key": "1Key9"
        },
        {
          "time": 30560,
          "key": "1Key4"
        },
        {
          "time": 30720,
          "key": "1Key5"
        },
        {
          "time": 30880,
          "key": "1Key7"
        },
        {
          "time": 31200,
          "key": "1Key5"
        },
        {
          "time": 31360,
          "key": "1Key7"
        },
        {
          "time": 31520,
          "key": "1Key8"
        },
        {
          "time": 32000,
          "key": "1Key0"
        },
        {
          "time": 32000,
          "key": "1Key7"
        },
        {
          "time": 32000,
          "key": "1Key9"
        },
        {
          "time": 32480,
          "key": "1Key0"
        },
        {
          "time": 32480,
          "key": "1Key4"
        },
        {
          "time": 32480,
          "key": "1Key8"
        },
        {
          "time": 32960,
          "key": "1Key3"
        },
        {
          "time": 32960,
          "key": "1Key5"
        },
        {
          "time": 32960,
          "key": "1Key7"
        },
        {
          "time": 33920,
          "key": "1Key1"
        },
        {
          "time": 33920,
          "key": "1Key7"
        },
        {
          "time": 34080,
          "key": "1Key1"
        },
        {
          "time": 34080,
          "key": "1Key7"
        },
        {
          "time": 34400,
          "key": "1Key1"
        },
        {
          "time": 34400,
          "key": "1Key7"
        },
        {
          "time": 34720,
          "key": "1Key1"
        },
        {
          "time": 34720,
          "key": "1Key7"
        },
        {
          "time": 34880,
          "key": "1Key8"
        },
        {
          "time": 35200,
          "key": "1Key0"
        },
        {
          "time": 35200,
          "key": "1Key9"
        },
        {
          "time": 35360,
          "key": "1Key0"
        },
        {
          "time": 35360,
          "key": "1Key7"
        },
        {
          "time": 35680,
          "key": "1Key0"
        },
        {
          "time": 35680,
          "key": "1Key5"
        },
        {
          "time": 35840,
          "key": "1Key0"
        },
        {
          "time": 35840,
          "key": "1Key4"
        },
        {
          "time": 36480,
          "key": "1Key1"
        },
        {
          "time": 36480,
          "key": "1Key7"
        },
        {
          "time": 36640,
          "key": "1Key1"
        },
        {
          "time": 36640,
          "key": "1Key7"
        },
        {
          "time": 36960,
          "key": "1Key1"
        },
        {
          "time": 36960,
          "key": "1Key7"
        },
        {
          "time": 37280,
          "key": "1Key1"
        },
        {
          "time": 37280,
          "key": "1Key7"
        },
        {
          "time": 37440,
          "key": "1Key1"
        },
        {
          "time": 37440,
          "key": "1Key8"
        },
        {
          "time": 37760,
          "key": "1Key0"
        },
        {
          "time": 37760,
          "key": "1Key9"
        },
        {
          "time": 37920,
          "key": "1Key0"
        },
        {
          "time": 37920,
          "key": "1Key7"
        },
        {
          "time": 37920,
          "key": "1Key14"
        },
        {
          "time": 38880,
          "key": "1Key1"
        },
        {
          "time": 38880,
          "key": "1Key7"
        },
        {
          "time": 39040,
          "key": "1Key1"
        },
        {
          "time": 39040,
          "key": "1Key7"
        },
        {
          "time": 39360,
          "key": "1Key1"
        },
        {
          "time": 39360,
          "key": "1Key7"
        },
        {
          "time": 39680,
          "key": "1Key1"
        },
        {
          "time": 39680,
          "key": "1Key7"
        },
        {
          "time": 39840,
          "key": "1Key1"
        },
        {
          "time": 39840,
          "key": "1Key8"
        },
        {
          "time": 40160,
          "key": "1Key0"
        },
        {
          "time": 40160,
          "key": "1Key9"
        },
        {
          "time": 40320,
          "key": "1Key0"
        },
        {
          "time": 40320,
          "key": "1Key8"
        },
        {
          "time": 40640,
          "key": "1Key0"
        },
        {
          "time": 40640,
          "key": "1Key9"
        },
        {
          "time": 40800,
          "key": "1Key5"
        },
        {
          "time": 40960,
          "key": "1Key4"
        },
        {
          "time": 41600,
          "key": "1Key0"
        },
        {
          "time": 41600,
          "key": "1Key7"
        },
        {
          "time": 41600,
          "key": "1Key9"
        },
        {
          "time": 41760,
          "key": "1Key0"
        },
        {
          "time": 41760,
          "key": "1Key7"
        },
        {
          "time": 41760,
          "key": "1Key9"
        },
        {
          "time": 42080,
          "key": "1Key0"
        },
        {
          "time": 42080,
          "key": "1Key7"
        },
        {
          "time": 42080,
          "key": "1Key9"
        },
        {
          "time": 42400,
          "key": "1Key1"
        },
        {
          "time": 42400,
          "key": "1Key7"
        },
        {
          "time": 42560,
          "key": "1Key1"
        },
        {
          "time": 42560,
          "key": "1Key9"
        },
        {
          "time": 42880,
          "key": "1Key4"
        },
        {
          "time": 42880,
          "key": "1Key6"
        },
        {
          "time": 42880,
          "key": "1Key11"
        },
        {
          "time": 43520,
          "key": "1Key4"
        },
        {
          "time": 44160,
          "key": "1Key0"
        },
        {
          "time": 44160,
          "key": "1Key4"
        },
        {
          "time": 44160,
          "key": "1Key7"
        },
        {
          "time": 44640,
          "key": "1Key0"
        },
        {
          "time": 44640,
          "key": "1Key4"
        },
        {
          "time": 45120,
          "key": "1Key0"
        },
        {
          "time": 45120,
          "key": "1Key2"
        },
        {
          "time": 45600,
          "key": "1Key0"
        },
        {
          "time": 45600,
          "key": "1Key5"
        },
        {
          "time": 45920,
          "key": "1Key0"
        },
        {
          "time": 45920,
          "key": "1Key6"
        },
        {
          "time": 46240,
          "key": "1Key0"
        },
        {
          "time": 46240,
          "key": "1Key5"
        },
        {
          "time": 46400,
          "key": "1Key0"
        },
        {
          "time": 46400,
          "key": "1Key5"
        },
        {
          "time": 46560,
          "key": "1Key4"
        },
        {
          "time": 46880,
          "key": "1Key9"
        },
        {
          "time": 47040,
          "key": "1Key11"
        },
        {
          "time": 47200,
          "key": "1Key12"
        },
        {
          "time": 47520,
          "key": "1Key10"
        },
        {
          "time": 47680,
          "key": "1Key11"
        },
        {
          "time": 48000,
          "key": "1Key9"
        },
        {
          "time": 48320,
          "key": "1Key7"
        },
        {
          "time": 48480,
          "key": "1Key8"
        },
        {
          "time": 48640,
          "key": "1Key6"
        },
        {
          "time": 49280,
          "key": "1Key0"
        },
        {
          "time": 49280,
          "key": "1Key7"
        },
        {
          "time": 49760,
          "key": "1Key0"
        },
        {
          "time": 49760,
          "key": "1Key4"
        },
        {
          "time": 50240,
          "key": "1Key0"
        },
        {
          "time": 50240,
          "key": "1Key2"
        },
        {
          "time": 50720,
          "key": "1Key0"
        },
        {
          "time": 50720,
          "key": "1Key5"
        },
        {
          "time": 51040,
          "key": "1Key0"
        },
        {
          "time": 51040,
          "key": "1Key6"
        },
        {
          "time": 51360,
          "key": "1Key0"
        },
        {
          "time": 51360,
          "key": "1Key5"
        },
        {
          "time": 51520,
          "key": "1Key0"
        },
        {
          "time": 51520,
          "key": "1Key5"
        },
        {
          "time": 51680,
          "key": "1Key0"
        },
        {
          "time": 51680,
          "key": "1Key4"
        },
        {
          "time": 52000,
          "key": "1Key9"
        },
        {
          "time": 52160,
          "key": "1Key11"
        },
        {
          "time": 52320,
          "key": "1Key12"
        },
        {
          "time": 52640,
          "key": "1Key10"
        },
        {
          "time": 52800,
          "key": "1Key11"
        },
        {
          "time": 53120,
          "key": "1Key9"
        },
        {
          "time": 53440,
          "key": "1Key7"
        },
        {
          "time": 53600,
          "key": "1Key8"
        },
        {
          "time": 53760,
          "key": "1Key6"
        },
        {
          "time": 54400,
          "key": "1Key9"
        },
        {
          "time": 54560,
          "key": "1Key7"
        },
        {
          "time": 54880,
          "key": "1Key4"
        },
        {
          "time": 55360,
          "key": "1Key4"
        },
        {
          "time": 55680,
          "key": "1Key5"
        },
        {
          "time": 55840,
          "key": "1Key10"
        },
        {
          "time": 56160,
          "key": "1Key10"
        },
        {
          "time": 56320,
          "key": "1Key5"
        },
        {
          "time": 56960,
          "key": "1Key6"
        },
        {
          "time": 57120,
          "key": "1Key12"
        },
        {
          "time": 57440,
          "key": "1Key12"
        },
        {
          "time": 57600,
          "key": "1Key12"
        },
        {
          "time": 57760,
          "key": "1Key11"
        },
        {
          "time": 58080,
          "key": "1Key10"
        },
        {
          "time": 58240,
          "key": "1Key9"
        },
        {
          "time": 58400,
          "key": "1Key7"
        },
        {
          "time": 58720,
          "key": "1Key5"
        },
        {
          "time": 58880,
          "key": "1Key4"
        },
        {
          "time": 59520,
          "key": "1Key9"
        },
        {
          "time": 59680,
          "key": "1Key7"
        },
        {
          "time": 60000,
          "key": "1Key4"
        },
        {
          "time": 60480,
          "key": "1Key4"
        },
        {
          "time": 60800,
          "key": "1Key5"
        },
        {
          "time": 60960,
          "key": "1Key10"
        },
        {
          "time": 61280,
          "key": "1Key10"
        },
        {
          "time": 61440,
          "key": "1Key5"
        },
        {
          "time": 62080,
          "key": "1Key6"
        },
        {
          "time": 62240,
          "key": "1Key10"
        },
        {
          "time": 62560,
          "key": "1Key10"
        },
        {
          "time": 62720,
          "key": "1Key10"
        },
        {
          "time": 62880,
          "key": "1Key9"
        },
        {
          "time": 63200,
          "key": "1Key8"
        },
        {
          "time": 63360,
          "key": "1Key7"
        },
        {
          "time": 63520,
          "key": "1Key2"
        },
        {
          "time": 63840,
          "key": "1Key2"
        },
        {
          "time": 64000,
          "key": "1Key0"
        }
      ]
    }
  ]