[
	{
		"name": "Korobeiniki - Tetris Theme",
		"bpm": 120,
		"songNotes": [
			{
				"key": "1Key9",
				"time": 700
			},
			{
				"key": "1Key6",
				"time": 1200
			},
			{
				"key": "1Key7",
				"time": 1700
			},
			{
				"key": "1Key8",
				"time": 2200
			},
			{
				"key": "1Key7",
				"time": 2700
			},
			{
				"key": "1Key6",
				"time": 3200
			},
			{
				"key": "1Key5",
				"time": 3700
			},
			{
				"key": "1Key5",
				"time": 4200
			},
			{
				"key": "1Key7",
				"time": 4700
			},
			{
				"key": "1Key9",
				"time": 5200
			},
			{
				"key": "1Key8",
				"time": 5700
			},
			{
				"key": "1Key7",
				"time": 6200
			},
			{
				"key": "1Key6",
				"time": 6700
			},
			{
				"key": "1Key7",
				"time": 7200
			},
			{
				"key": "1Key8",
				"time": 7700
			},
			{
				"key": "1Key9",
				"time": 8200
			},
			{
				"key": "1Key7",
				"time": 8700
			},
			{
				"key": "1Key5",
				"time": 9200
			},
			{
				"key": "1Key5",
				"time": 9700
			},
			{
				"key": "1Key8",
				"time": 10700
			},
			{
				"key": "1Key10",
				"time": 11200
			},
			{
				"key": "1Key12",
				"time": 11700
			},
			{
				"key": "1Key11",
				"time": 12200
			},
			{
				"key": "1Key10",
				"time": 12700
			},
			{
				"key": "1Key9",
				"time": 13200
			},
			{
				"key": "1Key7",
				"time": 13700
			},
			{
				"key": "1Key9",
				"time": 14200
			},
			{
				"key": "1Key8",
				"time": 14700
			},
			{
				"key": "1Key7",
				"time": 15200
			},
			{
				"key": "1Key6",
				"time": 15700
			},
			{
				"key": "1Key7",
				"time": 16200
			},
			{
				"key": "1Key8",
				"time": 16700
			},
			{
				"key": "1Key9",
				"time": 17200
			},
			{
				"key": "1Key7",
				"time": 17700
			},
			{
				"key": "1Key5",
				"time": 18200
			},
			{
				"key": "1Key5",
				"time": 18700
			},
			{
				"key": "1Key7",
				"time": 19200
			},
			{
				"key": "1Key9",
				"time": 19200
			},
			{
				"key": "1Key5",
				"time": 19700
			},
			{
				"key": "1Key7",
				"time": 19700
			},
			{
				"key": "1Key6",
				"time": 20200
			},
			{
				"key": "1Key8",
				"time": 20200
			},
			{
				"key": "1Key4",
				"time": 20700
			},
			{
				"key": "1Key6",
				"time": 20700
			},
			{
				"key": "1Key5",
				"time": 21200
			},
			{
				"key": "1Key7",
				"time": 21200
			},
			{
				"key": "1Key2",
				"time": 21700
			},
			{
				"key": "1Key5",
				"time": 21700
			},
			{
				"key": "1Key2",
				"time": 22200
			},
			{
				"key": "1Key4",
				"time": 22200
			},
			{
				"key": "1Key4",
				"time": 22700
			},
			{
				"key": "1Key6",
				"time": 22700
			},
			{
				"key": "1Key7",
				"time": 23200
			},
			{
				"key": "1Key9",
				"time": 23200
			},
			{
				"key": "1Key5",
				"time": 23700
			},
			{
				"key": "1Key7",
				"time": 23700
			},
			{
				"key": "1Key6",
				"time": 24200
			},
			{
				"key": "1Key8",
				"time": 24200
			},
			{
				"key": "1Key4",
				"time": 24700
			},
			{
				"key": "1Key6",
				"time": 24700
			},
			{
				"key": "1Key5",
				"time": 25200
			},
			{
				"key": "1Key7",
				"time": 25200
			},
			{
				"key": "1Key7",
				"time": 25700
			},
			{
				"key": "1Key9",
				"time": 25700
			},
			{
				"key": "1Key9",
				"time": 26200
			},
			{
				"key": "1Key12",
				"time": 26200
			},
			{
				"key": "1Key9",
				"time": 26700
			},
			{
				"key": "1Key11",
				"time": 26700
			}
		]
	}
]