[{"name":"The lion sleeps tonight","songNotes":[{"time":764,"key":"1Key7"},{"time":1124,"key":"1Key8"},{"time":1331,"key":"1Key9"},{"time":1691,"key":"1Key8"},{"time":2048,"key":"1Key9"},{"time":2271,"key":"1Key10"},{"time":2646,"key":"1Key9"},{"time":2839,"key":"1Key8"},{"time":3204,"key":"1Key7"},{"time":3554,"key":"1Key8"},{"time":3720,"key":"1Key9"},{"time":4086,"key":"1Key8"},{"time":4465,"key":"1Key7"},{"time":4853,"key":"1Key9"},{"time":5029,"key":"1Key8"},{"time":6592,"key":"1Key11"},{"time":6940,"key":"1Key9"},{"time":7146,"key":"1Key8"},{"time":7512,"key":"1Key9"},{"time":7853,"key":"1Key11"},{"time":8117,"key":"1Key10"},{"time":8479,"key":"1Key9"},{"time":8701,"key":"1Key8"},{"time":9079,"key":"1Key7"},{"time":9436,"key":"1Key8"},{"time":9614,"key":"1Key9"},{"time":9980,"key":"1Key8"},{"time":10336,"key":"1Key7"},{"time":10709,"key":"1Key9"},{"time":10899,"key":"1Key8"}]}]