[
    {
      "name": "The Bare Necessities",
      "author": "The Jungle Book",
      "transcribedBy": "PandaG9",
      "isComposed": true,
      "bpm": 380,
      "bitsPerPage": 12,
      "pitchLevel": 0,
      "isEncrypted": false,
      "songNotes": [
        {
          "time": 314,
          "key": "1Key4"
        },
        {
          "time": 628,
          "key": "1Key5"
        },
        {
          "time": 942,
          "key": "1Key7"
        },
        {
          "time": 1256,
          "key": "1Key0"
        },
        {
          "time": 1570,
          "key": "1Key7"
        },
        {
          "time": 1570,
          "key": "1Key9"
        },
        {
          "time": 1884,
          "key": "1Key4"
        },
        {
          "time": 2198,
          "key": "1Key6"
        },
        {
          "time": 2198,
          "key": "1Key8"
        },
        {
          "time": 2512,
          "key": "1Key0"
        },
        {
          "time": 2512,
          "key": "1Key5"
        },
        {
          "time": 2512,
          "key": "1Key9"
        },
        {
          "time": 2826,
          "key": "1Key8"
        },
        {
          "time": 2983,
          "key": "1Key7"
        },
        {
          "time": 3454,
          "key": "1Key7"
        },
        {
          "time": 3768,
          "key": "1Key3"
        },
        {
          "time": 3768,
          "key": "1Key5"
        },
        {
          "time": 3768,
          "key": "1Key8"
        },
        {
          "time": 4082,
          "key": "1Key7"
        },
        {
          "time": 4239,
          "key": "1Key5"
        },
        {
          "time": 4710,
          "key": "1Key5"
        },
        {
          "time": 5024,
          "key": "1Key0"
        },
        {
          "time": 5024,
          "key": "1Key7"
        },
        {
          "time": 5495,
          "key": "1Key4"
        },
        {
          "time": 5652,
          "key": "1Key7"
        },
        {
          "time": 5966,
          "key": "1Key9"
        },
        {
          "time": 6280,
          "key": "1Key0"
        },
        {
          "time": 6280,
          "key": "1Key7"
        },
        {
          "time": 6280,
          "key": "1Key12"
        },
        {
          "time": 6594,
          "key": "1Key11"
        },
        {
          "time": 6908,
          "key": "1Key10"
        },
        {
          "time": 7222,
          "key": "1Key9"
        },
        {
          "time": 7536,
          "key": "1Key1"
        },
        {
          "time": 7536,
          "key": "1Key8"
        },
        {
          "time": 8164,
          "key": "1Key0"
        },
        {
          "time": 8792,
          "key": "1Key4"
        },
        {
          "time": 8792,
          "key": "1Key6"
        },
        {
          "time": 8792,
          "key": "1Key8"
        },
        {
          "time": 9106,
          "key": "1Key11"
        },
        {
          "time": 9420,
          "key": "1Key12"
        },
        {
          "time": 9734,
          "key": "1Key11"
        },
        {
          "time": 10048,
          "key": "1Key0"
        },
        {
          "time": 10362,
          "key": "1Key7"
        },
        {
          "time": 10362,
          "key": "1Key9"
        },
        {
          "time": 10362,
          "key": "1Key12"
        },
        {
          "time": 10676,
          "key": "1Key4"
        },
        {
          "time": 10990,
          "key": "1Key11"
        },
        {
          "time": 11304,
          "key": "1Key0"
        },
        {
          "time": 11304,
          "key": "1Key5"
        },
        {
          "time": 11304,
          "key": "1Key9"
        },
        {
          "time": 11304,
          "key": "1Key12"
        },
        {
          "time": 11618,
          "key": "1Key11"
        },
        {
          "time": 11775,
          "key": "1Key9"
        },
        {
          "time": 12246,
          "key": "1Key7"
        },
        {
          "time": 12560,
          "key": "1Key3"
        },
        {
          "time": 12560,
          "key": "1Key5"
        },
        {
          "time": 12560,
          "key": "1Key8"
        },
        {
          "time": 12874,
          "key": "1Key7"
        },
        {
          "time": 13188,
          "key": "1Key0"
        },
        {
          "time": 13188,
          "key": "1Key8"
        },
        {
          "time": 13502,
          "key": "1Key7"
        },
        {
          "time": 13816,
          "key": "1Key3"
        },
        {
          "time": 13816,
          "key": "1Key12"
        },
        {
          "time": 14130,
          "key": "1Key7"
        },
        {
          "time": 14287,
          "key": "1Key7"
        },
        {
          "time": 14758,
          "key": "1Key8"
        },
        {
          "time": 15072,
          "key": "1Key4"
        },
        {
          "time": 15072,
          "key": "1Key7"
        },
        {
          "time": 15072,
          "key": "1Key9"
        },
        {
          "time": 15386,
          "key": "1Key11"
        },
        {
          "time": 15700,
          "key": "1Key1"
        },
        {
          "time": 15700,
          "key": "1Key9"
        },
        {
          "time": 16014,
          "key": "1Key7"
        },
        {
          "time": 16171,
          "key": "1Key5"
        },
        {
          "time": 16328,
          "key": "1Key0"
        },
        {
          "time": 16642,
          "key": "1Key4"
        },
        {
          "time": 16956,
          "key": "1Key0"
        },
        {
          "time": 16956,
          "key": "1Key7"
        },
        {
          "time": 17584,
          "key": "1Key3"
        },
        {
          "time": 17584,
          "key": "1Key10"
        },
        {
          "time": 17584,
          "key": "1Key12"
        },
        {
          "time": 18212,
          "key": "1Key0"
        },
        {
          "time": 18212,
          "key": "1Key9"
        },
        {
          "time": 18526,
          "key": "1Key7"
        },
        {
          "time": 18683,
          "key": "1Key7"
        },
        {
          "time": 18997,
          "key": "1Key6"
        },
        {
          "time": 19154,
          "key": "1Key5"
        },
        {
          "time": 19468,
          "key": "1Key1"
        },
        {
          "time": 19468,
          "key": "1Key4"
        },
        {
          "time": 20096,
          "key": "1Key4"
        },
        {
          "time": 20096,
          "key": "1Key6"
        },
        {
          "time": 20096,
          "key": "1Key8"
        },
        {
          "time": 20724,
          "key": "1Key1"
        },
        {
          "time": 21195,
          "key": "1Key8"
        },
        {
          "time": 21352,
          "key": "1Key8"
        },
        {
          "time": 21509,
          "key": "1Key8"
        },
        {
          "time": 21666,
          "key": "1Key9"
        },
        {
          "time": 21980,
          "key": "1Key0"
        },
        {
          "time": 21980,
          "key": "1Key4"
        },
        {
          "time": 22608,
          "key": "1Key4"
        },
        {
          "time": 23236,
          "key": "1Key0"
        },
        {
          "time": 23236,
          "key": "1Key9"
        },
        {
          "time": 23707,
          "key": "1Key7"
        },
        {
          "time": 23864,
          "key": "1Key9"
        },
        {
          "time": 24021,
          "key": "1Key8"
        },
        {
          "time": 24178,
          "key": "1Key7"
        },
        {
          "time": 24492,
          "key": "1Key1"
        },
        {
          "time": 24492,
          "key": "1Key8"
        },
        {
          "time": 25120,
          "key": "1Key4"
        },
        {
          "time": 25120,
          "key": "1Key6"
        },
        {
          "time": 25120,
          "key": "1Key8"
        },
        {
          "time": 25748,
          "key": "1Key1"
        },
        {
          "time": 26062,
          "key": "1Key8"
        },
        {
          "time": 26376,
          "key": "1Key1"
        },
        {
          "time": 26376,
          "key": "1Key6"
        },
        {
          "time": 26376,
          "key": "1Key8"
        },
        {
          "time": 26690,
          "key": "1Key9"
        },
        {
          "time": 27004,
          "key": "1Key0"
        },
        {
          "time": 27004,
          "key": "1Key7"
        },
        {
          "time": 27004,
          "key": "1Key9"
        },
        {
          "time": 27632,
          "key": "1Key4"
        },
        {
          "time": 27632,
          "key": "1Key6"
        },
        {
          "time": 27632,
          "key": "1Key9"
        },
        {
          "time": 28260,
          "key": "1Key0"
        },
        {
          "time": 28260,
          "key": "1Key6"
        },
        {
          "time": 28260,
          "key": "1Key9"
        },
        {
          "time": 28574,
          "key": "1Key9"
        },
        {
          "time": 28888,
          "key": "1Key10"
        },
        {
          "time": 29202,
          "key": "1Key11"
        },
        {
          "time": 29516,
          "key": "1Key3"
        },
        {
          "time": 29516,
          "key": "1Key5"
        },
        {
          "time": 29516,
          "key": "1Key7"
        },
        {
          "time": 29516,
          "key": "1Key12"
        },
        {
          "time": 29830,
          "key": "1Key12"
        },
        {
          "time": 30144,
          "key": "1Key12"
        },
        {
          "time": 30458,
          "key": "1Key10"
        },
        {
          "time": 30772,
          "key": "1Key3"
        },
        {
          "time": 30772,
          "key": "1Key5"
        },
        {
          "time": 30772,
          "key": "1Key7"
        },
        {
          "time": 30772,
          "key": "1Key9"
        },
        {
          "time": 31086,
          "key": "1Key8"
        },
        {
          "time": 31400,
          "key": "1Key9"
        },
        {
          "time": 31714,
          "key": "1Key10"
        },
        {
          "time": 32028,
          "key": "1Key2"
        },
        {
          "time": 32028,
          "key": "1Key4"
        },
        {
          "time": 32028,
          "key": "1Key7"
        },
        {
          "time": 32028,
          "key": "1Key11"
        },
        {
          "time": 32342,
          "key": "1Key11"
        },
        {
          "time": 32656,
          "key": "1Key11"
        },
        {
          "time": 32970,
          "key": "1Key9"
        },
        {
          "time": 33284,
          "key": "1Key1"
        },
        {
          "time": 33284,
          "key": "1Key3"
        },
        {
          "time": 33284,
          "key": "1Key5"
        },
        {
          "time": 33284,
          "key": "1Key8"
        },
        {
          "time": 34226,
          "key": "1Key8"
        },
        {
          "time": 34540,
          "key": "1Key0"
        },
        {
          "time": 34540,
          "key": "1Key7"
        },
        {
          "time": 34540,
          "key": "1Key9"
        },
        {
          "time": 34854,
          "key": "1Key5"
        },
        {
          "time": 35168,
          "key": "1Key5"
        },
        {
          "time": 35325,
          "key": "1Key5"
        },
        {
          "time": 35482,
          "key": "1Key5"
        },
        {
          "time": 35796,
          "key": "1Key0"
        },
        {
          "time": 35796,
          "key": "1Key7"
        },
        {
          "time": 35796,
          "key": "1Key9"
        },
        {
          "time": 36110,
          "key": "1Key5"
        },
        {
          "time": 36424,
          "key": "1Key5"
        },
        {
          "time": 36738,
          "key": "1Key5"
        },
        {
          "time": 37052,
          "key": "1Key1"
        },
        {
          "time": 37052,
          "key": "1Key9"
        },
        {
          "time": 37209,
          "key": "1Key9"
        },
        {
          "time": 37366,
          "key": "1Key9"
        },
        {
          "time": 37994,
          "key": "1Key9"
        },
        {
          "time": 38151,
          "key": "1Key9"
        },
        {
          "time": 38308,
          "key": "1Key1"
        },
        {
          "time": 38308,
          "key": "1Key8"
        },
        {
          "time": 38622,
          "key": "1Key7"
        },
        {
          "time": 38936,
          "key": "1Key4"
        },
        {
          "time": 38936,
          "key": "1Key6"
        },
        {
          "time": 39250,
          "key": "1Key8"
        },
        {
          "time": 39564,
          "key": "1Key0"
        },
        {
          "time": 39564,
          "key": "1Key9"
        },
        {
          "time": 39564,
          "key": "1Key11"
        },
        {
          "time": 39878,
          "key": "1Key9"
        },
        {
          "time": 39878,
          "key": "1Key11"
        },
        {
          "time": 40192,
          "key": "1Key2"
        },
        {
          "time": 40506,
          "key": "1Key9"
        },
        {
          "time": 40663,
          "key": "1Key11"
        },
        {
          "time": 40820,
          "key": "1Key0"
        },
        {
          "time": 40820,
          "key": "1Key7"
        },
        {
          "time": 40820,
          "key": "1Key12"
        },
        {
          "time": 41448,
          "key": "1Key2"
        },
        {
          "time": 42076,
          "key": "1Key0"
        },
        {
          "time": 42704,
          "key": "1Key2"
        },
        {
          "time": 43332,
          "key": "1Key0"
        },
        {
          "time": 43646,
          "key": "1Key9"
        },
        {
          "time": 43960,
          "key": "1Key10"
        },
        {
          "time": 44274,
          "key": "1Key11"
        },
        {
          "time": 44588,
          "key": "1Key1"
        },
        {
          "time": 44588,
          "key": "1Key10"
        },
        {
          "time": 44588,
          "key": "1Key12"
        },
        {
          "time": 44745,
          "key": "1Key10"
        },
        {
          "time": 44745,
          "key": "1Key12"
        },
        {
          "time": 44902,
          "key": "1Key10"
        },
        {
          "time": 44902,
          "key": "1Key12"
        },
        {
          "time": 45530,
          "key": "1Key10"
        },
        {
          "time": 45844,
          "key": "1Key4"
        },
        {
          "time": 45844,
          "key": "1Key6"
        },
        {
          "time": 45844,
          "key": "1Key9"
        },
        {
          "time": 46158,
          "key": "1Key8"
        },
        {
          "time": 46472,
          "key": "1Key7"
        },
        {
          "time": 46786,
          "key": "1Key6"
        },
        {
          "time": 47100,
          "key": "1Key0"
        },
        {
          "time": 47100,
          "key": "1Key7"
        },
        {
          "time": 47728,
          "key": "1Key5"
        },
        {
          "time": 48356,
          "key": "1Key1"
        },
        {
          "time": 48670,
          "key": "1Key6"
        },
        {
          "time": 48984,
          "key": "1Key3"
        },
        {
          "time": 48984,
          "key": "1Key5"
        },
        {
          "time": 49298,
          "key": "1Key6"
        },
        {
          "time": 49612,
          "key": "1Key0"
        },
        {
          "time": 49612,
          "key": "1Key7"
        },
        {
          "time": 50554,
          "key": "1Key3"
        },
        {
          "time": 50554,
          "key": "1Key10"
        },
        {
          "time": 50554,
          "key": "1Key12"
        },
        {
          "time": 50868,
          "key": "1Key0"
        },
        {
          "time": 50868,
          "key": "1Key9"
        },
        {
          "time": 51182,
          "key": "1Key4"
        },
        {
          "time": 51496,
          "key": "1Key5"
        },
        {
          "time": 51810,
          "key": "1Key7"
        },
        {
          "time": 52124,
          "key": "1Key0"
        },
        {
          "time": 52438,
          "key": "1Key7"
        },
        {
          "time": 52438,
          "key": "1Key9"
        },
        {
          "time": 52752,
          "key": "1Key4"
        },
        {
          "time": 53066,
          "key": "1Key6"
        },
        {
          "time": 53066,
          "key": "1Key9"
        },
        {
          "time": 53380,
          "key": "1Key0"
        },
        {
          "time": 53380,
          "key": "1Key5"
        },
        {
          "time": 53380,
          "key": "1Key9"
        },
        {
          "time": 53694,
          "key": "1Key8"
        },
        {
          "time": 53851,
          "key": "1Key7"
        },
        {
          "time": 54322,
          "key": "1Key7"
        },
        {
          "time": 54636,
          "key": "1Key3"
        },
        {
          "time": 54636,
          "key": "1Key5"
        },
        {
          "time": 54636,
          "key": "1Key8"
        },
        {
          "time": 54950,
          "key": "1Key7"
        },
        {
          "time": 55264,
          "key": "1Key0"
        },
        {
          "time": 55264,
          "key": "1Key8"
        },
        {
          "time": 55578,
          "key": "1Key7"
        },
        {
          "time": 55892,
          "key": "1Key3"
        },
        {
          "time": 55892,
          "key": "1Key5"
        },
        {
          "time": 55892,
          "key": "1Key8"
        },
        {
          "time": 56206,
          "key": "1Key7"
        },
        {
          "time": 56363,
          "key": "1Key5"
        },
        {
          "time": 56834,
          "key": "1Key5"
        },
        {
          "time": 57148,
          "key": "1Key0"
        },
        {
          "time": 57148,
          "key": "1Key7"
        },
        {
          "time": 57619,
          "key": "1Key4"
        },
        {
          "time": 57776,
          "key": "1Key7"
        },
        {
          "time": 58090,
          "key": "1Key9"
        },
        {
          "time": 58404,
          "key": "1Key0"
        },
        {
          "time": 58404,
          "key": "1Key7"
        },
        {
          "time": 58404,
          "key": "1Key12"
        },
        {
          "time": 58718,
          "key": "1Key11"
        },
        {
          "time": 59032,
          "key": "1Key10"
        },
        {
          "time": 59346,
          "key": "1Key9"
        },
        {
          "time": 59660,
          "key": "1Key1"
        },
        {
          "time": 59660,
          "key": "1Key8"
        },
        {
          "time": 60288,
          "key": "1Key0"
        },
        {
          "time": 60916,
          "key": "1Key4"
        },
        {
          "time": 60916,
          "key": "1Key6"
        },
        {
          "time": 60916,
          "key": "1Key8"
        },
        {
          "time": 61230,
          "key": "1Key11"
        },
        {
          "time": 61544,
          "key": "1Key12"
        },
        {
          "time": 61858,
          "key": "1Key11"
        },
        {
          "time": 62172,
          "key": "1Key0"
        },
        {
          "time": 62486,
          "key": "1Key7"
        },
        {
          "time": 62486,
          "key": "1Key9"
        },
        {
          "time": 62486,
          "key": "1Key12"
        },
        {
          "time": 62800,
          "key": "1Key4"
        },
        {
          "time": 63114,
          "key": "1Key11"
        },
        {
          "time": 63428,
          "key": "1Key0"
        },
        {
          "time": 63428,
          "key": "1Key5"
        },
        {
          "time": 63428,
          "key": "1Key9"
        },
        {
          "time": 63428,
          "key": "1Key12"
        },
        {
          "time": 63742,
          "key": "1Key11"
        },
        {
          "time": 63899,
          "key": "1Key9"
        },
        {
          "time": 64370,
          "key": "1Key7"
        },
        {
          "time": 64684,
          "key": "1Key3"
        },
        {
          "time": 64684,
          "key": "1Key5"
        },
        {
          "time": 64684,
          "key": "1Key8"
        },
        {
          "time": 64998,
          "key": "1Key7"
        },
        {
          "time": 65312,
          "key": "1Key0"
        },
        {
          "time": 65312,
          "key": "1Key8"
        },
        {
          "time": 65626,
          "key": "1Key7"
        },
        {
          "time": 65940,
          "key": "1Key3"
        },
        {
          "time": 65940,
          "key": "1Key12"
        },
        {
          "time": 66254,
          "key": "1Key7"
        },
        {
          "time": 66411,
          "key": "1Key7"
        },
        {
          "time": 66882,
          "key": "1Key8"
        },
        {
          "time": 67196,
          "key": "1Key4"
        },
        {
          "time": 67196,
          "key": "1Key7"
        },
        {
          "time": 67196,
          "key": "1Key9"
        },
        {
          "time": 67510,
          "key": "1Key11"
        },
        {
          "time": 67824,
          "key": "1Key0"
        },
        {
          "time": 67824,
          "key": "1Key9"
        },
        {
          "time": 68138,
          "key": "1Key11"
        },
        {
          "time": 68452,
          "key": "1Key1"
        },
        {
          "time": 68452,
          "key": "1Key9"
        },
        {
          "time": 68766,
          "key": "1Key7"
        },
        {
          "time": 68923,
          "key": "1Key5"
        },
        {
          "time": 69080,
          "key": "1Key0"
        },
        {
          "time": 69394,
          "key": "1Key4"
        },
        {
          "time": 69708,
          "key": "1Key0"
        },
        {
          "time": 69708,
          "key": "1Key7"
        },
        {
          "time": 70336,
          "key": "1Key3"
        },
        {
          "time": 70336,
          "key": "1Key10"
        },
        {
          "time": 70336,
          "key": "1Key12"
        },
        {
          "time": 70964,
          "key": "1Key0"
        },
        {
          "time": 70964,
          "key": "1Key9"
        },
        {
          "time": 71278,
          "key": "1Key7"
        },
        {
          "time": 71435,
          "key": "1Key7"
        },
        {
          "time": 71749,
          "key": "1Key6"
        },
        {
          "time": 71906,
          "key": "1Key5"
        },
        {
          "time": 72220,
          "key": "1Key1"
        },
        {
          "time": 72220,
          "key": "1Key4"
        },
        {
          "time": 72848,
          "key": "1Key4"
        },
        {
          "time": 72848,
          "key": "1Key6"
        },
        {
          "time": 72848,
          "key": "1Key8"
        },
        {
          "time": 73476,
          "key": "1Key1"
        },
        {
          "time": 73947,
          "key": "1Key8"
        },
        {
          "time": 74104,
          "key": "1Key8"
        },
        {
          "time": 74261,
          "key": "1Key8"
        },
        {
          "time": 74418,
          "key": "1Key9"
        },
        {
          "time": 74732,
          "key": "1Key0"
        },
        {
          "time": 74732,
          "key": "1Key4"
        },
        {
          "time": 75360,
          "key": "1Key4"
        },
        {
          "time": 75988,
          "key": "1Key0"
        },
        {
          "time": 75988,
          "key": "1Key9"
        },
        {
          "time": 76459,
          "key": "1Key7"
        },
        {
          "time": 76616,
          "key": "1Key9"
        },
        {
          "time": 76773,
          "key": "1Key8"
        },
        {
          "time": 76930,
          "key": "1Key7"
        },
        {
          "time": 77244,
          "key": "1Key1"
        },
        {
          "time": 77244,
          "key": "1Key8"
        },
        {
          "time": 77872,
          "key": "1Key4"
        },
        {
          "time": 77872,
          "key": "1Key6"
        },
        {
          "time": 77872,
          "key": "1Key8"
        },
        {
          "time": 78500,
          "key": "1Key1"
        },
        {
          "time": 78814,
          "key": "1Key8"
        },
        {
          "time": 79128,
          "key": "1Key4"
        },
        {
          "time": 79128,
          "key": "1Key6"
        },
        {
          "time": 79128,
          "key": "1Key8"
        },
        {
          "time": 79442,
          "key": "1Key9"
        },
        {
          "time": 79756,
          "key": "1Key0"
        },
        {
          "time": 79756,
          "key": "1Key7"
        },
        {
          "time": 79756,
          "key": "1Key9"
        },
        {
          "time": 80384,
          "key": "1Key4"
        },
        {
          "time": 80384,
          "key": "1Key6"
        },
        {
          "time": 80384,
          "key": "1Key9"
        },
        {
          "time": 81012,
          "key": "1Key0"
        },
        {
          "time": 81012,
          "key": "1Key5"
        },
        {
          "time": 81012,
          "key": "1Key9"
        },
        {
          "time": 81326,
          "key": "1Key9"
        },
        {
          "time": 81640,
          "key": "1Key10"
        },
        {
          "time": 81954,
          "key": "1Key11"
        },
        {
          "time": 82268,
          "key": "1Key3"
        },
        {
          "time": 82268,
          "key": "1Key5"
        },
        {
          "time": 82268,
          "key": "1Key7"
        },
        {
          "time": 82268,
          "key": "1Key12"
        },
        {
          "time": 82582,
          "key": "1Key12"
        },
        {
          "time": 82896,
          "key": "1Key12"
        },
        {
          "time": 83210,
          "key": "1Key10"
        },
        {
          "time": 83524,
          "key": "1Key3"
        },
        {
          "time": 83524,
          "key": "1Key5"
        },
        {
          "time": 83524,
          "key": "1Key7"
        },
        {
          "time": 83524,
          "key": "1Key9"
        },
        {
          "time": 83838,
          "key": "1Key8"
        },
        {
          "time": 84152,
          "key": "1Key9"
        },
        {
          "time": 84466,
          "key": "1Key10"
        },
        {
          "time": 84780,
          "key": "1Key2"
        },
        {
          "time": 84780,
          "key": "1Key4"
        },
        {
          "time": 84780,
          "key": "1Key7"
        },
        {
          "time": 84780,
          "key": "1Key11"
        },
        {
          "time": 85094,
          "key": "1Key11"
        },
        {
          "time": 85408,
          "key": "1Key11"
        },
        {
          "time": 85722,
          "key": "1Key9"
        },
        {
          "time": 86036,
          "key": "1Key1"
        },
        {
          "time": 86036,
          "key": "1Key3"
        },
        {
          "time": 86036,
          "key": "1Key5"
        },
        {
          "time": 86036,
          "key": "1Key7"
        },
        {
          "time": 86978,
          "key": "1Key8"
        },
        {
          "time": 87292,
          "key": "1Key0"
        },
        {
          "time": 87292,
          "key": "1Key7"
        },
        {
          "time": 87292,
          "key": "1Key9"
        },
        {
          "time": 87606,
          "key": "1Key5"
        },
        {
          "time": 87920,
          "key": "1Key5"
        },
        {
          "time": 88077,
          "key": "1Key5"
        },
        {
          "time": 88234,
          "key": "1Key5"
        },
        {
          "time": 88548,
          "key": "1Key0"
        },
        {
          "time": 88548,
          "key": "1Key7"
        },
        {
          "time": 88548,
          "key": "1Key9"
        },
        {
          "time": 88862,
          "key": "1Key5"
        },
        {
          "time": 89176,
          "key": "1Key5"
        },
        {
          "time": 89490,
          "key": "1Key5"
        },
        {
          "time": 89804,
          "key": "1Key1"
        },
        {
          "time": 89804,
          "key": "1Key9"
        },
        {
          "time": 89961,
          "key": "1Key9"
        },
        {
          "time": 90118,
          "key": "1Key9"
        },
        {
          "time": 90746,
          "key": "1Key9"
        },
        {
          "time": 90903,
          "key": "1Key9"
        },
        {
          "time": 91060,
          "key": "1Key1"
        },
        {
          "time": 91060,
          "key": "1Key8"
        },
        {
          "time": 91374,
          "key": "1Key7"
        },
        {
          "time": 91688,
          "key": "1Key4"
        },
        {
          "time": 91688,
          "key": "1Key6"
        },
        {
          "time": 92002,
          "key": "1Key8"
        },
        {
          "time": 92316,
          "key": "1Key0"
        },
        {
          "time": 92316,
          "key": "1Key9"
        },
        {
          "time": 92316,
          "key": "1Key11"
        },
        {
          "time": 92630,
          "key": "1Key9"
        },
        {
          "time": 92630,
          "key": "1Key11"
        },
        {
          "time": 92944,
          "key": "1Key2"
        },
        {
          "time": 93258,
          "key": "1Key9"
        },
        {
          "time": 93415,
          "key": "1Key11"
        },
        {
          "time": 93572,
          "key": "1Key0"
        },
        {
          "time": 93572,
          "key": "1Key7"
        },
        {
          "time": 93572,
          "key": "1Key12"
        },
        {
          "time": 94200,
          "key": "1Key2"
        },
        {
          "time": 94828,
          "key": "1Key0"
        },
        {
          "time": 95456,
          "key": "1Key2"
        },
        {
          "time": 96084,
          "key": "1Key0"
        },
        {
          "time": 96398,
          "key": "1Key9"
        },
        {
          "time": 96712,
          "key": "1Key10"
        },
        {
          "time": 97026,
          "key": "1Key11"
        },
        {
          "time": 97340,
          "key": "1Key1"
        },
        {
          "time": 97340,
          "key": "1Key10"
        },
        {
          "time": 97340,
          "key": "1Key12"
        },
        {
          "time": 97497,
          "key": "1Key10"
        },
        {
          "time": 97497,
          "key": "1Key12"
        },
        {
          "time": 97654,
          "key": "1Key10"
        },
        {
          "time": 97654,
          "key": "1Key12"
        },
        {
          "time": 98282,
          "key": "1Key10"
        },
        {
          "time": 98596,
          "key": "1Key4"
        },
        {
          "time": 98596,
          "key": "1Key6"
        },
        {
          "time": 98596,
          "key": "1Key9"
        },
        {
          "time": 98910,
          "key": "1Key8"
        },
        {
          "time": 99224,
          "key": "1Key7"
        },
        {
          "time": 99538,
          "key": "1Key6"
        },
        {
          "time": 99852,
          "key": "1Key0"
        },
        {
          "time": 99852,
          "key": "1Key7"
        },
        {
          "time": 100480,
          "key": "1Key5"
        },
        {
          "time": 101108,
          "key": "1Key1"
        },
        {
          "time": 101422,
          "key": "1Key6"
        },
        {
          "time": 101736,
          "key": "1Key3"
        },
        {
          "time": 101736,
          "key": "1Key5"
        },
        {
          "time": 102050,
          "key": "1Key6"
        },
        {
          "time": 102364,
          "key": "1Key0"
        },
        {
          "time": 102364,
          "key": "1Key7"
        },
        {
          "time": 103306,
          "key": "1Key3"
        },
        {
          "time": 103306,
          "key": "1Key10"
        },
        {
          "time": 103306,
          "key": "1Key12"
        },
        {
          "time": 103620,
          "key": "1Key0"
        },
        {
          "time": 103620,
          "key": "1Key9"
        },
        {
          "time": 103934,
          "key": "1Key4"
        },
        {
          "time": 104248,
          "key": "1Key5"
        },
        {
          "time": 104562,
          "key": "1Key7"
        },
        {
          "time": 104876,
          "key": "1Key0"
        },
        {
          "time": 105190,
          "key": "1Key7"
        },
        {
          "time": 105190,
          "key": "1Key9"
        },
        {
          "time": 105504,
          "key": "1Key4"
        },
        {
          "time": 105818,
          "key": "1Key6"
        },
        {
          "time": 105818,
          "key": "1Key8"
        },
        {
          "time": 106132,
          "key": "1Key0"
        },
        {
          "time": 106132,
          "key": "1Key5"
        },
        {
          "time": 106132,
          "key": "1Key9"
        },
        {
          "time": 106446,
          "key": "1Key8"
        },
        {
          "time": 106603,
          "key": "1Key7"
        },
        {
          "time": 107074,
          "key": "1Key7"
        },
        {
          "time": 107388,
          "key": "1Key3"
        },
        {
          "time": 107388,
          "key": "1Key5"
        },
        {
          "time": 107388,
          "key": "1Key8"
        },
        {
          "time": 107702,
          "key": "1Key7"
        },
        {
          "time": 108016,
          "key": "1Key0"
        },
        {
          "time": 108016,
          "key": "1Key8"
        },
        {
          "time": 108330,
          "key": "1Key7"
        },
        {
          "time": 108644,
          "key": "1Key3"
        },
        {
          "time": 108644,
          "key": "1Key5"
        },
        {
          "time": 108644,
          "key": "1Key8"
        },
        {
          "time": 108958,
          "key": "1Key7"
        },
        {
          "time": 109115,
          "key": "1Key5"
        },
        {
          "time": 109586,
          "key": "1Key5"
        },
        {
          "time": 109900,
          "key": "1Key0"
        },
        {
          "time": 109900,
          "key": "1Key7"
        },
        {
          "time": 110214,
          "key": "1Key4"
        },
        {
          "time": 110528,
          "key": "1Key7"
        },
        {
          "time": 110842,
          "key": "1Key9"
        },
        {
          "time": 111156,
          "key": "1Key0"
        },
        {
          "time": 111156,
          "key": "1Key7"
        },
        {
          "time": 111156,
          "key": "1Key12"
        },
        {
          "time": 111470,
          "key": "1Key11"
        },
        {
          "time": 111784,
          "key": "1Key10"
        },
        {
          "time": 112098,
          "key": "1Key9"
        },
        {
          "time": 112412,
          "key": "1Key1"
        },
        {
          "time": 112412,
          "key": "1Key8"
        },
        {
          "time": 113040,
          "key": "1Key5"
        },
        {
          "time": 113668,
          "key": "1Key4"
        },
        {
          "time": 113668,
          "key": "1Key6"
        },
        {
          "time": 113668,
          "key": "1Key8"
        },
        {
          "time": 113982,
          "key": "1Key11"
        },
        {
          "time": 114296,
          "key": "1Key12"
        },
        {
          "time": 114610,
          "key": "1Key11"
        },
        {
          "time": 114924,
          "key": "1Key0"
        },
        {
          "time": 115238,
          "key": "1Key7"
        },
        {
          "time": 115238,
          "key": "1Key9"
        },
        {
          "time": 115238,
          "key": "1Key12"
        },
        {
          "time": 115552,
          "key": "1Key4"
        },
        {
          "time": 115866,
          "key": "1Key11"
        },
        {
          "time": 116180,
          "key": "1Key0"
        },
        {
          "time": 116180,
          "key": "1Key5"
        },
        {
          "time": 116180,
          "key": "1Key9"
        },
        {
          "time": 116180,
          "key": "1Key12"
        },
        {
          "time": 116494,
          "key": "1Key11"
        },
        {
          "time": 116651,
          "key": "1Key9"
        },
        {
          "time": 117122,
          "key": "1Key7"
        },
        {
          "time": 117436,
          "key": "1Key3"
        },
        {
          "time": 117436,
          "key": "1Key5"
        },
        {
          "time": 117436,
          "key": "1Key8"
        },
        {
          "time": 117750,
          "key": "1Key7"
        },
        {
          "time": 118064,
          "key": "1Key0"
        },
        {
          "time": 118064,
          "key": "1Key8"
        },
        {
          "time": 118378,
          "key": "1Key7"
        },
        {
          "time": 118692,
          "key": "1Key3"
        },
        {
          "time": 118692,
          "key": "1Key12"
        },
        {
          "time": 119006,
          "key": "1Key7"
        },
        {
          "time": 119163,
          "key": "1Key7"
        },
        {
          "time": 119634,
          "key": "1Key8"
        },
        {
          "time": 119948,
          "key": "1Key4"
        },
        {
          "time": 119948,
          "key": "1Key7"
        },
        {
          "time": 119948,
          "key": "1Key9"
        },
        {
          "time": 120262,
          "key": "1Key11"
        },
        {
          "time": 120576,
          "key": "1Key0"
        },
        {
          "time": 120576,
          "key": "1Key9"
        },
        {
          "time": 120890,
          "key": "1Key11"
        },
        {
          "time": 121204,
          "key": "1Key1"
        },
        {
          "time": 121204,
          "key": "1Key9"
        },
        {
          "time": 121518,
          "key": "1Key7"
        },
        {
          "time": 121675,
          "key": "1Key5"
        },
        {
          "time": 121832,
          "key": "1Key0"
        },
        {
          "time": 122146,
          "key": "1Key4"
        },
        {
          "time": 122460,
          "key": "1Key0"
        },
        {
          "time": 122460,
          "key": "1Key7"
        },
        {
          "time": 123088,
          "key": "1Key5"
        },
        {
          "time": 123716,
          "key": "1Key1"
        },
        {
          "time": 124344,
          "key": "1Key4"
        },
        {
          "time": 124658,
          "key": "1Key8"
        },
        {
          "time": 124972,
          "key": "1Key0"
        },
        {
          "time": 124972,
          "key": "1Key9"
        },
        {
          "time": 125286,
          "key": "1Key11"
        },
        {
          "time": 125600,
          "key": "1Key0"
        },
        {
          "time": 125600,
          "key": "1Key9"
        },
        {
          "time": 125914,
          "key": "1Key11"
        },
        {
          "time": 126228,
          "key": "1Key1"
        },
        {
          "time": 126228,
          "key": "1Key9"
        },
        {
          "time": 126542,
          "key": "1Key7"
        },
        {
          "time": 126856,
          "key": "1Key3"
        },
        {
          "time": 126856,
          "key": "1Key5"
        },
        {
          "time": 127170,
          "key": "1Key4"
        },
        {
          "time": 127484,
          "key": "1Key0"
        },
        {
          "time": 127484,
          "key": "1Key7"
        },
        {
          "time": 128740,
          "key": "1Key0"
        },
        {
          "time": 128740,
          "key": "1Key9"
        },
        {
          "time": 128740,
          "key": "1Key11"
        }
      ]
    }
  ]