[
    {
      "name": "The Myth OST",
      "bpm": 220,
      "songNotes": [
        {
          "time": 568,
          "key": "Key5"
        },
        {
          "time": 600,
          "key": "Key7"
        },
        {
          "time": 639,
          "key": "Key14"
        },
        {
          "time": 644,
          "key": "Key9"
        },
        {
          "time": 1319,
          "key": "Key13"
        },
        {
          "time": 1521,
          "key": "Key12"
        },
        {
          "time": 1706,
          "key": "Key6"
        },
        {
          "time": 1719,
          "key": "Key13"
        },
        {
          "time": 1737,
          "key": "Key9"
        },
        {
          "time": 2306,
          "key": "Key9"
        },
        {
          "time": 2675,
          "key": "Key10"
        },
        {
          "time": 2690,
          "key": "Key7"
        },
        {
          "time": 2727,
          "key": "Key12"
        },
        {
          "time": 3042,
          "key": "Key12"
        },
        {
          "time": 3194,
          "key": "Key11"
        },
        {
          "time": 3377,
          "key": "Key10"
        },
        {
          "time": 3762,
          "key": "Key0"
        },
        {
          "time": 3778,
          "key": "Key2"
        },
        {
          "time": 3793,
          "key": "Key9"
        },
        {
          "time": 4145,
          "key": "Key10"
        },
        {
          "time": 4480,
          "key": "Key6"
        },
        {
          "time": 4511,
          "key": "Key8"
        },
        {
          "time": 4532,
          "key": "Key4"
        },
        {
          "time": 5066,
          "key": "Key5"
        },
        {
          "time": 5097,
          "key": "Key7"
        },
        {
          "time": 5113,
          "key": "Key2"
        },
        {
          "time": 5399,
          "key": "Key8"
        },
        {
          "time": 5718,
          "key": "Key9"
        },
        {
          "time": 6038,
          "key": "Key7"
        },
        {
          "time": 6340,
          "key": "Key6"
        },
        {
          "time": 6353,
          "key": "Key1"
        },
        {
          "time": 6384,
          "key": "Key4"
        },
        {
          "time": 6971,
          "key": "Key9"
        },
        {
          "time": 7239,
          "key": "Key11"
        },
        {
          "time": 7505,
          "key": "Key5"
        },
        {
          "time": 7564,
          "key": "Key12"
        },
        {
          "time": 7582,
          "key": "Key3"
        },
        {
          "time": 8058,
          "key": "Key11"
        },
        {
          "time": 8392,
          "key": "Key9"
        },
        {
          "time": 8592,
          "key": "Key1"
        },
        {
          "time": 8607,
          "key": "Key8"
        },
        {
          "time": 8623,
          "key": "Key4"
        },
        {
          "time": 9445,
          "key": "Key5"
        },
        {
          "time": 9461,
          "key": "Key0"
        },
        {
          "time": 9477,
          "key": "Key2"
        },
        {
          "time": 9863,
          "key": "Key9"
        },
        {
          "time": 10231,
          "key": "Key6"
        },
        {
          "time": 10246,
          "key": "Key2"
        },
        {
          "time": 10262,
          "key": "Key4"
        },
        {
          "time": 10849,
          "key": "Key3"
        },
        {
          "time": 10881,
          "key": "Key5"
        },
        {
          "time": 11184,
          "key": "Key6"
        },
        {
          "time": 11452,
          "key": "Key7"
        },
        {
          "time": 11482,
          "key": "Key4"
        },
        {
          "time": 11785,
          "key": "Key8"
        },
        {
          "time": 12020,
          "key": "Key9"
        },
        {
          "time": 12071,
          "key": "Key0"
        },
        {
          "time": 12705,
          "key": "Key5"
        },
        {
          "time": 12958,
          "key": "Key5"
        },
        {
          "time": 12971,
          "key": "Key0"
        },
        {
          "time": 13004,
          "key": "Key3"
        },
        {
          "time": 13423,
          "key": "Key12"
        },
        {
          "time": 13454,
          "key": "Key9"
        },
        {
          "time": 13827,
          "key": "Key11"
        },
        {
          "time": 13857,
          "key": "Key8"
        },
        {
          "time": 13877,
          "key": "Key4"
        },
        {
          "time": 14127,
          "key": "Key9"
        },
        {
          "time": 14157,
          "key": "Key12"
        },
        {
          "time": 14393,
          "key": "Key11"
        },
        {
          "time": 14425,
          "key": "Key8"
        },
        {
          "time": 14445,
          "key": "Key4"
        },
        {
          "time": 14861,
          "key": "Key8"
        },
        {
          "time": 15063,
          "key": "Key9"
        },
        {
          "time": 15131,
          "key": "Key0"
        },
        {
          "time": 15365,
          "key": "Key0"
        },
        {
          "time": 15598,
          "key": "Key1"
        },
        {
          "time": 15751,
          "key": "Key3"
        },
        {
          "time": 15919,
          "key": "Key2"
        },
        {
          "time": 16450,
          "key": "Key5"
        },
        {
          "time": 16700,
          "key": "Key5"
        },
        {
          "time": 16715,
          "key": "Key0"
        },
        {
          "time": 16749,
          "key": "Key3"
        },
        {
          "time": 17186,
          "key": "Key12"
        },
        {
          "time": 17200,
          "key": "Key9"
        },
        {
          "time": 17602,
          "key": "Key11"
        },
        {
          "time": 17617,
          "key": "Key8"
        },
        {
          "time": 17634,
          "key": "Key4"
        },
        {
          "time": 17854,
          "key": "Key8"
        },
        {
          "time": 18069,
          "key": "Key9"
        },
        {
          "time": 18306,
          "key": "Key10"
        },
        {
          "time": 18657,
          "key": "Key0"
        },
        {
          "time": 18672,
          "key": "Key2"
        },
        {
          "time": 18709,
          "key": "Key9"
        },
        {
          "time": 18715,
          "key": "Key4"
        },
        {
          "time": 19109,
          "key": "Key6"
        },
        {
          "time": 19121,
          "key": "Key8"
        },
        {
          "time": 19139,
          "key": "Key4"
        },
        {
          "time": 19526,
          "key": "Key5"
        },
        {
          "time": 19540,
          "key": "Key7"
        },
        {
          "time": 19557,
          "key": "Key2"
        },
        {
          "time": 20182,
          "key": "Key5"
        },
        {
          "time": 20194,
          "key": "Key0"
        },
        {
          "time": 20210,
          "key": "Key3"
        },
        {
          "time": 20562,
          "key": "Key9"
        },
        {
          "time": 20914,
          "key": "Key6"
        },
        {
          "time": 20945,
          "key": "Key8"
        },
        {
          "time": 20966,
          "key": "Key4"
        },
        {
          "time": 21314,
          "key": "Key6"
        },
        {
          "time": 21633,
          "key": "Key5"
        },
        {
          "time": 21663,
          "key": "Key0"
        },
        {
          "time": 21686,
          "key": "Key2"
        },
        {
          "time": 21886,
          "key": "Key0"
        },
        {
          "time": 22068,
          "key": "Key2"
        },
        {
          "time": 22251,
          "key": "Key6"
        },
        {
          "time": 22438,
          "key": "Key7"
        },
        {
          "time": 23104,
          "key": "Key2"
        },
        {
          "time": 23152,
          "key": "Key5"
        },
        {
          "time": 23403,
          "key": "Key0"
        },
        {
          "time": 23621,
          "key": "Key9"
        },
        {
          "time": 23653,
          "key": "Key4"
        },
        {
          "time": 23873,
          "key": "Key2"
        },
        {
          "time": 24139,
          "key": "Key6"
        },
        {
          "time": 24170,
          "key": "Key4"
        },
        {
          "time": 24406,
          "key": "Key1"
        },
        {
          "time": 24675,
          "key": "Key4"
        },
        {
          "time": 24896,
          "key": "Key1"
        },
        {
          "time": 25141,
          "key": "Key5"
        },
        {
          "time": 25158,
          "key": "Key3"
        },
        {
          "time": 25409,
          "key": "Key6"
        },
        {
          "time": 25442,
          "key": "Key1"
        },
        {
          "time": 25693,
          "key": "Key7"
        },
        {
          "time": 25712,
          "key": "Key2"
        },
        {
          "time": 25960,
          "key": "Key3"
        },
        {
          "time": 25979,
          "key": "Key8"
        },
        {
          "time": 26247,
          "key": "Key9"
        },
        {
          "time": 26278,
          "key": "Key0"
        },
        {
          "time": 26547,
          "key": "Key4"
        },
        {
          "time": 26796,
          "key": "Key9"
        },
        {
          "time": 27165,
          "key": "Key5"
        },
        {
          "time": 27365,
          "key": "Key5"
        },
        {
          "time": 27382,
          "key": "Key0"
        },
        {
          "time": 27415,
          "key": "Key3"
        },
        {
          "time": 27650,
          "key": "Key0"
        },
        {
          "time": 27933,
          "key": "Key12"
        },
        {
          "time": 27965,
          "key": "Key9"
        },
        {
          "time": 28252,
          "key": "Key2"
        },
        {
          "time": 28535,
          "key": "Key11"
        },
        {
          "time": 28553,
          "key": "Key8"
        },
        {
          "time": 28571,
          "key": "Key4"
        },
        {
          "time": 28837,
          "key": "Key12"
        },
        {
          "time": 28852,
          "key": "Key9"
        },
        {
          "time": 29103,
          "key": "Key11"
        },
        {
          "time": 29135,
          "key": "Key8"
        },
        {
          "time": 29155,
          "key": "Key4"
        },
        {
          "time": 29573,
          "key": "Key8"
        },
        {
          "time": 29707,
          "key": "Key10"
        },
        {
          "time": 29740,
          "key": "Key5"
        },
        {
          "time": 30006,
          "key": "Key9"
        },
        {
          "time": 30039,
          "key": "Key4"
        },
        {
          "time": 30244,
          "key": "Key2"
        },
        {
          "time": 30560,
          "key": "Key4"
        },
        {
          "time": 30800,
          "key": "Key7"
        },
        {
          "time": 31495,
          "key": "Key5"
        },
        {
          "time": 31746,
          "key": "Key5"
        },
        {
          "time": 31760,
          "key": "Key0"
        },
        {
          "time": 31778,
          "key": "Key3"
        },
        {
          "time": 32065,
          "key": "Key0"
        },
        {
          "time": 32364,
          "key": "Key12"
        },
        {
          "time": 32379,
          "key": "Key9"
        },
        {
          "time": 32769,
          "key": "Key2"
        },
        {
          "time": 33084,
          "key": "Key4"
        },
        {
          "time": 33115,
          "key": "Key11"
        },
        {
          "time": 33141,
          "key": "Key8"
        },
        {
          "time": 33569,
          "key": "Key8"
        },
        {
          "time": 33784,
          "key": "Key9"
        },
        {
          "time": 34003,
          "key": "Key10"
        },
        {
          "time": 34423,
          "key": "Key0"
        },
        {
          "time": 34437,
          "key": "Key2"
        },
        {
          "time": 34481,
          "key": "Key9"
        },
        {
          "time": 34488,
          "key": "Key4"
        },
        {
          "time": 34805,
          "key": "Key7"
        },
        {
          "time": 35056,
          "key": "Key6"
        },
        {
          "time": 35087,
          "key": "Key8"
        },
        {
          "time": 35116,
          "key": "Key4"
        },
        {
          "time": 35406,
          "key": "Key6"
        },
        {
          "time": 36092,
          "key": "Key5"
        },
        {
          "time": 36123,
          "key": "Key7"
        },
        {
          "time": 36146,
          "key": "Key2"
        },
        {
          "time": 37045,
          "key": "Key5"
        },
        {
          "time": 37059,
          "key": "Key0"
        },
        {
          "time": 37077,
          "key": "Key3"
        },
        {
          "time": 37314,
          "key": "Key0"
        },
        {
          "time": 37603,
          "key": "Key9"
        },
        {
          "time": 37969,
          "key": "Key8"
        },
        {
          "time": 37984,
          "key": "Key4"
        },
        {
          "time": 38033,
          "key": "Key6"
        },
        {
          "time": 38237,
          "key": "Key6"
        },
        {
          "time": 38384,
          "key": "Key7"
        },
        {
          "time": 38688,
          "key": "Key6"
        },
        {
          "time": 39202,
          "key": "Key5"
        },
        {
          "time": 39234,
          "key": "Key0"
        },
        {
          "time": 39259,
          "key": "Key2"
        },
        {
          "time": 40374,
          "key": "Key5"
        },
        {
          "time": 40656,
          "key": "Key6"
        },
        {
          "time": 40925,
          "key": "Key5"
        },
        {
          "time": 40976,
          "key": "Key7"
        },
        {
          "time": 40994,
          "key": "Key2"
        },
        {
          "time": 41292,
          "key": "Key8"
        },
        {
          "time": 41592,
          "key": "Key5"
        },
        {
          "time": 41614,
          "key": "Key9"
        },
        {
          "time": 41649,
          "key": "Key2"
        },
        {
          "time": 42011,
          "key": "Key7"
        },
        {
          "time": 42294,
          "key": "Key6"
        },
        {
          "time": 42317,
          "key": "Key1"
        },
        {
          "time": 42352,
          "key": "Key4"
        },
        {
          "time": 42949,
          "key": "Key1"
        },
        {
          "time": 42961,
          "key": "Key4"
        },
        {
          "time": 43500,
          "key": "Key0"
        },
        {
          "time": 43514,
          "key": "Key3"
        },
        {
          "time": 43559,
          "key": "Key5"
        },
        {
          "time": 43818,
          "key": "Key7"
        },
        {
          "time": 44085,
          "key": "Key1"
        },
        {
          "time": 44103,
          "key": "Key8"
        },
        {
          "time": 44122,
          "key": "Key4"
        },
        {
          "time": 44503,
          "key": "Key9"
        },
        {
          "time": 44689,
          "key": "Key9"
        },
        {
          "time": 44721,
          "key": "Key0"
        },
        {
          "time": 44740,
          "key": "Key2"
        },
        {
          "time": 44743,
          "key": "Key4"
        },
        {
          "time": 45558,
          "key": "Key5"
        },
        {
          "time": 45859,
          "key": "Key6"
        },
        {
          "time": 46125,
          "key": "Key5"
        },
        {
          "time": 46159,
          "key": "Key7"
        },
        {
          "time": 46182,
          "key": "Key2"
        },
        {
          "time": 46494,
          "key": "Key8"
        },
        {
          "time": 46795,
          "key": "Key5"
        },
        {
          "time": 46825,
          "key": "Key2"
        },
        {
          "time": 46865,
          "key": "Key9"
        },
        {
          "time": 47231,
          "key": "Key7"
        },
        {
          "time": 47512,
          "key": "Key6"
        },
        {
          "time": 47543,
          "key": "Key1"
        },
        {
          "time": 47580,
          "key": "Key4"
        },
        {
          "time": 48149,
          "key": "Key1"
        },
        {
          "time": 48162,
          "key": "Key4"
        },
        {
          "time": 48681,
          "key": "Key5"
        },
        {
          "time": 48696,
          "key": "Key0"
        },
        {
          "time": 48713,
          "key": "Key3"
        },
        {
          "time": 49034,
          "key": "Key7"
        },
        {
          "time": 49604,
          "key": "Key5"
        },
        {
          "time": 49622,
          "key": "Key1"
        },
        {
          "time": 49661,
          "key": "Key8"
        },
        {
          "time": 49667,
          "key": "Key3"
        },
        {
          "time": 50006,
          "key": "Key7"
        },
        {
          "time": 50354,
          "key": "Key0"
        },
        {
          "time": 50374,
          "key": "Key7"
        },
        {
          "time": 50406,
          "key": "Key4"
        },
        {
          "time": 50412,
          "key": "Key2"
        },
        {
          "time": 51074,
          "key": "Key5"
        },
        {
          "time": 51093,
          "key": "Key0"
        },
        {
          "time": 51410,
          "key": "Key6"
        },
        {
          "time": 51422,
          "key": "Key1"
        },
        {
          "time": 51725,
          "key": "Key5"
        },
        {
          "time": 51779,
          "key": "Key7"
        },
        {
          "time": 51792,
          "key": "Key2"
        },
        {
          "time": 52111,
          "key": "Key8"
        },
        {
          "time": 52445,
          "key": "Key9"
        },
        {
          "time": 52493,
          "key": "Key5"
        },
        {
          "time": 52514,
          "key": "Key2"
        },
        {
          "time": 52898,
          "key": "Key7"
        },
        {
          "time": 53180,
          "key": "Key6"
        },
        {
          "time": 53210,
          "key": "Key1"
        },
        {
          "time": 53252,
          "key": "Key4"
        },
        {
          "time": 53864,
          "key": "Key1"
        },
        {
          "time": 53878,
          "key": "Key4"
        },
        {
          "time": 54399,
          "key": "Key0"
        },
        {
          "time": 54446,
          "key": "Key9"
        },
        {
          "time": 54749,
          "key": "Key8"
        },
        {
          "time": 54957,
          "key": "Key7"
        },
        {
          "time": 55169,
          "key": "Key8"
        },
        {
          "time": 55183,
          "key": "Key4"
        },
        {
          "time": 55533,
          "key": "Key11"
        },
        {
          "time": 55921,
          "key": "Key2"
        },
        {
          "time": 55935,
          "key": "Key4"
        },
        {
          "time": 55985,
          "key": "Key0"
        },
        {
          "time": 55991,
          "key": "Key9"
        },
        {
          "time": 56992,
          "key": "Key0"
        },
        {
          "time": 57012,
          "key": "Key5"
        },
        {
          "time": 57327,
          "key": "Key1"
        },
        {
          "time": 57345,
          "key": "Key6"
        },
        {
          "time": 57643,
          "key": "Key7"
        },
        {
          "time": 57664,
          "key": "Key2"
        },
        {
          "time": 57702,
          "key": "Key5"
        },
        {
          "time": 58048,
          "key": "Key8"
        },
        {
          "time": 58363,
          "key": "Key5"
        },
        {
          "time": 58393,
          "key": "Key2"
        },
        {
          "time": 58417,
          "key": "Key9"
        },
        {
          "time": 58832,
          "key": "Key7"
        },
        {
          "time": 59152,
          "key": "Key6"
        },
        {
          "time": 59169,
          "key": "Key1"
        },
        {
          "time": 59836,
          "key": "Key1"
        },
        {
          "time": 59865,
          "key": "Key4"
        },
        {
          "time": 60769,
          "key": "Key3"
        },
        {
          "time": 60800,
          "key": "Key5"
        },
        {
          "time": 60823,
          "key": "Key0"
        },
        {
          "time": 61137,
          "key": "Key7"
        },
        {
          "time": 61436,
          "key": "Key1"
        },
        {
          "time": 61451,
          "key": "Key8"
        },
        {
          "time": 61468,
          "key": "Key4"
        },
        {
          "time": 61988,
          "key": "Key7"
        },
        {
          "time": 62257,
          "key": "Key0"
        },
        {
          "time": 62287,
          "key": "Key7"
        },
        {
          "time": 62304,
          "key": "Key2"
        },
        {
          "time": 62308,
          "key": "Key4"
        }
      ]
    }
  ]