[
    {
      "name": "Toss A Coin To Your Witcher",
      "bpm": 417,
      "songNotes": [
        {
          "key": "1Key1",
          "time": 100
        },
        {
          "key": "1Key3",
          "time": 243
        },
        {
          "key": "1Key5",
          "time": 386
        },
        {
          "key": "1Key8",
          "time": 529
        },
        {
          "key": "1Key10",
          "time": 1387
        },
        {
          "key": "1Key9",
          "time": 1673
        },
        {
          "key": "1Key8",
          "time": 1959
        },
        {
          "key": "1Key7",
          "time": 2245
        },
        {
          "key": "1Key1",
          "time": 2531
        },
        {
          "key": "1Key8",
          "time": 2531
        },
        {
          "key": "1Key4",
          "time": 2674
        },
        {
          "key": "1Key6",
          "time": 2817
        },
        {
          "key": "1Key11",
          "time": 3818
        },
        {
          "key": "1Key11",
          "time": 4104
        },
        {
          "key": "1Key10",
          "time": 4390
        },
        {
          "key": "1Key9",
          "time": 4676
        },
        {
          "key": "1Key1",
          "time": 4962
        },
        {
          "key": "1Key8",
          "time": 4962
        },
        {
          "key": "1Key4",
          "time": 5105
        },
        {
          "key": "1Key5",
          "time": 5248
        },
        {
          "key": "1Key8",
          "time": 5963
        },
        {
          "key": "1Key11",
          "time": 6249
        },
        {
          "key": "1Key11",
          "time": 6535
        },
        {
          "key": "1Key12",
          "time": 6821
        },
        {
          "key": "1Key0",
          "time": 7393
        },
        {
          "key": "1Key10",
          "time": 7393
        },
        {
          "key": "1Key2",
          "time": 7536
        },
        {
          "key": "1Key5",
          "time": 7679
        },
        {
          "key": "1Key8",
          "time": 7822
        },
        {
          "key": "1Key8",
          "time": 8394
        },
        {
          "key": "1Key11",
          "time": 8680
        },
        {
          "key": "1Key10",
          "time": 8966
        },
        {
          "key": "1Key11",
          "time": 9252
        },
        {
          "key": "1Key1",
          "time": 9538
        },
        {
          "key": "1Key4",
          "time": 9681
        },
        {
          "key": "1Key5",
          "time": 9824
        },
        {
          "key": "1Key11",
          "time": 10825
        },
        {
          "key": "1Key12",
          "time": 11111
        },
        {
          "key": "1Key0",
          "time": 11969
        },
        {
          "key": "1Key2",
          "time": 12112
        },
        {
          "key": "1Key5",
          "time": 12255
        },
        {
          "key": "1Key0",
          "time": 13256
        },
        {
          "key": "1Key2",
          "time": 13399
        },
        {
          "key": "1Key5",
          "time": 13542
        },
        {
          "key": "1Key1",
          "time": 14543
        },
        {
          "key": "1Key5",
          "time": 14686
        },
        {
          "key": "1Key1",
          "time": 14972
        },
        {
          "key": "1Key4",
          "time": 15258
        },
        {
          "key": "1Key8",
          "time": 15258
        },
        {
          "key": "1Key1",
          "time": 15401
        },
        {
          "key": "1Key10",
          "time": 15401
        },
        {
          "key": "1Key4",
          "time": 15687
        },
        {
          "key": "1Key9",
          "time": 15830
        },
        {
          "key": "1Key1",
          "time": 15973
        },
        {
          "key": "1Key8",
          "time": 15973
        },
        {
          "key": "1Key4",
          "time": 16259
        },
        {
          "key": "1Key7",
          "time": 16259
        },
        {
          "key": "1Key8",
          "time": 16402
        },
        {
          "key": "1Key5",
          "time": 16688
        },
        {
          "key": "1Key4",
          "time": 17117
        },
        {
          "key": "1Key8",
          "time": 17117
        },
        {
          "key": "1Key10",
          "time": 17403
        },
        {
          "key": "1Key4",
          "time": 17689
        },
        {
          "key": "1Key11",
          "time": 17689
        },
        {
          "key": "1Key9",
          "time": 17975
        },
        {
          "key": "1Key4",
          "time": 18118
        },
        {
          "key": "1Key7",
          "time": 18404
        },
        {
          "key": "1Key5",
          "time": 18690
        },
        {
          "key": "1Key8",
          "time": 18690
        },
        {
          "key": "1Key4",
          "time": 19119
        },
        {
          "key": "1Key8",
          "time": 19119
        },
        {
          "key": "1Key11",
          "time": 19405
        },
        {
          "key": "1Key4",
          "time": 19691
        },
        {
          "key": "1Key11",
          "time": 19691
        },
        {
          "key": "1Key12",
          "time": 19834
        },
        {
          "key": "1Key4",
          "time": 20120
        },
        {
          "key": "1Key10",
          "time": 20120
        },
        {
          "key": "1Key0",
          "time": 20406
        },
        {
          "key": "1Key5",
          "time": 20549
        },
        {
          "key": "1Key8",
          "time": 20549
        },
        {
          "key": "1Key0",
          "time": 20835
        },
        {
          "key": "1Key4",
          "time": 21121
        },
        {
          "key": "1Key8",
          "time": 21121
        },
        {
          "key": "1Key0",
          "time": 21407
        },
        {
          "key": "1Key11",
          "time": 21407
        },
        {
          "key": "1Key4",
          "time": 21550
        },
        {
          "key": "1Key11",
          "time": 21550
        },
        {
          "key": "1Key0",
          "time": 21836
        },
        {
          "key": "1Key11",
          "time": 21836
        },
        {
          "key": "1Key4",
          "time": 22122
        },
        {
          "key": "1Key12",
          "time": 22122
        },
        {
          "key": "1Key5",
          "time": 22551
        },
        {
          "key": "1Key4",
          "time": 23123
        },
        {
          "key": "1Key4",
          "time": 23552
        },
        {
          "key": "1Key10",
          "time": 23838
        },
        {
          "key": "1Key4",
          "time": 23981
        },
        {
          "key": "1Key8",
          "time": 23981
        },
        {
          "key": "1Key0",
          "time": 24267
        },
        {
          "key": "1Key5",
          "time": 24553
        },
        {
          "key": "1Key0",
          "time": 24839
        },
        {
          "key": "1Key4",
          "time": 24982
        },
        {
          "key": "1Key0",
          "time": 25268
        },
        {
          "key": "1Key4",
          "time": 25554
        },
        {
          "key": "1Key0",
          "time": 25697
        },
        {
          "key": "1Key4",
          "time": 25983
        },
        {
          "key": "1Key1",
          "time": 26269
        },
        {
          "key": "1Key5",
          "time": 26555
        },
        {
          "key": "1Key1",
          "time": 26698
        },
        {
          "key": "1Key4",
          "time": 26984
        },
        {
          "key": "1Key1",
          "time": 27270
        },
        {
          "key": "1Key10",
          "time": 27270
        },
        {
          "key": "1Key4",
          "time": 27413
        },
        {
          "key": "1Key9",
          "time": 27413
        },
        {
          "key": "1Key1",
          "time": 27699
        },
        {
          "key": "1Key8",
          "time": 27699
        },
        {
          "key": "1Key4",
          "time": 27985
        },
        {
          "key": "1Key7",
          "time": 27985
        },
        {
          "key": "1Key8",
          "time": 28271
        },
        {
          "key": "1Key5",
          "time": 28414
        },
        {
          "key": "1Key4",
          "time": 28986
        },
        {
          "key": "1Key8",
          "time": 28986
        },
        {
          "key": "1Key10",
          "time": 29129
        },
        {
          "key": "1Key4",
          "time": 29415
        },
        {
          "key": "1Key11",
          "time": 29415
        },
        {
          "key": "1Key9",
          "time": 29701
        },
        {
          "key": "1Key4",
          "time": 29987
        },
        {
          "key": "1Key9",
          "time": 29987
        },
        {
          "key": "1Key8",
          "time": 30130
        },
        {
          "key": "1Key5",
          "time": 30416
        },
        {
          "key": "1Key4",
          "time": 30845
        },
        {
          "key": "1Key11",
          "time": 31131
        },
        {
          "key": "1Key4",
          "time": 31417
        },
        {
          "key": "1Key11",
          "time": 31417
        },
        {
          "key": "1Key12",
          "time": 31703
        },
        {
          "key": "1Key4",
          "time": 31846
        },
        {
          "key": "1Key10",
          "time": 31846
        },
        {
          "key": "1Key0",
          "time": 32132
        },
        {
          "key": "1Key5",
          "time": 32418
        },
        {
          "key": "1Key8",
          "time": 32418
        },
        {
          "key": "1Key0",
          "time": 32561
        },
        {
          "key": "1Key4",
          "time": 32847
        },
        {
          "key": "1Key8",
          "time": 32847
        },
        {
          "key": "1Key0",
          "time": 33133
        },
        {
          "key": "1Key14",
          "time": 33133
        },
        {
          "key": "1Key4",
          "time": 33419
        },
        {
          "key": "1Key12",
          "time": 33419
        },
        {
          "key": "1Key0",
          "time": 33562
        },
        {
          "key": "1Key10",
          "time": 33562
        },
        {
          "key": "1Key4",
          "time": 33848
        },
        {
          "key": "1Key11",
          "time": 33848
        },
        {
          "key": "1Key1",
          "time": 34134
        },
        {
          "key": "1Key12",
          "time": 34134
        },
        {
          "key": "1Key5",
          "time": 34277
        },
        {
          "key": "1Key1",
          "time": 34563
        },
        {
          "key": "1Key4",
          "time": 34849
        },
        {
          "key": "1Key1",
          "time": 35135
        },
        {
          "key": "1Key10",
          "time": 35135
        },
        {
          "key": "1Key4",
          "time": 35278
        },
        {
          "key": "1Key9",
          "time": 35421
        },
        {
          "key": "1Key1",
          "time": 35564
        },
        {
          "key": "1Key8",
          "time": 35564
        },
        {
          "key": "1Key7",
          "time": 35707
        },
        {
          "key": "1Key4",
          "time": 35850
        },
        {
          "key": "1Key8",
          "time": 35993
        },
        {
          "key": "1Key5",
          "time": 36279
        },
        {
          "key": "1Key4",
          "time": 36851
        },
        {
          "key": "1Key10",
          "time": 36994
        },
        {
          "key": "1Key4",
          "time": 37280
        },
        {
          "key": "1Key11",
          "time": 37280
        },
        {
          "key": "1Key9",
          "time": 37566
        },
        {
          "key": "1Key4",
          "time": 37709
        },
        {
          "key": "1Key9",
          "time": 37709
        },
        {
          "key": "1Key8",
          "time": 37995
        },
        {
          "key": "1Key5",
          "time": 38281
        },
        {
          "key": "1Key4",
          "time": 38710
        },
        {
          "key": "1Key8",
          "time": 38710
        },
        {
          "key": "1Key11",
          "time": 38996
        },
        {
          "key": "1Key4",
          "time": 39282
        },
        {
          "key": "1Key11",
          "time": 39282
        },
        {
          "key": "1Key12",
          "time": 39425
        },
        {
          "key": "1Key4",
          "time": 39711
        },
        {
          "key": "1Key10",
          "time": 39711
        },
        {
          "key": "1Key0",
          "time": 39997
        },
        {
          "key": "1Key8",
          "time": 39997
        },
        {
          "key": "1Key5",
          "time": 40283
        },
        {
          "key": "1Key0",
          "time": 40426
        },
        {
          "key": "1Key4",
          "time": 40712
        },
        {
          "key": "1Key0",
          "time": 40998
        },
        {
          "key": "1Key11",
          "time": 40998
        },
        {
          "key": "1Key4",
          "time": 41141
        },
        {
          "key": "1Key10",
          "time": 41141
        },
        {
          "key": "1Key0",
          "time": 41427
        },
        {
          "key": "1Key11",
          "time": 41427
        },
        {
          "key": "1Key4",
          "time": 41713
        },
        {
          "key": "1Key11",
          "time": 41713
        },
        {
          "key": "1Key0",
          "time": 41999
        },
        {
          "key": "1Key12",
          "time": 41999
        },
        {
          "key": "1Key2",
          "time": 42142
        },
        {
          "key": "1Key4",
          "time": 42285
        },
        {
          "key": "1Key7",
          "time": 42428
        },
        {
          "key": "1Key2",
          "time": 42571
        },
        {
          "key": "1Key2",
          "time": 42857
        },
        {
          "key": "1Key2",
          "time": 43143
        },
        {
          "key": "1Key2",
          "time": 43286
        },
        {
          "key": "1Key2",
          "time": 43572
        },
        {
          "key": "1Key2",
          "time": 43858
        },
        {
          "key": "1Key5",
          "time": 43858
        },
        {
          "key": "1Key2",
          "time": 44144
        },
        {
          "key": "1Key1",
          "time": 44287
        },
        {
          "key": "1Key3",
          "time": 44430
        },
        {
          "key": "1Key5",
          "time": 44573
        },
        {
          "key": "1Key8",
          "time": 44716
        },
        {
          "key": "1Key8",
          "time": 45002
        },
        {
          "key": "1Key10",
          "time": 45145
        },
        {
          "key": "1Key2",
          "time": 45431
        },
        {
          "key": "1Key5",
          "time": 45431
        },
        {
          "key": "1Key7",
          "time": 45431
        },
        {
          "key": "1Key12",
          "time": 45431
        },
        {
          "key": "1Key11",
          "time": 46003
        },
        {
          "key": "1Key10",
          "time": 46146
        },
        {
          "key": "1Key3",
          "time": 46432
        },
        {
          "key": "1Key5",
          "time": 46432
        },
        {
          "key": "1Key7",
          "time": 46432
        },
        {
          "key": "1Key11",
          "time": 46432
        },
        {
          "key": "1Key12",
          "time": 46718
        },
        {
          "key": "1Key1",
          "time": 47147
        },
        {
          "key": "1Key3",
          "time": 47147
        },
        {
          "key": "1Key6",
          "time": 47147
        },
        {
          "key": "1Key12",
          "time": 47147
        },
        {
          "key": "1Key11",
          "time": 47433
        },
        {
          "key": "1Key10",
          "time": 47719
        },
        {
          "key": "1Key9",
          "time": 47862
        },
        {
          "key": "1Key10",
          "time": 48148
        },
        {
          "key": "1Key8",
          "time": 48577
        },
        {
          "key": "1Key3",
          "time": 48863
        },
        {
          "key": "1Key1",
          "time": 49149
        },
        {
          "key": "1Key12",
          "time": 49149
        },
        {
          "key": "1Key5",
          "time": 49435
        },
        {
          "key": "1Key11",
          "time": 49435
        },
        {
          "key": "1Key1",
          "time": 49578
        },
        {
          "key": "1Key10",
          "time": 49578
        },
        {
          "key": "1Key3",
          "time": 49864
        },
        {
          "key": "1Key9",
          "time": 49864
        },
        {
          "key": "1Key10",
          "time": 50150
        },
        {
          "key": "1Key8",
          "time": 50579
        },
        {
          "key": "1Key1",
          "time": 50865
        },
        {
          "key": "1Key2",
          "time": 51151
        },
        {
          "key": "1Key7",
          "time": 51151
        },
        {
          "key": "1Key3",
          "time": 51294
        },
        {
          "key": "1Key8",
          "time": 51294
        },
        {
          "key": "1Key2",
          "time": 51580
        },
        {
          "key": "1Key10",
          "time": 51580
        },
        {
          "key": "1Key1",
          "time": 51866
        },
        {
          "key": "1Key3",
          "time": 52295
        },
        {
          "key": "1Key5",
          "time": 52295
        },
        {
          "key": "1Key8",
          "time": 52295
        },
        {
          "key": "1Key1",
          "time": 52867
        },
        {
          "key": "1Key8",
          "time": 52867
        },
        {
          "key": "1Key3",
          "time": 53010
        },
        {
          "key": "1Key10",
          "time": 53010
        },
        {
          "key": "1Key2",
          "time": 53296
        },
        {
          "key": "1Key5",
          "time": 53296
        },
        {
          "key": "1Key7",
          "time": 53296
        },
        {
          "key": "1Key12",
          "time": 53296
        },
        {
          "key": "1Key0",
          "time": 53582
        },
        {
          "key": "1Key2",
          "time": 53725
        },
        {
          "key": "1Key11",
          "time": 53725
        },
        {
          "key": "1Key0",
          "time": 54011
        },
        {
          "key": "1Key10",
          "time": 54011
        },
        {
          "key": "1Key3",
          "time": 54297
        },
        {
          "key": "1Key5",
          "time": 54297
        },
        {
          "key": "1Key7",
          "time": 54297
        },
        {
          "key": "1Key11",
          "time": 54297
        },
        {
          "key": "1Key3",
          "time": 54583
        },
        {
          "key": "1Key12",
          "time": 54583
        },
        {
          "key": "1Key5",
          "time": 54726
        },
        {
          "key": "1Key7",
          "time": 55012
        },
        {
          "key": "1Key12",
          "time": 55012
        },
        {
          "key": "1Key1",
          "time": 55298
        },
        {
          "key": "1Key3",
          "time": 55298
        },
        {
          "key": "1Key6",
          "time": 55298
        },
        {
          "key": "1Key14",
          "time": 55298
        },
        {
          "key": "1Key12",
          "time": 55441
        },
        {
          "key": "1Key11",
          "time": 55727
        },
        {
          "key": "1Key1",
          "time": 56013
        },
        {
          "key": "1Key12",
          "time": 56013
        },
        {
          "key": "1Key3",
          "time": 56156
        },
        {
          "key": "1Key5",
          "time": 56299
        },
        {
          "key": "1Key8",
          "time": 56442
        },
        {
          "key": "1Key12",
          "time": 56871
        },
        {
          "key": "1Key1",
          "time": 57157
        },
        {
          "key": "1Key5",
          "time": 57586
        },
        {
          "key": "1Key1",
          "time": 58158
        },
        {
          "key": "1Key0",
          "time": 58444
        },
        {
          "key": "1Key0",
          "time": 58587
        },
        {
          "key": "1Key2",
          "time": 58587
        },
        {
          "key": "1Key5",
          "time": 58587
        },
        {
          "key": "1Key7",
          "time": 58587
        },
        {
          "key": "1Key9",
          "time": 58587
        },
        {
          "key": "1Key12",
          "time": 58587
        },
        {
          "key": "1Key0",
          "time": 58873
        },
        {
          "key": "1Key2",
          "time": 58873
        },
        {
          "key": "1Key5",
          "time": 58873
        },
        {
          "key": "1Key7",
          "time": 58873
        },
        {
          "key": "1Key0",
          "time": 59159
        },
        {
          "key": "1Key2",
          "time": 59159
        },
        {
          "key": "1Key5",
          "time": 59159
        },
        {
          "key": "1Key7",
          "time": 59159
        },
        {
          "key": "1Key0",
          "time": 59302
        },
        {
          "key": "1Key2",
          "time": 59302
        },
        {
          "key": "1Key5",
          "time": 59302
        },
        {
          "key": "1Key7",
          "time": 59302
        },
        {
          "key": "1Key0",
          "time": 59588
        },
        {
          "key": "1Key2",
          "time": 59588
        },
        {
          "key": "1Key5",
          "time": 59588
        },
        {
          "key": "1Key7",
          "time": 59588
        },
        {
          "key": "1Key4",
          "time": 62305
        },
        {
          "key": "1Key5",
          "time": 62448
        },
        {
          "key": "1Key4",
          "time": 62591
        },
        {
          "key": "1Key3",
          "time": 62734
        },
        {
          "key": "1Key2",
          "time": 62877
        },
        {
          "key": "1Key1",
          "time": 63020
        },
        {
          "key": "1Key3",
          "time": 63163
        },
        {
          "key": "1Key5",
          "time": 63306
        },
        {
          "key": "1Key8",
          "time": 63449
        },
        {
          "key": "1Key5",
          "time": 63592
        },
        {
          "key": "1Key1",
          "time": 63878
        },
        {
          "key": "1Key4",
          "time": 64164
        },
        {
          "key": "1Key8",
          "time": 64164
        },
        {
          "key": "1Key1",
          "time": 64450
        },
        {
          "key": "1Key10",
          "time": 64450
        },
        {
          "key": "1Key4",
          "time": 64593
        },
        {
          "key": "1Key9",
          "time": 64593
        },
        {
          "key": "1Key1",
          "time": 64879
        },
        {
          "key": "1Key8",
          "time": 64879
        },
        {
          "key": "1Key4",
          "time": 65165
        },
        {
          "key": "1Key7",
          "time": 65165
        },
        {
          "key": "1Key1",
          "time": 65308
        },
        {
          "key": "1Key4",
          "time": 65308
        },
        {
          "key": "1Key6",
          "time": 65308
        },
        {
          "key": "1Key8",
          "time": 65308
        },
        {
          "key": "1Key5",
          "time": 65594
        },
        {
          "key": "1Key4",
          "time": 66166
        },
        {
          "key": "1Key11",
          "time": 66309
        },
        {
          "key": "1Key4",
          "time": 66595
        },
        {
          "key": "1Key11",
          "time": 66595
        },
        {
          "key": "1Key10",
          "time": 66881
        },
        {
          "key": "1Key4",
          "time": 67024
        },
        {
          "key": "1Key9",
          "time": 67024
        },
        {
          "key": "1Key1",
          "time": 67310
        },
        {
          "key": "1Key4",
          "time": 67310
        },
        {
          "key": "1Key5",
          "time": 67310
        },
        {
          "key": "1Key8",
          "time": 67310
        },
        {
          "key": "1Key5",
          "time": 67596
        },
        {
          "key": "1Key4",
          "time": 68025
        },
        {
          "key": "1Key8",
          "time": 68025
        },
        {
          "key": "1Key11",
          "time": 68311
        },
        {
          "key": "1Key4",
          "time": 68597
        },
        {
          "key": "1Key11",
          "time": 68597
        },
        {
          "key": "1Key12",
          "time": 68740
        },
        {
          "key": "1Key4",
          "time": 69026
        },
        {
          "key": "1Key10",
          "time": 69026
        },
        {
          "key": "1Key0",
          "time": 69312
        },
        {
          "key": "1Key2",
          "time": 69312
        },
        {
          "key": "1Key5",
          "time": 69312
        },
        {
          "key": "1Key7",
          "time": 69312
        },
        {
          "key": "1Key5",
          "time": 69598
        },
        {
          "key": "1Key8",
          "time": 69598
        },
        {
          "key": "1Key0",
          "time": 69741
        },
        {
          "key": "1Key4",
          "time": 70027
        },
        {
          "key": "1Key8",
          "time": 70027
        },
        {
          "key": "1Key0",
          "time": 70313
        },
        {
          "key": "1Key11",
          "time": 70313
        },
        {
          "key": "1Key4",
          "time": 70456
        },
        {
          "key": "1Key10",
          "time": 70456
        },
        {
          "key": "1Key0",
          "time": 70742
        },
        {
          "key": "1Key11",
          "time": 70742
        },
        {
          "key": "1Key4",
          "time": 71028
        },
        {
          "key": "1Key11",
          "time": 71028
        },
        {
          "key": "1Key1",
          "time": 71314
        },
        {
          "key": "1Key4",
          "time": 71314
        },
        {
          "key": "1Key6",
          "time": 71314
        },
        {
          "key": "1Key12",
          "time": 71314
        },
        {
          "key": "1Key5",
          "time": 71457
        },
        {
          "key": "1Key4",
          "time": 72029
        },
        {
          "key": "1Key4",
          "time": 72458
        },
        {
          "key": "1Key4",
          "time": 73030
        },
        {
          "key": "1Key2",
          "time": 73173
        },
        {
          "key": "1Key5",
          "time": 73173
        },
        {
          "key": "1Key7",
          "time": 73173
        },
        {
          "key": "1Key9",
          "time": 73173
        },
        {
          "key": "1Key5",
          "time": 73459
        },
        {
          "key": "1Key0",
          "time": 73745
        },
        {
          "key": "1Key4",
          "time": 73888
        },
        {
          "key": "1Key2",
          "time": 74174
        },
        {
          "key": "1Key5",
          "time": 74174
        },
        {
          "key": "1Key7",
          "time": 74174
        },
        {
          "key": "1Key9",
          "time": 74174
        },
        {
          "key": "1Key4",
          "time": 74460
        },
        {
          "key": "1Key4",
          "time": 74746
        },
        {
          "key": "1Key5",
          "time": 74889
        },
        {
          "key": "1Key4",
          "time": 75032
        },
        {
          "key": "1Key3",
          "time": 75175
        },
        {
          "key": "1Key2",
          "time": 75318
        },
        {
          "key": "1Key1",
          "time": 75461
        },
        {
          "key": "1Key8",
          "time": 75461
        },
        {
          "key": "1Key5",
          "time": 75747
        },
        {
          "key": "1Key12",
          "time": 75747
        },
        {
          "key": "1Key4",
          "time": 75890
        },
        {
          "key": "1Key11",
          "time": 75890
        },
        {
          "key": "1Key5",
          "time": 76176
        },
        {
          "key": "1Key12",
          "time": 76176
        },
        {
          "key": "1Key3",
          "time": 76462
        },
        {
          "key": "1Key10",
          "time": 76462
        },
        {
          "key": "1Key5",
          "time": 76748
        },
        {
          "key": "1Key9",
          "time": 76748
        },
        {
          "key": "1Key2",
          "time": 76891
        },
        {
          "key": "1Key8",
          "time": 76891
        },
        {
          "key": "1Key5",
          "time": 77177
        },
        {
          "key": "1Key7",
          "time": 77177
        },
        {
          "key": "1Key1",
          "time": 77463
        },
        {
          "key": "1Key4",
          "time": 77463
        },
        {
          "key": "1Key6",
          "time": 77463
        },
        {
          "key": "1Key8",
          "time": 77463
        },
        {
          "key": "1Key5",
          "time": 77606
        },
        {
          "key": "1Key12",
          "time": 77606
        },
        {
          "key": "1Key4",
          "time": 77892
        },
        {
          "key": "1Key11",
          "time": 77892
        },
        {
          "key": "1Key5",
          "time": 78178
        },
        {
          "key": "1Key12",
          "time": 78178
        },
        {
          "key": "1Key3",
          "time": 78464
        },
        {
          "key": "1Key10",
          "time": 78464
        },
        {
          "key": "1Key5",
          "time": 78607
        },
        {
          "key": "1Key11",
          "time": 78607
        },
        {
          "key": "1Key2",
          "time": 78893
        },
        {
          "key": "1Key9",
          "time": 78893
        },
        {
          "key": "1Key5",
          "time": 79179
        },
        {
          "key": "1Key9",
          "time": 79179
        },
        {
          "key": "1Key1",
          "time": 79465
        },
        {
          "key": "1Key4",
          "time": 79465
        },
        {
          "key": "1Key5",
          "time": 79465
        },
        {
          "key": "1Key8",
          "time": 79465
        },
        {
          "key": "1Key5",
          "time": 79608
        },
        {
          "key": "1Key12",
          "time": 79608
        },
        {
          "key": "1Key4",
          "time": 79894
        },
        {
          "key": "1Key11",
          "time": 79894
        },
        {
          "key": "1Key5",
          "time": 80180
        },
        {
          "key": "1Key8",
          "time": 80180
        },
        {
          "key": "1Key3",
          "time": 80323
        },
        {
          "key": "1Key11",
          "time": 80323
        },
        {
          "key": "1Key5",
          "time": 80609
        },
        {
          "key": "1Key11",
          "time": 80609
        },
        {
          "key": "1Key2",
          "time": 80895
        },
        {
          "key": "1Key12",
          "time": 80895
        },
        {
          "key": "1Key5",
          "time": 81181
        },
        {
          "key": "1Key10",
          "time": 81181
        },
        {
          "key": "1Key0",
          "time": 81324
        },
        {
          "key": "1Key2",
          "time": 81324
        },
        {
          "key": "1Key5",
          "time": 81324
        },
        {
          "key": "1Key7",
          "time": 81324
        },
        {
          "key": "1Key5",
          "time": 81610
        },
        {
          "key": "1Key8",
          "time": 81610
        },
        {
          "key": "1Key4",
          "time": 81896
        },
        {
          "key": "1Key5",
          "time": 82039
        },
        {
          "key": "1Key3",
          "time": 82325
        },
        {
          "key": "1Key11",
          "time": 82325
        },
        {
          "key": "1Key5",
          "time": 82611
        },
        {
          "key": "1Key10",
          "time": 82611
        },
        {
          "key": "1Key2",
          "time": 82897
        },
        {
          "key": "1Key11",
          "time": 82897
        },
        {
          "key": "1Key5",
          "time": 83040
        },
        {
          "key": "1Key11",
          "time": 83040
        },
        {
          "key": "1Key1",
          "time": 83326
        },
        {
          "key": "1Key4",
          "time": 83326
        },
        {
          "key": "1Key6",
          "time": 83326
        },
        {
          "key": "1Key12",
          "time": 83326
        },
        {
          "key": "1Key5",
          "time": 83612
        },
        {
          "key": "1Key11",
          "time": 83612
        },
        {
          "key": "1Key6",
          "time": 83755
        },
        {
          "key": "1Key4",
          "time": 84041
        },
        {
          "key": "1Key11",
          "time": 84041
        },
        {
          "key": "1Key6",
          "time": 84327
        },
        {
          "key": "1Key4",
          "time": 84613
        },
        {
          "key": "1Key11",
          "time": 84613
        },
        {
          "key": "1Key6",
          "time": 84756
        },
        {
          "key": "1Key4",
          "time": 85042
        },
        {
          "key": "1Key11",
          "time": 85042
        },
        {
          "key": "1Key0",
          "time": 85328
        },
        {
          "key": "1Key2",
          "time": 85328
        },
        {
          "key": "1Key7",
          "time": 85328
        },
        {
          "key": "1Key5",
          "time": 85471
        },
        {
          "key": "1Key12",
          "time": 85471
        },
        {
          "key": "1Key0",
          "time": 85757
        },
        {
          "key": "1Key7",
          "time": 85757
        },
        {
          "key": "1Key4",
          "time": 86043
        },
        {
          "key": "1Key11",
          "time": 86043
        },
        {
          "key": "1Key0",
          "time": 86329
        },
        {
          "key": "1Key2",
          "time": 86329
        },
        {
          "key": "1Key7",
          "time": 86329
        },
        {
          "key": "1Key5",
          "time": 86472
        },
        {
          "key": "1Key12",
          "time": 86472
        },
        {
          "key": "1Key0",
          "time": 86758
        },
        {
          "key": "1Key7",
          "time": 86758
        },
        {
          "key": "1Key4",
          "time": 87044
        },
        {
          "key": "1Key8",
          "time": 87044
        },
        {
          "key": "1Key1",
          "time": 87187
        },
        {
          "key": "1Key3",
          "time": 87330
        },
        {
          "key": "1Key5",
          "time": 87473
        },
        {
          "key": "1Key8",
          "time": 87616
        },
        {
          "key": "1Key5",
          "time": 87759
        },
        {
          "key": "1Key12",
          "time": 87759
        },
        {
          "key": "1Key1",
          "time": 88045
        },
        {
          "key": "1Key11",
          "time": 88045
        },
        {
          "key": "1Key4",
          "time": 88331
        },
        {
          "key": "1Key12",
          "time": 88331
        },
        {
          "key": "1Key1",
          "time": 88474
        },
        {
          "key": "1Key10",
          "time": 88474
        },
        {
          "key": "1Key4",
          "time": 88760
        },
        {
          "key": "1Key9",
          "time": 88760
        },
        {
          "key": "1Key1",
          "time": 89046
        },
        {
          "key": "1Key8",
          "time": 89046
        },
        {
          "key": "1Key4",
          "time": 89189
        },
        {
          "key": "1Key7",
          "time": 89189
        },
        {
          "key": "1Key1",
          "time": 89475
        },
        {
          "key": "1Key4",
          "time": 89475
        },
        {
          "key": "1Key6",
          "time": 89475
        },
        {
          "key": "1Key8",
          "time": 89475
        },
        {
          "key": "1Key5",
          "time": 89761
        },
        {
          "key": "1Key12",
          "time": 89761
        },
        {
          "key": "1Key11",
          "time": 90047
        },
        {
          "key": "1Key4",
          "time": 90190
        },
        {
          "key": "1Key12",
          "time": 90190
        },
        {
          "key": "1Key10",
          "time": 90476
        },
        {
          "key": "1Key4",
          "time": 90762
        },
        {
          "key": "1Key11",
          "time": 90762
        },
        {
          "key": "1Key9",
          "time": 90905
        },
        {
          "key": "1Key4",
          "time": 91191
        },
        {
          "key": "1Key9",
          "time": 91191
        },
        {
          "key": "1Key1",
          "time": 91477
        },
        {
          "key": "1Key4",
          "time": 91477
        },
        {
          "key": "1Key5",
          "time": 91477
        },
        {
          "key": "1Key8",
          "time": 91477
        },
        {
          "key": "1Key5",
          "time": 91763
        },
        {
          "key": "1Key8",
          "time": 91906
        },
        {
          "key": "1Key4",
          "time": 92192
        },
        {
          "key": "1Key8",
          "time": 92192
        },
        {
          "key": "1Key11",
          "time": 92478
        },
        {
          "key": "1Key4",
          "time": 92621
        },
        {
          "key": "1Key11",
          "time": 92621
        },
        {
          "key": "1Key12",
          "time": 92907
        },
        {
          "key": "1Key4",
          "time": 93193
        },
        {
          "key": "1Key10",
          "time": 93193
        },
        {
          "key": "1Key0",
          "time": 93479
        },
        {
          "key": "1Key3",
          "time": 93479
        },
        {
          "key": "1Key5",
          "time": 93479
        },
        {
          "key": "1Key7",
          "time": 93479
        },
        {
          "key": "1Key8",
          "time": 93622
        },
        {
          "key": "1Key5",
          "time": 93765
        },
        {
          "key": "1Key8",
          "time": 93765
        },
        {
          "key": "1Key0",
          "time": 94051
        },
        {
          "key": "1Key4",
          "time": 94337
        },
        {
          "key": "1Key8",
          "time": 94337
        },
        {
          "key": "1Key0",
          "time": 94480
        },
        {
          "key": "1Key5",
          "time": 94480
        },
        {
          "key": "1Key7",
          "time": 94480
        },
        {
          "key": "1Key9",
          "time": 94480
        },
        {
          "key": "1Key11",
          "time": 94480
        },
        {
          "key": "1Key5",
          "time": 94766
        },
        {
          "key": "1Key10",
          "time": 94766
        },
        {
          "key": "1Key0",
          "time": 95052
        },
        {
          "key": "1Key11",
          "time": 95052
        },
        {
          "key": "1Key4",
          "time": 95338
        },
        {
          "key": "1Key11",
          "time": 95338
        },
        {
          "key": "1Key1",
          "time": 95481
        },
        {
          "key": "1Key5",
          "time": 95481
        },
        {
          "key": "1Key8",
          "time": 95481
        },
        {
          "key": "1Key10",
          "time": 95481
        },
        {
          "key": "1Key12",
          "time": 95481
        },
        {
          "key": "1Key5",
          "time": 95767
        },
        {
          "key": "1Key12",
          "time": 95767
        },
        {
          "key": "1Key1",
          "time": 96053
        },
        {
          "key": "1Key11",
          "time": 96053
        },
        {
          "key": "1Key4",
          "time": 96196
        },
        {
          "key": "1Key12",
          "time": 96196
        },
        {
          "key": "1Key1",
          "time": 96482
        },
        {
          "key": "1Key10",
          "time": 96482
        },
        {
          "key": "1Key4",
          "time": 96768
        },
        {
          "key": "1Key9",
          "time": 96768
        },
        {
          "key": "1Key1",
          "time": 97054
        },
        {
          "key": "1Key8",
          "time": 97054
        },
        {
          "key": "1Key7",
          "time": 97197
        },
        {
          "key": "1Key4",
          "time": 97340
        },
        {
          "key": "1Key1",
          "time": 97626
        },
        {
          "key": "1Key4",
          "time": 97626
        },
        {
          "key": "1Key6",
          "time": 97626
        },
        {
          "key": "1Key8",
          "time": 97626
        },
        {
          "key": "1Key5",
          "time": 97912
        },
        {
          "key": "1Key12",
          "time": 97912
        },
        {
          "key": "1Key11",
          "time": 98055
        },
        {
          "key": "1Key4",
          "time": 98341
        },
        {
          "key": "1Key8",
          "time": 98341
        },
        {
          "key": "1Key10",
          "time": 98627
        },
        {
          "key": "1Key4",
          "time": 98913
        },
        {
          "key": "1Key11",
          "time": 98913
        },
        {
          "key": "1Key9",
          "time": 99056
        },
        {
          "key": "1Key4",
          "time": 99342
        },
        {
          "key": "1Key9",
          "time": 99342
        },
        {
          "key": "1Key1",
          "time": 99628
        },
        {
          "key": "1Key4",
          "time": 99628
        },
        {
          "key": "1Key5",
          "time": 99628
        },
        {
          "key": "1Key8",
          "time": 99628
        },
        {
          "key": "1Key5",
          "time": 99771
        },
        {
          "key": "1Key12",
          "time": 99771
        },
        {
          "key": "1Key11",
          "time": 100057
        },
        {
          "key": "1Key4",
          "time": 100343
        },
        {
          "key": "1Key8",
          "time": 100343
        },
        {
          "key": "1Key11",
          "time": 100629
        },
        {
          "key": "1Key4",
          "time": 100772
        },
        {
          "key": "1Key11",
          "time": 100772
        },
        {
          "key": "1Key12",
          "time": 101058
        },
        {
          "key": "1Key4",
          "time": 101344
        },
        {
          "key": "1Key10",
          "time": 101344
        },
        {
          "key": "1Key0",
          "time": 101487
        },
        {
          "key": "1Key3",
          "time": 101487
        },
        {
          "key": "1Key5",
          "time": 101487
        },
        {
          "key": "1Key7",
          "time": 101487
        },
        {
          "key": "1Key5",
          "time": 101773
        },
        {
          "key": "1Key8",
          "time": 101773
        },
        {
          "key": "1Key0",
          "time": 102059
        },
        {
          "key": "1Key4",
          "time": 102345
        },
        {
          "key": "1Key8",
          "time": 102345
        },
        {
          "key": "1Key0",
          "time": 102488
        },
        {
          "key": "1Key7",
          "time": 102488
        },
        {
          "key": "1Key14",
          "time": 102488
        },
        {
          "key": "1Key4",
          "time": 102774
        },
        {
          "key": "1Key5",
          "time": 102774
        },
        {
          "key": "1Key12",
          "time": 102774
        },
        {
          "key": "1Key0",
          "time": 103060
        },
        {
          "key": "1Key4",
          "time": 103060
        },
        {
          "key": "1Key11",
          "time": 103060
        },
        {
          "key": "1Key4",
          "time": 103203
        },
        {
          "key": "1Key11",
          "time": 103203
        },
        {
          "key": "1Key0",
          "time": 103489
        },
        {
          "key": "1Key2",
          "time": 103489
        },
        {
          "key": "1Key4",
          "time": 103489
        },
        {
          "key": "1Key5",
          "time": 103489
        },
        {
          "key": "1Key7",
          "time": 103489
        },
        {
          "key": "1Key12",
          "time": 103489
        },
        {
          "key": "1Key0",
          "time": 103775
        },
        {
          "key": "1Key2",
          "time": 103775
        },
        {
          "key": "1Key4",
          "time": 103775
        },
        {
          "key": "1Key7",
          "time": 103775
        },
        {
          "key": "1Key0",
          "time": 104061
        },
        {
          "key": "1Key2",
          "time": 104061
        },
        {
          "key": "1Key4",
          "time": 104061
        },
        {
          "key": "1Key7",
          "time": 104061
        },
        {
          "key": "1Key0",
          "time": 104204
        },
        {
          "key": "1Key2",
          "time": 104204
        },
        {
          "key": "1Key4",
          "time": 104204
        },
        {
          "key": "1Key7",
          "time": 104204
        },
        {
          "key": "1Key0",
          "time": 104490
        },
        {
          "key": "1Key2",
          "time": 104490
        },
        {
          "key": "1Key5",
          "time": 104490
        },
        {
          "key": "1Key7",
          "time": 104490
        },
        {
          "key": "1Key0",
          "time": 104776
        },
        {
          "key": "1Key2",
          "time": 104776
        },
        {
          "key": "1Key5",
          "time": 104776
        },
        {
          "key": "1Key7",
          "time": 104776
        },
        {
          "key": "1Key1",
          "time": 104919
        },
        {
          "key": "1Key3",
          "time": 104919
        },
        {
          "key": "1Key5",
          "time": 104919
        },
        {
          "key": "1Key8",
          "time": 104919
        },
        {
          "key": "1Key3",
          "time": 105205
        },
        {
          "key": "1Key5",
          "time": 105491
        },
        {
          "key": "1Key8",
          "time": 105491
        },
        {
          "key": "1Key3",
          "time": 105777
        },
        {
          "key": "1Key10",
          "time": 105777
        },
        {
          "key": "1Key0",
          "time": 105920
        },
        {
          "key": "1Key2",
          "time": 105920
        },
        {
          "key": "1Key5",
          "time": 105920
        },
        {
          "key": "1Key7",
          "time": 105920
        },
        {
          "key": "1Key9",
          "time": 105920
        },
        {
          "key": "1Key12",
          "time": 105920
        },
        {
          "key": "1Key4",
          "time": 106206
        },
        {
          "key": "1Key5",
          "time": 106492
        },
        {
          "key": "1Key11",
          "time": 106492
        },
        {
          "key": "1Key4",
          "time": 106635
        },
        {
          "key": "1Key10",
          "time": 106635
        },
        {
          "key": "1Key0",
          "time": 106921
        },
        {
          "key": "1Key3",
          "time": 106921
        },
        {
          "key": "1Key5",
          "time": 106921
        },
        {
          "key": "1Key7",
          "time": 106921
        },
        {
          "key": "1Key10",
          "time": 106921
        },
        {
          "key": "1Key11",
          "time": 106921
        },
        {
          "key": "1Key3",
          "time": 107207
        },
        {
          "key": "1Key12",
          "time": 107207
        },
        {
          "key": "1Key5",
          "time": 107493
        },
        {
          "key": "1Key7",
          "time": 107636
        },
        {
          "key": "1Key12",
          "time": 107636
        },
        {
          "key": "1Key1",
          "time": 107922
        },
        {
          "key": "1Key3",
          "time": 107922
        },
        {
          "key": "1Key6",
          "time": 107922
        },
        {
          "key": "1Key11",
          "time": 107922
        },
        {
          "key": "1Key1",
          "time": 108208
        },
        {
          "key": "1Key10",
          "time": 108208
        },
        {
          "key": "1Key3",
          "time": 108351
        },
        {
          "key": "1Key9",
          "time": 108351
        },
        {
          "key": "1Key1",
          "time": 108637
        },
        {
          "key": "1Key10",
          "time": 108637
        },
        {
          "key": "1Key1",
          "time": 108923
        },
        {
          "key": "1Key3",
          "time": 108923
        },
        {
          "key": "1Key5",
          "time": 108923
        },
        {
          "key": "1Key8",
          "time": 109209
        },
        {
          "key": "1Key1",
          "time": 109352
        },
        {
          "key": "1Key2",
          "time": 109638
        },
        {
          "key": "1Key12",
          "time": 109638
        },
        {
          "key": "1Key1",
          "time": 109924
        },
        {
          "key": "1Key3",
          "time": 109924
        },
        {
          "key": "1Key6",
          "time": 109924
        },
        {
          "key": "1Key11",
          "time": 109924
        },
        {
          "key": "1Key2",
          "time": 110067
        },
        {
          "key": "1Key10",
          "time": 110067
        },
        {
          "key": "1Key1",
          "time": 110353
        },
        {
          "key": "1Key9",
          "time": 110353
        },
        {
          "key": "1Key10",
          "time": 110639
        },
        {
          "key": "1Key1",
          "time": 110925
        },
        {
          "key": "1Key3",
          "time": 110925
        },
        {
          "key": "1Key5",
          "time": 110925
        },
        {
          "key": "1Key8",
          "time": 111068
        },
        {
          "key": "1Key1",
          "time": 111354
        },
        {
          "key": "1Key2",
          "time": 111640
        },
        {
          "key": "1Key7",
          "time": 111640
        },
        {
          "key": "1Key1",
          "time": 111783
        },
        {
          "key": "1Key3",
          "time": 111783
        },
        {
          "key": "1Key6",
          "time": 111783
        },
        {
          "key": "1Key8",
          "time": 111783
        },
        {
          "key": "1Key10",
          "time": 112069
        },
        {
          "key": "1Key1",
          "time": 112355
        },
        {
          "key": "1Key1",
          "time": 112784
        },
        {
          "key": "1Key3",
          "time": 112784
        },
        {
          "key": "1Key5",
          "time": 112784
        },
        {
          "key": "1Key8",
          "time": 112784
        },
        {
          "key": "1Key1",
          "time": 113356
        },
        {
          "key": "1Key8",
          "time": 113356
        },
        {
          "key": "1Key3",
          "time": 113499
        },
        {
          "key": "1Key10",
          "time": 113499
        },
        {
          "key": "1Key0",
          "time": 113785
        },
        {
          "key": "1Key2",
          "time": 113785
        },
        {
          "key": "1Key5",
          "time": 113785
        },
        {
          "key": "1Key7",
          "time": 113785
        },
        {
          "key": "1Key9",
          "time": 113785
        },
        {
          "key": "1Key12",
          "time": 113785
        },
        {
          "key": "1Key0",
          "time": 114071
        },
        {
          "key": "1Key2",
          "time": 114357
        },
        {
          "key": "1Key11",
          "time": 114357
        },
        {
          "key": "1Key0",
          "time": 114500
        },
        {
          "key": "1Key10",
          "time": 114500
        },
        {
          "key": "1Key0",
          "time": 114786
        },
        {
          "key": "1Key3",
          "time": 114786
        },
        {
          "key": "1Key5",
          "time": 114786
        },
        {
          "key": "1Key7",
          "time": 114786
        },
        {
          "key": "1Key10",
          "time": 114786
        },
        {
          "key": "1Key11",
          "time": 114786
        },
        {
          "key": "1Key3",
          "time": 115072
        },
        {
          "key": "1Key12",
          "time": 115072
        },
        {
          "key": "1Key5",
          "time": 115215
        },
        {
          "key": "1Key7",
          "time": 115501
        },
        {
          "key": "1Key12",
          "time": 115501
        },
        {
          "key": "1Key1",
          "time": 115787
        },
        {
          "key": "1Key3",
          "time": 115787
        },
        {
          "key": "1Key6",
          "time": 115787
        },
        {
          "key": "1Key14",
          "time": 115787
        },
        {
          "key": "1Key8",
          "time": 116073
        },
        {
          "key": "1Key12",
          "time": 116073
        },
        {
          "key": "1Key10",
          "time": 116216
        },
        {
          "key": "1Key11",
          "time": 116216
        },
        {
          "key": "1Key8",
          "time": 116502
        },
        {
          "key": "1Key12",
          "time": 116502
        },
        {
          "key": "1Key1",
          "time": 116788
        },
        {
          "key": "1Key3",
          "time": 116788
        },
        {
          "key": "1Key5",
          "time": 116788
        },
        {
          "key": "1Key8",
          "time": 116788
        },
        {
          "key": "1Key12",
          "time": 116931
        },
        {
          "key": "1Key12",
          "time": 117074
        },
        {
          "key": "1Key1",
          "time": 117360
        },
        {
          "key": "1Key5",
          "time": 117932
        },
        {
          "key": "1Key1",
          "time": 118361
        },
        {
          "key": "1Key0",
          "time": 118647
        },
        {
          "key": "1Key0",
          "time": 118790
        },
        {
          "key": "1Key2",
          "time": 118790
        },
        {
          "key": "1Key5",
          "time": 118790
        },
        {
          "key": "1Key7",
          "time": 118790
        },
        {
          "key": "1Key9",
          "time": 118790
        },
        {
          "key": "1Key12",
          "time": 118790
        },
        {
          "key": "1Key0",
          "time": 119076
        },
        {
          "key": "1Key2",
          "time": 119076
        },
        {
          "key": "1Key5",
          "time": 119076
        },
        {
          "key": "1Key7",
          "time": 119076
        },
        {
          "key": "1Key0",
          "time": 119362
        },
        {
          "key": "1Key2",
          "time": 119362
        },
        {
          "key": "1Key5",
          "time": 119362
        },
        {
          "key": "1Key7",
          "time": 119362
        },
        {
          "key": "1Key0",
          "time": 119648
        },
        {
          "key": "1Key2",
          "time": 119648
        },
        {
          "key": "1Key5",
          "time": 119648
        },
        {
          "key": "1Key7",
          "time": 119648
        },
        {
          "key": "1Key0",
          "time": 119791
        },
        {
          "key": "1Key2",
          "time": 119791
        },
        {
          "key": "1Key5",
          "time": 119791
        },
        {
          "key": "1Key7",
          "time": 119791
        },
        {
          "key": "1Key5",
          "time": 120077
        },
        {
          "key": "1Key7",
          "time": 120363
        },
        {
          "key": "1Key8",
          "time": 120506
        },
        {
          "key": "1Key9",
          "time": 120506
        },
        {
          "key": "1Key1",
          "time": 120792
        },
        {
          "key": "1Key3",
          "time": 120792
        },
        {
          "key": "1Key5",
          "time": 120792
        },
        {
          "key": "1Key8",
          "time": 120792
        },
        {
          "key": "1Key5",
          "time": 121078
        },
        {
          "key": "1Key4",
          "time": 121364
        },
        {
          "key": "1Key8",
          "time": 121364
        },
        {
          "key": "1Key5",
          "time": 121507
        },
        {
          "key": "1Key10",
          "time": 121507
        },
        {
          "key": "1Key0",
          "time": 121793
        },
        {
          "key": "1Key2",
          "time": 121793
        },
        {
          "key": "1Key5",
          "time": 121793
        },
        {
          "key": "1Key7",
          "time": 121793
        },
        {
          "key": "1Key9",
          "time": 121793
        },
        {
          "key": "1Key12",
          "time": 121793
        },
        {
          "key": "1Key5",
          "time": 122079
        },
        {
          "key": "1Key2",
          "time": 122222
        },
        {
          "key": "1Key11",
          "time": 122222
        },
        {
          "key": "1Key5",
          "time": 122508
        },
        {
          "key": "1Key10",
          "time": 122508
        },
        {
          "key": "1Key0",
          "time": 122794
        },
        {
          "key": "1Key3",
          "time": 122794
        },
        {
          "key": "1Key5",
          "time": 122794
        },
        {
          "key": "1Key7",
          "time": 122794
        },
        {
          "key": "1Key10",
          "time": 122794
        },
        {
          "key": "1Key11",
          "time": 122794
        },
        {
          "key": "1Key5",
          "time": 123080
        },
        {
          "key": "1Key12",
          "time": 123080
        },
        {
          "key": "1Key4",
          "time": 123223
        },
        {
          "key": "1Key5",
          "time": 123509
        },
        {
          "key": "1Key12",
          "time": 123509
        },
        {
          "key": "1Key1",
          "time": 123795
        },
        {
          "key": "1Key3",
          "time": 123795
        },
        {
          "key": "1Key6",
          "time": 123795
        },
        {
          "key": "1Key11",
          "time": 123795
        },
        {
          "key": "1Key5",
          "time": 123938
        },
        {
          "key": "1Key10",
          "time": 123938
        },
        {
          "key": "1Key2",
          "time": 124224
        },
        {
          "key": "1Key9",
          "time": 124224
        },
        {
          "key": "1Key5",
          "time": 124510
        },
        {
          "key": "1Key10",
          "time": 124510
        },
        {
          "key": "1Key1",
          "time": 124796
        },
        {
          "key": "1Key3",
          "time": 124796
        },
        {
          "key": "1Key5",
          "time": 124796
        },
        {
          "key": "1Key5",
          "time": 124939
        },
        {
          "key": "1Key8",
          "time": 124939
        },
        {
          "key": "1Key4",
          "time": 125225
        },
        {
          "key": "1Key5",
          "time": 125511
        },
        {
          "key": "1Key12",
          "time": 125511
        },
        {
          "key": "1Key1",
          "time": 125654
        },
        {
          "key": "1Key3",
          "time": 125654
        },
        {
          "key": "1Key6",
          "time": 125654
        },
        {
          "key": "1Key11",
          "time": 125654
        },
        {
          "key": "1Key5",
          "time": 125940
        },
        {
          "key": "1Key10",
          "time": 125940
        },
        {
          "key": "1Key2",
          "time": 126226
        },
        {
          "key": "1Key9",
          "time": 126226
        },
        {
          "key": "1Key5",
          "time": 126512
        },
        {
          "key": "1Key10",
          "time": 126512
        },
        {
          "key": "1Key1",
          "time": 126655
        },
        {
          "key": "1Key3",
          "time": 126655
        },
        {
          "key": "1Key5",
          "time": 126655
        },
        {
          "key": "1Key5",
          "time": 126941
        },
        {
          "key": "1Key8",
          "time": 126941
        },
        {
          "key": "1Key4",
          "time": 127227
        },
        {
          "key": "1Key5",
          "time": 127370
        },
        {
          "key": "1Key7",
          "time": 127370
        },
        {
          "key": "1Key1",
          "time": 127656
        },
        {
          "key": "1Key3",
          "time": 127656
        },
        {
          "key": "1Key6",
          "time": 127656
        },
        {
          "key": "1Key8",
          "time": 127656
        },
        {
          "key": "1Key5",
          "time": 127942
        },
        {
          "key": "1Key10",
          "time": 127942
        },
        {
          "key": "1Key2",
          "time": 128228
        },
        {
          "key": "1Key5",
          "time": 128371
        },
        {
          "key": "1Key1",
          "time": 128657
        },
        {
          "key": "1Key3",
          "time": 128657
        },
        {
          "key": "1Key5",
          "time": 128657
        },
        {
          "key": "1Key8",
          "time": 128657
        },
        {
          "key": "1Key5",
          "time": 128943
        },
        {
          "key": "1Key4",
          "time": 129086
        },
        {
          "key": "1Key8",
          "time": 129086
        },
        {
          "key": "1Key5",
          "time": 129372
        },
        {
          "key": "1Key10",
          "time": 129372
        },
        {
          "key": "1Key0",
          "time": 129658
        },
        {
          "key": "1Key2",
          "time": 129658
        },
        {
          "key": "1Key5",
          "time": 129658
        },
        {
          "key": "1Key7",
          "time": 129658
        },
        {
          "key": "1Key9",
          "time": 129658
        },
        {
          "key": "1Key12",
          "time": 129658
        },
        {
          "key": "1Key5",
          "time": 129944
        },
        {
          "key": "1Key2",
          "time": 130087
        },
        {
          "key": "1Key11",
          "time": 130087
        },
        {
          "key": "1Key5",
          "time": 130373
        },
        {
          "key": "1Key10",
          "time": 130373
        },
        {
          "key": "1Key0",
          "time": 130659
        },
        {
          "key": "1Key3",
          "time": 130659
        },
        {
          "key": "1Key5",
          "time": 130659
        },
        {
          "key": "1Key7",
          "time": 130659
        },
        {
          "key": "1Key10",
          "time": 130659
        },
        {
          "key": "1Key11",
          "time": 130659
        },
        {
          "key": "1Key5",
          "time": 130802
        },
        {
          "key": "1Key12",
          "time": 130802
        },
        {
          "key": "1Key4",
          "time": 131088
        },
        {
          "key": "1Key5",
          "time": 131374
        },
        {
          "key": "1Key12",
          "time": 131374
        },
        {
          "key": "1Key1",
          "time": 131660
        },
        {
          "key": "1Key3",
          "time": 131660
        },
        {
          "key": "1Key6",
          "time": 131660
        },
        {
          "key": "1Key14",
          "time": 131660
        },
        {
          "key": "1Key5",
          "time": 131803
        },
        {
          "key": "1Key12",
          "time": 131803
        },
        {
          "key": "1Key2",
          "time": 132089
        },
        {
          "key": "1Key11",
          "time": 132089
        },
        {
          "key": "1Key5",
          "time": 132375
        },
        {
          "key": "1Key12",
          "time": 132375
        },
        {
          "key": "1Key1",
          "time": 132518
        },
        {
          "key": "1Key3",
          "time": 132518
        },
        {
          "key": "1Key5",
          "time": 132518
        },
        {
          "key": "1Key8",
          "time": 132518
        },
        {
          "key": "1Key12",
          "time": 132661
        },
        {
          "key": "1Key5",
          "time": 132804
        },
        {
          "key": "1Key12",
          "time": 132804
        },
        {
          "key": "1Key2",
          "time": 133090
        },
        {
          "key": "1Key5",
          "time": 133376
        },
        {
          "key": "1Key3",
          "time": 133519
        },
        {
          "key": "1Key5",
          "time": 133805
        },
        {
          "key": "1Key1",
          "time": 134091
        },
        {
          "key": "1Key5",
          "time": 134234
        },
        {
          "key": "1Key0",
          "time": 134520
        },
        {
          "key": "1Key2",
          "time": 134520
        },
        {
          "key": "1Key5",
          "time": 134520
        },
        {
          "key": "1Key7",
          "time": 134520
        },
        {
          "key": "1Key9",
          "time": 134520
        },
        {
          "key": "1Key12",
          "time": 134520
        },
        {
          "key": "1Key5",
          "time": 134806
        },
        {
          "key": "1Key12",
          "time": 134806
        },
        {
          "key": "1Key4",
          "time": 135092
        },
        {
          "key": "1Key11",
          "time": 135092
        },
        {
          "key": "1Key5",
          "time": 135235
        },
        {
          "key": "1Key12",
          "time": 135235
        },
        {
          "key": "1Key4",
          "time": 135521
        },
        {
          "key": "1Key11",
          "time": 135521
        },
        {
          "key": "1Key5",
          "time": 135807
        },
        {
          "key": "1Key12",
          "time": 135807
        },
        {
          "key": "1Key4",
          "time": 135950
        },
        {
          "key": "1Key9",
          "time": 135950
        },
        {
          "key": "1Key11",
          "time": 135950
        },
        {
          "key": "1Key12",
          "time": 135950
        },
        {
          "key": "1Key3",
          "time": 136236
        },
        {
          "key": "1Key8",
          "time": 136236
        },
        {
          "key": "1Key10",
          "time": 136236
        },
        {
          "key": "1Key1",
          "time": 136522
        },
        {
          "key": "1Key3",
          "time": 136522
        },
        {
          "key": "1Key5",
          "time": 136522
        },
        {
          "key": "1Key8",
          "time": 136522
        },
        {
          "key": "1Key3",
          "time": 136808
        },
        {
          "key": "1Key5",
          "time": 136951
        },
        {
          "key": "1Key8",
          "time": 136951
        },
        {
          "key": "1Key3",
          "time": 137237
        },
        {
          "key": "1Key10",
          "time": 137237
        },
        {
          "key": "1Key14",
          "time": 137237
        },
        {
          "key": "1Key0",
          "time": 137523
        },
        {
          "key": "1Key2",
          "time": 137523
        },
        {
          "key": "1Key5",
          "time": 137523
        },
        {
          "key": "1Key7",
          "time": 137523
        },
        {
          "key": "1Key9",
          "time": 137523
        },
        {
          "key": "1Key12",
          "time": 137523
        },
        {
          "key": "1Key4",
          "time": 137666
        },
        {
          "key": "1Key5",
          "time": 137952
        },
        {
          "key": "1Key11",
          "time": 137952
        },
        {
          "key": "1Key4",
          "time": 138238
        },
        {
          "key": "1Key10",
          "time": 138238
        },
        {
          "key": "1Key14",
          "time": 138238
        },
        {
          "key": "1Key0",
          "time": 138524
        },
        {
          "key": "1Key3",
          "time": 138524
        },
        {
          "key": "1Key5",
          "time": 138524
        },
        {
          "key": "1Key7",
          "time": 138524
        },
        {
          "key": "1Key10",
          "time": 138524
        },
        {
          "key": "1Key11",
          "time": 138524
        },
        {
          "key": "1Key3",
          "time": 138667
        },
        {
          "key": "1Key12",
          "time": 138667
        },
        {
          "key": "1Key5",
          "time": 138953
        },
        {
          "key": "1Key7",
          "time": 139239
        },
        {
          "key": "1Key12",
          "time": 139239
        },
        {
          "key": "1Key1",
          "time": 139382
        },
        {
          "key": "1Key3",
          "time": 139382
        },
        {
          "key": "1Key6",
          "time": 139382
        },
        {
          "key": "1Key11",
          "time": 139382
        },
        {
          "key": "1Key1",
          "time": 139668
        },
        {
          "key": "1Key10",
          "time": 139668
        },
        {
          "key": "1Key3",
          "time": 139954
        },
        {
          "key": "1Key9",
          "time": 139954
        },
        {
          "key": "1Key1",
          "time": 140240
        },
        {
          "key": "1Key10",
          "time": 140240
        },
        {
          "key": "1Key1",
          "time": 140383
        },
        {
          "key": "1Key3",
          "time": 140383
        },
        {
          "key": "1Key5",
          "time": 140383
        },
        {
          "key": "1Key8",
          "time": 140669
        },
        {
          "key": "1Key1",
          "time": 140955
        },
        {
          "key": "1Key2",
          "time": 141098
        },
        {
          "key": "1Key12",
          "time": 141098
        },
        {
          "key": "1Key1",
          "time": 141384
        },
        {
          "key": "1Key3",
          "time": 141384
        },
        {
          "key": "1Key6",
          "time": 141384
        },
        {
          "key": "1Key11",
          "time": 141384
        },
        {
          "key": "1Key2",
          "time": 141670
        },
        {
          "key": "1Key10",
          "time": 141670
        },
        {
          "key": "1Key1",
          "time": 141956
        },
        {
          "key": "1Key9",
          "time": 141956
        },
        {
          "key": "1Key10",
          "time": 142099
        },
        {
          "key": "1Key1",
          "time": 142385
        },
        {
          "key": "1Key3",
          "time": 142385
        },
        {
          "key": "1Key5",
          "time": 142385
        },
        {
          "key": "1Key8",
          "time": 142671
        },
        {
          "key": "1Key1",
          "time": 142814
        },
        {
          "key": "1Key2",
          "time": 143100
        },
        {
          "key": "1Key7",
          "time": 143100
        },
        {
          "key": "1Key1",
          "time": 143386
        },
        {
          "key": "1Key3",
          "time": 143386
        },
        {
          "key": "1Key6",
          "time": 143386
        },
        {
          "key": "1Key8",
          "time": 143386
        },
        {
          "key": "1Key10",
          "time": 143672
        },
        {
          "key": "1Key1",
          "time": 143815
        },
        {
          "key": "1Key1",
          "time": 144387
        },
        {
          "key": "1Key3",
          "time": 144387
        },
        {
          "key": "1Key5",
          "time": 144387
        },
        {
          "key": "1Key8",
          "time": 144387
        },
        {
          "key": "1Key1",
          "time": 144816
        },
        {
          "key": "1Key8",
          "time": 144816
        },
        {
          "key": "1Key3",
          "time": 145102
        },
        {
          "key": "1Key10",
          "time": 145102
        },
        {
          "key": "1Key14",
          "time": 145102
        },
        {
          "key": "1Key0",
          "time": 145388
        },
        {
          "key": "1Key2",
          "time": 145388
        },
        {
          "key": "1Key5",
          "time": 145388
        },
        {
          "key": "1Key7",
          "time": 145388
        },
        {
          "key": "1Key9",
          "time": 145388
        },
        {
          "key": "1Key12",
          "time": 145388
        },
        {
          "key": "1Key0",
          "time": 145531
        },
        {
          "key": "1Key2",
          "time": 145817
        },
        {
          "key": "1Key11",
          "time": 145817
        },
        {
          "key": "1Key0",
          "time": 146103
        },
        {
          "key": "1Key10",
          "time": 146103
        },
        {
          "key": "1Key14",
          "time": 146103
        },
        {
          "key": "1Key0",
          "time": 146246
        },
        {
          "key": "1Key3",
          "time": 146246
        },
        {
          "key": "1Key5",
          "time": 146246
        },
        {
          "key": "1Key7",
          "time": 146246
        },
        {
          "key": "1Key10",
          "time": 146246
        },
        {
          "key": "1Key11",
          "time": 146246
        },
        {
          "key": "1Key3",
          "time": 146532
        },
        {
          "key": "1Key12",
          "time": 146532
        },
        {
          "key": "1Key5",
          "time": 146818
        },
        {
          "key": "1Key7",
          "time": 147104
        },
        {
          "key": "1Key12",
          "time": 147104
        },
        {
          "key": "1Key1",
          "time": 147247
        },
        {
          "key": "1Key3",
          "time": 147247
        },
        {
          "key": "1Key6",
          "time": 147247
        },
        {
          "key": "1Key12",
          "time": 147247
        },
        {
          "key": "1Key14",
          "time": 147247
        },
        {
          "key": "1Key5",
          "time": 147533
        },
        {
          "key": "1Key10",
          "time": 147533
        },
        {
          "key": "1Key12",
          "time": 147533
        },
        {
          "key": "1Key3",
          "time": 147819
        },
        {
          "key": "1Key9",
          "time": 147819
        },
        {
          "key": "1Key11",
          "time": 147819
        },
        {
          "key": "1Key5",
          "time": 147962
        },
        {
          "key": "1Key10",
          "time": 147962
        },
        {
          "key": "1Key12",
          "time": 147962
        },
        {
          "key": "1Key1",
          "time": 148248
        },
        {
          "key": "1Key3",
          "time": 148248
        },
        {
          "key": "1Key5",
          "time": 148248
        },
        {
          "key": "1Key8",
          "time": 148248
        },
        {
          "key": "1Key10",
          "time": 148391
        },
        {
          "key": "1Key12",
          "time": 148391
        },
        {
          "key": "1Key10",
          "time": 148534
        },
        {
          "key": "1Key12",
          "time": 148534
        },
        {
          "key": "1Key1",
          "time": 148820
        },
        {
          "key": "1Key5",
          "time": 149249
        },
        {
          "key": "1Key1",
          "time": 149678
        },
        {
          "key": "1Key0",
          "time": 149964
        },
        {
          "key": "1Key0",
          "time": 150250
        },
        {
          "key": "1Key2",
          "time": 150250
        },
        {
          "key": "1Key5",
          "time": 150250
        },
        {
          "key": "1Key7",
          "time": 150250
        },
        {
          "key": "1Key9",
          "time": 150250
        },
        {
          "key": "1Key12",
          "time": 150250
        },
        {
          "key": "1Key0",
          "time": 150536
        },
        {
          "key": "1Key2",
          "time": 150536
        },
        {
          "key": "1Key5",
          "time": 150536
        },
        {
          "key": "1Key7",
          "time": 150536
        },
        {
          "key": "1Key9",
          "time": 150536
        },
        {
          "key": "1Key12",
          "time": 150536
        },
        {
          "key": "1Key0",
          "time": 150822
        },
        {
          "key": "1Key2",
          "time": 150822
        },
        {
          "key": "1Key5",
          "time": 150822
        },
        {
          "key": "1Key7",
          "time": 150822
        },
        {
          "key": "1Key9",
          "time": 150822
        },
        {
          "key": "1Key12",
          "time": 150822
        },
        {
          "key": "1Key0",
          "time": 151108
        },
        {
          "key": "1Key2",
          "time": 151108
        },
        {
          "key": "1Key5",
          "time": 151108
        },
        {
          "key": "1Key7",
          "time": 151108
        },
        {
          "key": "1Key9",
          "time": 151108
        },
        {
          "key": "1Key12",
          "time": 151108
        },
        {
          "key": "1Key0",
          "time": 151394
        },
        {
          "key": "1Key2",
          "time": 151394
        },
        {
          "key": "1Key5",
          "time": 151394
        },
        {
          "key": "1Key7",
          "time": 151394
        },
        {
          "key": "1Key9",
          "time": 151394
        },
        {
          "key": "1Key12",
          "time": 151394
        },
        {
          "key": "1Key0",
          "time": 151680
        },
        {
          "key": "1Key2",
          "time": 151680
        },
        {
          "key": "1Key5",
          "time": 151680
        },
        {
          "key": "1Key7",
          "time": 151680
        },
        {
          "key": "1Key9",
          "time": 151680
        },
        {
          "key": "1Key12",
          "time": 151680
        },
        {
          "key": "1Key0",
          "time": 151966
        },
        {
          "key": "1Key2",
          "time": 151966
        },
        {
          "key": "1Key5",
          "time": 151966
        },
        {
          "key": "1Key7",
          "time": 151966
        },
        {
          "key": "1Key9",
          "time": 151966
        },
        {
          "key": "1Key12",
          "time": 151966
        },
        {
          "key": "1Key1",
          "time": 152252
        },
        {
          "key": "1Key3",
          "time": 152252
        },
        {
          "key": "1Key5",
          "time": 152252
        },
        {
          "key": "1Key8",
          "time": 152252
        },
        {
          "key": "1Key10",
          "time": 152252
        },
        {
          "key": "1Key12",
          "time": 152252
        },
        {
          "key": "1Key1",
          "time": 152538
        },
        {
          "key": "1Key10",
          "time": 152538
        },
        {
          "key": "1Key3",
          "time": 152681
        },
        {
          "key": "1Key12",
          "time": 152681
        },
        {
          "key": "1Key5",
          "time": 152824
        },
        {
          "key": "1Key8",
          "time": 152967
        }
      ]
    }
  ]