[{"name":"MEGALOVANIA","bpm":240,"pitchLevel":5,"bitsPerPage":16,"isComposed":true,"songNotes":[{"time":400,"key":"Key5"},{"time":525,"key":"Key5"},{"time":650,"key":"Key12"},{"time":900,"key":"Key9"},{"time":1275,"key":"Key9"},{"time":1525,"key":"Key8"},{"time":1775,"key":"Key7"},{"time":2025,"key":"Key5"},{"time":2150,"key":"Key7"},{"time":2275,"key":"Key8"},{"time":2400,"key":"Key4"},{"time":2525,"key":"Key4"},{"time":2650,"key":"Key12"},{"time":2900,"key":"Key9"},{"time":3275,"key":"Key9"},{"time":3525,"key":"Key8"},{"time":3775,"key":"Key7"},{"time":4025,"key":"Key5"},{"time":4150,"key":"Key7"},{"time":4275,"key":"Key8"},{"time":4400,"key":"Key3"},{"time":4525,"key":"Key3"},{"time":4650,"key":"Key12"},{"time":4900,"key":"Key9"},{"time":5275,"key":"Key9"},{"time":5525,"key":"Key8"},{"time":5775,"key":"Key7"},{"time":6025,"key":"Key5"},{"time":6150,"key":"Key7"},{"time":6275,"key":"Key8"},{"time":6400,"key":"Key2"},{"time":6525,"key":"Key2"},{"time":6650,"key":"Key12"},{"time":6900,"key":"Key9"},{"time":7275,"key":"Key9"},{"time":7525,"key":"Key8"},{"time":7775,"key":"Key7"},{"time":8025,"key":"Key5"},{"time":8150,"key":"Key7"},{"time":8275,"key":"Key8"},{"time":8400,"key":"Key5"},{"time":8525,"key":"Key5"},{"time":8650,"key":"Key12"},{"time":8900,"key":"Key9"},{"time":9275,"key":"Key9"},{"time":9525,"key":"Key8"},{"time":9775,"key":"Key7"},{"time":10025,"key":"Key5"},{"time":10150,"key":"Key7"},{"time":10275,"key":"Key8"},{"time":10400,"key":"Key4"},{"time":10525,"key":"Key4"},{"time":10650,"key":"Key12"},{"time":10900,"key":"Key9"},{"time":11275,"key":"Key9"},{"time":11525,"key":"Key8"},{"time":11775,"key":"Key7"},{"time":12025,"key":"Key5"},{"time":12150,"key":"Key7"},{"time":12275,"key":"Key8"},{"time":12400,"key":"Key3"},{"time":12525,"key":"Key3"},{"time":12650,"key":"Key12"},{"time":12900,"key":"Key9"},{"time":13275,"key":"Key9"},{"time":13525,"key":"Key8"},{"time":13775,"key":"Key7"},{"time":14025,"key":"Key5"},{"time":14150,"key":"Key7"},{"time":14275,"key":"Key8"},{"time":14400,"key":"Key2"},{"time":14525,"key":"Key2"},{"time":14650,"key":"Key12"},{"time":14900,"key":"Key9"},{"time":15275,"key":"Key9"},{"time":15525,"key":"Key8"},{"time":15775,"key":"Key7"},{"time":16025,"key":"Key5"},{"time":16150,"key":"Key7"},{"time":16275,"key":"Key8"},{"time":16400,"key":"Key5"},{"time":16525,"key":"Key5"},{"time":16650,"key":"Key12"},{"time":16900,"key":"Key9"},{"time":17275,"key":"Key9"},{"time":17525,"key":"Key8"},{"time":17775,"key":"Key7"},{"time":18025,"key":"Key5"},{"time":18150,"key":"Key7"},{"time":18275,"key":"Key8"},{"time":18400,"key":"Key4"},{"time":18525,"key":"Key4"},{"time":18650,"key":"Key12"},{"time":18900,"key":"Key9"},{"time":19275,"key":"Key9"},{"time":19525,"key":"Key8"},{"time":19775,"key":"Key7"},{"time":20025,"key":"Key5"},{"time":20150,"key":"Key7"},{"time":20275,"key":"Key8"},{"time":20400,"key":"Key3"},{"time":20525,"key":"Key3"},{"time":20650,"key":"Key12"},{"time":20900,"key":"Key9"},{"time":21275,"key":"Key9"},{"time":21525,"key":"Key8"},{"time":21775,"key":"Key7"},{"time":22025,"key":"Key5"},{"time":22150,"key":"Key7"},{"time":22275,"key":"Key8"},{"time":22400,"key":"Key2"},{"time":22525,"key":"Key2"},{"time":22650,"key":"Key12"},{"time":22900,"key":"Key9"},{"time":23275,"key":"Key9"},{"time":23525,"key":"Key8"},{"time":23775,"key":"Key7"},{"time":24025,"key":"Key5"},{"time":24150,"key":"Key7"},{"time":24275,"key":"Key8"},{"time":24400,"key":"Key7"},{"time":24650,"key":"Key7"},{"time":24775,"key":"Key7"},{"time":25025,"key":"Key7"},{"time":25275,"key":"Key7"},{"time":25525,"key":"Key5"},{"time":25775,"key":"Key5"},{"time":26400,"key":"Key7"},{"time":26650,"key":"Key7"},{"time":26775,"key":"Key7"},{"time":27025,"key":"Key8"},{"time":27275,"key":"Key9"},{"time":27525,"key":"Key8"},{"time":27650,"key":"Key7"},{"time":27775,"key":"Key5"},{"time":27900,"key":"Key7"},{"time":28025,"key":"Key8"},{"time":28400,"key":"Key7"},{"time":28650,"key":"Key7"},{"time":28775,"key":"Key7"},{"time":29025,"key":"Key8"},{"time":29275,"key":"Key9"},{"time":29525,"key":"Key10"},{"time":29775,"key":"Key11"},{"time":30025,"key":"Key9"},{"time":30650,"key":"Key12"},{"time":30900,"key":"Key12"},{"time":31150,"key":"Key12"},{"time":31275,"key":"Key9"},{"time":31400,"key":"Key12"},{"time":31525,"key":"Key11"},{"time":32650,"key":"Key7"},{"time":32650,"key":"Key9"},{"time":32900,"key":"Key7"},{"time":32900,"key":"Key9"},{"time":33025,"key":"Key7"},{"time":33025,"key":"Key9"},{"time":33275,"key":"Key7"},{"time":33275,"key":"Key9"},{"time":33525,"key":"Key7"},{"time":33525,"key":"Key9"},{"time":33775,"key":"Key6"},{"time":33775,"key":"Key8"},{"time":34025,"key":"Key6"},{"time":34025,"key":"Key8"},{"time":34650,"key":"Key7"},{"time":34650,"key":"Key9"},{"time":34900,"key":"Key7"},{"time":34900,"key":"Key9"},{"time":35025,"key":"Key7"},{"time":35025,"key":"Key9"},{"time":35275,"key":"Key7"},{"time":35275,"key":"Key9"},{"time":35525,"key":"Key6"},{"time":35525,"key":"Key8"},{"time":35775,"key":"Key7"},{"time":35775,"key":"Key9"},{"time":36025,"key":"Key9"},{"time":36025,"key":"Key12"},{"time":36275,"key":"Key9"},{"time":36400,"key":"Key8"},{"time":36525,"key":"Key7"},{"time":36650,"key":"Key7"},{"time":36650,"key":"Key12"},{"time":36900,"key":"Key9"},{"time":37150,"key":"Key8"},{"time":37400,"key":"Key7"},{"time":37650,"key":"Key11"},{"time":37900,"key":"Key9"},{"time":38150,"key":"Key8"},{"time":38400,"key":"Key7"},{"time":38650,"key":"Key5"},{"time":38900,"key":"Key7"},{"time":39025,"key":"Key8"},{"time":39275,"key":"Key9"},{"time":39525,"key":"Key11"},{"time":41650,"key":"Key7"},{"time":41775,"key":"Key5"},{"time":41900,"key":"Key7"},{"time":42025,"key":"Key8"},{"time":42150,"key":"Key9"},{"time":42275,"key":"Key8"},{"time":42400,"key":"Key7"},{"time":42525,"key":"Key5"},{"time":42650,"key":"Key9"},{"time":42712,"key":"Key8"},{"time":42774,"key":"Key7"},{"time":42836,"key":"Key5"},{"time":42898,"key":"Key7"},{"time":43148,"key":"Key8"},{"time":44273,"key":"Key8"},{"time":44523,"key":"Key9"},{"time":44648,"key":"Key11"},{"time":44898,"key":"Key9"},{"time":45023,"key":"Key9"},{"time":45148,"key":"Key8"},{"time":45273,"key":"Key7"},{"time":45398,"key":"Key5"},{"time":45523,"key":"Key6"},{"time":45648,"key":"Key7"},{"time":45898,"key":"Key8"},{"time":46148,"key":"Key9"},{"time":46398,"key":"Key11"},{"time":46648,"key":"Key12"},{"time":46898,"key":"Key9"},{"time":47148,"key":"Key9"},{"time":47273,"key":"Key8"},{"time":47398,"key":"Key7"},{"time":47523,"key":"Key8"},{"time":48648,"key":"Key5"},{"time":48648,"key":"Key7"},{"time":48898,"key":"Key6"},{"time":48898,"key":"Key8"},{"time":49148,"key":"Key7"},{"time":49148,"key":"Key9"},{"time":49398,"key":"Key12"},{"time":49398,"key":"Key14"},{"time":49648,"key":"Key11"},{"time":49648,"key":"Key13"},{"time":50148,"key":"Key9"},{"time":50148,"key":"Key12"},{"time":50648,"key":"Key8"},{"time":50648,"key":"Key13"},{"time":51148,"key":"Key9"},{"time":51148,"key":"Key14"},{"time":51648,"key":"Key12"},{"time":51648,"key":"Key14"},{"time":52648,"key":"Key14"},{"time":52773,"key":"Key13"},{"time":52898,"key":"Key13"},{"time":53023,"key":"Key12"},{"time":53148,"key":"Key12"},{"time":53273,"key":"Key11"},{"time":53398,"key":"Key11"},{"time":53523,"key":"Key10"},{"time":53648,"key":"Key5"},{"time":53648,"key":"Key10"},{"time":54398,"key":"Key6"},{"time":54398,"key":"Key11"},{"time":55148,"key":"Key3"},{"time":56648,"key":"Key7"},{"time":57148,"key":"Key6"},{"time":58148,"key":"Key5"},{"time":59148,"key":"Key7"},{"time":61148,"key":"Key3"},{"time":62648,"key":"Key7"},{"time":63148,"key":"Key6"},{"time":64148,"key":"Key5"},{"time":65148,"key":"Key5"},{"time":67148,"key":"Key5"},{"time":67273,"key":"Key5"},{"time":67398,"key":"Key12"},{"time":67648,"key":"Key9"},{"time":68023,"key":"Key9"},{"time":68273,"key":"Key8"},{"time":68523,"key":"Key7"},{"time":68773,"key":"Key5"},{"time":68898,"key":"Key7"},{"time":69023,"key":"Key8"},{"time":69148,"key":"Key5"},{"time":69273,"key":"Key5"},{"time":69398,"key":"Key12"},{"time":69648,"key":"Key9"},{"time":70023,"key":"Key9"},{"time":70273,"key":"Key8"},{"time":70523,"key":"Key7"},{"time":70773,"key":"Key5"},{"time":70898,"key":"Key7"},{"time":71023,"key":"Key8"},{"time":71148,"key":"Key5"},{"time":71273,"key":"Key5"},{"time":71398,"key":"Key12"},{"time":71648,"key":"Key9"},{"time":72023,"key":"Key9"},{"time":72273,"key":"Key8"},{"time":72523,"key":"Key7"},{"time":72773,"key":"Key5"},{"time":72898,"key":"Key7"},{"time":73023,"key":"Key8"},{"time":73148,"key":"Key5"},{"time":73273,"key":"Key5"},{"time":73398,"key":"Key12"},{"time":73648,"key":"Key9"},{"time":74023,"key":"Key9"},{"time":74273,"key":"Key8"},{"time":74523,"key":"Key7"},{"time":74773,"key":"Key5"},{"time":74898,"key":"Key7"},{"time":75023,"key":"Key8"},{"time":75148,"key":"Key5"},{"time":75273,"key":"Key5"},{"time":75398,"key":"Key12"},{"time":75648,"key":"Key9"},{"time":76023,"key":"Key9"},{"time":76273,"key":"Key8"},{"time":76523,"key":"Key7"},{"time":76773,"key":"Key5"},{"time":76898,"key":"Key7"},{"time":77023,"key":"Key8"},{"time":77148,"key":"Key5"},{"time":77273,"key":"Key5"},{"time":77398,"key":"Key12"},{"time":77648,"key":"Key9"},{"time":78023,"key":"Key9"},{"time":78273,"key":"Key8"},{"time":78523,"key":"Key7"},{"time":78773,"key":"Key5"},{"time":78898,"key":"Key7"},{"time":79023,"key":"Key8"},{"time":79148,"key":"Key5"},{"time":79273,"key":"Key5"},{"time":79398,"key":"Key12"},{"time":79648,"key":"Key9"},{"time":80023,"key":"Key9"},{"time":80273,"key":"Key8"},{"time":80523,"key":"Key7"},{"time":80773,"key":"Key5"},{"time":80898,"key":"Key7"},{"time":81023,"key":"Key8"},{"time":81398,"key":"Key12"},{"time":81398,"key":"Key14"},{"time":81648,"key":"Key11"},{"time":81648,"key":"Key13"},{"time":82023,"key":"Key9"},{"time":82023,"key":"Key11"},{"time":82273,"key":"Key11"},{"time":82273,"key":"Key13"},{"time":82523,"key":"Key9"},{"time":82523,"key":"Key12"},{"time":82773,"key":"Key9"},{"time":82898,"key":"Key11"},{"time":83023,"key":"Key12"},{"time":83148,"key":"Key5","l":2},{"time":83398,"key":"Key5","l":2},{"time":83648,"key":"Key5","l":2},{"time":83773,"key":"Key5","l":2},{"time":84023,"key":"Key5","l":2},{"time":84273,"key":"Key5","l":2},{"time":84523,"key":"Key5","l":2},{"time":84648,"key":"Key5","l":2},{"time":84773,"key":"Key5","l":2},{"time":84898,"key":"Key5","l":2},{"time":85148,"key":"Key6","l":2},{"time":85398,"key":"Key6","l":2},{"time":85648,"key":"Key6","l":2},{"time":85773,"key":"Key6","l":2},{"time":86023,"key":"Key6","l":2},{"time":86273,"key":"Key6","l":2},{"time":86523,"key":"Key6","l":2},{"time":86648,"key":"Key6","l":2},{"time":86773,"key":"Key6","l":2},{"time":86898,"key":"Key6","l":2},{"time":87148,"key":"Key7","l":2},{"time":87398,"key":"Key7","l":2},{"time":87648,"key":"Key7","l":2},{"time":87773,"key":"Key7","l":2},{"time":88023,"key":"Key7","l":2},{"time":88273,"key":"Key7","l":2},{"time":88523,"key":"Key7","l":2},{"time":88648,"key":"Key7","l":2},{"time":88773,"key":"Key7","l":2},{"time":88898,"key":"Key7","l":2},{"time":89148,"key":"Key7","l":2},{"time":89398,"key":"Key7","l":2},{"time":89648,"key":"Key7","l":2},{"time":89773,"key":"Key7","l":2},{"time":90023,"key":"Key7","l":2},{"time":90273,"key":"Key7","l":2},{"time":90523,"key":"Key7","l":2},{"time":90648,"key":"Key7","l":2},{"time":90773,"key":"Key7","l":2},{"time":90898,"key":"Key7","l":2},{"time":91148,"key":"Key5","l":2},{"time":91398,"key":"Key5","l":2},{"time":91648,"key":"Key5","l":2},{"time":91773,"key":"Key5","l":2},{"time":92023,"key":"Key5","l":2},{"time":92273,"key":"Key5","l":2},{"time":92523,"key":"Key5","l":2},{"time":92648,"key":"Key5","l":2},{"time":92773,"key":"Key5","l":2},{"time":92898,"key":"Key5","l":2},{"time":93148,"key":"Key6","l":2},{"time":93398,"key":"Key6","l":2},{"time":93648,"key":"Key6","l":2},{"time":93773,"key":"Key6","l":2},{"time":94023,"key":"Key6","l":2},{"time":94273,"key":"Key6","l":2},{"time":94523,"key":"Key6","l":2},{"time":94648,"key":"Key6","l":2},{"time":94773,"key":"Key6","l":2},{"time":94898,"key":"Key6","l":2},{"time":95148,"key":"Key7","l":2},{"time":95398,"key":"Key7","l":2},{"time":95648,"key":"Key7","l":2},{"time":95773,"key":"Key7","l":2},{"time":96023,"key":"Key7","l":2},{"time":96273,"key":"Key7","l":2},{"time":96523,"key":"Key7","l":2},{"time":96648,"key":"Key7","l":2},{"time":96773,"key":"Key7","l":2},{"time":96898,"key":"Key7","l":2},{"time":97148,"key":"Key7","l":2},{"time":97398,"key":"Key7","l":2},{"time":97648,"key":"Key7","l":2},{"time":97773,"key":"Key7","l":2},{"time":98023,"key":"Key7","l":2},{"time":98273,"key":"Key7","l":2},{"time":98523,"key":"Key7","l":2},{"time":98648,"key":"Key7","l":2},{"time":98773,"key":"Key7","l":2},{"time":98898,"key":"Key7","l":2},{"time":99148,"key":"Key5","l":2},{"time":99398,"key":"Key5","l":2},{"time":99648,"key":"Key5","l":2},{"time":99773,"key":"Key5","l":2},{"time":100023,"key":"Key5","l":2},{"time":100273,"key":"Key5","l":2},{"time":100523,"key":"Key5","l":2},{"time":100648,"key":"Key5","l":2},{"time":100773,"key":"Key5","l":2},{"time":100898,"key":"Key5","l":2},{"time":101148,"key":"Key6","l":2},{"time":101398,"key":"Key6","l":2},{"time":101648,"key":"Key6","l":2},{"time":101773,"key":"Key6","l":2},{"time":102023,"key":"Key6","l":2},{"time":102273,"key":"Key6","l":2},{"time":102523,"key":"Key6","l":2},{"time":102648,"key":"Key6","l":2},{"time":102773,"key":"Key6","l":2},{"time":102898,"key":"Key6","l":2},{"time":103148,"key":"Key7","l":2},{"time":103398,"key":"Key7","l":2},{"time":103648,"key":"Key7","l":2},{"time":103773,"key":"Key7","l":2},{"time":104023,"key":"Key7","l":2},{"time":104273,"key":"Key7","l":2},{"time":104523,"key":"Key7","l":2},{"time":104648,"key":"Key7","l":2},{"time":104773,"key":"Key7","l":2},{"time":104898,"key":"Key7","l":2},{"time":105148,"key":"Key7","l":2},{"time":105398,"key":"Key7","l":2},{"time":105648,"key":"Key7","l":2},{"time":105773,"key":"Key7","l":2},{"time":106023,"key":"Key7","l":2},{"time":106273,"key":"Key7","l":2},{"time":106523,"key":"Key7","l":2},{"time":106648,"key":"Key7","l":2},{"time":106773,"key":"Key7","l":2},{"time":106898,"key":"Key7","l":2},{"time":107148,"key":"Key5","l":2},{"time":107398,"key":"Key5","l":2},{"time":107648,"key":"Key5","l":2},{"time":107773,"key":"Key5","l":2},{"time":108023,"key":"Key5","l":2},{"time":108273,"key":"Key5","l":2},{"time":108523,"key":"Key5","l":2},{"time":108648,"key":"Key5","l":2},{"time":108773,"key":"Key5","l":2},{"time":108898,"key":"Key5","l":2},{"time":109148,"key":"Key6","l":2},{"time":109398,"key":"Key6","l":2},{"time":109648,"key":"Key6","l":2},{"time":109773,"key":"Key6","l":2},{"time":110023,"key":"Key6","l":2},{"time":110273,"key":"Key6","l":2},{"time":110523,"key":"Key6","l":2},{"time":110648,"key":"Key6","l":2},{"time":110773,"key":"Key6","l":2},{"time":110898,"key":"Key6","l":2},{"time":111148,"key":"Key7","l":2},{"time":111398,"key":"Key7","l":2},{"time":111648,"key":"Key7","l":2},{"time":111773,"key":"Key7","l":2},{"time":112023,"key":"Key7","l":2},{"time":112273,"key":"Key7","l":2},{"time":112523,"key":"Key7","l":2},{"time":112648,"key":"Key7","l":2},{"time":112773,"key":"Key7","l":2},{"time":112898,"key":"Key7","l":2},{"time":113148,"key":"Key7","l":2},{"time":113398,"key":"Key7","l":2},{"time":113648,"key":"Key7","l":2},{"time":113773,"key":"Key7","l":2},{"time":114023,"key":"Key7","l":2},{"time":114273,"key":"Key7","l":2},{"time":114523,"key":"Key7","l":2},{"time":114648,"key":"Key7","l":2},{"time":114773,"key":"Key7","l":2},{"time":114898,"key":"Key7","l":2},{"time":115148,"key":"Key5"},{"time":115273,"key":"Key5"},{"time":115398,"key":"Key12"},{"time":115648,"key":"Key9"},{"time":116023,"key":"Key9"},{"time":116273,"key":"Key8"},{"time":116523,"key":"Key7"},{"time":116773,"key":"Key5"},{"time":116898,"key":"Key7"},{"time":117023,"key":"Key8"},{"time":117148,"key":"Key4"},{"time":117273,"key":"Key4"},{"time":117398,"key":"Key12"},{"time":117648,"key":"Key9"},{"time":118023,"key":"Key9"},{"time":118273,"key":"Key8"},{"time":118523,"key":"Key7"},{"time":118773,"key":"Key5"},{"time":118898,"key":"Key7"},{"time":119023,"key":"Key8"},{"time":119148,"key":"Key3"},{"time":119273,"key":"Key3"},{"time":119398,"key":"Key12"},{"time":119648,"key":"Key9"},{"time":120023,"key":"Key9"},{"time":120273,"key":"Key8"},{"time":120523,"key":"Key7"},{"time":120773,"key":"Key5"},{"time":120898,"key":"Key7"},{"time":121023,"key":"Key8"},{"time":121148,"key":"Key2"},{"time":121273,"key":"Key2"},{"time":121398,"key":"Key12"},{"time":121648,"key":"Key9"},{"time":122023,"key":"Key9"},{"time":122273,"key":"Key8"},{"time":122523,"key":"Key7"},{"time":122773,"key":"Key5"},{"time":122898,"key":"Key7"},{"time":123023,"key":"Key8"},{"time":123148,"key":"Key5"},{"time":123273,"key":"Key5"},{"time":123398,"key":"Key12"},{"time":123648,"key":"Key9"},{"time":124023,"key":"Key9"},{"time":124273,"key":"Key8"},{"time":124523,"key":"Key7"},{"time":124773,"key":"Key5"},{"time":124898,"key":"Key7"},{"time":125023,"key":"Key8"},{"time":125148,"key":"Key4"},{"time":125273,"key":"Key4"},{"time":125398,"key":"Key12"},{"time":125648,"key":"Key9"},{"time":126023,"key":"Key9"},{"time":126273,"key":"Key8"},{"time":126523,"key":"Key7"},{"time":126773,"key":"Key5"},{"time":126898,"key":"Key7"},{"time":127023,"key":"Key8"},{"time":127148,"key":"Key3"},{"time":127273,"key":"Key3"},{"time":127398,"key":"Key12"},{"time":127648,"key":"Key9"},{"time":128023,"key":"Key9"},{"time":128273,"key":"Key8"},{"time":128523,"key":"Key7"},{"time":128773,"key":"Key5"},{"time":128898,"key":"Key7"},{"time":129023,"key":"Key8"},{"time":129148,"key":"Key2"},{"time":129273,"key":"Key2"},{"time":129398,"key":"Key12"},{"time":129648,"key":"Key9"},{"time":130023,"key":"Key9"},{"time":130273,"key":"Key8"},{"time":130523,"key":"Key7"},{"time":130773,"key":"Key5"},{"time":130898,"key":"Key7"},{"time":131023,"key":"Key8"}],"fromLibrary":true}]