[{"name":"Married Life - UP","bpm":200,"bitsPerPage":16,"pitchLevel":0,"songNotes":[{"key":"1Key3","time":500},{"key":"1Key5","time":800},{"key":"1Key7","time":800},{"key":"1Key5","time":1100},{"key":"1Key7","time":1100},{"key":"1Key0","time":1400},{"key":"1Key5","time":1700},{"key":"1Key7","time":1700},{"key":"1Key5","time":2000},{"key":"1Key7","time":2000},{"key":"1Key1","time":2300},{"key":"1Key5","time":2600},{"key":"1Key7","time":2600},{"key":"1Key5","time":2900},{"key":"1Key7","time":2900},{"key":"1Key2","time":3200},{"key":"1Key5","time":3500},{"key":"1Key7","time":3500},{"key":"1Key5","time":3800},{"key":"1Key7","time":3800},{"key":"1Key3","time":4100},{"key":"1Key5","time":4400},{"key":"1Key7","time":4400},{"key":"1Key5","time":4700},{"key":"1Key7","time":4700},{"key":"1Key0","time":5000},{"key":"1Key5","time":5300},{"key":"1Key7","time":5300},{"key":"1Key5","time":5600},{"key":"1Key7","time":5600},{"key":"1Key1","time":5900},{"key":"1Key5","time":6200},{"key":"1Key7","time":6200},{"key":"1Key5","time":6500},{"key":"1Key7","time":6500},{"key":"1Key2","time":6800},{"key":"1Key5","time":7100},{"key":"1Key7","time":7100},{"key":"1Key10","time":7400},{"key":"1Key5","time":7700},{"key":"1Key7","time":7700},{"key":"1Key12","time":7700},{"key":"1Key10","time":8000},{"key":"1Key3","time":8300},{"key":"1Key9","time":8300},{"key":"1Key5","time":8600},{"key":"1Key7","time":8600},{"key":"1Key5","time":8900},{"key":"1Key7","time":8900},{"key":"1Key0","time":9200},{"key":"1Key5","time":9500},{"key":"1Key7","time":9500},{"key":"1Key10","time":9800},{"key":"1Key5","time":10100},{"key":"1Key7","time":10100},{"key":"1Key12","time":10100},{"key":"1Key10","time":10400},{"key":"1Key1","time":10700},{"key":"1Key8","time":10700},{"key":"1Key5","time":11000},{"key":"1Key7","time":11000},{"key":"1Key8","time":11300},{"key":"1Key5","time":11600},{"key":"1Key7","time":11600},{"key":"1Key10","time":11600},{"key":"1Key8","time":11900},{"key":"1Key0","time":12200},{"key":"1Key7","time":12200},{"key":"1Key5","time":12500},{"key":"1Key7","time":12500},{"key":"1Key5","time":12800},{"key":"1Key7","time":12800},{"key":"1Key8","time":13100},{"key":"1Key1","time":13400},{"key":"1Key12","time":13400},{"key":"1Key1","time":13700},{"key":"1Key3","time":13700},{"key":"1Key11","time":13700},{"key":"1Key1","time":14000},{"key":"1Key3","time":14000},{"key":"1Key10","time":14300},{"key":"1Key1","time":14600},{"key":"1Key12","time":14600},{"key":"1Key1","time":14900},{"key":"1Key3","time":14900},{"key":"1Key11","time":14900},{"key":"1Key1","time":15200},{"key":"1Key3","time":15200},{"key":"1Key10","time":15200},{"key":"1Key1","time":15500},{"key":"1Key8","time":15500},{"key":"1Key1","time":15800},{"key":"1Key3","time":15800},{"key":"1Key1","time":16100},{"key":"1Key3","time":16100},{"key":"1Key1","time":16400},{"key":"1Key1","time":16700},{"key":"1Key3","time":16700},{"key":"1Key10","time":17000},{"key":"1Key11","time":17300},{"key":"1Key10","time":17600},{"key":"1Key0","time":17900},{"key":"1Key9","time":17900},{"key":"1Key2","time":18200},{"key":"1Key4","time":18200},{"key":"1Key2","time":18500},{"key":"1Key4","time":18500},{"key":"1Key0","time":18800},{"key":"1Key2","time":19100},{"key":"1Key4","time":19100},{"key":"1Key9","time":19400},{"key":"1Key2","time":19700},{"key":"1Key4","time":19700},{"key":"1Key11","time":19700},{"key":"1Key9","time":20000},{"key":"1Key0","time":20300},{"key":"1Key7","time":20300},{"key":"1Key2","time":20600},{"key":"1Key4","time":20600},{"key":"1Key7","time":20900},{"key":"1Key2","time":21200},{"key":"1Key4","time":21200},{"key":"1Key9","time":21200},{"key":"1Key7","time":21500},{"key":"1Key0","time":21800},{"key":"1Key4","time":21800},{"key":"1Key2","time":22100},{"key":"1Key4","time":22100},{"key":"1Key2","time":22400},{"key":"1Key4","time":22400},{"key":"1Key0","time":22700},{"key":"1Key3","time":22700},{"key":"1Key7","time":22700},{"key":"1Key5","time":23000},{"key":"1Key6","time":23300},{"key":"1Key0","time":23600},{"key":"1Key4","time":23600},{"key":"1Key7","time":23600},{"key":"1Key8","time":23900},{"key":"1Key9","time":24200},{"key":"1Key0","time":24500},{"key":"1Key4","time":24500},{"key":"1Key7","time":24800},{"key":"1Key8","time":25100},{"key":"1Key0","time":25400},{"key":"1Key4","time":25400},{"key":"1Key9","time":25400},{"key":"1Key10","time":25700},{"key":"1Key12","time":26000},{"key":"1Key10","time":26300},{"key":"1Key3","time":26600},{"key":"1Key9","time":26600},{"key":"1Key5","time":26900},{"key":"1Key7","time":26900},{"key":"1Key5","time":27200},{"key":"1Key7","time":27200},{"key":"1Key0","time":27500},{"key":"1Key5","time":27800},{"key":"1Key7","time":27800},{"key":"1Key10","time":28100},{"key":"1Key5","time":28400},{"key":"1Key7","time":28400},{"key":"1Key12","time":28400},{"key":"1Key10","time":28700},{"key":"1Key1","time":29000},{"key":"1Key8","time":29000},{"key":"1Key5","time":29300},{"key":"1Key7","time":29300},{"key":"1Key10","time":29600},{"key":"1Key5","time":29900},{"key":"1Key7","time":29900},{"key":"1Key12","time":29900},{"key":"1Key0","time":30200},{"key":"1Key13","time":30200},{"key":"1Key5","time":30500},{"key":"1Key7","time":30500},{"key":"1Key5","time":30800},{"key":"1Key7","time":30800},{"key":"1Key12","time":31100},{"key":"1Key1","time":31400},{"key":"1Key14","time":31400},{"key":"1Key1","time":31700},{"key":"1Key3","time":31700},{"key":"1Key13","time":31700},{"key":"1Key1","time":32000},{"key":"1Key3","time":32000},{"key":"1Key12","time":32000},{"key":"1Key1","time":32300},{"key":"1Key10","time":32300},{"key":"1Key1","time":32600},{"key":"1Key3","time":32600},{"key":"1Key11","time":32600},{"key":"1Key1","time":32900},{"key":"1Key3","time":32900},{"key":"1Key10","time":33200},{"key":"1Key1","time":33500},{"key":"1Key8","time":33500},{"key":"1Key1","time":33800},{"key":"1Key3","time":33800},{"key":"1Key1","time":34100},{"key":"1Key3","time":34100},{"key":"1Key1","time":34400},{"key":"1Key1","time":34700},{"key":"1Key3","time":34700},{"key":"1Key10","time":35000},{"key":"1Key11","time":35300},{"key":"1Key10","time":35600},{"key":"1Key0","time":35900},{"key":"1Key9","time":35900},{"key":"1Key2","time":36200},{"key":"1Key4","time":36200},{"key":"1Key2","time":36500},{"key":"1Key4","time":36500},{"key":"1Key0","time":36800},{"key":"1Key2","time":37100},{"key":"1Key4","time":37100},{"key":"1Key9","time":37400},{"key":"1Key2","time":37700},{"key":"1Key4","time":37700},{"key":"1Key11","time":37700},{"key":"1Key9","time":38000},{"key":"1Key0","time":38300},{"key":"1Key7","time":38300},{"key":"1Key2","time":38600},{"key":"1Key4","time":38600},{"key":"1Key7","time":38900},{"key":"1Key2","time":39200},{"key":"1Key4","time":39200},{"key":"1Key9","time":39200},{"key":"1Key7","time":39500},{"key":"1Key0","time":39800},{"key":"1Key4","time":39800},{"key":"1Key2","time":40100},{"key":"1Key4","time":40100},{"key":"1Key2","time":40400},{"key":"1Key4","time":40400},{"key":"1Key0","time":40700},{"key":"1Key3","time":40700},{"key":"1Key7","time":40700},{"key":"1Key5","time":41000},{"key":"1Key6","time":41300},{"key":"1Key0","time":41600},{"key":"1Key4","time":41600},{"key":"1Key7","time":41600},{"key":"1Key8","time":41900},{"key":"1Key9","time":42200},{"key":"1Key0","time":42500},{"key":"1Key4","time":42500},{"key":"1Key7","time":42800},{"key":"1Key8","time":43100},{"key":"1Key0","time":43400},{"key":"1Key4","time":43400},{"key":"1Key9","time":43400},{"key":"1Key10","time":43700},{"key":"1Key12","time":44000},{"key":"1Key10","time":44300},{"key":"1Key3","time":44600},{"key":"1Key9","time":44600},{"key":"1Key5","time":44900},{"key":"1Key7","time":44900},{"key":"1Key5","time":45200},{"key":"1Key7","time":45200},{"key":"1Key3","time":45500},{"key":"1Key5","time":45800},{"key":"1Key7","time":45800},{"key":"1Key10","time":46100},{"key":"1Key5","time":46400},{"key":"1Key7","time":46400},{"key":"1Key12","time":46400},{"key":"1Key10","time":46700},{"key":"1Key3","time":47000},{"key":"1Key9","time":47000},{"key":"1Key5","time":47300},{"key":"1Key7","time":47300},{"key":"1Key5","time":47600},{"key":"1Key7","time":47600},{"key":"1Key3","time":47900},{"key":"1Key5","time":48200},{"key":"1Key7","time":48200},{"key":"1Key10","time":48500},{"key":"1Key5","time":48800},{"key":"1Key7","time":48800},{"key":"1Key12","time":48800},{"key":"1Key10","time":49100},{"key":"1Key3","time":49400},{"key":"1Key5","time":49400},{"key":"1Key7","time":49400},{"key":"1Key9","time":49400}]}]