[{"name":"We are number one","bpm":300,"pitchLevel":0,"bitsPerPage":16,"isComposed":true,"songNotes":[{"time":400,"key":"Key5"},{"time":1000,"key":"Key9"},{"time":1200,"key":"Key8"},{"time":1400,"key":"Key9"},{"time":1600,"key":"Key8"},{"time":1800,"key":"Key9"},{"time":2000,"key":"Key7"},{"time":2400,"key":"Key5"},{"time":3000,"key":"Key5"},{"time":3200,"key":"Key7"},{"time":3400,"key":"Key9"},{"time":3600,"key":"Key10"},{"time":4000,"key":"Key7"},{"time":4400,"key":"Key10"},{"time":4800,"key":"Key11"},{"time":5200,"key":"Key9"},{"time":5400,"key":"Key10"},{"time":5600,"key":"Key9"},{"time":5800,"key":"Key10"},{"time":6000,"key":"Key9"},{"time":6800,"key":"Key5"},{"time":7400,"key":"Key2"},{"time":7400,"key":"Key9"},{"time":7600,"key":"Key1"},{"time":7600,"key":"Key8"},{"time":7800,"key":"Key2"},{"time":7800,"key":"Key9"},{"time":8000,"key":"Key1"},{"time":8000,"key":"Key8"},{"time":8200,"key":"Key2"},{"time":8200,"key":"Key9"},{"time":8400,"key":"Key0"},{"time":8400,"key":"Key7"},{"time":8800,"key":"Key5"},{"time":9400,"key":"Key5"},{"time":9600,"key":"Key0"},{"time":9600,"key":"Key7"},{"time":9800,"key":"Key2"},{"time":9800,"key":"Key9"},{"time":10000,"key":"Key3"},{"time":10000,"key":"Key10"},{"time":10400,"key":"Key0"},{"time":10400,"key":"Key7"},{"time":10800,"key":"Key3"},{"time":10800,"key":"Key10"},{"time":11200,"key":"Key4"},{"time":11200,"key":"Key11"},{"time":11600,"key":"Key2"},{"time":11600,"key":"Key9"},{"time":11800,"key":"Key3"},{"time":11800,"key":"Key10"},{"time":12000,"key":"Key2"},{"time":12000,"key":"Key9"},{"time":12200,"key":"Key3"},{"time":12200,"key":"Key10"},{"time":12400,"key":"Key2"},{"time":12400,"key":"Key9"},{"time":12800,"key":"Key12"},{"time":13200,"key":"Key5"},{"time":13800,"key":"Key2"},{"time":13800,"key":"Key9"},{"time":14000,"key":"Key1"},{"time":14000,"key":"Key8"},{"time":14200,"key":"Key2"},{"time":14200,"key":"Key9"},{"time":14400,"key":"Key1"},{"time":14400,"key":"Key8"},{"time":14600,"key":"Key2"},{"time":14600,"key":"Key9"},{"time":14800,"key":"Key0"},{"time":14800,"key":"Key7"},{"time":15200,"key":"Key5"},{"time":15800,"key":"Key5"},{"time":16000,"key":"Key0"},{"time":16000,"key":"Key7"},{"time":16200,"key":"Key2"},{"time":16200,"key":"Key9"},{"time":16400,"key":"Key3"},{"time":16400,"key":"Key10"},{"time":16800,"key":"Key0"},{"time":16800,"key":"Key7"},{"time":17200,"key":"Key4"},{"time":17200,"key":"Key11"},{"time":17600,"key":"Key3"},{"time":17600,"key":"Key10"},{"time":18000,"key":"Key2"},{"time":18000,"key":"Key9"},{"time":18200,"key":"Key3"},{"time":18200,"key":"Key10"},{"time":18400,"key":"Key2"},{"time":18400,"key":"Key9"},{"time":18600,"key":"Key3"},{"time":18600,"key":"Key10"},{"time":18800,"key":"Key2"},{"time":18800,"key":"Key9"},{"time":21400,"key":"Key4"},{"time":21400,"key":"Key6"},{"time":21600,"key":"Key5"},{"time":21600,"key":"Key7"},{"time":21800,"key":"Key4"},{"time":21800,"key":"Key6"},{"time":22000,"key":"Key2"},{"time":22000,"key":"Key5"},{"time":22200,"key":"Key4"},{"time":22200,"key":"Key6"},{"time":22400,"key":"Key5"},{"time":22400,"key":"Key7"},{"time":22600,"key":"Key4"},{"time":22600,"key":"Key6"},{"time":22800,"key":"Key2"},{"time":22800,"key":"Key5"},{"time":23000,"key":"Key5"},{"time":23000,"key":"Key7"},{"time":23300,"key":"Key2"},{"time":23300,"key":"Key5"},{"time":23600,"key":"Key7"},{"time":23600,"key":"Key9"},{"time":24200,"key":"Key7"},{"time":24200,"key":"Key9"},{"time":24400,"key":"Key7"},{"time":24400,"key":"Key10"},{"time":24600,"key":"Key7"},{"time":24600,"key":"Key10"},{"time":24800,"key":"Key7"},{"time":24800,"key":"Key10"},{"time":25000,"key":"Key7"},{"time":25000,"key":"Key10"},{"time":25200,"key":"Key7"},{"time":25200,"key":"Key10"},{"time":25600,"key":"Key8"},{"time":25600,"key":"Key11"},{"time":26000,"key":"Key6"},{"time":26000,"key":"Key9"},{"time":26300,"key":"Key7"},{"time":26300,"key":"Key10"},{"time":26600,"key":"Key6"},{"time":26600,"key":"Key9"},{"time":27200,"key":"Key4"},{"time":27200,"key":"Key6"},{"time":27400,"key":"Key5"},{"time":27400,"key":"Key7"},{"time":27600,"key":"Key4"},{"time":27600,"key":"Key6"},{"time":27800,"key":"Key2"},{"time":27800,"key":"Key5"},{"time":28000,"key":"Key4"},{"time":28000,"key":"Key6"},{"time":28200,"key":"Key5"},{"time":28200,"key":"Key7"},{"time":28400,"key":"Key4"},{"time":28400,"key":"Key6"},{"time":28600,"key":"Key2"},{"time":28600,"key":"Key5"},{"time":28800,"key":"Key4"},{"time":28800,"key":"Key7"},{"time":29100,"key":"Key2"},{"time":29100,"key":"Key5"},{"time":29500,"key":"Key7"},{"time":29500,"key":"Key9"},{"time":30100,"key":"Key7"},{"time":30100,"key":"Key9"},{"time":30300,"key":"Key7"},{"time":30300,"key":"Key10"},{"time":30500,"key":"Key7"},{"time":30500,"key":"Key10"},{"time":30700,"key":"Key7"},{"time":30700,"key":"Key10"},{"time":30900,"key":"Key7"},{"time":30900,"key":"Key10"},{"time":31100,"key":"Key6"},{"time":31100,"key":"Key9"},{"time":31300,"key":"Key7"},{"time":31300,"key":"Key10"},{"time":31500,"key":"Key8"},{"time":31500,"key":"Key11"},{"time":31700,"key":"Key7"},{"time":31700,"key":"Key10"},{"time":31900,"key":"Key6"},{"time":31900,"key":"Key9"},{"time":32300,"key":"Key7"},{"time":32300,"key":"Key10"},{"time":32600,"key":"Key6"},{"time":32600,"key":"Key9"},{"time":33800,"key":"Key5"},{"time":34400,"key":"Key9"},{"time":34600,"key":"Key8"},{"time":34800,"key":"Key9"},{"time":35000,"key":"Key8"},{"time":35200,"key":"Key9"},{"time":35400,"key":"Key7"},{"time":35800,"key":"Key5"},{"time":36400,"key":"Key5"},{"time":36600,"key":"Key7"},{"time":36800,"key":"Key9"},{"time":37000,"key":"Key10"},{"time":37400,"key":"Key7"},{"time":37800,"key":"Key10"},{"time":38200,"key":"Key11"},{"time":38600,"key":"Key9"},{"time":38800,"key":"Key10"},{"time":39000,"key":"Key9"},{"time":39200,"key":"Key10"},{"time":39400,"key":"Key9"}],"fromLibrary":true}]