[{"name":"See You Again - Wiz Khalifa ft. Charlie Puth","bpm":180,"pitchLevel":0,"bitsPerPage":16,"isComposed":true,"songNotes":[{"time":400,"key":"Key4"},{"time":733,"key":"Key8"},{"time":1066,"key":"Key7"},{"time":1399,"key":"Key4"},{"time":2065,"key":"Key7"},{"time":2231,"key":"Key8"},{"time":2397,"key":"Key9"},{"time":2563,"key":"Key8"},{"time":2729,"key":"Key7"},{"time":2895,"key":"Key8"},{"time":3061,"key":"Key4"},{"time":3394,"key":"Key8"},{"time":3727,"key":"Key7"},{"time":4060,"key":"Key4"},{"time":4726,"key":"Key7"},{"time":4892,"key":"Key8"},{"time":5058,"key":"Key9"},{"time":5224,"key":"Key8"},{"time":5390,"key":"Key7"},{"time":5556,"key":"Key8"},{"time":5722,"key":"Key4"},{"time":6055,"key":"Key8"},{"time":6388,"key":"Key7"},{"time":6721,"key":"Key4"},{"time":7387,"key":"Key7"},{"time":7553,"key":"Key8"},{"time":7719,"key":"Key9"},{"time":7885,"key":"Key8"},{"time":8051,"key":"Key7"},{"time":8217,"key":"Key8"},{"time":8383,"key":"Key4"},{"time":8716,"key":"Key8"},{"time":9049,"key":"Key7"},{"time":9382,"key":"Key0"},{"time":9382,"key":"Key2"},{"time":9382,"key":"Key4"},{"time":10714,"key":"Key7"},{"time":11047,"key":"Key9"},{"time":11380,"key":"Key11"},{"time":11713,"key":"Key7"},{"time":11713,"key":"Key10"},{"time":11713,"key":"Key12"},{"time":12712,"key":"Key7"},{"time":12712,"key":"Key9"},{"time":12712,"key":"Key11"},{"time":14044,"key":"Key7"},{"time":14377,"key":"Key4"},{"time":14377,"key":"Key6"},{"time":14377,"key":"Key8"},{"time":14710,"key":"Key8"},{"time":15043,"key":"Key7"},{"time":15376,"key":"Key4"},{"time":15376,"key":"Key7"},{"time":15376,"key":"Key9"},{"time":16375,"key":"Key9"},{"time":16708,"key":"Key11"},{"time":17041,"key":"Key7"},{"time":17041,"key":"Key10"},{"time":17041,"key":"Key12"},{"time":17374,"key":"Key13"},{"time":17707,"key":"Key12"},{"time":18040,"key":"Key11"},{"time":18373,"key":"Key7"},{"time":18373,"key":"Key9"},{"time":18373,"key":"Key11"},{"time":18706,"key":"Key9"},{"time":19039,"key":"Key8"},{"time":19372,"key":"Key7"},{"time":19705,"key":"Key4"},{"time":19705,"key":"Key6"},{"time":19705,"key":"Key8"},{"time":20038,"key":"Key8"},{"time":20371,"key":"Key9"},{"time":20704,"key":"Key2"},{"time":20704,"key":"Key4"},{"time":20704,"key":"Key7"},{"time":21703,"key":"Key7"},{"time":21869,"key":"Key9"},{"time":22035,"key":"Key11"},{"time":22201,"key":"Key7"},{"time":22201,"key":"Key10"},{"time":22201,"key":"Key12"},{"time":23200,"key":"Key7"},{"time":23200,"key":"Key9"},{"time":23200,"key":"Key11"},{"time":23866,"key":"Key7"},{"time":23866,"key":"Key10"},{"time":23866,"key":"Key12"},{"time":24865,"key":"Key7"},{"time":25198,"key":"Key4"},{"time":25198,"key":"Key6"},{"time":25198,"key":"Key8"},{"time":25531,"key":"Key8"},{"time":25864,"key":"Key7"},{"time":26197,"key":"Key4"},{"time":26197,"key":"Key7"},{"time":26197,"key":"Key9"},{"time":27196,"key":"Key2"},{"time":27529,"key":"Key4"},{"time":27862,"key":"Key0"},{"time":27862,"key":"Key5"},{"time":27862,"key":"Key7"},{"time":28195,"key":"Key7"},{"time":28528,"key":"Key8"},{"time":28861,"key":"Key9"},{"time":29194,"key":"Key3"},{"time":29194,"key":"Key5"},{"time":29194,"key":"Key8"},{"time":29527,"key":"Key7"},{"time":29860,"key":"Key5"},{"time":30193,"key":"Key7"},{"time":30526,"key":"Key4"},{"time":30526,"key":"Key6"},{"time":30526,"key":"Key8"},{"time":30859,"key":"Key8"},{"time":31192,"key":"Key7"},{"time":31525,"key":"Key2"},{"time":31525,"key":"Key4"},{"time":31525,"key":"Key7"},{"time":32524,"key":"Key7"},{"time":32857,"key":"Key5"},{"time":33190,"key":"Key4"},{"time":33190,"key":"Key6"},{"time":33190,"key":"Key8"},{"time":33523,"key":"Key8"},{"time":33856,"key":"Key7"},{"time":34189,"key":"Key2"},{"time":34189,"key":"Key4"},{"time":34189,"key":"Key7"},{"time":35188,"key":"Key14"},{"time":35521,"key":"Key13"},{"time":35854,"key":"Key7"},{"time":35854,"key":"Key10"},{"time":35854,"key":"Key12"},{"time":36853,"key":"Key7"},{"time":36853,"key":"Key9"},{"time":36853,"key":"Key11"},{"time":37852,"key":"Key14"},{"time":38185,"key":"Key13"},{"time":38518,"key":"Key7"},{"time":38518,"key":"Key10"},{"time":38518,"key":"Key12"},{"time":39017,"key":"Key13"},{"time":39183,"key":"Key12"},{"time":39557,"key":"Key11"},{"time":39889,"key":"Key4"},{"time":39889,"key":"Key7"},{"time":39889,"key":"Key9"},{"time":40888,"key":"Key4"},{"time":41054,"key":"Key5"},{"time":41220,"key":"Key7"},{"time":41386,"key":"Key8"},{"time":41552,"key":"Key5"},{"time":41552,"key":"Key7"},{"time":41552,"key":"Key9"},{"time":42051,"key":"Key8"},{"time":42217,"key":"Key9"},{"time":42716,"key":"Key8"},{"time":42882,"key":"Key3"},{"time":42882,"key":"Key5"},{"time":42882,"key":"Key9"},{"time":43381,"key":"Key7"},{"time":43547,"key":"Key9"},{"time":43713,"key":"Key11"},{"time":43879,"key":"Key9"},{"time":44045,"key":"Key8"},{"time":44211,"key":"Key3"},{"time":44211,"key":"Key5"},{"time":44211,"key":"Key7"},{"time":44710,"key":"Key5"},{"time":44876,"key":"Key7"},{"time":45208,"key":"Key8"},{"time":45540,"key":"Key0"},{"time":45540,"key":"Key2"},{"time":45540,"key":"Key4"},{"time":45540,"key":"Key7"}],"fromLibrary":true}]