[
    {
      "name": "You are my Sunshine",
      "bpm": 220,
      "songNotes": [
        {
          "time": 1227,
          "key": "Key4"
        },
        {
          "time": 1586,
          "key": "Key7"
        },
        {
          "time": 1954,
          "key": "Key8"
        },
        {
          "time": 2297,
          "key": "Key9"
        },
        {
          "time": 2335,
          "key": "Key0"
        },
        {
          "time": 2756,
          "key": "Key2"
        },
        {
          "time": 3099,
          "key": "Key9"
        },
        {
          "time": 4427,
          "key": "Key9"
        },
        {
          "time": 4823,
          "key": "Key8"
        },
        {
          "time": 5184,
          "key": "Key9"
        },
        {
          "time": 5553,
          "key": "Key7"
        },
        {
          "time": 5574,
          "key": "Key0"
        },
        {
          "time": 5957,
          "key": "Key2"
        },
        {
          "time": 6340,
          "key": "Key4"
        },
        {
          "time": 7698,
          "key": "Key7"
        },
        {
          "time": 8083,
          "key": "Key8"
        },
        {
          "time": 8457,
          "key": "Key9"
        },
        {
          "time": 8841,
          "key": "Key10"
        },
        {
          "time": 8847,
          "key": "Key3"
        },
        {
          "time": 9202,
          "key": "Key5"
        },
        {
          "time": 9568,
          "key": "Key12"
        },
        {
          "time": 10947,
          "key": "Key12"
        },
        {
          "time": 11330,
          "key": "Key11"
        },
        {
          "time": 11692,
          "key": "Key10"
        },
        {
          "time": 12075,
          "key": "Key0"
        },
        {
          "time": 12088,
          "key": "Key9"
        },
        {
          "time": 12457,
          "key": "Key2"
        },
        {
          "time": 12825,
          "key": "Key4"
        },
        {
          "time": 14076,
          "key": "Key7"
        },
        {
          "time": 14475,
          "key": "Key8"
        },
        {
          "time": 14836,
          "key": "Key9"
        },
        {
          "time": 15163,
          "key": "Key10"
        },
        {
          "time": 15211,
          "key": "Key3"
        },
        {
          "time": 15575,
          "key": "Key5"
        },
        {
          "time": 15960,
          "key": "Key12"
        },
        {
          "time": 17220,
          "key": "Key12"
        },
        {
          "time": 17589,
          "key": "Key11"
        },
        {
          "time": 17939,
          "key": "Key10"
        },
        {
          "time": 18312,
          "key": "Key0"
        },
        {
          "time": 18325,
          "key": "Key9"
        },
        {
          "time": 18709,
          "key": "Key2"
        },
        {
          "time": 19077,
          "key": "Key7"
        },
        {
          "time": 20651,
          "key": "Key7"
        },
        {
          "time": 21003,
          "key": "Key8"
        },
        {
          "time": 21389,
          "key": "Key9"
        },
        {
          "time": 21404,
          "key": "Key0"
        },
        {
          "time": 21797,
          "key": "Key2"
        },
        {
          "time": 22166,
          "key": "Key9"
        },
        {
          "time": 22566,
          "key": "Key10"
        },
        {
          "time": 23034,
          "key": "Key8"
        },
        {
          "time": 23037,
          "key": "Key3"
        },
        {
          "time": 23457,
          "key": "Key1"
        },
        {
          "time": 23988,
          "key": "Key8"
        },
        {
          "time": 24588,
          "key": "Key9"
        },
        {
          "time": 25200,
          "key": "Key0"
        },
        {
          "time": 25206,
          "key": "Key7"
        },
        {
          "time": 25785,
          "key": "Key2"
        },
        {
          "time": 26345,
          "key": "Key4"
        },
        {
          "time": 26892,
          "key": "Key6"
        },
        {
          "time": 27400,
          "key": "Key7"
        }
      ]
    }
  ]