[
    {
      "name": "Zendaya - Neverland",
      "bpm": 336,
      "songNotes": [
        {
          "key": "1Key10",
          "time": 634
        },
        {
          "key": "1Key9",
          "time": 1346
        },
        {
          "key": "1Key3",
          "time": 2058
        },
        {
          "key": "1Key8",
          "time": 2058
        },
        {
          "key": "1Key7",
          "time": 3838
        },
        {
          "key": "1Key0",
          "time": 4194
        },
        {
          "key": "1Key3",
          "time": 4194
        },
        {
          "key": "1Key5",
          "time": 4194
        },
        {
          "key": "1Key3",
          "time": 5974
        },
        {
          "key": "1Key4",
          "time": 6152
        },
        {
          "key": "1Key1",
          "time": 6330
        },
        {
          "key": "1Key3",
          "time": 6330
        },
        {
          "key": "1Key5",
          "time": 6330
        },
        {
          "key": "1Key0",
          "time": 7398
        },
        {
          "key": "1Key2",
          "time": 7398
        },
        {
          "key": "1Key4",
          "time": 7398
        },
        {
          "key": "1Key1",
          "time": 8466
        },
        {
          "key": "1Key3",
          "time": 8466
        },
        {
          "key": "1Key10",
          "time": 9890
        },
        {
          "key": "1Key9",
          "time": 10246
        },
        {
          "key": "1Key3",
          "time": 10602
        },
        {
          "key": "1Key8",
          "time": 10602
        },
        {
          "key": "1Key7",
          "time": 12382
        },
        {
          "key": "1Key0",
          "time": 12738
        },
        {
          "key": "1Key3",
          "time": 12738
        },
        {
          "key": "1Key5",
          "time": 12738
        },
        {
          "key": "1Key5",
          "time": 13806
        },
        {
          "key": "1Key5",
          "time": 14518
        },
        {
          "key": "1Key0",
          "time": 14874
        },
        {
          "key": "1Key3",
          "time": 14874
        },
        {
          "key": "1Key4",
          "time": 14874
        },
        {
          "key": "1Key5",
          "time": 14874
        },
        {
          "key": "1Key4",
          "time": 15230
        },
        {
          "key": "1Key7",
          "time": 17188
        },
        {
          "key": "1Key14",
          "time": 17366
        },
        {
          "key": "1Key3",
          "time": 18968
        },
        {
          "key": "1Key3",
          "time": 20036
        },
        {
          "key": "1Key0",
          "time": 21104
        },
        {
          "key": "1Key4",
          "time": 21104
        },
        {
          "key": "1Key0",
          "time": 22172
        },
        {
          "key": "1Key4",
          "time": 22172
        },
        {
          "key": "1Key0",
          "time": 23240
        },
        {
          "key": "1Key3",
          "time": 23240
        },
        {
          "key": "1Key0",
          "time": 24308
        },
        {
          "key": "1Key3",
          "time": 24308
        },
        {
          "key": "1Key3",
          "time": 25020
        },
        {
          "key": "1Key3",
          "time": 25376
        },
        {
          "key": "1Key3",
          "time": 26444
        },
        {
          "key": "1Key3",
          "time": 27512
        },
        {
          "key": "1Key3",
          "time": 28580
        },
        {
          "key": "1Key0",
          "time": 29648
        },
        {
          "key": "1Key4",
          "time": 29648
        },
        {
          "key": "1Key0",
          "time": 30716
        },
        {
          "key": "1Key4",
          "time": 30716
        },
        {
          "key": "1Key0",
          "time": 31784
        },
        {
          "key": "1Key3",
          "time": 31784
        },
        {
          "key": "1Key0",
          "time": 32852
        },
        {
          "key": "1Key3",
          "time": 32852
        },
        {
          "key": "1Key0",
          "time": 33920
        },
        {
          "key": "1Key3",
          "time": 33920
        },
        {
          "key": "1Key5",
          "time": 33920
        },
        {
          "key": "1Key0",
          "time": 34988
        },
        {
          "key": "1Key5",
          "time": 34988
        },
        {
          "key": "1Key4",
          "time": 35344
        },
        {
          "key": "1Key3",
          "time": 35700
        },
        {
          "key": "1Key1",
          "time": 36056
        },
        {
          "key": "1Key1",
          "time": 37124
        },
        {
          "key": "1Key2",
          "time": 38192
        },
        {
          "key": "1Key2",
          "time": 39260
        },
        {
          "key": "1Key1",
          "time": 40328
        },
        {
          "key": "1Key3",
          "time": 40328
        },
        {
          "key": "1Key1",
          "time": 41396
        },
        {
          "key": "1Key3",
          "time": 41396
        },
        {
          "key": "1Key1",
          "time": 42464
        },
        {
          "key": "1Key3",
          "time": 42464
        },
        {
          "key": "1Key5",
          "time": 42464
        },
        {
          "key": "1Key1",
          "time": 43532
        },
        {
          "key": "1Key3",
          "time": 43532
        },
        {
          "key": "1Key5",
          "time": 43532
        },
        {
          "key": "1Key1",
          "time": 44600
        },
        {
          "key": "1Key3",
          "time": 44600
        },
        {
          "key": "1Key1",
          "time": 45668
        },
        {
          "key": "1Key3",
          "time": 45668
        },
        {
          "key": "1Key0",
          "time": 46736
        },
        {
          "key": "1Key2",
          "time": 46736
        },
        {
          "key": "1Key4",
          "time": 46736
        },
        {
          "key": "1Key0",
          "time": 47804
        },
        {
          "key": "1Key2",
          "time": 47804
        },
        {
          "key": "1Key4",
          "time": 47804
        },
        {
          "key": "1Key0",
          "time": 48872
        },
        {
          "key": "1Key3",
          "time": 48872
        },
        {
          "key": "1Key5",
          "time": 48872
        },
        {
          "key": "1Key0",
          "time": 49940
        },
        {
          "key": "1Key3",
          "time": 49940
        },
        {
          "key": "1Key0",
          "time": 51008
        },
        {
          "key": "1Key3",
          "time": 51008
        },
        {
          "key": "1Key5",
          "time": 51008
        },
        {
          "key": "1Key0",
          "time": 51720
        },
        {
          "key": "1Key3",
          "time": 52076
        },
        {
          "key": "1Key5",
          "time": 52432
        },
        {
          "key": "1Key7",
          "time": 52788
        },
        {
          "key": "1Key3",
          "time": 53144
        },
        {
          "key": "1Key8",
          "time": 53144
        },
        {
          "key": "1Key8",
          "time": 53856
        },
        {
          "key": "1Key3",
          "time": 54212
        },
        {
          "key": "1Key8",
          "time": 54212
        },
        {
          "key": "1Key8",
          "time": 54924
        },
        {
          "key": "1Key0",
          "time": 55280
        },
        {
          "key": "1Key3",
          "time": 55280
        },
        {
          "key": "1Key5",
          "time": 55280
        },
        {
          "key": "1Key0",
          "time": 56348
        },
        {
          "key": "1Key3",
          "time": 56348
        },
        {
          "key": "1Key3",
          "time": 57060
        },
        {
          "key": "1Key4",
          "time": 57238
        },
        {
          "key": "1Key1",
          "time": 57416
        },
        {
          "key": "1Key3",
          "time": 57416
        },
        {
          "key": "1Key5",
          "time": 57416
        },
        {
          "key": "1Key4",
          "time": 58128
        },
        {
          "key": "1Key0",
          "time": 58484
        },
        {
          "key": "1Key2",
          "time": 58484
        },
        {
          "key": "1Key4",
          "time": 58484
        },
        {
          "key": "1Key3",
          "time": 59196
        },
        {
          "key": "1Key1",
          "time": 59552
        },
        {
          "key": "1Key7",
          "time": 61510
        },
        {
          "key": "1Key3",
          "time": 61688
        },
        {
          "key": "1Key8",
          "time": 61688
        },
        {
          "key": "1Key8",
          "time": 62400
        },
        {
          "key": "1Key3",
          "time": 62756
        },
        {
          "key": "1Key8",
          "time": 62756
        },
        {
          "key": "1Key7",
          "time": 63468
        },
        {
          "key": "1Key0",
          "time": 63824
        },
        {
          "key": "1Key3",
          "time": 63824
        },
        {
          "key": "1Key5",
          "time": 63824
        },
        {
          "key": "1Key5",
          "time": 64536
        },
        {
          "key": "1Key0",
          "time": 64892
        },
        {
          "key": "1Key3",
          "time": 64892
        },
        {
          "key": "1Key5",
          "time": 64892
        },
        {
          "key": "1Key5",
          "time": 65604
        },
        {
          "key": "1Key0",
          "time": 65960
        },
        {
          "key": "1Key3",
          "time": 65960
        },
        {
          "key": "1Key5",
          "time": 65960
        },
        {
          "key": "1Key4",
          "time": 66316
        },
        {
          "key": "1Key0",
          "time": 67028
        },
        {
          "key": "1Key3",
          "time": 67028
        },
        {
          "key": "1Key0",
          "time": 68096
        },
        {
          "key": "1Key2",
          "time": 68096
        },
        {
          "key": "1Key4",
          "time": 69164
        },
        {
          "key": "1Key5",
          "time": 69342
        },
        {
          "key": "1Key3",
          "time": 69520
        },
        {
          "key": "1Key3",
          "time": 69876
        },
        {
          "key": "1Key7",
          "time": 70054
        },
        {
          "key": "1Key3",
          "time": 70232
        },
        {
          "key": "1Key8",
          "time": 70232
        },
        {
          "key": "1Key9",
          "time": 70944
        },
        {
          "key": "1Key3",
          "time": 71300
        },
        {
          "key": "1Key8",
          "time": 71300
        },
        {
          "key": "1Key7",
          "time": 72012
        },
        {
          "key": "1Key0",
          "time": 72368
        },
        {
          "key": "1Key3",
          "time": 72368
        },
        {
          "key": "1Key5",
          "time": 72368
        },
        {
          "key": "1Key0",
          "time": 73436
        },
        {
          "key": "1Key3",
          "time": 73436
        },
        {
          "key": "1Key3",
          "time": 74148
        },
        {
          "key": "1Key4",
          "time": 74326
        },
        {
          "key": "1Key1",
          "time": 74504
        },
        {
          "key": "1Key3",
          "time": 74504
        },
        {
          "key": "1Key5",
          "time": 74504
        },
        {
          "key": "1Key4",
          "time": 75216
        },
        {
          "key": "1Key0",
          "time": 75572
        },
        {
          "key": "1Key2",
          "time": 75572
        },
        {
          "key": "1Key4",
          "time": 75572
        },
        {
          "key": "1Key3",
          "time": 76284
        },
        {
          "key": "1Key1",
          "time": 76640
        },
        {
          "key": "1Key3",
          "time": 78420
        },
        {
          "key": "1Key2",
          "time": 78598
        },
        {
          "key": "1Key1",
          "time": 78776
        },
        {
          "key": "1Key3",
          "time": 79310
        },
        {
          "key": "1Key1",
          "time": 79844
        },
        {
          "key": "1Key3",
          "time": 79844
        },
        {
          "key": "1Key7",
          "time": 80378
        },
        {
          "key": "1Key0",
          "time": 80912
        },
        {
          "key": "1Key3",
          "time": 80912
        },
        {
          "key": "1Key7",
          "time": 80912
        },
        {
          "key": "1Key0",
          "time": 81980
        },
        {
          "key": "1Key3",
          "time": 81980
        },
        {
          "key": "1Key3",
          "time": 82692
        },
        {
          "key": "1Key4",
          "time": 82870
        },
        {
          "key": "1Key0",
          "time": 83048
        },
        {
          "key": "1Key3",
          "time": 83048
        },
        {
          "key": "1Key5",
          "time": 83048
        },
        {
          "key": "1Key4",
          "time": 83760
        },
        {
          "key": "1Key0",
          "time": 84116
        },
        {
          "key": "1Key2",
          "time": 84116
        },
        {
          "key": "1Key4",
          "time": 84116
        },
        {
          "key": "1Key0",
          "time": 84828
        },
        {
          "key": "1Key0",
          "time": 85184
        },
        {
          "key": "1Key3",
          "time": 85184
        },
        {
          "key": "1Key5",
          "time": 85184
        },
        {
          "key": "1Key4",
          "time": 85896
        },
        {
          "key": "1Key0",
          "time": 86252
        },
        {
          "key": "1Key2",
          "time": 86252
        },
        {
          "key": "1Key4",
          "time": 86608
        },
        {
          "key": "1Key3",
          "time": 86964
        },
        {
          "key": "1Key3",
          "time": 87676
        },
        {
          "key": "1Key1",
          "time": 88388
        },
        {
          "key": "1Key0",
          "time": 89456
        },
        {
          "key": "1Key3",
          "time": 89456
        },
        {
          "key": "1Key7",
          "time": 90168
        },
        {
          "key": "1Key8",
          "time": 90346
        },
        {
          "key": "1Key9",
          "time": 90524
        },
        {
          "key": "1Key7",
          "time": 90702
        },
        {
          "key": "1Key10",
          "time": 90880
        },
        {
          "key": "1Key7",
          "time": 91058
        },
        {
          "key": "1Key11",
          "time": 91236
        },
        {
          "key": "1Key7",
          "time": 91414
        },
        {
          "key": "1Key12",
          "time": 91592
        },
        {
          "key": "1Key2",
          "time": 91948
        },
        {
          "key": "1Key7",
          "time": 92304
        },
        {
          "key": "1Key2",
          "time": 93016
        },
        {
          "key": "1Key7",
          "time": 93372
        },
        {
          "key": "1Key11",
          "time": 93728
        },
        {
          "key": "1Key2",
          "time": 94084
        },
        {
          "key": "1Key7",
          "time": 94440
        },
        {
          "key": "1Key2",
          "time": 95152
        },
        {
          "key": "1Key7",
          "time": 95508
        },
        {
          "key": "1Key5",
          "time": 95864
        },
        {
          "key": "1Key8",
          "time": 95864
        },
        {
          "key": "1Key10",
          "time": 95864
        },
        {
          "key": "1Key1",
          "time": 96220
        },
        {
          "key": "1Key5",
          "time": 96576
        },
        {
          "key": "1Key10",
          "time": 96932
        },
        {
          "key": "1Key12",
          "time": 96932
        },
        {
          "key": "1Key9",
          "time": 97288
        },
        {
          "key": "1Key11",
          "time": 97288
        },
        {
          "key": "1Key8",
          "time": 97644
        },
        {
          "key": "1Key10",
          "time": 97644
        },
        {
          "key": "1Key2",
          "time": 98000
        },
        {
          "key": "1Key5",
          "time": 98000
        },
        {
          "key": "1Key7",
          "time": 98000
        },
        {
          "key": "1Key9",
          "time": 98000
        },
        {
          "key": "1Key6",
          "time": 98356
        },
        {
          "key": "1Key5",
          "time": 98712
        },
        {
          "key": "1Key2",
          "time": 99068
        },
        {
          "key": "1Key6",
          "time": 99068
        },
        {
          "key": "1Key9",
          "time": 99068
        },
        {
          "key": "1Key1",
          "time": 100136
        },
        {
          "key": "1Key2",
          "time": 100492
        },
        {
          "key": "1Key3",
          "time": 100848
        },
        {
          "key": "1Key1",
          "time": 101204
        },
        {
          "key": "1Key3",
          "time": 101204
        },
        {
          "key": "1Key5",
          "time": 101204
        },
        {
          "key": "1Key6",
          "time": 101560
        },
        {
          "key": "1Key7",
          "time": 101916
        },
        {
          "key": "1Key2",
          "time": 102272
        },
        {
          "key": "1Key4",
          "time": 102272
        },
        {
          "key": "1Key8",
          "time": 102272
        },
        {
          "key": "1Key7",
          "time": 102628
        },
        {
          "key": "1Key6",
          "time": 102984
        },
        {
          "key": "1Key0",
          "time": 103340
        },
        {
          "key": "1Key2",
          "time": 103340
        },
        {
          "key": "1Key4",
          "time": 103340
        },
        {
          "key": "1Key1",
          "time": 104408
        },
        {
          "key": "1Key3",
          "time": 104408
        },
        {
          "key": "1Key4",
          "time": 104764
        },
        {
          "key": "1Key5",
          "time": 105120
        },
        {
          "key": "1Key1",
          "time": 105476
        },
        {
          "key": "1Key3",
          "time": 105476
        },
        {
          "key": "1Key7",
          "time": 105476
        },
        {
          "key": "1Key8",
          "time": 105832
        },
        {
          "key": "1Key9",
          "time": 106188
        },
        {
          "key": "1Key0",
          "time": 106544
        },
        {
          "key": "1Key2",
          "time": 106544
        },
        {
          "key": "1Key4",
          "time": 106544
        },
        {
          "key": "1Key4",
          "time": 107612
        },
        {
          "key": "1Key9",
          "time": 107612
        },
        {
          "key": "1Key10",
          "time": 107968
        },
        {
          "key": "1Key9",
          "time": 108324
        },
        {
          "key": "1Key4",
          "time": 108680
        },
        {
          "key": "1Key7",
          "time": 108680
        },
        {
          "key": "1Key9",
          "time": 108680
        },
        {
          "key": "1Key8",
          "time": 108858
        },
        {
          "key": "1Key8",
          "time": 109036
        },
        {
          "key": "1Key4",
          "time": 109748
        },
        {
          "key": "1Key7",
          "time": 109748
        },
        {
          "key": "1Key4",
          "time": 110816
        },
        {
          "key": "1Key6",
          "time": 110816
        },
        {
          "key": "1Key8",
          "time": 110816
        },
        {
          "key": "1Key4",
          "time": 111884
        },
        {
          "key": "1Key6",
          "time": 111884
        },
        {
          "key": "1Key10",
          "time": 112240
        },
        {
          "key": "1Key9",
          "time": 112596
        },
        {
          "key": "1Key3",
          "time": 112952
        },
        {
          "key": "1Key8",
          "time": 112952
        },
        {
          "key": "1Key8",
          "time": 113664
        },
        {
          "key": "1Key3",
          "time": 114020
        },
        {
          "key": "1Key8",
          "time": 114020
        },
        {
          "key": "1Key8",
          "time": 114732
        },
        {
          "key": "1Key0",
          "time": 115088
        },
        {
          "key": "1Key3",
          "time": 115088
        },
        {
          "key": "1Key5",
          "time": 115088
        },
        {
          "key": "1Key0",
          "time": 116156
        },
        {
          "key": "1Key3",
          "time": 116156
        },
        {
          "key": "1Key3",
          "time": 116868
        },
        {
          "key": "1Key4",
          "time": 117046
        },
        {
          "key": "1Key1",
          "time": 117224
        },
        {
          "key": "1Key3",
          "time": 117224
        },
        {
          "key": "1Key5",
          "time": 117224
        },
        {
          "key": "1Key4",
          "time": 117936
        },
        {
          "key": "1Key0",
          "time": 118292
        },
        {
          "key": "1Key2",
          "time": 118292
        },
        {
          "key": "1Key4",
          "time": 118292
        },
        {
          "key": "1Key3",
          "time": 119004
        },
        {
          "key": "1Key1",
          "time": 119360
        },
        {
          "key": "1Key3",
          "time": 121496
        },
        {
          "key": "1Key8",
          "time": 121496
        },
        {
          "key": "1Key8",
          "time": 122208
        },
        {
          "key": "1Key3",
          "time": 122564
        },
        {
          "key": "1Key8",
          "time": 122564
        },
        {
          "key": "1Key7",
          "time": 123276
        },
        {
          "key": "1Key0",
          "time": 123632
        },
        {
          "key": "1Key3",
          "time": 123632
        },
        {
          "key": "1Key5",
          "time": 123632
        },
        {
          "key": "1Key5",
          "time": 124344
        },
        {
          "key": "1Key0",
          "time": 124700
        },
        {
          "key": "1Key3",
          "time": 124700
        },
        {
          "key": "1Key5",
          "time": 124700
        },
        {
          "key": "1Key5",
          "time": 125412
        },
        {
          "key": "1Key0",
          "time": 125768
        },
        {
          "key": "1Key3",
          "time": 125768
        },
        {
          "key": "1Key5",
          "time": 125768
        },
        {
          "key": "1Key4",
          "time": 126124
        },
        {
          "key": "1Key0",
          "time": 126836
        },
        {
          "key": "1Key3",
          "time": 126836
        },
        {
          "key": "1Key0",
          "time": 127904
        },
        {
          "key": "1Key2",
          "time": 127904
        },
        {
          "key": "1Key4",
          "time": 128972
        },
        {
          "key": "1Key5",
          "time": 129150
        },
        {
          "key": "1Key3",
          "time": 129328
        },
        {
          "key": "1Key3",
          "time": 129684
        },
        {
          "key": "1Key7",
          "time": 129862
        },
        {
          "key": "1Key3",
          "time": 130040
        },
        {
          "key": "1Key8",
          "time": 130040
        },
        {
          "key": "1Key9",
          "time": 130752
        },
        {
          "key": "1Key3",
          "time": 131108
        },
        {
          "key": "1Key8",
          "time": 131108
        },
        {
          "key": "1Key7",
          "time": 131820
        },
        {
          "key": "1Key0",
          "time": 132176
        },
        {
          "key": "1Key3",
          "time": 132176
        },
        {
          "key": "1Key5",
          "time": 132176
        },
        {
          "key": "1Key0",
          "time": 133244
        },
        {
          "key": "1Key3",
          "time": 133244
        },
        {
          "key": "1Key3",
          "time": 133956
        },
        {
          "key": "1Key4",
          "time": 134134
        },
        {
          "key": "1Key1",
          "time": 134312
        },
        {
          "key": "1Key3",
          "time": 134312
        },
        {
          "key": "1Key5",
          "time": 134312
        },
        {
          "key": "1Key4",
          "time": 135024
        },
        {
          "key": "1Key0",
          "time": 135380
        },
        {
          "key": "1Key2",
          "time": 135380
        },
        {
          "key": "1Key4",
          "time": 135380
        },
        {
          "key": "1Key3",
          "time": 136092
        },
        {
          "key": "1Key1",
          "time": 136448
        },
        {
          "key": "1Key3",
          "time": 138228
        },
        {
          "key": "1Key2",
          "time": 138406
        },
        {
          "key": "1Key1",
          "time": 138584
        },
        {
          "key": "1Key3",
          "time": 139118
        },
        {
          "key": "1Key1",
          "time": 139652
        },
        {
          "key": "1Key3",
          "time": 139652
        },
        {
          "key": "1Key7",
          "time": 140186
        },
        {
          "key": "1Key0",
          "time": 140720
        },
        {
          "key": "1Key3",
          "time": 140720
        },
        {
          "key": "1Key7",
          "time": 140720
        },
        {
          "key": "1Key0",
          "time": 141788
        },
        {
          "key": "1Key3",
          "time": 141788
        },
        {
          "key": "1Key3",
          "time": 142500
        },
        {
          "key": "1Key4",
          "time": 142678
        },
        {
          "key": "1Key0",
          "time": 142856
        },
        {
          "key": "1Key3",
          "time": 142856
        },
        {
          "key": "1Key5",
          "time": 142856
        },
        {
          "key": "1Key4",
          "time": 143568
        },
        {
          "key": "1Key0",
          "time": 143924
        },
        {
          "key": "1Key2",
          "time": 143924
        },
        {
          "key": "1Key4",
          "time": 143924
        },
        {
          "key": "1Key0",
          "time": 144636
        },
        {
          "key": "1Key0",
          "time": 144992
        },
        {
          "key": "1Key3",
          "time": 144992
        },
        {
          "key": "1Key5",
          "time": 144992
        },
        {
          "key": "1Key4",
          "time": 145704
        },
        {
          "key": "1Key0",
          "time": 146060
        },
        {
          "key": "1Key2",
          "time": 146060
        },
        {
          "key": "1Key4",
          "time": 146416
        },
        {
          "key": "1Key3",
          "time": 146772
        },
        {
          "key": "1Key3",
          "time": 147484
        },
        {
          "key": "1Key1",
          "time": 148196
        },
        {
          "key": "1Key0",
          "time": 149264
        },
        {
          "key": "1Key3",
          "time": 149264
        },
        {
          "key": "1Key0",
          "time": 150688
        },
        {
          "key": "1Key3",
          "time": 151044
        },
        {
          "key": "1Key1",
          "time": 151400
        },
        {
          "key": "1Key0",
          "time": 153180
        },
        {
          "key": "1Key3",
          "time": 155316
        },
        {
          "key": "1Key4",
          "time": 155494
        },
        {
          "key": "1Key1",
          "time": 155672
        },
        {
          "key": "1Key3",
          "time": 155672
        },
        {
          "key": "1Key5",
          "time": 155672
        },
        {
          "key": "1Key0",
          "time": 156740
        },
        {
          "key": "1Key2",
          "time": 156740
        },
        {
          "key": "1Key4",
          "time": 156740
        },
        {
          "key": "1Key1",
          "time": 157808
        },
        {
          "key": "1Key3",
          "time": 157808
        },
        {
          "key": "1Key3",
          "time": 159588
        },
        {
          "key": "1Key2",
          "time": 159766
        },
        {
          "key": "1Key1",
          "time": 159944
        },
        {
          "key": "1Key3",
          "time": 160478
        },
        {
          "key": "1Key1",
          "time": 161012
        },
        {
          "key": "1Key3",
          "time": 161012
        },
        {
          "key": "1Key7",
          "time": 161546
        },
        {
          "key": "1Key0",
          "time": 162080
        },
        {
          "key": "1Key3",
          "time": 162080
        },
        {
          "key": "1Key7",
          "time": 162080
        },
        {
          "key": "1Key0",
          "time": 163148
        },
        {
          "key": "1Key3",
          "time": 163148
        },
        {
          "key": "1Key4",
          "time": 163504
        },
        {
          "key": "1Key5",
          "time": 163860
        },
        {
          "key": "1Key0",
          "time": 164216
        },
        {
          "key": "1Key3",
          "time": 164216
        },
        {
          "key": "1Key5",
          "time": 164216
        },
        {
          "key": "1Key4",
          "time": 164928
        },
        {
          "key": "1Key0",
          "time": 165284
        },
        {
          "key": "1Key2",
          "time": 165284
        },
        {
          "key": "1Key4",
          "time": 165284
        },
        {
          "key": "1Key0",
          "time": 165996
        },
        {
          "key": "1Key0",
          "time": 166352
        },
        {
          "key": "1Key3",
          "time": 166352
        },
        {
          "key": "1Key5",
          "time": 166352
        },
        {
          "key": "1Key4",
          "time": 167064
        },
        {
          "key": "1Key0",
          "time": 167420
        },
        {
          "key": "1Key2",
          "time": 167420
        },
        {
          "key": "1Key4",
          "time": 168132
        },
        {
          "key": "1Key3",
          "time": 168310
        },
        {
          "key": "1Key3",
          "time": 168488
        },
        {
          "key": "1Key1",
          "time": 170624
        },
        {
          "key": "1Key1",
          "time": 171692
        },
        {
          "key": "1Key1",
          "time": 172048
        },
        {
          "key": "1Key3",
          "time": 172048
        },
        {
          "key": "1Key7",
          "time": 172404
        },
        {
          "key": "1Key10",
          "time": 172404
        },
        {
          "key": "1Key4",
          "time": 172760
        },
        {
          "key": "1Key5",
          "time": 172938
        },
        {
          "key": "1Key7",
          "time": 173116
        }
      ]
    }
  ]