[
  {
    "name": "Anson Seabra - Welcome to Wonderland",
    "bpm": 200,
    "songNotes": [
      {
        "time": 1052,
        "key": "Key9"
      },
      {
        "time": 1053,
        "key": "Key2"
      },
      {
        "time": 1054,
        "key": "Key0"
      },
      {
        "time": 1783,
        "key": "Key2"
      },
      {
        "time": 1784,
        "key": "Key0"
      },
      {
        "time": 1810,
        "key": "Key9"
      },
      {
        "time": 2481,
        "key": "Key9"
      },
      {
        "time": 2499,
        "key": "Key2"
      },
      {
        "time": 2510,
        "key": "Key0"
      },
      {
        "time": 3231,
        "key": "Key9"
      },
      {
        "time": 3240,
        "key": "Key2"
      },
      {
        "time": 3250,
        "key": "Key0"
      },
      {
        "time": 3880,
        "key": "Key4"
      },
      {
        "time": 3888,
        "key": "Key8"
      },
      {
        "time": 3909,
        "key": "Key0"
      },
      {
        "time": 3911,
        "key": "Key2"
      },
      {
        "time": 4579,
        "key": "Key2"
      },
      {
        "time": 4589,
        "key": "Key0"
      },
      {
        "time": 4591,
        "key": "Key4"
      },
      {
        "time": 4592,
        "key": "Key8"
      },
      {
        "time": 5268,
        "key": "Key4"
      },
      {
        "time": 5277,
        "key": "Key2"
      },
      {
        "time": 5278,
        "key": "Key0"
      },
      {
        "time": 5280,
        "key": "Key8"
      },
      {
        "time": 5928,
        "key": "Key2"
      },
      {
        "time": 5937,
        "key": "Key0"
      },
      {
        "time": 5938,
        "key": "Key4"
      },
      {
        "time": 5947,
        "key": "Key8"
      },
      {
        "time": 6187,
        "key": "Key7"
      },
      {
        "time": 6378,
        "key": "Key8"
      },
      {
        "time": 6997,
        "key": "Key3"
      },
      {
        "time": 6999,
        "key": "Key0"
      },
      {
        "time": 7009,
        "key": "Key9"
      },
      {
        "time": 7666,
        "key": "Key9"
      },
      {
        "time": 7685,
        "key": "Key0"
      },
      {
        "time": 7694,
        "key": "Key3"
      },
      {
        "time": 8356,
        "key": "Key9"
      },
      {
        "time": 8365,
        "key": "Key0"
      },
      {
        "time": 8366,
        "key": "Key3"
      },
      {
        "time": 9025,
        "key": "Key3"
      },
      {
        "time": 9035,
        "key": "Key0"
      },
      {
        "time": 9037,
        "key": "Key9"
      },
      {
        "time": 9745,
        "key": "Key8"
      },
      {
        "time": 9746,
        "key": "Key4"
      },
      {
        "time": 9763,
        "key": "Key0"
      },
      {
        "time": 9774,
        "key": "Key3"
      },
      {
        "time": 10423,
        "key": "Key8"
      },
      {
        "time": 10430,
        "key": "Key4"
      },
      {
        "time": 10452,
        "key": "Key0"
      },
      {
        "time": 10465,
        "key": "Key3"
      },
      {
        "time": 11112,
        "key": "Key8"
      },
      {
        "time": 11121,
        "key": "Key0"
      },
      {
        "time": 11152,
        "key": "Key4"
      },
      {
        "time": 11153,
        "key": "Key3"
      },
      {
        "time": 11781,
        "key": "Key4"
      },
      {
        "time": 11791,
        "key": "Key8"
      },
      {
        "time": 11792,
        "key": "Key0"
      },
      {
        "time": 11801,
        "key": "Key3"
      },
      {
        "time": 12471,
        "key": "Key7"
      },
      {
        "time": 12520,
        "key": "Key0"
      },
      {
        "time": 12539,
        "key": "Key2"
      },
      {
        "time": 12741,
        "key": "Key8"
      },
      {
        "time": 12991,
        "key": "Key9"
      },
      {
        "time": 13220,
        "key": "Key0"
      },
      {
        "time": 13231,
        "key": "Key2"
      },
      {
        "time": 13233,
        "key": "Key9"
      },
      {
        "time": 13480,
        "key": "Key8"
      },
      {
        "time": 13730,
        "key": "Key7"
      },
      {
        "time": 13962,
        "key": "Key2"
      },
      {
        "time": 13963,
        "key": "Key0"
      },
      {
        "time": 13963,
        "key": "Key7"
      },
      {
        "time": 14229,
        "key": "Key8"
      },
      {
        "time": 14439,
        "key": "Key9"
      },
      {
        "time": 14639,
        "key": "Key9"
      },
      {
        "time": 14678,
        "key": "Key2"
      },
      {
        "time": 14689,
        "key": "Key0"
      },
      {
        "time": 15318,
        "key": "Key4"
      },
      {
        "time": 15327,
        "key": "Key2"
      },
      {
        "time": 15348,
        "key": "Key6"
      },
      {
        "time": 15568,
        "key": "Key7"
      },
      {
        "time": 15778,
        "key": "Key8"
      },
      {
        "time": 16017,
        "key": "Key1"
      },
      {
        "time": 16049,
        "key": "Key4"
      },
      {
        "time": 16050,
        "key": "Key8"
      },
      {
        "time": 16287,
        "key": "Key7"
      },
      {
        "time": 16508,
        "key": "Key6"
      },
      {
        "time": 16768,
        "key": "Key6"
      },
      {
        "time": 16776,
        "key": "Key4"
      },
      {
        "time": 16777,
        "key": "Key2"
      },
      {
        "time": 17027,
        "key": "Key7"
      },
      {
        "time": 17246,
        "key": "Key8"
      },
      {
        "time": 17506,
        "key": "Key1"
      },
      {
        "time": 17526,
        "key": "Key4"
      },
      {
        "time": 17527,
        "key": "Key8"
      },
      {
        "time": 18207,
        "key": "Key0"
      },
      {
        "time": 18208,
        "key": "Key7"
      },
      {
        "time": 18210,
        "key": "Key2"
      },
      {
        "time": 18455,
        "key": "Key8"
      },
      {
        "time": 18705,
        "key": "Key9"
      },
      {
        "time": 18924,
        "key": "Key0"
      },
      {
        "time": 18925,
        "key": "Key2"
      },
      {
        "time": 18936,
        "key": "Key9"
      },
      {
        "time": 19164,
        "key": "Key8"
      },
      {
        "time": 19374,
        "key": "Key7"
      },
      {
        "time": 19636,
        "key": "Key2"
      },
      {
        "time": 19637,
        "key": "Key0"
      },
      {
        "time": 19662,
        "key": "Key7"
      },
      {
        "time": 19903,
        "key": "Key8"
      },
      {
        "time": 20134,
        "key": "Key9"
      },
      {
        "time": 20364,
        "key": "Key0"
      },
      {
        "time": 20364,
        "key": "Key2"
      },
      {
        "time": 20383,
        "key": "Key9"
      },
      {
        "time": 20762,
        "key": "Key8"
      },
      {
        "time": 20912,
        "key": "Key7"
      },
      {
        "time": 21113,
        "key": "Key5"
      },
      {
        "time": 21120,
        "key": "Key3"
      },
      {
        "time": 21120,
        "key": "Key1"
      },
      {
        "time": 21822,
        "key": "Key3"
      },
      {
        "time": 21824,
        "key": "Key1"
      },
      {
        "time": 21841,
        "key": "Key5"
      },
      {
        "time": 22521,
        "key": "Key5"
      },
      {
        "time": 22531,
        "key": "Key3"
      },
      {
        "time": 22533,
        "key": "Key1"
      },
      {
        "time": 23190,
        "key": "Key5"
      },
      {
        "time": 23199,
        "key": "Key1"
      },
      {
        "time": 23209,
        "key": "Key3"
      },
      {
        "time": 23720,
        "key": "Key6"
      },
      {
        "time": 23931,
        "key": "Key7"
      },
      {
        "time": 23932,
        "key": "Key2"
      },
      {
        "time": 23949,
        "key": "Key0"
      },
      {
        "time": 24219,
        "key": "Key8"
      },
      {
        "time": 24420,
        "key": "Key9"
      },
      {
        "time": 24639,
        "key": "Key2"
      },
      {
        "time": 24647,
        "key": "Key0"
      },
      {
        "time": 24657,
        "key": "Key9"
      },
      {
        "time": 24889,
        "key": "Key8"
      },
      {
        "time": 25098,
        "key": "Key7"
      },
      {
        "time": 25348,
        "key": "Key2"
      },
      {
        "time": 25357,
        "key": "Key7"
      },
      {
        "time": 25367,
        "key": "Key0"
      },
      {
        "time": 25607,
        "key": "Key8"
      },
      {
        "time": 25838,
        "key": "Key9"
      },
      {
        "time": 26038,
        "key": "Key9"
      },
      {
        "time": 26066,
        "key": "Key2"
      },
      {
        "time": 26076,
        "key": "Key0"
      },
      {
        "time": 26707,
        "key": "Key6"
      },
      {
        "time": 26716,
        "key": "Key2"
      },
      {
        "time": 26717,
        "key": "Key4"
      },
      {
        "time": 26937,
        "key": "Key7"
      },
      {
        "time": 27136,
        "key": "Key8"
      },
      {
        "time": 27376,
        "key": "Key8"
      },
      {
        "time": 27385,
        "key": "Key1"
      },
      {
        "time": 27386,
        "key": "Key4"
      },
      {
        "time": 27626,
        "key": "Key7"
      },
      {
        "time": 27826,
        "key": "Key6"
      },
      {
        "time": 28066,
        "key": "Key6"
      },
      {
        "time": 28094,
        "key": "Key4"
      },
      {
        "time": 28096,
        "key": "Key2"
      },
      {
        "time": 28335,
        "key": "Key7"
      },
      {
        "time": 28565,
        "key": "Key8"
      },
      {
        "time": 28795,
        "key": "Key8"
      },
      {
        "time": 28796,
        "key": "Key4"
      },
      {
        "time": 28833,
        "key": "Key1"
      },
      {
        "time": 29444,
        "key": "Key7"
      },
      {
        "time": 29445,
        "key": "Key2"
      },
      {
        "time": 29453,
        "key": "Key0"
      },
      {
        "time": 29704,
        "key": "Key8"
      },
      {
        "time": 29924,
        "key": "Key9"
      },
      {
        "time": 30154,
        "key": "Key2"
      },
      {
        "time": 30162,
        "key": "Key9"
      },
      {
        "time": 30172,
        "key": "Key0"
      },
      {
        "time": 30374,
        "key": "Key8"
      },
      {
        "time": 30593,
        "key": "Key7"
      },
      {
        "time": 30853,
        "key": "Key2"
      },
      {
        "time": 30861,
        "key": "Key0"
      },
      {
        "time": 30892,
        "key": "Key7"
      },
      {
        "time": 31133,
        "key": "Key8"
      },
      {
        "time": 31352,
        "key": "Key9"
      },
      {
        "time": 31572,
        "key": "Key2"
      },
      {
        "time": 31582,
        "key": "Key9"
      },
      {
        "time": 31584,
        "key": "Key0"
      },
      {
        "time": 31922,
        "key": "Key8"
      },
      {
        "time": 32101,
        "key": "Key7"
      },
      {
        "time": 32242,
        "key": "Key5"
      },
      {
        "time": 32271,
        "key": "Key1"
      },
      {
        "time": 32280,
        "key": "Key3"
      },
      {
        "time": 32941,
        "key": "Key3"
      },
      {
        "time": 32949,
        "key": "Key1"
      },
      {
        "time": 32969,
        "key": "Key5"
      },
      {
        "time": 33650,
        "key": "Key1"
      },
      {
        "time": 33651,
        "key": "Key5"
      },
      {
        "time": 33659,
        "key": "Key3"
      },
      {
        "time": 34300,
        "key": "Key3"
      },
      {
        "time": 34301,
        "key": "Key1"
      },
      {
        "time": 34308,
        "key": "Key5"
      },
      {
        "time": 34809,
        "key": "Key6"
      },
      {
        "time": 35189,
        "key": "Key12"
      },
      {
        "time": 35190,
        "key": "Key8"
      },
      {
        "time": 35195,
        "key": "Key5"
      },
      {
        "time": 35648,
        "key": "Key14"
      },
      {
        "time": 36138,
        "key": "Key7"
      },
      {
        "time": 36348,
        "key": "Key8"
      },
      {
        "time": 36578,
        "key": "Key9"
      },
      {
        "time": 36579,
        "key": "Key2"
      },
      {
        "time": 36586,
        "key": "Key0"
      },
      {
        "time": 37458,
        "key": "Key7"
      },
      {
        "time": 37650,
        "key": "Key8"
      },
      {
        "time": 37932,
        "key": "Key1"
      },
      {
        "time": 37933,
        "key": "Key9"
      },
      {
        "time": 37935,
        "key": "Key3"
      },
      {
        "time": 38577,
        "key": "Key8"
      },
      {
        "time": 38586,
        "key": "Key1"
      },
      {
        "time": 38586,
        "key": "Key4"
      },
      {
        "time": 39228,
        "key": "Key7"
      },
      {
        "time": 39230,
        "key": "Key2"
      },
      {
        "time": 39258,
        "key": "Key5"
      },
      {
        "time": 39259,
        "key": "Key0"
      },
      {
        "time": 40443,
        "key": "Key8"
      },
      {
        "time": 40444,
        "key": "Key12"
      },
      {
        "time": 40449,
        "key": "Key5"
      },
      {
        "time": 40881,
        "key": "Key14"
      },
      {
        "time": 41340,
        "key": "Key7"
      },
      {
        "time": 41561,
        "key": "Key8"
      },
      {
        "time": 41772,
        "key": "Key3"
      },
      {
        "time": 41773,
        "key": "Key1"
      },
      {
        "time": 41789,
        "key": "Key9"
      },
      {
        "time": 42420,
        "key": "Key10"
      },
      {
        "time": 42880,
        "key": "Key9"
      },
      {
        "time": 43088,
        "key": "Key8"
      },
      {
        "time": 43097,
        "key": "Key4"
      },
      {
        "time": 43119,
        "key": "Key1"
      },
      {
        "time": 43519,
        "key": "Key1"
      },
      {
        "time": 43527,
        "key": "Key8"
      },
      {
        "time": 43550,
        "key": "Key4"
      },
      {
        "time": 43819,
        "key": "Key4"
      },
      {
        "time": 43820,
        "key": "Key1"
      },
      {
        "time": 43827,
        "key": "Key8"
      },
      {
        "time": 44228,
        "key": "Key6"
      },
      {
        "time": 44469,
        "key": "Key4"
      },
      {
        "time": 45683,
        "key": "Key12"
      },
      {
        "time": 45684,
        "key": "Key5"
      },
      {
        "time": 45685,
        "key": "Key8"
      },
      {
        "time": 46152,
        "key": "Key14"
      },
      {
        "time": 46571,
        "key": "Key7"
      },
      {
        "time": 46820,
        "key": "Key8"
      },
      {
        "time": 47031,
        "key": "Key9"
      },
      {
        "time": 47040,
        "key": "Key0"
      },
      {
        "time": 47042,
        "key": "Key2"
      },
      {
        "time": 48030,
        "key": "Key7"
      },
      {
        "time": 48253,
        "key": "Key8"
      },
      {
        "time": 48523,
        "key": "Key9"
      },
      {
        "time": 48532,
        "key": "Key2"
      },
      {
        "time": 48533,
        "key": "Key0"
      },
      {
        "time": 49242,
        "key": "Key1"
      },
      {
        "time": 49244,
        "key": "Key4"
      },
      {
        "time": 49251,
        "key": "Key8"
      },
      {
        "time": 49911,
        "key": "Key7"
      },
      {
        "time": 49913,
        "key": "Key5"
      },
      {
        "time": 49920,
        "key": "Key0"
      },
      {
        "time": 49950,
        "key": "Key2"
      },
      {
        "time": 51171,
        "key": "Key7"
      },
      {
        "time": 52143,
        "key": "Key9"
      },
      {
        "time": 52435,
        "key": "Key1"
      },
      {
        "time": 52464,
        "key": "Key8"
      },
      {
        "time": 53544,
        "key": "Key7"
      },
      {
        "time": 53824,
        "key": "Key4"
      },
      {
        "time": 53832,
        "key": "Key2"
      },
      {
        "time": 53853,
        "key": "Key6"
      },
      {
        "time": 56862,
        "key": "Key8"
      },
      {
        "time": 56871,
        "key": "Key10"
      },
      {
        "time": 56872,
        "key": "Key6"
      },
      {
        "time": 57272,
        "key": "Key10"
      },
      {
        "time": 57274,
        "key": "Key8"
      },
      {
        "time": 57280,
        "key": "Key6"
      },
      {
        "time": 57511,
        "key": "Key10"
      },
      {
        "time": 57522,
        "key": "Key6"
      },
      {
        "time": 57523,
        "key": "Key8"
      },
      {
        "time": 57791,
        "key": "Key9"
      },
      {
        "time": 57941,
        "key": "Key9"
      },
      {
        "time": 58181,
        "key": "Key4"
      },
      {
        "time": 58189,
        "key": "Key8"
      },
      {
        "time": 58200,
        "key": "Key1"
      },
      {
        "time": 58890,
        "key": "Key4"
      },
      {
        "time": 59389,
        "key": "Key11"
      },
      {
        "time": 59620,
        "key": "Key2"
      },
      {
        "time": 59631,
        "key": "Key9"
      },
      {
        "time": 60310,
        "key": "Key0"
      },
      {
        "time": 60312,
        "key": "Key2"
      },
      {
        "time": 60337,
        "key": "Key9"
      },
      {
        "time": 60967,
        "key": "Key9"
      },
      {
        "time": 60986,
        "key": "Key2"
      },
      {
        "time": 60987,
        "key": "Key0"
      },
      {
        "time": 61487,
        "key": "Key4"
      },
      {
        "time": 61708,
        "key": "Key9"
      },
      {
        "time": 61726,
        "key": "Key2"
      },
      {
        "time": 61736,
        "key": "Key0"
      },
      {
        "time": 62077,
        "key": "Key4"
      },
      {
        "time": 62386,
        "key": "Key6"
      },
      {
        "time": 62396,
        "key": "Key8"
      },
      {
        "time": 62416,
        "key": "Key10"
      },
      {
        "time": 62627,
        "key": "Key6"
      },
      {
        "time": 62635,
        "key": "Key8"
      },
      {
        "time": 62637,
        "key": "Key10"
      },
      {
        "time": 62826,
        "key": "Key6"
      },
      {
        "time": 62834,
        "key": "Key10"
      },
      {
        "time": 62834,
        "key": "Key8"
      },
      {
        "time": 63006,
        "key": "Key8"
      },
      {
        "time": 63013,
        "key": "Key6"
      },
      {
        "time": 63036,
        "key": "Key10"
      },
      {
        "time": 63286,
        "key": "Key9"
      },
      {
        "time": 63435,
        "key": "Key9"
      },
      {
        "time": 63655,
        "key": "Key1"
      },
      {
        "time": 63665,
        "key": "Key8"
      },
      {
        "time": 63686,
        "key": "Key4"
      },
      {
        "time": 64345,
        "key": "Key4"
      },
      {
        "time": 64815,
        "key": "Key11"
      },
      {
        "time": 65055,
        "key": "Key9"
      },
      {
        "time": 65055,
        "key": "Key2"
      },
      {
        "time": 65056,
        "key": "Key0"
      },
      {
        "time": 65734,
        "key": "Key9"
      },
      {
        "time": 65735,
        "key": "Key2"
      },
      {
        "time": 65743,
        "key": "Key0"
      },
      {
        "time": 66422,
        "key": "Key9"
      },
      {
        "time": 66430,
        "key": "Key0"
      },
      {
        "time": 66441,
        "key": "Key2"
      },
      {
        "time": 67123,
        "key": "Key4"
      },
      {
        "time": 67611,
        "key": "Key9"
      },
      {
        "time": 67832,
        "key": "Key10"
      },
      {
        "time": 67852,
        "key": "Key8"
      },
      {
        "time": 67853,
        "key": "Key6"
      },
      {
        "time": 68052,
        "key": "Key6"
      },
      {
        "time": 68062,
        "key": "Key8"
      },
      {
        "time": 68063,
        "key": "Key10"
      },
      {
        "time": 68251,
        "key": "Key6"
      },
      {
        "time": 68261,
        "key": "Key10"
      },
      {
        "time": 68262,
        "key": "Key8"
      },
      {
        "time": 68421,
        "key": "Key8"
      },
      {
        "time": 68422,
        "key": "Key6"
      },
      {
        "time": 68440,
        "key": "Key10"
      },
      {
        "time": 68681,
        "key": "Key9"
      },
      {
        "time": 68831,
        "key": "Key9"
      },
      {
        "time": 69041,
        "key": "Key1"
      },
      {
        "time": 69060,
        "key": "Key4"
      },
      {
        "time": 69071,
        "key": "Key8"
      },
      {
        "time": 69699,
        "key": "Key7"
      },
      {
        "time": 70199,
        "key": "Key8"
      },
      {
        "time": 70419,
        "key": "Key3"
      },
      {
        "time": 70420,
        "key": "Key1"
      },
      {
        "time": 70457,
        "key": "Key9"
      },
      {
        "time": 70589,
        "key": "Key1"
      },
      {
        "time": 70597,
        "key": "Key3"
      },
      {
        "time": 70628,
        "key": "Key9"
      },
      {
        "time": 70958,
        "key": "Key11"
      },
      {
        "time": 71487,
        "key": "Key12"
      },
      {
        "time": 71748,
        "key": "Key0"
      },
      {
        "time": 71749,
        "key": "Key2"
      },
      {
        "time": 71767,
        "key": "Key9"
      },
      {
        "time": 72642,
        "key": "Key10"
      },
      {
        "time": 72902,
        "key": "Key9"
      },
      {
        "time": 73091,
        "key": "Key8"
      },
      {
        "time": 73361,
        "key": "Key0"
      },
      {
        "time": 73370,
        "key": "Key7"
      },
      {
        "time": 73380,
        "key": "Key2"
      },
      {
        "time": 75719,
        "key": "Key8"
      },
      {
        "time": 76470,
        "key": "Key4"
      },
      {
        "time": 76479,
        "key": "Key2"
      },
      {
        "time": 76490,
        "key": "Key6"
      },
      {
        "time": 78973,
        "key": "Key8"
      },
      {
        "time": 78979,
        "key": "Key12"
      },
      {
        "time": 79001,
        "key": "Key5"
      },
      {
        "time": 79471,
        "key": "Key14"
      },
      {
        "time": 79951,
        "key": "Key7"
      },
      {
        "time": 80171,
        "key": "Key8"
      },
      {
        "time": 80421,
        "key": "Key9"
      },
      {
        "time": 80429,
        "key": "Key2"
      },
      {
        "time": 80440,
        "key": "Key0"
      },
      {
        "time": 81100,
        "key": "Key4"
      },
      {
        "time": 81399,
        "key": "Key7"
      },
      {
        "time": 81589,
        "key": "Key8"
      },
      {
        "time": 81869,
        "key": "Key9"
      },
      {
        "time": 81899,
        "key": "Key2"
      },
      {
        "time": 81901,
        "key": "Key0"
      },
      {
        "time": 82559,
        "key": "Key8"
      },
      {
        "time": 82561,
        "key": "Key4"
      },
      {
        "time": 82598,
        "key": "Key1"
      },
      {
        "time": 83289,
        "key": "Key2"
      },
      {
        "time": 83306,
        "key": "Key7"
      },
      {
        "time": 83607,
        "key": "Key4"
      },
      {
        "time": 83867,
        "key": "Key4"
      },
      {
        "time": 84316,
        "key": "Key4"
      },
      {
        "time": 84586,
        "key": "Key5"
      },
      {
        "time": 84604,
        "key": "Key8"
      },
      {
        "time": 84614,
        "key": "Key12"
      },
      {
        "time": 85046,
        "key": "Key14"
      },
      {
        "time": 85505,
        "key": "Key7"
      },
      {
        "time": 85705,
        "key": "Key8"
      },
      {
        "time": 85946,
        "key": "Key9"
      },
      {
        "time": 85947,
        "key": "Key2"
      },
      {
        "time": 85953,
        "key": "Key0"
      },
      {
        "time": 86634,
        "key": "Key10"
      },
      {
        "time": 87133,
        "key": "Key9"
      },
      {
        "time": 87373,
        "key": "Key1"
      },
      {
        "time": 87383,
        "key": "Key8"
      },
      {
        "time": 87394,
        "key": "Key4"
      },
      {
        "time": 87396,
        "key": "Key6"
      },
      {
        "time": 87854,
        "key": "Key6"
      },
      {
        "time": 87856,
        "key": "Key1"
      },
      {
        "time": 87862,
        "key": "Key8"
      },
      {
        "time": 87872,
        "key": "Key4"
      },
      {
        "time": 88102,
        "key": "Key6"
      },
      {
        "time": 88111,
        "key": "Key1"
      },
      {
        "time": 88122,
        "key": "Key8"
      },
      {
        "time": 88132,
        "key": "Key4"
      },
      {
        "time": 88552,
        "key": "Key6"
      },
      {
        "time": 88772,
        "key": "Key4"
      },
      {
        "time": 89884,
        "key": "Key5"
      },
      {
        "time": 89903,
        "key": "Key8"
      },
      {
        "time": 89905,
        "key": "Key12"
      },
      {
        "time": 90294,
        "key": "Key5"
      },
      {
        "time": 90312,
        "key": "Key8"
      },
      {
        "time": 90322,
        "key": "Key12"
      },
      {
        "time": 90523,
        "key": "Key14"
      },
      {
        "time": 90884,
        "key": "Key7"
      },
      {
        "time": 91053,
        "key": "Key8"
      },
      {
        "time": 91254,
        "key": "Key9"
      },
      {
        "time": 91271,
        "key": "Key2"
      },
      {
        "time": 91281,
        "key": "Key0"
      },
      {
        "time": 92254,
        "key": "Key7"
      },
      {
        "time": 92455,
        "key": "Key8"
      },
      {
        "time": 92735,
        "key": "Key2"
      },
      {
        "time": 92743,
        "key": "Key0"
      },
      {
        "time": 92773,
        "key": "Key9"
      },
      {
        "time": 93464,
        "key": "Key1"
      },
      {
        "time": 93473,
        "key": "Key8"
      },
      {
        "time": 93475,
        "key": "Key4"
      },
      {
        "time": 94143,
        "key": "Key7"
      },
      {
        "time": 94162,
        "key": "Key2"
      },
      {
        "time": 94182,
        "key": "Key5"
      },
      {
        "time": 94192,
        "key": "Key0"
      },
      {
        "time": 95406,
        "key": "Key7"
      },
      {
        "time": 96301,
        "key": "Key7"
      },
      {
        "time": 96560,
        "key": "Key9"
      },
      {
        "time": 96830,
        "key": "Key1"
      },
      {
        "time": 96839,
        "key": "Key8"
      },
      {
        "time": 96849,
        "key": "Key4"
      },
      {
        "time": 97850,
        "key": "Key7"
      },
      {
        "time": 98261,
        "key": "Key2"
      },
      {
        "time": 98280,
        "key": "Key4"
      },
      {
        "time": 99681,
        "key": "Key6"
      },
      {
        "time": 102578,
        "key": "Key7"
      },
      {
        "time": 102587,
        "key": "Key2"
      },
      {
        "time": 102588,
        "key": "Key0"
      },
      {
        "time": 103451,
        "key": "Key8"
      },
      {
        "time": 103792,
        "key": "Key9"
      },
      {
        "time": 104102,
        "key": "Key8"
      },
      {
        "time": 104110,
        "key": "Key1"
      },
      {
        "time": 104121,
        "key": "Key4"
      },
      {
        "time": 105093,
        "key": "Key7"
      },
      {
        "time": 105863,
        "key": "Key7"
      },
      {
        "time": 105931,
        "key": "Key0"
      },
      {
        "time": 105983,
        "key": "Key2"
      }
    ]
  }
]