[
  {
    "name": "Aoi Teshima - Sayonara no Natsu",
    "bpm": 200,
    "songNotes": [
      {
        "time": 918,
        "key": "1Key5"
      },
      {
        "time": 927,
        "key": "1Key7"
      },
      {
        "time": 937,
        "key": "1Key2"
      },
      {
        "time": 1954,
        "key": "1Key9"
      },
      {
        "time": 2468,
        "key": "1Key6"
      },
      {
        "time": 2480,
        "key": "1Key4"
      },
      {
        "time": 2502,
        "key": "1Key1"
      },
      {
        "time": 3496,
        "key": "1Key7"
      },
      {
        "time": 3965,
        "key": "1Key3"
      },
      {
        "time": 3976,
        "key": "1Key5"
      },
      {
        "time": 4894,
        "key": "1Key7"
      },
      {
        "time": 5398,
        "key": "1Key2"
      },
      {
        "time": 5407,
        "key": "1Key4"
      },
      {
        "time": 6261,
        "key": "1Key0"
      },
      {
        "time": 6769,
        "key": "1Key3"
      },
      {
        "time": 6778,
        "key": "1Key1"
      },
      {
        "time": 7224,
        "key": "1Key4"
      },
      {
        "time": 7630,
        "key": "1Key5"
      },
      {
        "time": 8086,
        "key": "1Key0"
      },
      {
        "time": 8178,
        "key": "1Key2"
      },
      {
        "time": 8503,
        "key": "1Key5"
      },
      {
        "time": 9029,
        "key": "1Key7"
      },
      {
        "time": 9440,
        "key": "1Key1"
      },
      {
        "time": 9453,
        "key": "1Key6"
      },
      {
        "time": 9480,
        "key": "1Key8"
      },
      {
        "time": 9489,
        "key": "1Key4"
      },
      {
        "time": 10162,
        "key": "1Key6"
      },
      {
        "time": 10346,
        "key": "1Key4"
      },
      {
        "time": 10751,
        "key": "1Key5"
      },
      {
        "time": 10760,
        "key": "1Key0"
      },
      {
        "time": 10843,
        "key": "1Key2"
      },
      {
        "time": 11230,
        "key": "1Key2"
      },
      {
        "time": 11691,
        "key": "1Key7"
      },
      {
        "time": 12166,
        "key": "1Key6"
      },
      {
        "time": 13053,
        "key": "1Key9"
      },
      {
        "time": 13512,
        "key": "1Key14"
      },
      {
        "time": 13539,
        "key": "1Key5"
      },
      {
        "time": 13980,
        "key": "1Key7"
      },
      {
        "time": 13990,
        "key": "1Key9"
      },
      {
        "time": 14252,
        "key": "1Key14"
      },
      {
        "time": 14440,
        "key": "1Key13"
      },
      {
        "time": 14615,
        "key": "1Key12"
      },
      {
        "time": 14798,
        "key": "1Key13"
      },
      {
        "time": 14812,
        "key": "1Key4"
      },
      {
        "time": 15020,
        "key": "1Key6"
      },
      {
        "time": 15211,
        "key": "1Key8"
      },
      {
        "time": 15754,
        "key": "1Key9"
      },
      {
        "time": 16271,
        "key": "1Key3"
      },
      {
        "time": 16281,
        "key": "1Key12"
      },
      {
        "time": 16738,
        "key": "1Key5"
      },
      {
        "time": 16749,
        "key": "1Key7"
      },
      {
        "time": 17035,
        "key": "1Key12"
      },
      {
        "time": 17215,
        "key": "1Key11"
      },
      {
        "time": 17427,
        "key": "1Key10"
      },
      {
        "time": 17690,
        "key": "1Key11"
      },
      {
        "time": 17704,
        "key": "1Key5"
      },
      {
        "time": 17949,
        "key": "1Key2"
      },
      {
        "time": 18137,
        "key": "1Key4"
      },
      {
        "time": 18600,
        "key": "1Key7"
      },
      {
        "time": 19095,
        "key": "1Key10"
      },
      {
        "time": 19103,
        "key": "1Key1"
      },
      {
        "time": 19628,
        "key": "1Key3"
      },
      {
        "time": 19636,
        "key": "1Key5"
      },
      {
        "time": 19926,
        "key": "1Key10"
      },
      {
        "time": 20128,
        "key": "1Key9"
      },
      {
        "time": 20355,
        "key": "1Key8"
      },
      {
        "time": 20603,
        "key": "1Key2"
      },
      {
        "time": 20612,
        "key": "1Key7"
      },
      {
        "time": 21065,
        "key": "1Key5"
      },
      {
        "time": 21076,
        "key": "1Key9"
      },
      {
        "time": 21105,
        "key": "1Key7"
      },
      {
        "time": 21624,
        "key": "1Key14"
      },
      {
        "time": 22040,
        "key": "1Key1"
      },
      {
        "time": 22142,
        "key": "1Key8"
      },
      {
        "time": 22567,
        "key": "1Key5"
      },
      {
        "time": 22579,
        "key": "1Key3"
      },
      {
        "time": 23041,
        "key": "1Key5"
      },
      {
        "time": 23527,
        "key": "1Key6"
      },
      {
        "time": 23535,
        "key": "1Key2"
      },
      {
        "time": 23983,
        "key": "1Key2"
      },
      {
        "time": 24437,
        "key": "1Key9"
      },
      {
        "time": 24877,
        "key": "1Key14"
      },
      {
        "time": 24886,
        "key": "1Key5"
      },
      {
        "time": 25326,
        "key": "1Key7"
      },
      {
        "time": 25337,
        "key": "1Key9"
      },
      {
        "time": 25591,
        "key": "1Key14"
      },
      {
        "time": 25781,
        "key": "1Key13"
      },
      {
        "time": 25984,
        "key": "1Key12"
      },
      {
        "time": 26159,
        "key": "1Key13"
      },
      {
        "time": 26171,
        "key": "1Key4"
      },
      {
        "time": 26413,
        "key": "1Key6"
      },
      {
        "time": 26580,
        "key": "1Key8"
      },
      {
        "time": 27122,
        "key": "1Key9"
      },
      {
        "time": 27583,
        "key": "1Key12"
      },
      {
        "time": 27596,
        "key": "1Key3"
      },
      {
        "time": 28040,
        "key": "1Key5"
      },
      {
        "time": 28069,
        "key": "1Key7"
      },
      {
        "time": 28325,
        "key": "1Key12"
      },
      {
        "time": 28537,
        "key": "1Key11"
      },
      {
        "time": 28701,
        "key": "1Key10"
      },
      {
        "time": 28968,
        "key": "1Key11"
      },
      {
        "time": 28986,
        "key": "1Key5"
      },
      {
        "time": 29212,
        "key": "1Key2"
      },
      {
        "time": 29390,
        "key": "1Key4"
      },
      {
        "time": 29862,
        "key": "1Key7"
      },
      {
        "time": 30334,
        "key": "1Key1"
      },
      {
        "time": 30422,
        "key": "1Key10"
      },
      {
        "time": 30835,
        "key": "1Key5"
      },
      {
        "time": 30861,
        "key": "1Key3"
      },
      {
        "time": 31148,
        "key": "1Key10"
      },
      {
        "time": 31325,
        "key": "1Key9"
      },
      {
        "time": 31576,
        "key": "1Key8"
      },
      {
        "time": 31867,
        "key": "1Key7"
      },
      {
        "time": 31881,
        "key": "1Key2"
      },
      {
        "time": 32443,
        "key": "1Key5"
      },
      {
        "time": 32459,
        "key": "1Key7"
      },
      {
        "time": 32479,
        "key": "1Key9"
      },
      {
        "time": 32888,
        "key": "1Key14"
      },
      {
        "time": 33377,
        "key": "1Key6"
      },
      {
        "time": 33386,
        "key": "1Key8"
      },
      {
        "time": 33394,
        "key": "1Key4"
      },
      {
        "time": 33508,
        "key": "1Key1"
      },
      {
        "time": 33902,
        "key": "1Key6"
      },
      {
        "time": 34405,
        "key": "1Key4"
      },
      {
        "time": 34880,
        "key": "1Key0"
      },
      {
        "time": 34889,
        "key": "1Key5"
      },
      {
        "time": 34974,
        "key": "1Key2"
      },
      {
        "time": 35400,
        "key": "1Key0"
      },
      {
        "time": 35895,
        "key": "1Key7"
      },
      {
        "time": 36917,
        "key": "1Key0"
      },
      {
        "time": 36931,
        "key": "1Key9"
      },
      {
        "time": 37437,
        "key": "1Key2"
      },
      {
        "time": 37447,
        "key": "1Key4"
      },
      {
        "time": 37714,
        "key": "1Key9"
      },
      {
        "time": 37918,
        "key": "1Key10"
      },
      {
        "time": 38119,
        "key": "1Key9"
      },
      {
        "time": 38335,
        "key": "1Key6"
      },
      {
        "time": 38348,
        "key": "1Key8"
      },
      {
        "time": 38588,
        "key": "1Key1"
      },
      {
        "time": 38711,
        "key": "1Key4"
      },
      {
        "time": 39093,
        "key": "1Key11"
      },
      {
        "time": 39644,
        "key": "1Key2"
      },
      {
        "time": 39730,
        "key": "1Key9"
      },
      {
        "time": 40164,
        "key": "1Key5"
      },
      {
        "time": 40187,
        "key": "1Key7"
      },
      {
        "time": 40437,
        "key": "1Key9"
      },
      {
        "time": 40587,
        "key": "1Key8"
      },
      {
        "time": 40830,
        "key": "1Key7"
      },
      {
        "time": 41036,
        "key": "1Key2"
      },
      {
        "time": 41054,
        "key": "1Key6"
      },
      {
        "time": 41231,
        "key": "1Key4"
      },
      {
        "time": 41421,
        "key": "1Key6"
      },
      {
        "time": 41966,
        "key": "1Key7"
      },
      {
        "time": 42185,
        "key": "1Key6"
      },
      {
        "time": 42405,
        "key": "1Key0"
      },
      {
        "time": 42430,
        "key": "1Key5"
      },
      {
        "time": 42582,
        "key": "1Key3"
      },
      {
        "time": 42938,
        "key": "1Key5"
      },
      {
        "time": 43437,
        "key": "1Key6"
      },
      {
        "time": 43699,
        "key": "1Key5"
      },
      {
        "time": 43960,
        "key": "1Key0"
      },
      {
        "time": 44039,
        "key": "1Key4"
      },
      {
        "time": 44482,
        "key": "1Key9"
      },
      {
        "time": 45033,
        "key": "1Key7"
      },
      {
        "time": 45443,
        "key": "1Key5"
      },
      {
        "time": 45451,
        "key": "1Key1"
      },
      {
        "time": 45699,
        "key": "1Key3"
      },
      {
        "time": 45945,
        "key": "1Key5"
      },
      {
        "time": 45959,
        "key": "1Key8"
      },
      {
        "time": 46385,
        "key": "1Key5"
      },
      {
        "time": 46942,
        "key": "1Key6"
      },
      {
        "time": 46951,
        "key": "1Key2"
      },
      {
        "time": 47474,
        "key": "1Key2"
      },
      {
        "time": 47988,
        "key": "1Key9"
      },
      {
        "time": 48450,
        "key": "1Key5"
      },
      {
        "time": 48462,
        "key": "1Key14"
      },
      {
        "time": 48962,
        "key": "1Key7"
      },
      {
        "time": 48971,
        "key": "1Key9"
      },
      {
        "time": 49214,
        "key": "1Key14"
      },
      {
        "time": 49387,
        "key": "1Key13"
      },
      {
        "time": 49617,
        "key": "1Key12"
      },
      {
        "time": 49802,
        "key": "1Key13"
      },
      {
        "time": 49829,
        "key": "1Key4"
      },
      {
        "time": 50083,
        "key": "1Key6"
      },
      {
        "time": 50287,
        "key": "1Key8"
      },
      {
        "time": 50863,
        "key": "1Key9"
      },
      {
        "time": 51306,
        "key": "1Key3"
      },
      {
        "time": 51317,
        "key": "1Key12"
      },
      {
        "time": 51796,
        "key": "1Key5"
      },
      {
        "time": 51804,
        "key": "1Key7"
      },
      {
        "time": 52066,
        "key": "1Key12"
      },
      {
        "time": 52282,
        "key": "1Key11"
      },
      {
        "time": 52471,
        "key": "1Key10"
      },
      {
        "time": 52725,
        "key": "1Key11"
      },
      {
        "time": 52739,
        "key": "1Key5"
      },
      {
        "time": 53002,
        "key": "1Key2"
      },
      {
        "time": 53172,
        "key": "1Key4"
      },
      {
        "time": 53762,
        "key": "1Key7"
      },
      {
        "time": 54188,
        "key": "1Key10"
      },
      {
        "time": 54223,
        "key": "1Key1"
      },
      {
        "time": 54730,
        "key": "1Key5"
      },
      {
        "time": 54741,
        "key": "1Key3"
      },
      {
        "time": 55018,
        "key": "1Key10"
      },
      {
        "time": 55264,
        "key": "1Key9"
      },
      {
        "time": 55471,
        "key": "1Key8"
      },
      {
        "time": 55879,
        "key": "1Key7"
      },
      {
        "time": 55891,
        "key": "1Key2"
      },
      {
        "time": 56482,
        "key": "1Key5"
      },
      {
        "time": 56494,
        "key": "1Key9"
      },
      {
        "time": 56502,
        "key": "1Key7"
      },
      {
        "time": 56990,
        "key": "1Key14"
      },
      {
        "time": 57432,
        "key": "1Key1"
      },
      {
        "time": 57458,
        "key": "1Key8"
      },
      {
        "time": 58009,
        "key": "1Key5"
      },
      {
        "time": 58073,
        "key": "1Key3"
      },
      {
        "time": 58546,
        "key": "1Key5"
      },
      {
        "time": 59065,
        "key": "1Key2"
      },
      {
        "time": 59076,
        "key": "1Key6"
      },
      {
        "time": 59617,
        "key": "1Key2"
      },
      {
        "time": 60132,
        "key": "1Key9"
      },
      {
        "time": 60616,
        "key": "1Key14"
      },
      {
        "time": 60640,
        "key": "1Key5"
      },
      {
        "time": 61119,
        "key": "1Key7"
      },
      {
        "time": 61128,
        "key": "1Key9"
      },
      {
        "time": 61421,
        "key": "1Key14"
      },
      {
        "time": 61579,
        "key": "1Key13"
      },
      {
        "time": 61823,
        "key": "1Key12"
      },
      {
        "time": 62003,
        "key": "1Key13"
      },
      {
        "time": 62020,
        "key": "1Key4"
      },
      {
        "time": 62282,
        "key": "1Key6"
      },
      {
        "time": 62454,
        "key": "1Key8"
      },
      {
        "time": 63025,
        "key": "1Key9"
      },
      {
        "time": 63533,
        "key": "1Key3"
      },
      {
        "time": 63542,
        "key": "1Key12"
      },
      {
        "time": 63976,
        "key": "1Key5"
      },
      {
        "time": 64015,
        "key": "1Key7"
      },
      {
        "time": 64321,
        "key": "1Key12"
      },
      {
        "time": 64536,
        "key": "1Key11"
      },
      {
        "time": 64723,
        "key": "1Key10"
      },
      {
        "time": 64979,
        "key": "1Key11"
      },
      {
        "time": 64996,
        "key": "1Key5"
      },
      {
        "time": 65252,
        "key": "1Key2"
      },
      {
        "time": 65427,
        "key": "1Key4"
      },
      {
        "time": 65906,
        "key": "1Key7"
      },
      {
        "time": 66397,
        "key": "1Key10"
      },
      {
        "time": 66409,
        "key": "1Key1"
      },
      {
        "time": 66941,
        "key": "1Key5"
      },
      {
        "time": 66956,
        "key": "1Key3"
      },
      {
        "time": 67274,
        "key": "1Key10"
      },
      {
        "time": 67536,
        "key": "1Key9"
      },
      {
        "time": 67865,
        "key": "1Key8"
      },
      {
        "time": 68232,
        "key": "1Key7"
      },
      {
        "time": 68244,
        "key": "1Key2"
      },
      {
        "time": 68889,
        "key": "1Key9"
      },
      {
        "time": 68899,
        "key": "1Key5"
      },
      {
        "time": 68909,
        "key": "1Key7"
      },
      {
        "time": 69517,
        "key": "1Key14"
      },
      {
        "time": 70202,
        "key": "1Key6"
      },
      {
        "time": 70212,
        "key": "1Key4"
      },
      {
        "time": 70219,
        "key": "1Key8"
      },
      {
        "time": 70334,
        "key": "1Key1"
      },
      {
        "time": 70829,
        "key": "1Key6"
      },
      {
        "time": 71493,
        "key": "1Key4"
      },
      {
        "time": 72146,
        "key": "1Key0"
      },
      {
        "time": 72157,
        "key": "1Key5"
      },
      {
        "time": 72241,
        "key": "1Key2"
      }
    ]
  }
]