[
  {
    "name": "BTS - BlackSwan",
    "bpm": 220,
    "songNotes": [
      {
        "time": 400,
        "key": "1Key0"
      },
      {
        "time": 400,
        "key": "1Key3"
      },
      {
        "time": 400,
        "key": "1Key14"
      },
      {
        "time": 536,
        "key": "1Key13"
      },
      {
        "time": 672,
        "key": "1Key12"
      },
      {
        "time": 944,
        "key": "1Key7"
      },
      {
        "time": 1216,
        "key": "1Key13"
      },
      {
        "time": 1352,
        "key": "1Key12"
      },
      {
        "time": 1488,
        "key": "1Key1"
      },
      {
        "time": 1488,
        "key": "1Key5"
      },
      {
        "time": 1488,
        "key": "1Key11"
      },
      {
        "time": 1760,
        "key": "1Key11"
      },
      {
        "time": 2032,
        "key": "1Key8"
      },
      {
        "time": 2032,
        "key": "1Key11"
      },
      {
        "time": 2304,
        "key": "1Key11"
      },
      {
        "time": 2576,
        "key": "1Key2"
      },
      {
        "time": 2576,
        "key": "1Key5"
      },
      {
        "time": 2576,
        "key": "1Key14"
      },
      {
        "time": 2712,
        "key": "1Key13"
      },
      {
        "time": 2848,
        "key": "1Key12"
      },
      {
        "time": 3120,
        "key": "1Key5"
      },
      {
        "time": 3392,
        "key": "1Key6"
      },
      {
        "time": 3528,
        "key": "1Key5"
      },
      {
        "time": 3664,
        "key": "1Key2"
      },
      {
        "time": 3664,
        "key": "1Key4"
      },
      {
        "time": 3936,
        "key": "1Key7"
      },
      {
        "time": 4208,
        "key": "1Key4"
      },
      {
        "time": 4208,
        "key": "1Key8"
      },
      {
        "time": 4480,
        "key": "1Key5"
      },
      {
        "time": 4752,
        "key": "1Key0"
      },
      {
        "time": 4752,
        "key": "1Key3"
      },
      {
        "time": 4752,
        "key": "1Key14"
      },
      {
        "time": 4888,
        "key": "1Key13"
      },
      {
        "time": 5024,
        "key": "1Key12"
      },
      {
        "time": 5296,
        "key": "1Key7"
      },
      {
        "time": 5568,
        "key": "1Key13"
      },
      {
        "time": 5704,
        "key": "1Key12"
      },
      {
        "time": 5840,
        "key": "1Key1"
      },
      {
        "time": 5840,
        "key": "1Key5"
      },
      {
        "time": 5840,
        "key": "1Key11"
      },
      {
        "time": 6112,
        "key": "1Key11"
      },
      {
        "time": 6384,
        "key": "1Key8"
      },
      {
        "time": 6384,
        "key": "1Key11"
      },
      {
        "time": 6656,
        "key": "1Key9"
      },
      {
        "time": 6928,
        "key": "1Key0"
      },
      {
        "time": 6928,
        "key": "1Key4"
      },
      {
        "time": 7200,
        "key": "1Key11"
      },
      {
        "time": 7472,
        "key": "1Key7"
      },
      {
        "time": 7472,
        "key": "1Key11"
      },
      {
        "time": 7744,
        "key": "1Key12"
      },
      {
        "time": 8016,
        "key": "1Key4"
      },
      {
        "time": 8016,
        "key": "1Key7"
      },
      {
        "time": 8016,
        "key": "1Key11"
      },
      {
        "time": 8288,
        "key": "1Key11"
      },
      {
        "time": 8560,
        "key": "1Key11"
      },
      {
        "time": 8832,
        "key": "1Key11"
      },
      {
        "time": 9104,
        "key": "1Key0"
      },
      {
        "time": 9104,
        "key": "1Key3"
      },
      {
        "time": 9512,
        "key": "1Key9"
      },
      {
        "time": 9784,
        "key": "1Key9"
      },
      {
        "time": 10056,
        "key": "1Key10"
      },
      {
        "time": 10328,
        "key": "1Key9"
      },
      {
        "time": 10600,
        "key": "1Key10"
      },
      {
        "time": 10872,
        "key": "1Key1"
      },
      {
        "time": 10872,
        "key": "1Key5"
      },
      {
        "time": 10872,
        "key": "1Key9"
      },
      {
        "time": 11144,
        "key": "1Key10"
      },
      {
        "time": 11416,
        "key": "1Key9"
      },
      {
        "time": 11960,
        "key": "1Key9"
      },
      {
        "time": 12776,
        "key": "1Key9"
      },
      {
        "time": 13048,
        "key": "1Key2"
      },
      {
        "time": 13048,
        "key": "1Key5"
      },
      {
        "time": 13048,
        "key": "1Key9"
      },
      {
        "time": 13320,
        "key": "1Key10"
      },
      {
        "time": 13592,
        "key": "1Key9"
      },
      {
        "time": 13864,
        "key": "1Key10"
      },
      {
        "time": 14136,
        "key": "1Key9"
      },
      {
        "time": 14680,
        "key": "1Key1"
      },
      {
        "time": 14680,
        "key": "1Key4"
      },
      {
        "time": 15224,
        "key": "1Key8"
      },
      {
        "time": 15496,
        "key": "1Key7"
      },
      {
        "time": 15768,
        "key": "1Key9"
      },
      {
        "time": 16040,
        "key": "1Key8"
      },
      {
        "time": 16856,
        "key": "1Key0"
      },
      {
        "time": 16856,
        "key": "1Key3"
      },
      {
        "time": 16856,
        "key": "1Key9"
      },
      {
        "time": 17128,
        "key": "1Key10"
      },
      {
        "time": 17400,
        "key": "1Key9"
      },
      {
        "time": 17672,
        "key": "1Key10"
      },
      {
        "time": 17944,
        "key": "1Key9"
      },
      {
        "time": 18216,
        "key": "1Key10"
      },
      {
        "time": 18488,
        "key": "1Key9"
      },
      {
        "time": 19032,
        "key": "1Key1"
      },
      {
        "time": 19032,
        "key": "1Key5"
      },
      {
        "time": 20120,
        "key": "1Key9"
      },
      {
        "time": 20392,
        "key": "1Key10"
      },
      {
        "time": 20664,
        "key": "1Key9"
      },
      {
        "time": 20936,
        "key": "1Key10"
      },
      {
        "time": 21208,
        "key": "1Key2"
      },
      {
        "time": 21208,
        "key": "1Key5"
      },
      {
        "time": 21208,
        "key": "1Key9"
      },
      {
        "time": 21480,
        "key": "1Key10"
      },
      {
        "time": 21752,
        "key": "1Key9"
      },
      {
        "time": 22840,
        "key": "1Key8"
      },
      {
        "time": 23112,
        "key": "1Key7"
      },
      {
        "time": 23656,
        "key": "1Key1"
      },
      {
        "time": 23656,
        "key": "1Key4"
      },
      {
        "time": 23656,
        "key": "1Key8"
      },
      {
        "time": 23928,
        "key": "1Key7"
      },
      {
        "time": 24200,
        "key": "1Key9"
      },
      {
        "time": 24744,
        "key": "1Key9"
      },
      {
        "time": 25016,
        "key": "1Key9"
      },
      {
        "time": 25832,
        "key": "1Key0"
      },
      {
        "time": 25832,
        "key": "1Key3"
      },
      {
        "time": 26376,
        "key": "1Key9"
      },
      {
        "time": 26648,
        "key": "1Key10"
      },
      {
        "time": 26920,
        "key": "1Key0"
      },
      {
        "time": 26920,
        "key": "1Key3"
      },
      {
        "time": 26920,
        "key": "1Key9"
      },
      {
        "time": 27192,
        "key": "1Key10"
      },
      {
        "time": 27464,
        "key": "1Key11"
      },
      {
        "time": 28008,
        "key": "1Key1"
      },
      {
        "time": 28008,
        "key": "1Key5"
      },
      {
        "time": 28008,
        "key": "1Key11"
      },
      {
        "time": 28552,
        "key": "1Key11"
      },
      {
        "time": 28824,
        "key": "1Key10"
      },
      {
        "time": 29096,
        "key": "1Key1"
      },
      {
        "time": 29096,
        "key": "1Key5"
      },
      {
        "time": 29096,
        "key": "1Key11"
      },
      {
        "time": 29368,
        "key": "1Key9"
      },
      {
        "time": 30184,
        "key": "1Key2"
      },
      {
        "time": 30184,
        "key": "1Key5"
      },
      {
        "time": 30184,
        "key": "1Key9"
      },
      {
        "time": 30456,
        "key": "1Key9"
      },
      {
        "time": 30728,
        "key": "1Key11"
      },
      {
        "time": 31000,
        "key": "1Key9"
      },
      {
        "time": 31272,
        "key": "1Key2"
      },
      {
        "time": 31272,
        "key": "1Key5"
      },
      {
        "time": 31272,
        "key": "1Key11"
      },
      {
        "time": 31816,
        "key": "1Key11"
      },
      {
        "time": 32360,
        "key": "1Key1"
      },
      {
        "time": 32360,
        "key": "1Key4"
      },
      {
        "time": 32360,
        "key": "1Key11"
      },
      {
        "time": 32632,
        "key": "1Key11"
      },
      {
        "time": 32904,
        "key": "1Key11"
      },
      {
        "time": 33176,
        "key": "1Key9"
      },
      {
        "time": 33448,
        "key": "1Key1"
      },
      {
        "time": 33448,
        "key": "1Key4"
      },
      {
        "time": 33448,
        "key": "1Key11"
      },
      {
        "time": 33720,
        "key": "1Key9"
      }
    ]
  }
]