[
  {
    "name": "Crazy Frog - Axel F",
    "bpm": 220,
    "songNotes": [
      {
        "time": 400,
        "key": "1Key5"
      },
      {
        "time": 944,
        "key": "1Key7"
      },
      {
        "time": 1352,
        "key": "1Key5"
      },
      {
        "time": 1624,
        "key": "1Key5"
      },
      {
        "time": 1760,
        "key": "1Key8"
      },
      {
        "time": 2032,
        "key": "1Key5"
      },
      {
        "time": 2304,
        "key": "1Key4"
      },
      {
        "time": 2576,
        "key": "1Key5"
      },
      {
        "time": 3120,
        "key": "1Key9"
      },
      {
        "time": 3528,
        "key": "1Key5"
      },
      {
        "time": 3800,
        "key": "1Key5"
      },
      {
        "time": 3936,
        "key": "1Key10"
      },
      {
        "time": 4208,
        "key": "1Key9"
      },
      {
        "time": 4480,
        "key": "1Key7"
      },
      {
        "time": 4752,
        "key": "1Key5"
      },
      {
        "time": 5024,
        "key": "1Key9"
      },
      {
        "time": 5296,
        "key": "1Key12"
      },
      {
        "time": 5568,
        "key": "1Key5"
      },
      {
        "time": 5704,
        "key": "1Key4"
      },
      {
        "time": 5976,
        "key": "1Key4"
      },
      {
        "time": 6112,
        "key": "1Key2"
      },
      {
        "time": 6384,
        "key": "1Key6"
      },
      {
        "time": 6656,
        "key": "1Key5"
      },
      {
        "time": 8560,
        "key": "1Key5"
      },
      {
        "time": 9104,
        "key": "1Key7"
      },
      {
        "time": 9512,
        "key": "1Key5"
      },
      {
        "time": 9784,
        "key": "1Key5"
      },
      {
        "time": 9920,
        "key": "1Key8"
      },
      {
        "time": 10192,
        "key": "1Key5"
      },
      {
        "time": 10464,
        "key": "1Key4"
      },
      {
        "time": 10736,
        "key": "1Key5"
      },
      {
        "time": 11280,
        "key": "1Key9"
      },
      {
        "time": 11688,
        "key": "1Key5"
      },
      {
        "time": 11960,
        "key": "1Key5"
      },
      {
        "time": 12096,
        "key": "1Key10"
      },
      {
        "time": 12368,
        "key": "1Key9"
      },
      {
        "time": 12640,
        "key": "1Key7"
      },
      {
        "time": 12912,
        "key": "1Key5"
      },
      {
        "time": 13184,
        "key": "1Key9"
      },
      {
        "time": 13456,
        "key": "1Key12"
      },
      {
        "time": 13728,
        "key": "1Key5"
      },
      {
        "time": 13864,
        "key": "1Key4"
      },
      {
        "time": 14136,
        "key": "1Key4"
      },
      {
        "time": 14272,
        "key": "1Key2"
      },
      {
        "time": 14544,
        "key": "1Key6"
      },
      {
        "time": 14816,
        "key": "1Key5"
      },
      {
        "time": 16448,
        "key": "1Key5"
      },
      {
        "time": 16992,
        "key": "1Key7"
      },
      {
        "time": 17400,
        "key": "1Key5"
      },
      {
        "time": 17672,
        "key": "1Key5"
      },
      {
        "time": 17808,
        "key": "1Key8"
      },
      {
        "time": 18080,
        "key": "1Key5"
      },
      {
        "time": 18352,
        "key": "1Key4"
      },
      {
        "time": 18624,
        "key": "1Key5"
      },
      {
        "time": 19168,
        "key": "1Key9"
      },
      {
        "time": 19576,
        "key": "1Key5"
      },
      {
        "time": 19848,
        "key": "1Key5"
      },
      {
        "time": 19984,
        "key": "1Key10"
      },
      {
        "time": 20256,
        "key": "1Key9"
      },
      {
        "time": 20528,
        "key": "1Key7"
      },
      {
        "time": 20800,
        "key": "1Key5"
      },
      {
        "time": 21072,
        "key": "1Key9"
      },
      {
        "time": 21344,
        "key": "1Key12"
      },
      {
        "time": 21616,
        "key": "1Key5"
      },
      {
        "time": 21752,
        "key": "1Key4"
      },
      {
        "time": 22024,
        "key": "1Key4"
      },
      {
        "time": 22160,
        "key": "1Key2"
      },
      {
        "time": 22432,
        "key": "1Key6"
      },
      {
        "time": 22704,
        "key": "1Key5"
      }
    ]
  }
]