[
  {
    "name": "Death Cab for Cutie - I Will Follow You into the Dark",
    "bpm": 320,
    "songNotes": [
      {
        "time": 0,
        "key": "1Key2"
      },
      {
        "time": 0,
        "key": "1Key5"
      },
      {
        "time": 374,
        "key": "1Key9"
      },
      {
        "time": 561,
        "key": "1Key14"
      },
      {
        "time": 748,
        "key": "1Key2"
      },
      {
        "time": 748,
        "key": "1Key5"
      },
      {
        "time": 935,
        "key": "1Key5"
      },
      {
        "time": 1122,
        "key": "1Key9"
      },
      {
        "time": 1309,
        "key": "1Key14"
      },
      {
        "time": 1496,
        "key": "1Key0"
      },
      {
        "time": 1496,
        "key": "1Key7"
      },
      {
        "time": 1870,
        "key": "1Key9"
      },
      {
        "time": 2057,
        "key": "1Key14"
      },
      {
        "time": 2244,
        "key": "1Key0"
      },
      {
        "time": 2244,
        "key": "1Key4"
      },
      {
        "time": 2431,
        "key": "1Key11"
      },
      {
        "time": 2618,
        "key": "1Key9"
      },
      {
        "time": 2805,
        "key": "1Key14"
      },
      {
        "time": 2992,
        "key": "1Key0"
      },
      {
        "time": 2992,
        "key": "1Key3"
      },
      {
        "time": 3366,
        "key": "1Key10"
      },
      {
        "time": 3553,
        "key": "1Key12"
      },
      {
        "time": 3740,
        "key": "1Key0"
      },
      {
        "time": 3740,
        "key": "1Key3"
      },
      {
        "time": 3927,
        "key": "1Key10"
      },
      {
        "time": 4114,
        "key": "1Key12"
      },
      {
        "time": 4301,
        "key": "1Key13"
      },
      {
        "time": 4488,
        "key": "1Key0"
      },
      {
        "time": 4488,
        "key": "1Key4"
      },
      {
        "time": 4675,
        "key": "1Key9"
      },
      {
        "time": 4862,
        "key": "1Key11"
      },
      {
        "time": 5049,
        "key": "1Key14"
      },
      {
        "time": 5236,
        "key": "1Key1"
      },
      {
        "time": 5236,
        "key": "1Key4"
      },
      {
        "time": 5423,
        "key": "1Key8"
      },
      {
        "time": 5610,
        "key": "1Key11"
      },
      {
        "time": 5797,
        "key": "1Key14"
      },
      {
        "time": 5984,
        "key": "1Key2"
      },
      {
        "time": 5984,
        "key": "1Key5"
      },
      {
        "time": 6358,
        "key": "1Key9"
      },
      {
        "time": 6545,
        "key": "1Key14"
      },
      {
        "time": 6732,
        "key": "1Key2"
      },
      {
        "time": 6732,
        "key": "1Key5"
      },
      {
        "time": 6919,
        "key": "1Key9"
      },
      {
        "time": 7106,
        "key": "1Key12"
      },
      {
        "time": 7293,
        "key": "1Key14"
      },
      {
        "time": 7480,
        "key": "1Key0"
      },
      {
        "time": 7480,
        "key": "1Key4"
      },
      {
        "time": 7480,
        "key": "1Key7"
      },
      {
        "time": 7854,
        "key": "1Key11"
      },
      {
        "time": 8041,
        "key": "1Key14"
      },
      {
        "time": 8228,
        "key": "1Key0"
      },
      {
        "time": 8228,
        "key": "1Key4"
      },
      {
        "time": 8415,
        "key": "1Key7"
      },
      {
        "time": 8602,
        "key": "1Key11"
      },
      {
        "time": 8789,
        "key": "1Key13"
      },
      {
        "time": 8976,
        "key": "1Key1"
      },
      {
        "time": 8976,
        "key": "1Key4"
      },
      {
        "time": 9350,
        "key": "1Key6"
      },
      {
        "time": 9537,
        "key": "1Key8"
      },
      {
        "time": 9724,
        "key": "1Key1"
      },
      {
        "time": 9724,
        "key": "1Key4"
      },
      {
        "time": 9724,
        "key": "1Key8"
      },
      {
        "time": 9911,
        "key": "1Key6"
      },
      {
        "time": 10098,
        "key": "1Key4"
      },
      {
        "time": 10285,
        "key": "1Key8"
      },
      {
        "time": 10472,
        "key": "1Key1"
      },
      {
        "time": 10472,
        "key": "1Key4"
      },
      {
        "time": 10472,
        "key": "1Key8"
      },
      {
        "time": 10846,
        "key": "1Key4"
      },
      {
        "time": 11033,
        "key": "1Key8"
      },
      {
        "time": 11220,
        "key": "1Key1"
      },
      {
        "time": 11220,
        "key": "1Key4"
      },
      {
        "time": 11407,
        "key": "1Key6"
      },
      {
        "time": 11594,
        "key": "1Key1"
      },
      {
        "time": 11781,
        "key": "1Key4"
      },
      {
        "time": 11968,
        "key": "1Key2"
      },
      {
        "time": 11968,
        "key": "1Key5"
      },
      {
        "time": 12342,
        "key": "1Key2"
      },
      {
        "time": 12529,
        "key": "1Key7"
      },
      {
        "time": 12716,
        "key": "1Key0"
      },
      {
        "time": 12716,
        "key": "1Key2"
      },
      {
        "time": 12903,
        "key": "1Key5"
      },
      {
        "time": 13090,
        "key": "1Key2"
      },
      {
        "time": 13277,
        "key": "1Key7"
      },
      {
        "time": 13464,
        "key": "1Key0"
      },
      {
        "time": 13464,
        "key": "1Key4"
      },
      {
        "time": 13464,
        "key": "1Key7"
      },
      {
        "time": 13838,
        "key": "1Key4"
      },
      {
        "time": 14025,
        "key": "1Key7"
      },
      {
        "time": 14212,
        "key": "1Key0"
      },
      {
        "time": 14212,
        "key": "1Key4"
      },
      {
        "time": 14399,
        "key": "1Key4"
      },
      {
        "time": 14586,
        "key": "1Key2"
      },
      {
        "time": 14773,
        "key": "1Key7"
      },
      {
        "time": 14960,
        "key": "1Key2"
      },
      {
        "time": 14960,
        "key": "1Key4"
      },
      {
        "time": 14960,
        "key": "1Key6"
      },
      {
        "time": 15334,
        "key": "1Key2"
      },
      {
        "time": 15521,
        "key": "1Key6"
      },
      {
        "time": 15708,
        "key": "1Key0"
      },
      {
        "time": 15895,
        "key": "1Key2"
      },
      {
        "time": 16082,
        "key": "1Key4"
      },
      {
        "time": 16269,
        "key": "1Key6"
      },
      {
        "time": 16456,
        "key": "1Key2"
      },
      {
        "time": 16456,
        "key": "1Key5"
      },
      {
        "time": 16830,
        "key": "1Key2"
      },
      {
        "time": 17017,
        "key": "1Key7"
      },
      {
        "time": 17204,
        "key": "1Key1"
      },
      {
        "time": 17204,
        "key": "1Key4"
      },
      {
        "time": 17391,
        "key": "1Key1"
      },
      {
        "time": 17578,
        "key": "1Key4"
      },
      {
        "time": 17765,
        "key": "1Key6"
      },
      {
        "time": 17952,
        "key": "1Key0"
      },
      {
        "time": 17952,
        "key": "1Key3"
      },
      {
        "time": 18326,
        "key": "1Key3"
      },
      {
        "time": 18513,
        "key": "1Key5"
      },
      {
        "time": 18700,
        "key": "1Key0"
      },
      {
        "time": 18887,
        "key": "1Key3"
      },
      {
        "time": 19074,
        "key": "1Key3"
      },
      {
        "time": 19261,
        "key": "1Key5"
      },
      {
        "time": 19448,
        "key": "1Key3"
      },
      {
        "time": 19448,
        "key": "1Key5"
      },
      {
        "time": 19448,
        "key": "1Key7"
      },
      {
        "time": 19822,
        "key": "1Key3"
      },
      {
        "time": 20009,
        "key": "1Key7"
      },
      {
        "time": 20196,
        "key": "1Key0"
      },
      {
        "time": 20383,
        "key": "1Key5"
      },
      {
        "time": 20570,
        "key": "1Key3"
      },
      {
        "time": 20757,
        "key": "1Key4"
      },
      {
        "time": 20944,
        "key": "1Key0"
      },
      {
        "time": 21318,
        "key": "1Key4"
      },
      {
        "time": 21505,
        "key": "1Key7"
      },
      {
        "time": 21692,
        "key": "1Key0"
      },
      {
        "time": 21879,
        "key": "1Key2"
      },
      {
        "time": 22066,
        "key": "1Key4"
      },
      {
        "time": 22253,
        "key": "1Key7"
      },
      {
        "time": 22440,
        "key": "1Key0"
      },
      {
        "time": 22440,
        "key": "1Key4"
      },
      {
        "time": 22814,
        "key": "1Key4"
      },
      {
        "time": 23001,
        "key": "1Key7"
      },
      {
        "time": 23188,
        "key": "1Key0"
      },
      {
        "time": 23188,
        "key": "1Key4"
      },
      {
        "time": 23375,
        "key": "1Key2"
      },
      {
        "time": 23562,
        "key": "1Key4"
      },
      {
        "time": 23936,
        "key": "1Key0"
      },
      {
        "time": 23936,
        "key": "1Key4"
      },
      {
        "time": 23936,
        "key": "1Key8"
      },
      {
        "time": 24497,
        "key": "1Key9"
      },
      {
        "time": 24684,
        "key": "1Key2"
      },
      {
        "time": 24684,
        "key": "1Key4"
      },
      {
        "time": 25058,
        "key": "1Key9"
      },
      {
        "time": 25432,
        "key": "1Key0"
      },
      {
        "time": 25432,
        "key": "1Key4"
      },
      {
        "time": 26180,
        "key": "1Key2"
      },
      {
        "time": 26180,
        "key": "1Key4"
      },
      {
        "time": 26180,
        "key": "1Key7"
      },
      {
        "time": 26180,
        "key": "1Key11"
      },
      {
        "time": 26554,
        "key": "1Key8"
      },
      {
        "time": 26928,
        "key": "1Key2"
      },
      {
        "time": 26928,
        "key": "1Key5"
      },
      {
        "time": 26928,
        "key": "1Key8"
      },
      {
        "time": 27489,
        "key": "1Key9"
      },
      {
        "time": 27676,
        "key": "1Key2"
      },
      {
        "time": 27676,
        "key": "1Key5"
      },
      {
        "time": 28050,
        "key": "1Key9"
      },
      {
        "time": 28424,
        "key": "1Key2"
      },
      {
        "time": 28424,
        "key": "1Key4"
      },
      {
        "time": 28985,
        "key": "1Key4"
      },
      {
        "time": 29172,
        "key": "1Key2"
      },
      {
        "time": 29172,
        "key": "1Key7"
      },
      {
        "time": 29172,
        "key": "1Key11"
      },
      {
        "time": 29546,
        "key": "1Key8"
      },
      {
        "time": 29920,
        "key": "1Key0"
      },
      {
        "time": 29920,
        "key": "1Key3"
      },
      {
        "time": 29920,
        "key": "1Key8"
      },
      {
        "time": 30481,
        "key": "1Key7"
      },
      {
        "time": 30668,
        "key": "1Key3"
      },
      {
        "time": 30668,
        "key": "1Key5"
      },
      {
        "time": 31042,
        "key": "1Key7"
      },
      {
        "time": 31416,
        "key": "1Key1"
      },
      {
        "time": 31416,
        "key": "1Key4"
      },
      {
        "time": 31977,
        "key": "1Key5"
      },
      {
        "time": 32164,
        "key": "1Key1"
      },
      {
        "time": 32164,
        "key": "1Key4"
      },
      {
        "time": 32164,
        "key": "1Key5"
      },
      {
        "time": 32351,
        "key": "1Key4"
      },
      {
        "time": 32725,
        "key": "1Key9"
      },
      {
        "time": 32912,
        "key": "1Key0"
      },
      {
        "time": 32912,
        "key": "1Key4"
      },
      {
        "time": 33660,
        "key": "1Key2"
      },
      {
        "time": 33660,
        "key": "1Key4"
      },
      {
        "time": 33847,
        "key": "1Key10"
      },
      {
        "time": 34034,
        "key": "1Key9"
      },
      {
        "time": 34221,
        "key": "1Key8"
      },
      {
        "time": 34408,
        "key": "1Key1"
      },
      {
        "time": 34408,
        "key": "1Key4"
      },
      {
        "time": 35156,
        "key": "1Key4"
      },
      {
        "time": 35156,
        "key": "1Key6"
      },
      {
        "time": 35717,
        "key": "1Key4"
      },
      {
        "time": 35904,
        "key": "1Key0"
      },
      {
        "time": 35904,
        "key": "1Key4"
      },
      {
        "time": 35904,
        "key": "1Key8"
      },
      {
        "time": 36465,
        "key": "1Key9"
      },
      {
        "time": 36652,
        "key": "1Key2"
      },
      {
        "time": 36652,
        "key": "1Key4"
      },
      {
        "time": 37026,
        "key": "1Key9"
      },
      {
        "time": 37400,
        "key": "1Key0"
      },
      {
        "time": 37400,
        "key": "1Key4"
      },
      {
        "time": 37961,
        "key": "1Key4"
      },
      {
        "time": 38148,
        "key": "1Key4"
      },
      {
        "time": 38148,
        "key": "1Key7"
      },
      {
        "time": 38148,
        "key": "1Key11"
      },
      {
        "time": 38335,
        "key": "1Key8"
      },
      {
        "time": 38709,
        "key": "1Key8"
      },
      {
        "time": 38896,
        "key": "1Key2"
      },
      {
        "time": 38896,
        "key": "1Key5"
      },
      {
        "time": 38896,
        "key": "1Key8"
      },
      {
        "time": 39457,
        "key": "1Key9"
      },
      {
        "time": 39644,
        "key": "1Key2"
      },
      {
        "time": 39644,
        "key": "1Key5"
      },
      {
        "time": 40018,
        "key": "1Key9"
      },
      {
        "time": 40392,
        "key": "1Key2"
      },
      {
        "time": 40392,
        "key": "1Key4"
      },
      {
        "time": 40953,
        "key": "1Key4"
      },
      {
        "time": 41140,
        "key": "1Key4"
      },
      {
        "time": 41140,
        "key": "1Key7"
      },
      {
        "time": 41140,
        "key": "1Key11"
      },
      {
        "time": 41327,
        "key": "1Key8"
      },
      {
        "time": 41701,
        "key": "1Key8"
      },
      {
        "time": 41888,
        "key": "1Key0"
      },
      {
        "time": 41888,
        "key": "1Key3"
      },
      {
        "time": 41888,
        "key": "1Key8"
      },
      {
        "time": 42449,
        "key": "1Key7"
      },
      {
        "time": 42636,
        "key": "1Key3"
      },
      {
        "time": 42636,
        "key": "1Key5"
      },
      {
        "time": 43010,
        "key": "1Key7"
      },
      {
        "time": 43384,
        "key": "1Key1"
      },
      {
        "time": 43384,
        "key": "1Key4"
      },
      {
        "time": 44132,
        "key": "1Key1"
      },
      {
        "time": 44132,
        "key": "1Key4"
      },
      {
        "time": 44132,
        "key": "1Key5"
      },
      {
        "time": 44319,
        "key": "1Key4"
      },
      {
        "time": 44693,
        "key": "1Key9"
      },
      {
        "time": 44880,
        "key": "1Key0"
      },
      {
        "time": 44880,
        "key": "1Key4"
      },
      {
        "time": 45441,
        "key": "1Key4"
      },
      {
        "time": 45628,
        "key": "1Key2"
      },
      {
        "time": 45628,
        "key": "1Key4"
      },
      {
        "time": 45628,
        "key": "1Key9"
      },
      {
        "time": 45815,
        "key": "1Key10"
      },
      {
        "time": 46002,
        "key": "1Key9"
      },
      {
        "time": 46189,
        "key": "1Key8"
      },
      {
        "time": 46376,
        "key": "1Key1"
      },
      {
        "time": 46376,
        "key": "1Key4"
      },
      {
        "time": 47124,
        "key": "1Key4"
      },
      {
        "time": 47124,
        "key": "1Key6"
      },
      {
        "time": 47685,
        "key": "1Key7"
      },
      {
        "time": 47872,
        "key": "1Key0"
      },
      {
        "time": 47872,
        "key": "1Key3"
      },
      {
        "time": 47872,
        "key": "1Key7"
      },
      {
        "time": 47872,
        "key": "1Key11"
      },
      {
        "time": 48059,
        "key": "1Key12"
      },
      {
        "time": 48433,
        "key": "1Key12"
      },
      {
        "time": 48620,
        "key": "1Key3"
      },
      {
        "time": 48620,
        "key": "1Key5"
      },
      {
        "time": 48620,
        "key": "1Key7"
      },
      {
        "time": 48620,
        "key": "1Key12"
      },
      {
        "time": 48807,
        "key": "1Key11"
      },
      {
        "time": 49181,
        "key": "1Key11"
      },
      {
        "time": 49368,
        "key": "1Key0"
      },
      {
        "time": 49368,
        "key": "1Key3"
      },
      {
        "time": 50116,
        "key": "1Key3"
      },
      {
        "time": 50116,
        "key": "1Key5"
      },
      {
        "time": 50116,
        "key": "1Key8"
      },
      {
        "time": 50303,
        "key": "1Key7"
      },
      {
        "time": 50677,
        "key": "1Key10"
      },
      {
        "time": 50864,
        "key": "1Key0"
      },
      {
        "time": 50864,
        "key": "1Key4"
      },
      {
        "time": 51238,
        "key": "1Key9"
      },
      {
        "time": 51612,
        "key": "1Key2"
      },
      {
        "time": 51612,
        "key": "1Key4"
      },
      {
        "time": 51612,
        "key": "1Key8"
      },
      {
        "time": 51799,
        "key": "1Key7"
      },
      {
        "time": 52173,
        "key": "1Key9"
      },
      {
        "time": 52360,
        "key": "1Key0"
      },
      {
        "time": 52360,
        "key": "1Key4"
      },
      {
        "time": 53108,
        "key": "1Key2"
      },
      {
        "time": 53108,
        "key": "1Key4"
      },
      {
        "time": 53669,
        "key": "1Key7"
      },
      {
        "time": 53856,
        "key": "1Key0"
      },
      {
        "time": 53856,
        "key": "1Key3"
      },
      {
        "time": 53856,
        "key": "1Key7"
      },
      {
        "time": 53856,
        "key": "1Key11"
      },
      {
        "time": 54043,
        "key": "1Key12"
      },
      {
        "time": 54417,
        "key": "1Key12"
      },
      {
        "time": 54604,
        "key": "1Key3"
      },
      {
        "time": 54604,
        "key": "1Key5"
      },
      {
        "time": 54978,
        "key": "1Key11"
      },
      {
        "time": 55352,
        "key": "1Key0"
      },
      {
        "time": 55352,
        "key": "1Key4"
      },
      {
        "time": 55352,
        "key": "1Key7"
      },
      {
        "time": 55352,
        "key": "1Key11"
      },
      {
        "time": 56100,
        "key": "1Key2"
      },
      {
        "time": 56100,
        "key": "1Key4"
      },
      {
        "time": 56100,
        "key": "1Key8"
      },
      {
        "time": 56287,
        "key": "1Key7"
      },
      {
        "time": 56661,
        "key": "1Key8"
      },
      {
        "time": 56848,
        "key": "1Key1"
      },
      {
        "time": 56848,
        "key": "1Key4"
      },
      {
        "time": 57222,
        "key": "1Key8"
      },
      {
        "time": 57596,
        "key": "1Key4"
      },
      {
        "time": 57596,
        "key": "1Key6"
      },
      {
        "time": 57596,
        "key": "1Key8"
      },
      {
        "time": 57783,
        "key": "1Key9"
      },
      {
        "time": 58157,
        "key": "1Key11"
      },
      {
        "time": 58344,
        "key": "1Key1"
      },
      {
        "time": 58344,
        "key": "1Key4"
      },
      {
        "time": 59092,
        "key": "1Key4"
      },
      {
        "time": 59092,
        "key": "1Key6"
      },
      {
        "time": 59653,
        "key": "1Key7"
      },
      {
        "time": 59840,
        "key": "1Key0"
      },
      {
        "time": 59840,
        "key": "1Key3"
      },
      {
        "time": 59840,
        "key": "1Key7"
      },
      {
        "time": 59840,
        "key": "1Key12"
      },
      {
        "time": 60214,
        "key": "1Key12"
      },
      {
        "time": 60588,
        "key": "1Key3"
      },
      {
        "time": 60588,
        "key": "1Key5"
      },
      {
        "time": 60588,
        "key": "1Key7"
      },
      {
        "time": 60588,
        "key": "1Key12"
      },
      {
        "time": 60775,
        "key": "1Key11"
      },
      {
        "time": 61149,
        "key": "1Key11"
      },
      {
        "time": 61336,
        "key": "1Key0"
      },
      {
        "time": 61336,
        "key": "1Key4"
      },
      {
        "time": 61710,
        "key": "1Key9"
      },
      {
        "time": 62084,
        "key": "1Key2"
      },
      {
        "time": 62084,
        "key": "1Key4"
      },
      {
        "time": 62458,
        "key": "1Key8"
      },
      {
        "time": 62645,
        "key": "1Key7"
      },
      {
        "time": 62832,
        "key": "1Key2"
      },
      {
        "time": 62832,
        "key": "1Key4"
      },
      {
        "time": 62832,
        "key": "1Key6"
      },
      {
        "time": 62832,
        "key": "1Key8"
      },
      {
        "time": 63393,
        "key": "1Key7"
      },
      {
        "time": 63580,
        "key": "1Key2"
      },
      {
        "time": 63580,
        "key": "1Key4"
      },
      {
        "time": 63954,
        "key": "1Key9"
      },
      {
        "time": 64328,
        "key": "1Key2"
      },
      {
        "time": 64328,
        "key": "1Key5"
      },
      {
        "time": 65076,
        "key": "1Key2"
      },
      {
        "time": 65076,
        "key": "1Key4"
      },
      {
        "time": 65637,
        "key": "1Key4"
      },
      {
        "time": 65824,
        "key": "1Key0"
      },
      {
        "time": 65824,
        "key": "1Key3"
      },
      {
        "time": 65824,
        "key": "1Key8"
      },
      {
        "time": 66385,
        "key": "1Key8"
      },
      {
        "time": 66572,
        "key": "1Key3"
      },
      {
        "time": 66572,
        "key": "1Key5"
      },
      {
        "time": 66759,
        "key": "1Key9"
      },
      {
        "time": 67133,
        "key": "1Key8"
      },
      {
        "time": 67320,
        "key": "1Key0"
      },
      {
        "time": 67320,
        "key": "1Key3"
      },
      {
        "time": 67507,
        "key": "1Key7"
      },
      {
        "time": 68068,
        "key": "1Key1"
      },
      {
        "time": 68068,
        "key": "1Key4"
      },
      {
        "time": 68068,
        "key": "1Key5"
      },
      {
        "time": 68255,
        "key": "1Key7"
      },
      {
        "time": 68442,
        "key": "1Key7"
      },
      {
        "time": 68816,
        "key": "1Key0"
      },
      {
        "time": 68816,
        "key": "1Key4"
      },
      {
        "time": 69190,
        "key": "1Key2"
      },
      {
        "time": 69377,
        "key": "1Key7"
      },
      {
        "time": 69564,
        "key": "1Key0"
      },
      {
        "time": 69751,
        "key": "1Key4"
      },
      {
        "time": 69938,
        "key": "1Key2"
      },
      {
        "time": 70125,
        "key": "1Key4"
      },
      {
        "time": 70499,
        "key": "1Key0"
      },
      {
        "time": 70873,
        "key": "1Key2"
      },
      {
        "time": 71060,
        "key": "1Key7"
      },
      {
        "time": 71247,
        "key": "1Key0"
      },
      {
        "time": 71434,
        "key": "1Key4"
      },
      {
        "time": 71621,
        "key": "1Key2"
      },
      {
        "time": 71808,
        "key": "1Key4"
      },
      {
        "time": 71995,
        "key": "1Key0"
      },
      {
        "time": 71995,
        "key": "1Key4"
      },
      {
        "time": 71995,
        "key": "1Key8"
      },
      {
        "time": 72556,
        "key": "1Key9"
      },
      {
        "time": 72743,
        "key": "1Key2"
      },
      {
        "time": 72743,
        "key": "1Key4"
      },
      {
        "time": 73117,
        "key": "1Key9"
      },
      {
        "time": 73491,
        "key": "1Key0"
      },
      {
        "time": 73491,
        "key": "1Key4"
      },
      {
        "time": 74052,
        "key": "1Key4"
      },
      {
        "time": 74239,
        "key": "1Key2"
      },
      {
        "time": 74239,
        "key": "1Key4"
      },
      {
        "time": 74239,
        "key": "1Key7"
      },
      {
        "time": 74239,
        "key": "1Key11"
      },
      {
        "time": 74426,
        "key": "1Key8"
      },
      {
        "time": 74800,
        "key": "1Key8"
      },
      {
        "time": 74987,
        "key": "1Key2"
      },
      {
        "time": 74987,
        "key": "1Key5"
      },
      {
        "time": 74987,
        "key": "1Key8"
      },
      {
        "time": 75548,
        "key": "1Key9"
      },
      {
        "time": 75735,
        "key": "1Key2"
      },
      {
        "time": 75735,
        "key": "1Key5"
      },
      {
        "time": 76109,
        "key": "1Key9"
      },
      {
        "time": 76483,
        "key": "1Key2"
      },
      {
        "time": 76483,
        "key": "1Key4"
      },
      {
        "time": 77231,
        "key": "1Key4"
      },
      {
        "time": 77231,
        "key": "1Key7"
      },
      {
        "time": 77231,
        "key": "1Key11"
      },
      {
        "time": 77418,
        "key": "1Key8"
      },
      {
        "time": 77792,
        "key": "1Key8"
      },
      {
        "time": 77979,
        "key": "1Key0"
      },
      {
        "time": 77979,
        "key": "1Key3"
      },
      {
        "time": 77979,
        "key": "1Key8"
      },
      {
        "time": 78540,
        "key": "1Key7"
      },
      {
        "time": 78727,
        "key": "1Key3"
      },
      {
        "time": 78727,
        "key": "1Key5"
      },
      {
        "time": 79101,
        "key": "1Key7"
      },
      {
        "time": 79475,
        "key": "1Key1"
      },
      {
        "time": 79475,
        "key": "1Key4"
      },
      {
        "time": 80223,
        "key": "1Key1"
      },
      {
        "time": 80223,
        "key": "1Key4"
      },
      {
        "time": 80223,
        "key": "1Key5"
      },
      {
        "time": 80410,
        "key": "1Key4"
      },
      {
        "time": 80784,
        "key": "1Key9"
      },
      {
        "time": 80971,
        "key": "1Key0"
      },
      {
        "time": 80971,
        "key": "1Key4"
      },
      {
        "time": 81719,
        "key": "1Key2"
      },
      {
        "time": 81719,
        "key": "1Key4"
      },
      {
        "time": 81906,
        "key": "1Key10"
      },
      {
        "time": 82093,
        "key": "1Key9"
      },
      {
        "time": 82280,
        "key": "1Key8"
      },
      {
        "time": 82467,
        "key": "1Key1"
      },
      {
        "time": 82467,
        "key": "1Key4"
      },
      {
        "time": 83215,
        "key": "1Key4"
      },
      {
        "time": 83215,
        "key": "1Key6"
      },
      {
        "time": 83776,
        "key": "1Key4"
      },
      {
        "time": 83963,
        "key": "1Key0"
      },
      {
        "time": 83963,
        "key": "1Key4"
      },
      {
        "time": 83963,
        "key": "1Key8"
      },
      {
        "time": 84524,
        "key": "1Key9"
      },
      {
        "time": 84711,
        "key": "1Key2"
      },
      {
        "time": 84711,
        "key": "1Key4"
      },
      {
        "time": 85085,
        "key": "1Key9"
      },
      {
        "time": 85459,
        "key": "1Key0"
      },
      {
        "time": 85459,
        "key": "1Key4"
      },
      {
        "time": 86207,
        "key": "1Key4"
      },
      {
        "time": 86207,
        "key": "1Key7"
      },
      {
        "time": 86207,
        "key": "1Key11"
      },
      {
        "time": 86394,
        "key": "1Key8"
      },
      {
        "time": 86768,
        "key": "1Key8"
      },
      {
        "time": 86955,
        "key": "1Key2"
      },
      {
        "time": 86955,
        "key": "1Key5"
      },
      {
        "time": 86955,
        "key": "1Key8"
      },
      {
        "time": 87516,
        "key": "1Key9"
      },
      {
        "time": 87703,
        "key": "1Key2"
      },
      {
        "time": 87703,
        "key": "1Key5"
      },
      {
        "time": 88077,
        "key": "1Key9"
      },
      {
        "time": 88451,
        "key": "1Key2"
      },
      {
        "time": 88451,
        "key": "1Key4"
      },
      {
        "time": 89199,
        "key": "1Key2"
      },
      {
        "time": 89199,
        "key": "1Key4"
      },
      {
        "time": 89199,
        "key": "1Key7"
      },
      {
        "time": 89199,
        "key": "1Key11"
      },
      {
        "time": 89386,
        "key": "1Key8"
      },
      {
        "time": 89760,
        "key": "1Key8"
      },
      {
        "time": 89947,
        "key": "1Key0"
      },
      {
        "time": 89947,
        "key": "1Key3"
      },
      {
        "time": 89947,
        "key": "1Key8"
      },
      {
        "time": 90321,
        "key": "1Key7"
      },
      {
        "time": 90695,
        "key": "1Key3"
      },
      {
        "time": 90695,
        "key": "1Key5"
      },
      {
        "time": 91069,
        "key": "1Key7"
      },
      {
        "time": 91443,
        "key": "1Key1"
      },
      {
        "time": 91443,
        "key": "1Key4"
      },
      {
        "time": 92191,
        "key": "1Key1"
      },
      {
        "time": 92191,
        "key": "1Key4"
      },
      {
        "time": 92191,
        "key": "1Key5"
      },
      {
        "time": 92378,
        "key": "1Key4"
      },
      {
        "time": 92752,
        "key": "1Key9"
      },
      {
        "time": 92939,
        "key": "1Key0"
      },
      {
        "time": 92939,
        "key": "1Key4"
      },
      {
        "time": 93687,
        "key": "1Key2"
      },
      {
        "time": 93687,
        "key": "1Key4"
      },
      {
        "time": 93874,
        "key": "1Key10"
      },
      {
        "time": 94061,
        "key": "1Key9"
      },
      {
        "time": 94435,
        "key": "1Key1"
      },
      {
        "time": 94435,
        "key": "1Key4"
      },
      {
        "time": 94435,
        "key": "1Key8"
      },
      {
        "time": 95183,
        "key": "1Key1"
      },
      {
        "time": 95183,
        "key": "1Key4"
      },
      {
        "time": 95744,
        "key": "1Key7"
      },
      {
        "time": 95931,
        "key": "1Key0"
      },
      {
        "time": 95931,
        "key": "1Key3"
      },
      {
        "time": 95931,
        "key": "1Key7"
      },
      {
        "time": 95931,
        "key": "1Key11"
      },
      {
        "time": 96118,
        "key": "1Key12"
      },
      {
        "time": 96492,
        "key": "1Key12"
      },
      {
        "time": 96679,
        "key": "1Key3"
      },
      {
        "time": 96679,
        "key": "1Key5"
      },
      {
        "time": 96679,
        "key": "1Key7"
      },
      {
        "time": 96679,
        "key": "1Key12"
      },
      {
        "time": 96866,
        "key": "1Key11"
      },
      {
        "time": 97240,
        "key": "1Key11"
      },
      {
        "time": 97427,
        "key": "1Key0"
      },
      {
        "time": 97427,
        "key": "1Key4"
      },
      {
        "time": 98175,
        "key": "1Key2"
      },
      {
        "time": 98175,
        "key": "1Key4"
      },
      {
        "time": 98175,
        "key": "1Key8"
      },
      {
        "time": 98362,
        "key": "1Key7"
      },
      {
        "time": 98736,
        "key": "1Key10"
      },
      {
        "time": 98923,
        "key": "1Key1"
      },
      {
        "time": 98923,
        "key": "1Key4"
      },
      {
        "time": 99297,
        "key": "1Key9"
      },
      {
        "time": 99671,
        "key": "1Key4"
      },
      {
        "time": 99671,
        "key": "1Key6"
      },
      {
        "time": 99671,
        "key": "1Key8"
      },
      {
        "time": 99858,
        "key": "1Key7"
      },
      {
        "time": 100232,
        "key": "1Key9"
      },
      {
        "time": 100419,
        "key": "1Key0"
      },
      {
        "time": 100419,
        "key": "1Key4"
      },
      {
        "time": 101167,
        "key": "1Key2"
      },
      {
        "time": 101167,
        "key": "1Key4"
      },
      {
        "time": 101728,
        "key": "1Key7"
      },
      {
        "time": 101915,
        "key": "1Key0"
      },
      {
        "time": 101915,
        "key": "1Key3"
      },
      {
        "time": 101915,
        "key": "1Key7"
      },
      {
        "time": 101915,
        "key": "1Key11"
      },
      {
        "time": 102102,
        "key": "1Key12"
      },
      {
        "time": 102476,
        "key": "1Key12"
      },
      {
        "time": 102663,
        "key": "1Key3"
      },
      {
        "time": 102663,
        "key": "1Key5"
      },
      {
        "time": 103037,
        "key": "1Key11"
      },
      {
        "time": 103411,
        "key": "1Key0"
      },
      {
        "time": 103411,
        "key": "1Key4"
      },
      {
        "time": 103411,
        "key": "1Key7"
      },
      {
        "time": 103411,
        "key": "1Key11"
      },
      {
        "time": 104159,
        "key": "1Key2"
      },
      {
        "time": 104159,
        "key": "1Key4"
      },
      {
        "time": 104159,
        "key": "1Key8"
      },
      {
        "time": 104346,
        "key": "1Key7"
      },
      {
        "time": 104720,
        "key": "1Key8"
      },
      {
        "time": 104907,
        "key": "1Key1"
      },
      {
        "time": 104907,
        "key": "1Key4"
      },
      {
        "time": 105655,
        "key": "1Key4"
      },
      {
        "time": 105655,
        "key": "1Key6"
      },
      {
        "time": 105655,
        "key": "1Key8"
      },
      {
        "time": 106029,
        "key": "1Key9"
      },
      {
        "time": 106403,
        "key": "1Key1"
      },
      {
        "time": 106403,
        "key": "1Key4"
      },
      {
        "time": 106403,
        "key": "1Key6"
      },
      {
        "time": 106403,
        "key": "1Key11"
      },
      {
        "time": 107151,
        "key": "1Key1"
      },
      {
        "time": 107151,
        "key": "1Key4"
      },
      {
        "time": 107712,
        "key": "1Key7"
      },
      {
        "time": 107899,
        "key": "1Key0"
      },
      {
        "time": 107899,
        "key": "1Key3"
      },
      {
        "time": 107899,
        "key": "1Key7"
      },
      {
        "time": 107899,
        "key": "1Key11"
      },
      {
        "time": 108086,
        "key": "1Key12"
      },
      {
        "time": 108460,
        "key": "1Key12"
      },
      {
        "time": 108647,
        "key": "1Key3"
      },
      {
        "time": 108647,
        "key": "1Key5"
      },
      {
        "time": 109021,
        "key": "1Key11"
      },
      {
        "time": 109395,
        "key": "1Key0"
      },
      {
        "time": 109395,
        "key": "1Key4"
      },
      {
        "time": 109395,
        "key": "1Key7"
      },
      {
        "time": 109395,
        "key": "1Key11"
      },
      {
        "time": 109769,
        "key": "1Key9"
      },
      {
        "time": 110143,
        "key": "1Key2"
      },
      {
        "time": 110143,
        "key": "1Key4"
      },
      {
        "time": 110517,
        "key": "1Key8"
      },
      {
        "time": 110704,
        "key": "1Key7"
      },
      {
        "time": 110891,
        "key": "1Key1"
      },
      {
        "time": 110891,
        "key": "1Key4"
      },
      {
        "time": 110891,
        "key": "1Key8"
      },
      {
        "time": 111452,
        "key": "1Key7"
      },
      {
        "time": 111639,
        "key": "1Key4"
      },
      {
        "time": 111639,
        "key": "1Key6"
      },
      {
        "time": 112013,
        "key": "1Key9"
      },
      {
        "time": 112387,
        "key": "1Key2"
      },
      {
        "time": 112387,
        "key": "1Key5"
      },
      {
        "time": 113135,
        "key": "1Key2"
      },
      {
        "time": 113135,
        "key": "1Key4"
      },
      {
        "time": 113696,
        "key": "1Key4"
      },
      {
        "time": 113883,
        "key": "1Key0"
      },
      {
        "time": 113883,
        "key": "1Key3"
      },
      {
        "time": 113883,
        "key": "1Key8"
      },
      {
        "time": 114444,
        "key": "1Key8"
      },
      {
        "time": 114631,
        "key": "1Key3"
      },
      {
        "time": 114631,
        "key": "1Key5"
      },
      {
        "time": 114818,
        "key": "1Key9"
      },
      {
        "time": 115192,
        "key": "1Key8"
      },
      {
        "time": 115379,
        "key": "1Key0"
      },
      {
        "time": 115379,
        "key": "1Key3"
      },
      {
        "time": 115753,
        "key": "1Key7"
      },
      {
        "time": 116127,
        "key": "1Key1"
      },
      {
        "time": 116127,
        "key": "1Key4"
      },
      {
        "time": 116127,
        "key": "1Key5"
      },
      {
        "time": 116314,
        "key": "1Key7"
      },
      {
        "time": 116501,
        "key": "1Key7"
      },
      {
        "time": 116875,
        "key": "1Key0"
      },
      {
        "time": 116875,
        "key": "1Key4"
      },
      {
        "time": 117249,
        "key": "1Key2"
      },
      {
        "time": 117436,
        "key": "1Key7"
      },
      {
        "time": 117623,
        "key": "1Key0"
      },
      {
        "time": 117810,
        "key": "1Key4"
      },
      {
        "time": 117997,
        "key": "1Key2"
      },
      {
        "time": 118184,
        "key": "1Key4"
      },
      {
        "time": 118371,
        "key": "1Key0"
      },
      {
        "time": 118745,
        "key": "1Key2"
      },
      {
        "time": 118932,
        "key": "1Key7"
      },
      {
        "time": 119119,
        "key": "1Key0"
      },
      {
        "time": 119306,
        "key": "1Key4"
      },
      {
        "time": 119493,
        "key": "1Key2"
      },
      {
        "time": 119680,
        "key": "1Key4"
      },
      {
        "time": 119867,
        "key": "1Key0"
      },
      {
        "time": 119867,
        "key": "1Key4"
      },
      {
        "time": 119867,
        "key": "1Key8"
      },
      {
        "time": 120428,
        "key": "1Key9"
      },
      {
        "time": 120615,
        "key": "1Key2"
      },
      {
        "time": 120615,
        "key": "1Key4"
      },
      {
        "time": 120989,
        "key": "1Key9"
      },
      {
        "time": 121363,
        "key": "1Key0"
      },
      {
        "time": 121363,
        "key": "1Key4"
      },
      {
        "time": 121924,
        "key": "1Key4"
      },
      {
        "time": 122111,
        "key": "1Key2"
      },
      {
        "time": 122111,
        "key": "1Key4"
      },
      {
        "time": 122111,
        "key": "1Key7"
      },
      {
        "time": 122111,
        "key": "1Key11"
      },
      {
        "time": 122298,
        "key": "1Key8"
      },
      {
        "time": 122672,
        "key": "1Key8"
      },
      {
        "time": 122859,
        "key": "1Key2"
      },
      {
        "time": 122859,
        "key": "1Key5"
      },
      {
        "time": 122859,
        "key": "1Key8"
      },
      {
        "time": 123420,
        "key": "1Key9"
      },
      {
        "time": 123607,
        "key": "1Key2"
      },
      {
        "time": 123607,
        "key": "1Key5"
      },
      {
        "time": 123981,
        "key": "1Key9"
      },
      {
        "time": 124355,
        "key": "1Key2"
      },
      {
        "time": 124355,
        "key": "1Key4"
      },
      {
        "time": 124916,
        "key": "1Key4"
      },
      {
        "time": 125103,
        "key": "1Key2"
      },
      {
        "time": 125103,
        "key": "1Key4"
      },
      {
        "time": 125103,
        "key": "1Key7"
      },
      {
        "time": 125103,
        "key": "1Key11"
      },
      {
        "time": 125290,
        "key": "1Key8"
      },
      {
        "time": 125664,
        "key": "1Key8"
      },
      {
        "time": 125851,
        "key": "1Key0"
      },
      {
        "time": 125851,
        "key": "1Key3"
      },
      {
        "time": 125851,
        "key": "1Key8"
      },
      {
        "time": 126412,
        "key": "1Key7"
      },
      {
        "time": 126599,
        "key": "1Key3"
      },
      {
        "time": 126599,
        "key": "1Key5"
      },
      {
        "time": 126973,
        "key": "1Key7"
      },
      {
        "time": 127347,
        "key": "1Key1"
      },
      {
        "time": 127347,
        "key": "1Key4"
      },
      {
        "time": 128095,
        "key": "1Key1"
      },
      {
        "time": 128095,
        "key": "1Key4"
      },
      {
        "time": 128095,
        "key": "1Key5"
      },
      {
        "time": 128282,
        "key": "1Key4"
      },
      {
        "time": 128843,
        "key": "1Key0"
      },
      {
        "time": 128843,
        "key": "1Key4"
      },
      {
        "time": 128843,
        "key": "1Key9"
      },
      {
        "time": 129591,
        "key": "1Key2"
      },
      {
        "time": 129591,
        "key": "1Key4"
      },
      {
        "time": 129778,
        "key": "1Key10"
      },
      {
        "time": 129965,
        "key": "1Key9"
      },
      {
        "time": 130339,
        "key": "1Key1"
      },
      {
        "time": 130339,
        "key": "1Key4"
      },
      {
        "time": 130339,
        "key": "1Key8"
      },
      {
        "time": 131087,
        "key": "1Key4"
      },
      {
        "time": 131087,
        "key": "1Key6"
      },
      {
        "time": 131648,
        "key": "1Key4"
      },
      {
        "time": 131835,
        "key": "1Key0"
      },
      {
        "time": 131835,
        "key": "1Key4"
      },
      {
        "time": 131835,
        "key": "1Key8"
      },
      {
        "time": 132396,
        "key": "1Key9"
      },
      {
        "time": 132583,
        "key": "1Key2"
      },
      {
        "time": 132583,
        "key": "1Key4"
      },
      {
        "time": 132957,
        "key": "1Key9"
      },
      {
        "time": 133331,
        "key": "1Key0"
      },
      {
        "time": 133331,
        "key": "1Key4"
      },
      {
        "time": 133892,
        "key": "1Key4"
      },
      {
        "time": 134079,
        "key": "1Key2"
      },
      {
        "time": 134079,
        "key": "1Key4"
      },
      {
        "time": 134079,
        "key": "1Key7"
      },
      {
        "time": 134079,
        "key": "1Key11"
      },
      {
        "time": 134453,
        "key": "1Key8"
      },
      {
        "time": 134640,
        "key": "1Key7"
      },
      {
        "time": 134827,
        "key": "1Key2"
      },
      {
        "time": 134827,
        "key": "1Key5"
      },
      {
        "time": 134827,
        "key": "1Key8"
      },
      {
        "time": 135388,
        "key": "1Key9"
      },
      {
        "time": 135575,
        "key": "1Key2"
      },
      {
        "time": 135575,
        "key": "1Key5"
      },
      {
        "time": 135949,
        "key": "1Key9"
      },
      {
        "time": 136323,
        "key": "1Key2"
      },
      {
        "time": 136323,
        "key": "1Key4"
      },
      {
        "time": 136884,
        "key": "1Key4"
      },
      {
        "time": 137071,
        "key": "1Key4"
      },
      {
        "time": 137071,
        "key": "1Key7"
      },
      {
        "time": 137071,
        "key": "1Key11"
      },
      {
        "time": 137258,
        "key": "1Key8"
      },
      {
        "time": 137632,
        "key": "1Key8"
      },
      {
        "time": 137819,
        "key": "1Key0"
      },
      {
        "time": 137819,
        "key": "1Key3"
      },
      {
        "time": 137819,
        "key": "1Key8"
      },
      {
        "time": 138380,
        "key": "1Key7"
      },
      {
        "time": 138567,
        "key": "1Key3"
      },
      {
        "time": 138567,
        "key": "1Key5"
      },
      {
        "time": 138941,
        "key": "1Key7"
      },
      {
        "time": 139315,
        "key": "1Key1"
      },
      {
        "time": 139315,
        "key": "1Key4"
      },
      {
        "time": 140063,
        "key": "1Key1"
      },
      {
        "time": 140063,
        "key": "1Key4"
      },
      {
        "time": 140063,
        "key": "1Key5"
      },
      {
        "time": 140250,
        "key": "1Key4"
      },
      {
        "time": 140437,
        "key": "1Key4"
      },
      {
        "time": 140811,
        "key": "1Key0"
      },
      {
        "time": 140811,
        "key": "1Key4"
      },
      {
        "time": 140811,
        "key": "1Key9"
      },
      {
        "time": 141559,
        "key": "1Key2"
      },
      {
        "time": 141559,
        "key": "1Key4"
      },
      {
        "time": 141746,
        "key": "1Key10"
      },
      {
        "time": 141933,
        "key": "1Key9"
      },
      {
        "time": 142307,
        "key": "1Key1"
      },
      {
        "time": 142307,
        "key": "1Key4"
      },
      {
        "time": 142307,
        "key": "1Key8"
      },
      {
        "time": 143055,
        "key": "1Key4"
      },
      {
        "time": 143055,
        "key": "1Key6"
      },
      {
        "time": 143616,
        "key": "1Key7"
      },
      {
        "time": 143803,
        "key": "1Key0"
      },
      {
        "time": 143803,
        "key": "1Key3"
      },
      {
        "time": 143803,
        "key": "1Key7"
      },
      {
        "time": 143803,
        "key": "1Key12"
      },
      {
        "time": 144364,
        "key": "1Key11"
      },
      {
        "time": 144551,
        "key": "1Key3"
      },
      {
        "time": 144551,
        "key": "1Key5"
      },
      {
        "time": 144925,
        "key": "1Key11"
      },
      {
        "time": 145299,
        "key": "1Key0"
      },
      {
        "time": 145299,
        "key": "1Key3"
      },
      {
        "time": 145299,
        "key": "1Key7"
      },
      {
        "time": 145299,
        "key": "1Key14"
      },
      {
        "time": 145673,
        "key": "1Key3"
      },
      {
        "time": 145860,
        "key": "1Key7"
      },
      {
        "time": 146047,
        "key": "1Key0"
      },
      {
        "time": 146047,
        "key": "1Key3"
      },
      {
        "time": 146234,
        "key": "1Key3"
      },
      {
        "time": 146421,
        "key": "1Key0"
      },
      {
        "time": 146608,
        "key": "1Key3"
      },
      {
        "time": 146795,
        "key": "1Key0"
      },
      {
        "time": 146795,
        "key": "1Key3"
      },
      {
        "time": 147169,
        "key": "1Key3"
      },
      {
        "time": 147356,
        "key": "1Key7"
      },
      {
        "time": 147543,
        "key": "1Key0"
      },
      {
        "time": 147730,
        "key": "1Key3"
      },
      {
        "time": 147917,
        "key": "1Key0"
      },
      {
        "time": 148104,
        "key": "1Key3"
      },
      {
        "time": 148291,
        "key": "1Key0"
      },
      {
        "time": 148291,
        "key": "1Key3"
      },
      {
        "time": 148291,
        "key": "1Key7"
      },
      {
        "time": 148291,
        "key": "1Key11"
      },
      {
        "time": 148478,
        "key": "1Key12"
      },
      {
        "time": 148852,
        "key": "1Key12"
      },
      {
        "time": 149039,
        "key": "1Key3"
      },
      {
        "time": 149039,
        "key": "1Key5"
      },
      {
        "time": 149226,
        "key": "1Key11"
      },
      {
        "time": 149413,
        "key": "1Key11"
      },
      {
        "time": 149600,
        "key": "1Key11"
      },
      {
        "time": 149787,
        "key": "1Key0"
      },
      {
        "time": 149787,
        "key": "1Key4"
      },
      {
        "time": 149787,
        "key": "1Key7"
      },
      {
        "time": 149787,
        "key": "1Key11"
      },
      {
        "time": 150535,
        "key": "1Key2"
      },
      {
        "time": 150535,
        "key": "1Key4"
      },
      {
        "time": 150535,
        "key": "1Key8"
      },
      {
        "time": 150722,
        "key": "1Key7"
      },
      {
        "time": 151096,
        "key": "1Key10"
      },
      {
        "time": 151283,
        "key": "1Key1"
      },
      {
        "time": 151283,
        "key": "1Key4"
      },
      {
        "time": 151657,
        "key": "1Key9"
      },
      {
        "time": 152031,
        "key": "1Key4"
      },
      {
        "time": 152031,
        "key": "1Key6"
      },
      {
        "time": 152031,
        "key": "1Key8"
      },
      {
        "time": 152218,
        "key": "1Key7"
      },
      {
        "time": 152592,
        "key": "1Key9"
      },
      {
        "time": 152779,
        "key": "1Key0"
      },
      {
        "time": 152779,
        "key": "1Key4"
      },
      {
        "time": 153527,
        "key": "1Key2"
      },
      {
        "time": 153527,
        "key": "1Key4"
      },
      {
        "time": 154088,
        "key": "1Key7"
      },
      {
        "time": 154275,
        "key": "1Key0"
      },
      {
        "time": 154275,
        "key": "1Key3"
      },
      {
        "time": 154275,
        "key": "1Key7"
      },
      {
        "time": 154275,
        "key": "1Key11"
      },
      {
        "time": 154462,
        "key": "1Key12"
      },
      {
        "time": 154836,
        "key": "1Key12"
      },
      {
        "time": 155023,
        "key": "1Key3"
      },
      {
        "time": 155023,
        "key": "1Key5"
      },
      {
        "time": 155397,
        "key": "1Key11"
      },
      {
        "time": 155771,
        "key": "1Key0"
      },
      {
        "time": 155771,
        "key": "1Key4"
      },
      {
        "time": 155771,
        "key": "1Key7"
      },
      {
        "time": 155771,
        "key": "1Key11"
      },
      {
        "time": 156519,
        "key": "1Key2"
      },
      {
        "time": 156519,
        "key": "1Key4"
      },
      {
        "time": 156519,
        "key": "1Key8"
      },
      {
        "time": 156706,
        "key": "1Key7"
      },
      {
        "time": 157080,
        "key": "1Key8"
      },
      {
        "time": 157267,
        "key": "1Key1"
      },
      {
        "time": 157267,
        "key": "1Key4"
      },
      {
        "time": 158015,
        "key": "1Key4"
      },
      {
        "time": 158015,
        "key": "1Key6"
      },
      {
        "time": 158015,
        "key": "1Key8"
      },
      {
        "time": 158389,
        "key": "1Key9"
      },
      {
        "time": 158763,
        "key": "1Key4"
      },
      {
        "time": 158763,
        "key": "1Key6"
      },
      {
        "time": 158763,
        "key": "1Key11"
      },
      {
        "time": 159511,
        "key": "1Key1"
      },
      {
        "time": 159511,
        "key": "1Key4"
      },
      {
        "time": 160072,
        "key": "1Key7"
      },
      {
        "time": 160259,
        "key": "1Key0"
      },
      {
        "time": 160259,
        "key": "1Key3"
      },
      {
        "time": 160259,
        "key": "1Key7"
      },
      {
        "time": 160259,
        "key": "1Key11"
      },
      {
        "time": 160446,
        "key": "1Key12"
      },
      {
        "time": 160820,
        "key": "1Key12"
      },
      {
        "time": 161007,
        "key": "1Key3"
      },
      {
        "time": 161007,
        "key": "1Key5"
      },
      {
        "time": 161381,
        "key": "1Key11"
      },
      {
        "time": 161755,
        "key": "1Key0"
      },
      {
        "time": 161755,
        "key": "1Key4"
      },
      {
        "time": 161755,
        "key": "1Key7"
      },
      {
        "time": 161755,
        "key": "1Key11"
      },
      {
        "time": 162129,
        "key": "1Key9"
      },
      {
        "time": 162503,
        "key": "1Key2"
      },
      {
        "time": 162503,
        "key": "1Key4"
      },
      {
        "time": 162877,
        "key": "1Key8"
      },
      {
        "time": 163064,
        "key": "1Key7"
      },
      {
        "time": 163251,
        "key": "1Key1"
      },
      {
        "time": 163251,
        "key": "1Key4"
      },
      {
        "time": 163251,
        "key": "1Key8"
      },
      {
        "time": 163812,
        "key": "1Key7"
      },
      {
        "time": 163999,
        "key": "1Key1"
      },
      {
        "time": 163999,
        "key": "1Key4"
      },
      {
        "time": 164373,
        "key": "1Key9"
      },
      {
        "time": 164747,
        "key": "1Key0"
      },
      {
        "time": 164747,
        "key": "1Key4"
      },
      {
        "time": 165495,
        "key": "1Key2"
      },
      {
        "time": 165495,
        "key": "1Key4"
      },
      {
        "time": 166056,
        "key": "1Key4"
      },
      {
        "time": 166243,
        "key": "1Key0"
      },
      {
        "time": 166243,
        "key": "1Key3"
      },
      {
        "time": 166243,
        "key": "1Key8"
      },
      {
        "time": 166804,
        "key": "1Key8"
      },
      {
        "time": 166991,
        "key": "1Key3"
      },
      {
        "time": 166991,
        "key": "1Key5"
      },
      {
        "time": 167178,
        "key": "1Key9"
      },
      {
        "time": 167552,
        "key": "1Key8"
      },
      {
        "time": 167739,
        "key": "1Key0"
      },
      {
        "time": 167739,
        "key": "1Key3"
      },
      {
        "time": 167926,
        "key": "1Key7"
      },
      {
        "time": 168487,
        "key": "1Key1"
      },
      {
        "time": 168487,
        "key": "1Key4"
      },
      {
        "time": 168487,
        "key": "1Key5"
      },
      {
        "time": 168674,
        "key": "1Key7"
      },
      {
        "time": 168861,
        "key": "1Key7"
      },
      {
        "time": 169235,
        "key": "1Key0"
      },
      {
        "time": 169609,
        "key": "1Key2"
      },
      {
        "time": 169796,
        "key": "1Key7"
      },
      {
        "time": 169983,
        "key": "1Key0"
      },
      {
        "time": 170170,
        "key": "1Key4"
      },
      {
        "time": 170357,
        "key": "1Key2"
      },
      {
        "time": 170544,
        "key": "1Key4"
      },
      {
        "time": 170731,
        "key": "1Key2"
      },
      {
        "time": 170731,
        "key": "1Key5"
      },
      {
        "time": 171105,
        "key": "1Key2"
      },
      {
        "time": 171292,
        "key": "1Key7"
      },
      {
        "time": 171479,
        "key": "1Key0"
      },
      {
        "time": 171666,
        "key": "1Key5"
      },
      {
        "time": 171853,
        "key": "1Key2"
      },
      {
        "time": 172040,
        "key": "1Key5"
      },
      {
        "time": 172227,
        "key": "1Key0"
      },
      {
        "time": 172227,
        "key": "1Key3"
      },
      {
        "time": 172227,
        "key": "1Key8"
      },
      {
        "time": 172788,
        "key": "1Key8"
      },
      {
        "time": 172975,
        "key": "1Key3"
      },
      {
        "time": 172975,
        "key": "1Key5"
      },
      {
        "time": 173162,
        "key": "1Key9"
      },
      {
        "time": 173536,
        "key": "1Key11"
      },
      {
        "time": 173723,
        "key": "1Key1"
      },
      {
        "time": 173723,
        "key": "1Key4"
      },
      {
        "time": 174097,
        "key": "1Key9"
      },
      {
        "time": 174471,
        "key": "1Key4"
      },
      {
        "time": 174471,
        "key": "1Key6"
      },
      {
        "time": 174471,
        "key": "1Key8"
      },
      {
        "time": 174658,
        "key": "1Key7"
      },
      {
        "time": 174845,
        "key": "1Key7"
      },
      {
        "time": 175219,
        "key": "1Key0"
      },
      {
        "time": 175219,
        "key": "1Key2"
      },
      {
        "time": 175219,
        "key": "1Key4"
      },
      {
        "time": 175219,
        "key": "1Key7"
      }
    ]
  }
]