[{"name":"If you’re happy ","bpm":220,"bitsPerPage":16,"pitchLevel":0,"isComposed":true,"songNotes":[{"time":400,"key":"1Key4"},{"time":672,"key":"1Key4"},{"time":808,"key":"1Key0"},{"time":808,"key":"1Key2"},{"time":808,"key":"1Key7"},{"time":1080,"key":"1Key7"},{"time":1216,"key":"1Key7"},{"time":1488,"key":"1Key7"},{"time":1624,"key":"1Key0"},{"time":1624,"key":"1Key2"},{"time":1624,"key":"1Key7"},{"time":1896,"key":"1Key7"},{"time":2032,"key":"1Key6"},{"time":2304,"key":"1Key7"},{"time":2440,"key":"1Key8"},{"time":3528,"key":"1Key4"},{"time":3800,"key":"1Key4"},{"time":3936,"key":"1Key0"},{"time":3936,"key":"1Key3"},{"time":3936,"key":"1Key8"},{"time":4208,"key":"1Key8"},{"time":4344,"key":"1Key8"},{"time":4616,"key":"1Key8"},{"time":4752,"key":"1Key0"},{"time":4752,"key":"1Key3"},{"time":4752,"key":"1Key8"},{"time":5024,"key":"1Key8"},{"time":5160,"key":"1Key7"},{"time":5432,"key":"1Key8"},{"time":5568,"key":"1Key9"},{"time":6656,"key":"1Key9"},{"time":6928,"key":"1Key9"},{"time":7064,"key":"1Key2"},{"time":7064,"key":"1Key7"},{"time":7064,"key":"1Key10"},{"time":7336,"key":"1Key10"},{"time":7472,"key":"1Key10"},{"time":7744,"key":"1Key10"},{"time":7880,"key":"1Key5"},{"time":8152,"key":"1Key5"},{"time":8288,"key":"1Key10"},{"time":8560,"key":"1Key10"},{"time":8696,"key":"1Key2"},{"time":8696,"key":"1Key4"},{"time":8696,"key":"1Key9"},{"time":8968,"key":"1Key9"},{"time":9104,"key":"1Key9"},{"time":9376,"key":"1Key8"},{"time":9512,"key":"1Key7"},{"time":9784,"key":"1Key7"},{"time":9920,"key":"1Key6"},{"time":10192,"key":"1Key7"},{"time":10328,"key":"1Key1"},{"time":10328,"key":"1Key3"},{"time":10328,"key":"1Key8"},{"time":10600,"key":"1Key8"},{"time":10736,"key":"1Key8"},{"time":11008,"key":"1Key7"},{"time":11144,"key":"1Key6"},{"time":11416,"key":"1Key6"},{"time":11552,"key":"1Key5"},{"time":11824,"key":"1Key6"},{"time":11960,"key":"1Key0"},{"time":11960,"key":"1Key2"},{"time":11960,"key":"1Key7"}]}]