[{"name":"Cat Vibin / Levan Polkka (Medium-Hard)  (SaiCode)","bpm":480,"pitchLevel":0,"bitsPerPage":16,"isComposed":true,"songNotes":[{"time":400,"key":"Key5"},{"time":650,"key":"Key7"},{"time":650,"key":"Key9"},{"time":900,"key":"Key2"},{"time":1150,"key":"Key7"},{"time":1150,"key":"Key9"},{"time":1400,"key":"Key5"},{"time":1650,"key":"Key7"},{"time":1650,"key":"Key9"},{"time":1900,"key":"Key2"},{"time":2150,"key":"Key4"},{"time":2150,"key":"Key7"},{"time":2150,"key":"Key9"},{"time":2400,"key":"Key5"},{"time":2650,"key":"Key7"},{"time":2650,"key":"Key9"},{"time":2900,"key":"Key2"},{"time":3150,"key":"Key7"},{"time":3150,"key":"Key9"},{"time":3400,"key":"Key5"},{"time":3650,"key":"Key7"},{"time":3650,"key":"Key9"},{"time":3900,"key":"Key2"},{"time":4150,"key":"Key4"},{"time":4150,"key":"Key7"},{"time":4150,"key":"Key9"},{"time":4400,"key":"Key5"},{"time":4650,"key":"Key7"},{"time":4650,"key":"Key9"},{"time":4900,"key":"Key2"},{"time":5150,"key":"Key7"},{"time":5150,"key":"Key9"},{"time":5400,"key":"Key5"},{"time":5650,"key":"Key7"},{"time":5650,"key":"Key9"},{"time":5900,"key":"Key2"},{"time":6150,"key":"Key4"},{"time":6150,"key":"Key7"},{"time":6150,"key":"Key9"},{"time":6400,"key":"Key5"},{"time":6650,"key":"Key7"},{"time":6650,"key":"Key9"},{"time":6900,"key":"Key2"},{"time":7150,"key":"Key7"},{"time":7150,"key":"Key9"},{"time":7400,"key":"Key5"},{"time":7650,"key":"Key7"},{"time":7650,"key":"Key9"},{"time":7900,"key":"Key2"},{"time":8150,"key":"Key4"},{"time":8150,"key":"Key7"},{"time":8150,"key":"Key9"},{"time":8400,"key":"Key5"},{"time":8650,"key":"Key7"},{"time":8650,"key":"Key9"},{"time":8900,"key":"Key2"},{"time":9150,"key":"Key7"},{"time":9150,"key":"Key9"},{"time":9400,"key":"Key5"},{"time":9650,"key":"Key7"},{"time":9650,"key":"Key9"},{"time":9900,"key":"Key2"},{"time":10150,"key":"Key4"},{"time":10150,"key":"Key7"},{"time":10150,"key":"Key9"},{"time":10400,"key":"Key5"},{"time":10650,"key":"Key7"},{"time":10650,"key":"Key9"},{"time":10900,"key":"Key2"},{"time":11150,"key":"Key7"},{"time":11150,"key":"Key9"},{"time":11400,"key":"Key5"},{"time":11650,"key":"Key7"},{"time":11650,"key":"Key9"},{"time":11900,"key":"Key2"},{"time":12150,"key":"Key4"},{"time":12150,"key":"Key7"},{"time":12150,"key":"Key9"},{"time":12400,"key":"Key5"},{"time":12650,"key":"Key7"},{"time":12650,"key":"Key9"},{"time":12900,"key":"Key2"},{"time":13150,"key":"Key7"},{"time":13150,"key":"Key9"},{"time":13400,"key":"Key5"},{"time":13650,"key":"Key7"},{"time":13650,"key":"Key9"},{"time":13900,"key":"Key2"},{"time":14150,"key":"Key4"},{"time":14150,"key":"Key7"},{"time":14150,"key":"Key9"},{"time":14400,"key":"Key5"},{"time":14650,"key":"Key7"},{"time":14650,"key":"Key9"},{"time":14900,"key":"Key2"},{"time":15150,"key":"Key7"},{"time":15150,"key":"Key9"},{"time":15400,"key":"Key5"},{"time":15400,"key":"Key7"},{"time":15400,"key":"Key9"},{"time":15962,"key":"Key5"},{"time":16087,"key":"Key2"},{"time":16087,"key":"Key5"},{"time":16337,"key":"Key5"},{"time":16337,"key":"Key7"},{"time":16337,"key":"Key9"},{"time":16587,"key":"Key2"},{"time":16587,"key":"Key5"},{"time":16837,"key":"Key4"},{"time":16837,"key":"Key7"},{"time":16837,"key":"Key9"},{"time":16962,"key":"Key6"},{"time":17087,"key":"Key5"},{"time":17087,"key":"Key7"},{"time":17212,"key":"Key7"},{"time":17337,"key":"Key5"},{"time":17337,"key":"Key7"},{"time":17337,"key":"Key9"},{"time":17462,"key":"Key5"},{"time":17587,"key":"Key2"},{"time":17587,"key":"Key5"},{"time":17837,"key":"Key4"},{"time":17837,"key":"Key5"},{"time":17837,"key":"Key7"},{"time":17837,"key":"Key9"},{"time":17962,"key":"Key7"},{"time":18087,"key":"Key2"},{"time":18087,"key":"Key6"},{"time":18337,"key":"Key4"},{"time":18337,"key":"Key6"},{"time":18337,"key":"Key9"},{"time":18587,"key":"Key4"},{"time":18837,"key":"Key2"},{"time":18837,"key":"Key4"},{"time":18837,"key":"Key6"},{"time":18837,"key":"Key9"},{"time":19087,"key":"Key5"},{"time":19087,"key":"Key6"},{"time":19337,"key":"Key5"},{"time":19337,"key":"Key7"},{"time":19337,"key":"Key9"},{"time":19587,"key":"Key2"},{"time":19587,"key":"Key5"},{"time":19837,"key":"Key4"},{"time":19837,"key":"Key5"},{"time":19837,"key":"Key7"},{"time":19837,"key":"Key9"},{"time":19962,"key":"Key5"},{"time":20087,"key":"Key2"},{"time":20087,"key":"Key5"},{"time":20337,"key":"Key5"},{"time":20337,"key":"Key7"},{"time":20337,"key":"Key9"},{"time":20587,"key":"Key2"},{"time":20587,"key":"Key5"},{"time":20837,"key":"Key4"},{"time":20837,"key":"Key7"},{"time":20837,"key":"Key9"},{"time":20962,"key":"Key6"},{"time":21087,"key":"Key5"},{"time":21087,"key":"Key7"},{"time":21337,"key":"Key5"},{"time":21337,"key":"Key7"},{"time":21337,"key":"Key9"},{"time":21462,"key":"Key5"},{"time":21587,"key":"Key2"},{"time":21712,"key":"Key5"},{"time":21837,"key":"Key4"},{"time":21837,"key":"Key5"},{"time":21837,"key":"Key7"},{"time":21837,"key":"Key9"},{"time":21962,"key":"Key7"},{"time":22087,"key":"Key2"},{"time":22087,"key":"Key9"},{"time":22212,"key":"Key9"},{"time":22337,"key":"Key6"},{"time":22337,"key":"Key9"},{"time":22462,"key":"Key8"},{"time":22587,"key":"Key4"},{"time":22587,"key":"Key7"},{"time":22712,"key":"Key7"},{"time":22837,"key":"Key2"},{"time":22837,"key":"Key6"},{"time":22837,"key":"Key9"},{"time":23087,"key":"Key5"},{"time":23087,"key":"Key7"},{"time":23337,"key":"Key5"},{"time":23337,"key":"Key7"},{"time":23337,"key":"Key9"},{"time":23587,"key":"Key2"},{"time":23587,"key":"Key5"},{"time":23837,"key":"Key4"},{"time":23837,"key":"Key5"},{"time":23837,"key":"Key7"},{"time":23837,"key":"Key9"},{"time":23962,"key":"Key5"},{"time":24087,"key":"Key5"},{"time":24087,"key":"Key9"},{"time":24337,"key":"Key7"},{"time":24337,"key":"Key9"},{"time":24587,"key":"Key2"},{"time":24587,"key":"Key8"},{"time":24837,"key":"Key4"},{"time":24837,"key":"Key7"},{"time":24837,"key":"Key9"},{"time":25087,"key":"Key2"},{"time":25087,"key":"Key6"},{"time":25337,"key":"Key4"},{"time":25337,"key":"Key7"},{"time":25337,"key":"Key9"},{"time":25462,"key":"Key4"},{"time":25587,"key":"Key2"},{"time":25712,"key":"Key4"},{"time":25837,"key":"Key4"},{"time":25837,"key":"Key7"},{"time":25837,"key":"Key9"},{"time":25962,"key":"Key6"},{"time":26087,"key":"Key2"},{"time":26087,"key":"Key8"},{"time":26212,"key":"Key8"},{"time":26337,"key":"Key6"},{"time":26337,"key":"Key8"},{"time":26337,"key":"Key9"},{"time":26462,"key":"Key8"},{"time":26587,"key":"Key4"},{"time":26587,"key":"Key7"},{"time":26712,"key":"Key7"},{"time":26837,"key":"Key2"},{"time":26837,"key":"Key6"},{"time":26837,"key":"Key9"},{"time":26962,"key":"Key6"},{"time":27087,"key":"Key5"},{"time":27087,"key":"Key7"},{"time":27337,"key":"Key5"},{"time":27337,"key":"Key7"},{"time":27337,"key":"Key9"},{"time":27462,"key":"Key5"},{"time":27587,"key":"Key2"},{"time":27837,"key":"Key4"},{"time":27837,"key":"Key7"},{"time":27837,"key":"Key9"},{"time":27962,"key":"Key5"},{"time":28087,"key":"Key5"},{"time":28087,"key":"Key9"},{"time":28337,"key":"Key7"},{"time":28337,"key":"Key9"},{"time":28587,"key":"Key2"},{"time":28587,"key":"Key8"},{"time":28837,"key":"Key4"},{"time":28837,"key":"Key7"},{"time":28837,"key":"Key9"},{"time":29087,"key":"Key2"},{"time":29087,"key":"Key6"},{"time":29337,"key":"Key4"},{"time":29337,"key":"Key7"},{"time":29337,"key":"Key9"},{"time":29587,"key":"Key2"},{"time":29587,"key":"Key4"},{"time":29837,"key":"Key4"},{"time":29837,"key":"Key7"},{"time":29837,"key":"Key9"},{"time":29962,"key":"Key6"},{"time":30087,"key":"Key2"},{"time":30087,"key":"Key8"},{"time":30212,"key":"Key8"},{"time":30337,"key":"Key6"},{"time":30337,"key":"Key8"},{"time":30337,"key":"Key9"},{"time":30462,"key":"Key8"},{"time":30587,"key":"Key4"},{"time":30587,"key":"Key7"},{"time":30837,"key":"Key2"},{"time":30837,"key":"Key6"},{"time":30837,"key":"Key9"},{"time":31087,"key":"Key5"},{"time":31087,"key":"Key7"},{"time":31087,"key":"Key9"},{"time":31337,"key":"Key5"},{"time":31462,"key":"Key5"},{"time":31837,"key":"Key5"},{"time":31962,"key":"Key2"},{"time":31962,"key":"Key5"},{"time":32212,"key":"Key5"},{"time":32212,"key":"Key7"},{"time":32212,"key":"Key9"},{"time":32462,"key":"Key2"},{"time":32462,"key":"Key5"},{"time":32712,"key":"Key4"},{"time":32712,"key":"Key7"},{"time":32712,"key":"Key9"},{"time":32837,"key":"Key6"},{"time":32962,"key":"Key5"},{"time":32962,"key":"Key7"},{"time":33087,"key":"Key7"},{"time":33212,"key":"Key5"},{"time":33212,"key":"Key7"},{"time":33212,"key":"Key9"},{"time":33337,"key":"Key5"},{"time":33462,"key":"Key2"},{"time":33462,"key":"Key5"},{"time":33712,"key":"Key4"},{"time":33712,"key":"Key5"},{"time":33712,"key":"Key7"},{"time":33712,"key":"Key9"},{"time":33837,"key":"Key7"},{"time":33962,"key":"Key2"},{"time":33962,"key":"Key6"},{"time":34212,"key":"Key4"},{"time":34212,"key":"Key6"},{"time":34212,"key":"Key9"},{"time":34462,"key":"Key4"},{"time":34712,"key":"Key2"},{"time":34712,"key":"Key4"},{"time":34712,"key":"Key6"},{"time":34712,"key":"Key9"},{"time":34962,"key":"Key5"},{"time":34962,"key":"Key6"},{"time":35212,"key":"Key5"},{"time":35212,"key":"Key7"},{"time":35212,"key":"Key9"},{"time":35462,"key":"Key2"},{"time":35462,"key":"Key5"},{"time":35712,"key":"Key4"},{"time":35712,"key":"Key5"},{"time":35712,"key":"Key7"},{"time":35712,"key":"Key9"},{"time":35837,"key":"Key5"},{"time":35962,"key":"Key2"},{"time":35962,"key":"Key5"},{"time":36212,"key":"Key5"},{"time":36212,"key":"Key7"},{"time":36212,"key":"Key9"},{"time":36462,"key":"Key2"},{"time":36462,"key":"Key5"},{"time":36712,"key":"Key4"},{"time":36712,"key":"Key7"},{"time":36712,"key":"Key9"},{"time":36837,"key":"Key6"},{"time":36962,"key":"Key5"},{"time":36962,"key":"Key7"},{"time":37212,"key":"Key5"},{"time":37212,"key":"Key7"},{"time":37212,"key":"Key9"},{"time":37337,"key":"Key5"},{"time":37462,"key":"Key2"},{"time":37587,"key":"Key5"},{"time":37712,"key":"Key4"},{"time":37712,"key":"Key5"},{"time":37712,"key":"Key7"},{"time":37712,"key":"Key9"},{"time":37837,"key":"Key7"},{"time":37962,"key":"Key2"},{"time":37962,"key":"Key9"},{"time":38087,"key":"Key9"},{"time":38212,"key":"Key6"},{"time":38212,"key":"Key9"},{"time":38337,"key":"Key8"},{"time":38462,"key":"Key4"},{"time":38462,"key":"Key7"},{"time":38587,"key":"Key7"},{"time":38712,"key":"Key2"},{"time":38712,"key":"Key6"},{"time":38712,"key":"Key9"},{"time":38962,"key":"Key5"},{"time":38962,"key":"Key7"},{"time":39212,"key":"Key5"},{"time":39212,"key":"Key7"},{"time":39212,"key":"Key9"},{"time":39462,"key":"Key2"},{"time":39462,"key":"Key5"},{"time":39712,"key":"Key4"},{"time":39712,"key":"Key5"},{"time":39712,"key":"Key7"},{"time":39712,"key":"Key9"},{"time":39837,"key":"Key5"},{"time":39962,"key":"Key5"},{"time":39962,"key":"Key9"},{"time":40212,"key":"Key7"},{"time":40212,"key":"Key9"},{"time":40462,"key":"Key2"},{"time":40462,"key":"Key8"},{"time":40712,"key":"Key4"},{"time":40712,"key":"Key7"},{"time":40712,"key":"Key9"},{"time":40962,"key":"Key2"},{"time":40962,"key":"Key6"},{"time":41212,"key":"Key4"},{"time":41212,"key":"Key7"},{"time":41212,"key":"Key9"},{"time":41337,"key":"Key4"},{"time":41462,"key":"Key2"},{"time":41587,"key":"Key4"},{"time":41712,"key":"Key4"},{"time":41712,"key":"Key7"},{"time":41712,"key":"Key9"},{"time":41837,"key":"Key6"},{"time":41962,"key":"Key2"},{"time":41962,"key":"Key8"},{"time":42087,"key":"Key8"},{"time":42212,"key":"Key6"},{"time":42212,"key":"Key8"},{"time":42212,"key":"Key9"},{"time":42337,"key":"Key8"},{"time":42462,"key":"Key4"},{"time":42462,"key":"Key7"},{"time":42587,"key":"Key7"},{"time":42712,"key":"Key2"},{"time":42712,"key":"Key6"},{"time":42712,"key":"Key9"},{"time":42837,"key":"Key6"},{"time":42962,"key":"Key5"},{"time":42962,"key":"Key7"},{"time":43212,"key":"Key5"},{"time":43212,"key":"Key7"},{"time":43212,"key":"Key9"},{"time":43337,"key":"Key5"},{"time":43462,"key":"Key2"},{"time":43712,"key":"Key4"},{"time":43712,"key":"Key7"},{"time":43712,"key":"Key9"},{"time":43837,"key":"Key5"},{"time":43962,"key":"Key5"},{"time":43962,"key":"Key9"},{"time":44212,"key":"Key7"},{"time":44212,"key":"Key9"},{"time":44462,"key":"Key2"},{"time":44462,"key":"Key8"},{"time":44712,"key":"Key4"},{"time":44712,"key":"Key7"},{"time":44712,"key":"Key9"},{"time":44962,"key":"Key2"},{"time":44962,"key":"Key6"},{"time":45212,"key":"Key4"},{"time":45212,"key":"Key7"},{"time":45212,"key":"Key9"},{"time":45462,"key":"Key2"},{"time":45462,"key":"Key4"},{"time":45712,"key":"Key4"},{"time":45712,"key":"Key7"},{"time":45712,"key":"Key9"},{"time":45837,"key":"Key6"},{"time":45962,"key":"Key2"},{"time":45962,"key":"Key8"},{"time":46087,"key":"Key8"},{"time":46212,"key":"Key6"},{"time":46212,"key":"Key8"},{"time":46212,"key":"Key9"},{"time":46337,"key":"Key8"},{"time":46462,"key":"Key4"},{"time":46462,"key":"Key7"},{"time":46712,"key":"Key2"},{"time":46712,"key":"Key6"},{"time":46712,"key":"Key9"},{"time":46962,"key":"Key5"},{"time":46962,"key":"Key7"},{"time":46962,"key":"Key9"},{"time":47212,"key":"Key5"},{"time":47337,"key":"Key5"},{"time":47774,"key":"Key5"},{"time":48149,"key":"Key2"},{"time":48399,"key":"Key4"},{"time":48649,"key":"Key5"},{"time":49024,"key":"Key2"},{"time":49274,"key":"Key4"},{"time":49524,"key":"Key2"},{"time":49899,"key":"Key4"},{"time":50149,"key":"Key2"},{"time":50399,"key":"Key5"},{"time":50774,"key":"Key2"},{"time":51024,"key":"Key4"},{"time":51274,"key":"Key5"},{"time":51649,"key":"Key2"},{"time":51899,"key":"Key4"},{"time":52149,"key":"Key5"},{"time":52524,"key":"Key2"},{"time":52774,"key":"Key4"},{"time":53024,"key":"Key2"},{"time":53399,"key":"Key4"},{"time":53649,"key":"Key2"},{"time":53899,"key":"Key5"},{"time":54274,"key":"Key2"},{"time":54524,"key":"Key4"},{"time":54774,"key":"Key5"},{"time":55149,"key":"Key2"},{"time":55399,"key":"Key4"},{"time":55649,"key":"Key2"},{"time":56024,"key":"Key2"},{"time":56274,"key":"Key4"},{"time":56524,"key":"Key2"},{"time":56899,"key":"Key4"},{"time":57149,"key":"Key2"},{"time":57399,"key":"Key5"},{"time":57774,"key":"Key2"},{"time":58024,"key":"Key4"},{"time":58274,"key":"Key5"},{"time":58649,"key":"Key2"},{"time":58899,"key":"Key4"},{"time":59149,"key":"Key2"},{"time":59524,"key":"Key2"},{"time":59774,"key":"Key4"},{"time":60024,"key":"Key2"},{"time":60399,"key":"Key4"},{"time":60649,"key":"Key2"},{"time":60899,"key":"Key5"},{"time":61461,"key":"Key5"},{"time":61586,"key":"Key2"},{"time":61586,"key":"Key5"},{"time":61836,"key":"Key5"},{"time":61836,"key":"Key7"},{"time":61836,"key":"Key9"},{"time":62086,"key":"Key2"},{"time":62086,"key":"Key5"},{"time":62336,"key":"Key4"},{"time":62336,"key":"Key7"},{"time":62336,"key":"Key9"},{"time":62461,"key":"Key6"},{"time":62586,"key":"Key5"},{"time":62586,"key":"Key7"},{"time":62711,"key":"Key7"},{"time":62836,"key":"Key5"},{"time":62836,"key":"Key7"},{"time":62836,"key":"Key9"},{"time":63086,"key":"Key2"},{"time":63086,"key":"Key5"},{"time":63336,"key":"Key4"},{"time":63336,"key":"Key5"},{"time":63336,"key":"Key7"},{"time":63336,"key":"Key9"},{"time":63461,"key":"Key7"},{"time":63586,"key":"Key2"},{"time":63586,"key":"Key6"},{"time":63836,"key":"Key4"},{"time":63836,"key":"Key6"},{"time":63836,"key":"Key9"},{"time":64086,"key":"Key4"},{"time":64336,"key":"Key2"},{"time":64336,"key":"Key4"},{"time":64336,"key":"Key6"},{"time":64336,"key":"Key9"},{"time":64586,"key":"Key5"},{"time":64586,"key":"Key6"},{"time":64711,"key":"Key6"},{"time":64836,"key":"Key5"},{"time":64836,"key":"Key7"},{"time":64836,"key":"Key9"},{"time":65086,"key":"Key2"},{"time":65086,"key":"Key5"},{"time":65336,"key":"Key4"},{"time":65336,"key":"Key7"},{"time":65336,"key":"Key9"},{"time":65461,"key":"Key5"},{"time":65586,"key":"Key2"},{"time":65586,"key":"Key5"},{"time":65836,"key":"Key5"},{"time":65836,"key":"Key7"},{"time":65836,"key":"Key9"},{"time":66086,"key":"Key2"},{"time":66086,"key":"Key5"},{"time":66336,"key":"Key4"},{"time":66336,"key":"Key7"},{"time":66336,"key":"Key9"},{"time":66461,"key":"Key6"},{"time":66586,"key":"Key5"},{"time":66586,"key":"Key7"},{"time":66836,"key":"Key5"},{"time":66836,"key":"Key7"},{"time":66836,"key":"Key9"},{"time":66961,"key":"Key5"},{"time":67086,"key":"Key2"},{"time":67211,"key":"Key5"},{"time":67336,"key":"Key4"},{"time":67336,"key":"Key5"},{"time":67336,"key":"Key7"},{"time":67336,"key":"Key9"},{"time":67461,"key":"Key7"},{"time":67586,"key":"Key2"},{"time":67586,"key":"Key9"},{"time":67711,"key":"Key9"},{"time":67836,"key":"Key6"},{"time":67836,"key":"Key9"},{"time":67961,"key":"Key8"},{"time":68086,"key":"Key4"},{"time":68086,"key":"Key7"},{"time":68336,"key":"Key2"},{"time":68336,"key":"Key6"},{"time":68336,"key":"Key9"},{"time":68586,"key":"Key5"},{"time":68586,"key":"Key7"},{"time":68836,"key":"Key5"},{"time":68836,"key":"Key7"},{"time":68836,"key":"Key9"},{"time":68961,"key":"Key5"},{"time":69086,"key":"Key2"},{"time":69086,"key":"Key5"},{"time":69336,"key":"Key4"},{"time":69336,"key":"Key5"},{"time":69336,"key":"Key7"},{"time":69336,"key":"Key9"},{"time":69461,"key":"Key7"},{"time":69586,"key":"Key5"},{"time":69586,"key":"Key9"},{"time":69836,"key":"Key7"},{"time":69836,"key":"Key9"},{"time":70086,"key":"Key2"},{"time":70086,"key":"Key8"},{"time":70336,"key":"Key4"},{"time":70336,"key":"Key7"},{"time":70336,"key":"Key9"},{"time":70586,"key":"Key2"},{"time":70586,"key":"Key6"},{"time":70836,"key":"Key4"},{"time":70836,"key":"Key7"},{"time":70836,"key":"Key9"},{"time":70961,"key":"Key4"},{"time":71086,"key":"Key2"},{"time":71086,"key":"Key4"},{"time":71336,"key":"Key4"},{"time":71336,"key":"Key7"},{"time":71336,"key":"Key9"},{"time":71461,"key":"Key6"},{"time":71586,"key":"Key2"},{"time":71586,"key":"Key8"},{"time":71711,"key":"Key8"},{"time":71836,"key":"Key6"},{"time":71836,"key":"Key8"},{"time":71836,"key":"Key9"},{"time":71961,"key":"Key8"},{"time":72086,"key":"Key4"},{"time":72086,"key":"Key7"},{"time":72211,"key":"Key7"},{"time":72336,"key":"Key2"},{"time":72336,"key":"Key6"},{"time":72336,"key":"Key9"},{"time":72461,"key":"Key6"},{"time":72586,"key":"Key5"},{"time":72586,"key":"Key7"},{"time":72836,"key":"Key5"},{"time":72836,"key":"Key7"},{"time":72836,"key":"Key9"},{"time":72961,"key":"Key5"},{"time":73086,"key":"Key2"},{"time":73086,"key":"Key5"},{"time":73336,"key":"Key4"},{"time":73336,"key":"Key7"},{"time":73336,"key":"Key9"},{"time":73461,"key":"Key5"},{"time":73586,"key":"Key5"},{"time":73586,"key":"Key9"},{"time":73836,"key":"Key7"},{"time":73836,"key":"Key9"},{"time":74086,"key":"Key2"},{"time":74086,"key":"Key8"},{"time":74336,"key":"Key4"},{"time":74336,"key":"Key7"},{"time":74336,"key":"Key9"},{"time":74586,"key":"Key2"},{"time":74586,"key":"Key6"},{"time":74836,"key":"Key4"},{"time":74836,"key":"Key7"},{"time":74836,"key":"Key9"},{"time":74961,"key":"Key4"},{"time":75086,"key":"Key2"},{"time":75086,"key":"Key4"},{"time":75336,"key":"Key4"},{"time":75336,"key":"Key7"},{"time":75336,"key":"Key9"},{"time":75461,"key":"Key6"},{"time":75586,"key":"Key2"},{"time":75586,"key":"Key8"},{"time":75711,"key":"Key8"},{"time":75836,"key":"Key6"},{"time":75836,"key":"Key8"},{"time":75836,"key":"Key9"},{"time":75961,"key":"Key8"},{"time":76086,"key":"Key4"},{"time":76086,"key":"Key7"},{"time":76336,"key":"Key2"},{"time":76336,"key":"Key6"},{"time":76336,"key":"Key9"},{"time":76586,"key":"Key5"},{"time":76586,"key":"Key7"},{"time":76586,"key":"Key9"},{"time":77148,"key":"Key5"},{"time":77273,"key":"Key2"},{"time":77273,"key":"Key5"},{"time":77523,"key":"Key5"},{"time":77523,"key":"Key7"},{"time":77523,"key":"Key9"},{"time":77773,"key":"Key2"},{"time":77773,"key":"Key5"},{"time":78023,"key":"Key4"},{"time":78023,"key":"Key7"},{"time":78023,"key":"Key9"},{"time":78148,"key":"Key6"},{"time":78273,"key":"Key5"},{"time":78273,"key":"Key7"},{"time":78398,"key":"Key7"},{"time":78523,"key":"Key5"},{"time":78523,"key":"Key7"},{"time":78523,"key":"Key9"},{"time":78648,"key":"Key5"},{"time":78773,"key":"Key2"},{"time":78773,"key":"Key5"},{"time":79023,"key":"Key4"},{"time":79023,"key":"Key5"},{"time":79023,"key":"Key7"},{"time":79023,"key":"Key9"},{"time":79148,"key":"Key7"},{"time":79273,"key":"Key2"},{"time":79273,"key":"Key6"},{"time":79523,"key":"Key4"},{"time":79523,"key":"Key6"},{"time":79523,"key":"Key9"},{"time":79773,"key":"Key4"},{"time":80023,"key":"Key2"},{"time":80023,"key":"Key4"},{"time":80023,"key":"Key6"},{"time":80023,"key":"Key9"},{"time":80273,"key":"Key5"},{"time":80273,"key":"Key6"},{"time":80523,"key":"Key5"},{"time":80523,"key":"Key7"},{"time":80523,"key":"Key9"},{"time":80773,"key":"Key2"},{"time":80773,"key":"Key5"},{"time":81023,"key":"Key4"},{"time":81023,"key":"Key5"},{"time":81023,"key":"Key7"},{"time":81023,"key":"Key9"},{"time":81148,"key":"Key5"},{"time":81273,"key":"Key2"},{"time":81273,"key":"Key5"},{"time":81523,"key":"Key5"},{"time":81523,"key":"Key7"},{"time":81523,"key":"Key9"},{"time":81773,"key":"Key2"},{"time":81773,"key":"Key5"},{"time":82023,"key":"Key4"},{"time":82023,"key":"Key7"},{"time":82023,"key":"Key9"},{"time":82148,"key":"Key6"},{"time":82273,"key":"Key5"},{"time":82273,"key":"Key7"},{"time":82523,"key":"Key5"},{"time":82523,"key":"Key7"},{"time":82523,"key":"Key9"},{"time":82648,"key":"Key5"},{"time":82773,"key":"Key2"},{"time":82898,"key":"Key5"},{"time":83023,"key":"Key4"},{"time":83023,"key":"Key5"},{"time":83023,"key":"Key7"},{"time":83023,"key":"Key9"},{"time":83148,"key":"Key7"},{"time":83273,"key":"Key2"},{"time":83273,"key":"Key9"},{"time":83398,"key":"Key9"},{"time":83523,"key":"Key6"},{"time":83523,"key":"Key9"},{"time":83648,"key":"Key8"},{"time":83773,"key":"Key4"},{"time":83773,"key":"Key7"},{"time":83898,"key":"Key7"},{"time":84023,"key":"Key2"},{"time":84023,"key":"Key6"},{"time":84023,"key":"Key9"},{"time":84273,"key":"Key5"},{"time":84273,"key":"Key7"},{"time":84523,"key":"Key5"},{"time":84523,"key":"Key7"},{"time":84523,"key":"Key9"},{"time":84773,"key":"Key2"},{"time":84773,"key":"Key5"},{"time":85023,"key":"Key4"},{"time":85023,"key":"Key5"},{"time":85023,"key":"Key7"},{"time":85023,"key":"Key9"},{"time":85148,"key":"Key5"},{"time":85273,"key":"Key5"},{"time":85273,"key":"Key9"},{"time":85523,"key":"Key7"},{"time":85523,"key":"Key9"},{"time":85773,"key":"Key2"},{"time":85773,"key":"Key8"},{"time":86023,"key":"Key4"},{"time":86023,"key":"Key7"},{"time":86023,"key":"Key9"},{"time":86273,"key":"Key2"},{"time":86273,"key":"Key6"},{"time":86523,"key":"Key4"},{"time":86523,"key":"Key7"},{"time":86523,"key":"Key9"},{"time":86648,"key":"Key4"},{"time":86773,"key":"Key2"},{"time":86898,"key":"Key4"},{"time":87023,"key":"Key4"},{"time":87023,"key":"Key7"},{"time":87023,"key":"Key9"},{"time":87148,"key":"Key6"},{"time":87273,"key":"Key5"},{"time":87273,"key":"Key9"},{"time":87523,"key":"Key7"},{"time":87523,"key":"Key9"},{"time":87773,"key":"Key2"},{"time":87773,"key":"Key8"},{"time":88023,"key":"Key4"},{"time":88023,"key":"Key7"},{"time":88023,"key":"Key9"},{"time":88273,"key":"Key2"},{"time":88273,"key":"Key6"},{"time":88523,"key":"Key4"},{"time":88523,"key":"Key7"},{"time":88523,"key":"Key9"},{"time":88648,"key":"Key4"},{"time":88773,"key":"Key2"},{"time":88898,"key":"Key4"},{"time":89023,"key":"Key4"},{"time":89023,"key":"Key7"},{"time":89023,"key":"Key9"},{"time":89148,"key":"Key6"},{"time":89273,"key":"Key5"},{"time":89273,"key":"Key9"},{"time":89523,"key":"Key7"},{"time":89523,"key":"Key9"},{"time":89773,"key":"Key2"},{"time":89773,"key":"Key8"},{"time":90023,"key":"Key4"},{"time":90023,"key":"Key7"},{"time":90023,"key":"Key9"},{"time":90273,"key":"Key5"},{"time":90273,"key":"Key9"},{"time":90523,"key":"Key7"},{"time":90523,"key":"Key9"},{"time":90773,"key":"Key2"},{"time":90773,"key":"Key8"},{"time":91023,"key":"Key4"},{"time":91023,"key":"Key7"},{"time":91023,"key":"Key9"},{"time":91273,"key":"Key5"},{"time":91273,"key":"Key9"},{"time":91523,"key":"Key7"},{"time":91523,"key":"Key9"},{"time":91773,"key":"Key5"},{"time":91773,"key":"Key9"},{"time":92023,"key":"Key7"},{"time":92023,"key":"Key9"},{"time":92273,"key":"Key5"},{"time":92273,"key":"Key9"},{"time":92523,"key":"Key5"},{"time":92523,"key":"Key9"},{"time":92773,"key":"Key5"},{"time":92773,"key":"Key9"},{"time":92898,"key":"Key5"},{"time":92898,"key":"Key9"},{"time":93023,"key":"Key5"},{"time":93023,"key":"Key9"},{"time":93148,"key":"Key5"},{"time":93273,"key":"Key2"},{"time":93273,"key":"Key5"},{"time":93523,"key":"Key5"},{"time":93523,"key":"Key7"},{"time":93523,"key":"Key9"},{"time":93773,"key":"Key2"},{"time":93773,"key":"Key5"},{"time":94023,"key":"Key4"},{"time":94023,"key":"Key7"},{"time":94023,"key":"Key9"},{"time":94148,"key":"Key6"},{"time":94273,"key":"Key5"},{"time":94273,"key":"Key7"},{"time":94398,"key":"Key7"},{"time":94523,"key":"Key5"},{"time":94523,"key":"Key7"},{"time":94523,"key":"Key9"},{"time":94648,"key":"Key5"},{"time":94773,"key":"Key2"},{"time":94773,"key":"Key5"},{"time":95023,"key":"Key4"},{"time":95023,"key":"Key5"},{"time":95023,"key":"Key7"},{"time":95023,"key":"Key9"},{"time":95148,"key":"Key7"},{"time":95273,"key":"Key2"},{"time":95273,"key":"Key6"},{"time":95523,"key":"Key4"},{"time":95523,"key":"Key6"},{"time":95523,"key":"Key9"},{"time":95773,"key":"Key4"},{"time":96023,"key":"Key2"},{"time":96023,"key":"Key4"},{"time":96023,"key":"Key6"},{"time":96023,"key":"Key9"},{"time":96273,"key":"Key5"},{"time":96273,"key":"Key6"},{"time":96523,"key":"Key5"},{"time":96523,"key":"Key7"},{"time":96523,"key":"Key9"},{"time":96773,"key":"Key2"},{"time":96773,"key":"Key5"},{"time":97023,"key":"Key4"},{"time":97023,"key":"Key5"},{"time":97023,"key":"Key7"},{"time":97023,"key":"Key9"},{"time":97148,"key":"Key5"},{"time":97273,"key":"Key2"},{"time":97273,"key":"Key5"},{"time":97523,"key":"Key5"},{"time":97523,"key":"Key7"},{"time":97523,"key":"Key9"},{"time":97773,"key":"Key2"},{"time":97773,"key":"Key5"},{"time":98023,"key":"Key4"},{"time":98023,"key":"Key7"},{"time":98023,"key":"Key9"},{"time":98148,"key":"Key6"},{"time":98273,"key":"Key5"},{"time":98273,"key":"Key7"},{"time":98523,"key":"Key5"},{"time":98523,"key":"Key7"},{"time":98523,"key":"Key9"},{"time":98648,"key":"Key5"},{"time":98773,"key":"Key2"},{"time":98898,"key":"Key5"},{"time":99023,"key":"Key4"},{"time":99023,"key":"Key5"},{"time":99023,"key":"Key7"},{"time":99023,"key":"Key9"},{"time":99148,"key":"Key7"},{"time":99273,"key":"Key2"},{"time":99273,"key":"Key9"},{"time":99398,"key":"Key9"},{"time":99523,"key":"Key6"},{"time":99523,"key":"Key9"},{"time":99648,"key":"Key8"},{"time":99773,"key":"Key4"},{"time":99773,"key":"Key7"},{"time":99898,"key":"Key7"},{"time":100023,"key":"Key2"},{"time":100023,"key":"Key6"},{"time":100023,"key":"Key9"},{"time":100273,"key":"Key5"},{"time":100273,"key":"Key7"},{"time":100523,"key":"Key5"},{"time":100523,"key":"Key7"},{"time":100523,"key":"Key9"},{"time":100773,"key":"Key2"},{"time":100773,"key":"Key5"},{"time":101023,"key":"Key4"},{"time":101023,"key":"Key5"},{"time":101023,"key":"Key7"},{"time":101023,"key":"Key9"},{"time":101148,"key":"Key5"},{"time":101273,"key":"Key5"},{"time":101273,"key":"Key9"},{"time":101523,"key":"Key7"},{"time":101523,"key":"Key9"},{"time":101773,"key":"Key2"},{"time":101773,"key":"Key8"},{"time":102023,"key":"Key4"},{"time":102023,"key":"Key7"},{"time":102023,"key":"Key9"},{"time":102273,"key":"Key2"},{"time":102273,"key":"Key6"},{"time":102523,"key":"Key4"},{"time":102523,"key":"Key7"},{"time":102523,"key":"Key9"},{"time":102648,"key":"Key4"},{"time":102773,"key":"Key2"},{"time":102898,"key":"Key4"},{"time":103023,"key":"Key4"},{"time":103023,"key":"Key7"},{"time":103023,"key":"Key9"},{"time":103148,"key":"Key6"},{"time":103273,"key":"Key2"},{"time":103273,"key":"Key8"},{"time":103398,"key":"Key8"},{"time":103523,"key":"Key6"},{"time":103523,"key":"Key8"},{"time":103523,"key":"Key9"},{"time":103648,"key":"Key8"},{"time":103773,"key":"Key4"},{"time":103773,"key":"Key7"},{"time":103898,"key":"Key7"},{"time":104023,"key":"Key2"},{"time":104023,"key":"Key6"},{"time":104023,"key":"Key9"},{"time":104148,"key":"Key6"},{"time":104273,"key":"Key5"},{"time":104273,"key":"Key7"},{"time":104523,"key":"Key5"},{"time":104523,"key":"Key7"},{"time":104523,"key":"Key9"},{"time":104648,"key":"Key5"},{"time":104773,"key":"Key2"},{"time":105023,"key":"Key4"},{"time":105023,"key":"Key7"},{"time":105023,"key":"Key9"},{"time":105148,"key":"Key5"},{"time":105273,"key":"Key5"},{"time":105273,"key":"Key9"},{"time":105523,"key":"Key7"},{"time":105523,"key":"Key9"},{"time":105773,"key":"Key2"},{"time":105773,"key":"Key8"},{"time":106023,"key":"Key4"},{"time":106023,"key":"Key7"},{"time":106023,"key":"Key9"},{"time":106273,"key":"Key2"},{"time":106273,"key":"Key6"},{"time":106523,"key":"Key4"},{"time":106523,"key":"Key7"},{"time":106523,"key":"Key9"},{"time":106773,"key":"Key2"},{"time":106773,"key":"Key4"},{"time":107023,"key":"Key4"},{"time":107023,"key":"Key7"},{"time":107023,"key":"Key9"},{"time":107148,"key":"Key6"},{"time":107273,"key":"Key2"},{"time":107273,"key":"Key8"},{"time":107398,"key":"Key8"},{"time":107523,"key":"Key6"},{"time":107523,"key":"Key8"},{"time":107523,"key":"Key9"},{"time":107648,"key":"Key8"},{"time":107773,"key":"Key4"},{"time":107773,"key":"Key7"},{"time":108023,"key":"Key2"},{"time":108023,"key":"Key6"},{"time":108023,"key":"Key9"},{"time":108273,"key":"Key5"},{"time":108273,"key":"Key7"},{"time":108273,"key":"Key9"},{"time":108523,"key":"Key5"},{"time":108648,"key":"Key5"},{"time":109023,"key":"Key5"},{"time":109148,"key":"Key2"},{"time":109148,"key":"Key5"},{"time":109398,"key":"Key5"},{"time":109398,"key":"Key7"},{"time":109398,"key":"Key9"},{"time":109648,"key":"Key2"},{"time":109648,"key":"Key5"},{"time":109898,"key":"Key4"},{"time":109898,"key":"Key7"},{"time":109898,"key":"Key9"},{"time":110023,"key":"Key6"},{"time":110148,"key":"Key5"},{"time":110148,"key":"Key7"},{"time":110273,"key":"Key7"},{"time":110398,"key":"Key5"},{"time":110398,"key":"Key7"},{"time":110398,"key":"Key9"},{"time":110523,"key":"Key5"},{"time":110648,"key":"Key2"},{"time":110648,"key":"Key5"},{"time":110898,"key":"Key4"},{"time":110898,"key":"Key5"},{"time":110898,"key":"Key7"},{"time":110898,"key":"Key9"},{"time":111023,"key":"Key7"},{"time":111148,"key":"Key2"},{"time":111148,"key":"Key6"},{"time":111398,"key":"Key4"},{"time":111398,"key":"Key6"},{"time":111398,"key":"Key9"},{"time":111648,"key":"Key4"},{"time":111898,"key":"Key2"},{"time":111898,"key":"Key4"},{"time":111898,"key":"Key6"},{"time":111898,"key":"Key9"},{"time":112148,"key":"Key5"},{"time":112148,"key":"Key6"},{"time":112398,"key":"Key5"},{"time":112398,"key":"Key7"},{"time":112398,"key":"Key9"},{"time":112648,"key":"Key2"},{"time":112648,"key":"Key5"},{"time":112898,"key":"Key4"},{"time":112898,"key":"Key5"},{"time":112898,"key":"Key7"},{"time":112898,"key":"Key9"},{"time":113023,"key":"Key5"},{"time":113148,"key":"Key2"},{"time":113148,"key":"Key5"},{"time":113398,"key":"Key5"},{"time":113398,"key":"Key7"},{"time":113398,"key":"Key9"},{"time":113648,"key":"Key2"},{"time":113648,"key":"Key5"},{"time":113898,"key":"Key4"},{"time":113898,"key":"Key7"},{"time":113898,"key":"Key9"},{"time":114023,"key":"Key6"},{"time":114148,"key":"Key5"},{"time":114148,"key":"Key7"},{"time":114398,"key":"Key5"},{"time":114398,"key":"Key7"},{"time":114398,"key":"Key9"},{"time":114523,"key":"Key5"},{"time":114648,"key":"Key2"},{"time":114773,"key":"Key5"},{"time":114898,"key":"Key4"},{"time":114898,"key":"Key5"},{"time":114898,"key":"Key7"},{"time":114898,"key":"Key9"},{"time":115023,"key":"Key7"},{"time":115148,"key":"Key2"},{"time":115148,"key":"Key9"},{"time":115273,"key":"Key9"},{"time":115398,"key":"Key6"},{"time":115398,"key":"Key9"},{"time":115523,"key":"Key8"},{"time":115648,"key":"Key4"},{"time":115648,"key":"Key7"},{"time":115773,"key":"Key7"},{"time":115898,"key":"Key2"},{"time":115898,"key":"Key6"},{"time":115898,"key":"Key9"},{"time":116148,"key":"Key5"},{"time":116148,"key":"Key7"},{"time":116398,"key":"Key5"},{"time":116398,"key":"Key7"},{"time":116398,"key":"Key9"},{"time":116648,"key":"Key2"},{"time":116648,"key":"Key5"},{"time":116898,"key":"Key4"},{"time":116898,"key":"Key5"},{"time":116898,"key":"Key7"},{"time":116898,"key":"Key9"},{"time":117023,"key":"Key5"},{"time":117148,"key":"Key5"},{"time":117148,"key":"Key9"},{"time":117398,"key":"Key7"},{"time":117398,"key":"Key9"},{"time":117648,"key":"Key2"},{"time":117648,"key":"Key8"},{"time":117898,"key":"Key4"},{"time":117898,"key":"Key7"},{"time":117898,"key":"Key9"},{"time":118148,"key":"Key2"},{"time":118148,"key":"Key6"},{"time":118398,"key":"Key4"},{"time":118398,"key":"Key7"},{"time":118398,"key":"Key9"},{"time":118523,"key":"Key4"},{"time":118648,"key":"Key2"},{"time":118773,"key":"Key4"},{"time":118898,"key":"Key4"},{"time":118898,"key":"Key7"},{"time":118898,"key":"Key9"},{"time":119023,"key":"Key6"},{"time":119148,"key":"Key2"},{"time":119148,"key":"Key8"},{"time":119273,"key":"Key8"},{"time":119398,"key":"Key6"},{"time":119398,"key":"Key8"},{"time":119398,"key":"Key9"},{"time":119523,"key":"Key8"},{"time":119648,"key":"Key4"},{"time":119648,"key":"Key7"},{"time":119773,"key":"Key7"},{"time":119898,"key":"Key2"},{"time":119898,"key":"Key6"},{"time":119898,"key":"Key9"},{"time":120023,"key":"Key6"},{"time":120148,"key":"Key5"},{"time":120148,"key":"Key7"},{"time":120398,"key":"Key5"},{"time":120398,"key":"Key7"},{"time":120398,"key":"Key9"},{"time":120523,"key":"Key5"},{"time":120648,"key":"Key2"},{"time":120898,"key":"Key4"},{"time":120898,"key":"Key7"},{"time":120898,"key":"Key9"},{"time":121023,"key":"Key5"},{"time":121148,"key":"Key5"},{"time":121148,"key":"Key9"},{"time":121398,"key":"Key7"},{"time":121398,"key":"Key9"},{"time":121648,"key":"Key2"},{"time":121648,"key":"Key8"},{"time":121898,"key":"Key4"},{"time":121898,"key":"Key7"},{"time":121898,"key":"Key9"},{"time":122148,"key":"Key2"},{"time":122148,"key":"Key6"},{"time":122398,"key":"Key4"},{"time":122398,"key":"Key7"},{"time":122398,"key":"Key9"},{"time":122648,"key":"Key2"},{"time":122648,"key":"Key4"},{"time":122898,"key":"Key4"},{"time":122898,"key":"Key7"},{"time":122898,"key":"Key9"},{"time":123023,"key":"Key6"},{"time":123148,"key":"Key2"},{"time":123148,"key":"Key8"},{"time":123273,"key":"Key8"},{"time":123398,"key":"Key6"},{"time":123398,"key":"Key8"},{"time":123398,"key":"Key9"},{"time":123523,"key":"Key8"},{"time":123648,"key":"Key4"},{"time":123648,"key":"Key7"},{"time":123898,"key":"Key2"},{"time":123898,"key":"Key6"},{"time":123898,"key":"Key9"},{"time":124148,"key":"Key5"},{"time":124148,"key":"Key7"},{"time":124148,"key":"Key9"},{"time":124398,"key":"Key5"},{"time":124523,"key":"Key5"},{"time":124960,"key":"Key5"},{"time":125210,"key":"Key7"},{"time":125210,"key":"Key9"},{"time":125460,"key":"Key2"},{"time":125710,"key":"Key4"},{"time":125710,"key":"Key7"},{"time":125710,"key":"Key9"},{"time":125960,"key":"Key5"},{"time":126210,"key":"Key7"},{"time":126210,"key":"Key9"},{"time":126460,"key":"Key2"},{"time":126710,"key":"Key4"},{"time":126710,"key":"Key7"},{"time":126710,"key":"Key9"},{"time":126960,"key":"Key2"},{"time":127210,"key":"Key6"},{"time":127210,"key":"Key9"},{"time":127460,"key":"Key4"},{"time":127710,"key":"Key2"},{"time":127710,"key":"Key6"},{"time":127710,"key":"Key9"},{"time":127960,"key":"Key5"},{"time":128210,"key":"Key7"},{"time":128210,"key":"Key9"},{"time":128460,"key":"Key2"},{"time":128710,"key":"Key4"},{"time":128710,"key":"Key7"},{"time":128710,"key":"Key9"},{"time":128960,"key":"Key5"},{"time":129210,"key":"Key7"},{"time":129210,"key":"Key9"},{"time":129460,"key":"Key2"},{"time":129710,"key":"Key4"},{"time":129710,"key":"Key7"},{"time":129710,"key":"Key9"},{"time":129960,"key":"Key5"},{"time":130210,"key":"Key7"},{"time":130210,"key":"Key9"},{"time":130460,"key":"Key2"},{"time":130710,"key":"Key4"},{"time":130710,"key":"Key7"},{"time":130710,"key":"Key9"},{"time":130960,"key":"Key2"},{"time":131210,"key":"Key6"},{"time":131210,"key":"Key9"},{"time":131460,"key":"Key4"},{"time":131710,"key":"Key2"},{"time":131710,"key":"Key6"},{"time":131710,"key":"Key9"},{"time":131960,"key":"Key5"},{"time":132210,"key":"Key7"},{"time":132210,"key":"Key9"},{"time":132460,"key":"Key2"},{"time":132710,"key":"Key4"},{"time":132710,"key":"Key7"},{"time":132710,"key":"Key9"},{"time":132960,"key":"Key5"},{"time":133210,"key":"Key7"},{"time":133210,"key":"Key9"},{"time":133460,"key":"Key2"},{"time":133710,"key":"Key4"},{"time":133710,"key":"Key7"},{"time":133710,"key":"Key9"},{"time":133960,"key":"Key2"},{"time":134210,"key":"Key7"},{"time":134210,"key":"Key9"},{"time":134460,"key":"Key2"},{"time":134710,"key":"Key4"},{"time":134710,"key":"Key7"},{"time":134710,"key":"Key9"},{"time":134960,"key":"Key2"},{"time":135210,"key":"Key6"},{"time":135210,"key":"Key9"},{"time":135460,"key":"Key4"},{"time":135710,"key":"Key2"},{"time":135710,"key":"Key6"},{"time":135710,"key":"Key9"},{"time":135960,"key":"Key5"},{"time":136210,"key":"Key7"},{"time":136210,"key":"Key9"},{"time":136460,"key":"Key2"},{"time":136710,"key":"Key4"},{"time":136710,"key":"Key7"},{"time":136710,"key":"Key9"},{"time":136960,"key":"Key5"},{"time":137210,"key":"Key7"},{"time":137210,"key":"Key9"},{"time":137460,"key":"Key2"},{"time":137710,"key":"Key4"},{"time":137710,"key":"Key7"},{"time":137710,"key":"Key9"},{"time":137960,"key":"Key2"},{"time":138210,"key":"Key7"},{"time":138210,"key":"Key9"},{"time":138460,"key":"Key2"},{"time":138710,"key":"Key4"},{"time":138710,"key":"Key7"},{"time":138710,"key":"Key9"},{"time":138960,"key":"Key2"},{"time":139210,"key":"Key6"},{"time":139210,"key":"Key9"},{"time":139460,"key":"Key4"},{"time":139710,"key":"Key2"},{"time":139710,"key":"Key6"},{"time":139710,"key":"Key9"},{"time":139960,"key":"Key5"},{"time":139960,"key":"Key7"},{"time":139960,"key":"Key9"}],"fromLibrary":true}]