[
  {
    "name": "Joel Napfer - Die fabelhafte Welt der Amelie",
    "bpm": 400,
    "songNotes": [
      {
        "time": 0,
        "key": "1Key5"
      },
      {
        "time": 0,
        "key": "1Key12"
      },
      {
        "time": 300,
        "key": "1Key9"
      },
      {
        "time": 600,
        "key": "1Key7"
      },
      {
        "time": 900,
        "key": "1Key9"
      },
      {
        "time": 1200,
        "key": "1Key5"
      },
      {
        "time": 1200,
        "key": "1Key12"
      },
      {
        "time": 1500,
        "key": "1Key9"
      },
      {
        "time": 1800,
        "key": "1Key7"
      },
      {
        "time": 2100,
        "key": "1Key9"
      },
      {
        "time": 2400,
        "key": "1Key4"
      },
      {
        "time": 2400,
        "key": "1Key11"
      },
      {
        "time": 2700,
        "key": "1Key9"
      },
      {
        "time": 3000,
        "key": "1Key7"
      },
      {
        "time": 3300,
        "key": "1Key9"
      },
      {
        "time": 3600,
        "key": "1Key4"
      },
      {
        "time": 3600,
        "key": "1Key11"
      },
      {
        "time": 3900,
        "key": "1Key9"
      },
      {
        "time": 4200,
        "key": "1Key7"
      },
      {
        "time": 4500,
        "key": "1Key9"
      },
      {
        "time": 4800,
        "key": "1Key4"
      },
      {
        "time": 4800,
        "key": "1Key11"
      },
      {
        "time": 5100,
        "key": "1Key9"
      },
      {
        "time": 5400,
        "key": "1Key6"
      },
      {
        "time": 5700,
        "key": "1Key9"
      },
      {
        "time": 6000,
        "key": "1Key4"
      },
      {
        "time": 6000,
        "key": "1Key11"
      },
      {
        "time": 6300,
        "key": "1Key9"
      },
      {
        "time": 6600,
        "key": "1Key6"
      },
      {
        "time": 6900,
        "key": "1Key9"
      },
      {
        "time": 7200,
        "key": "1Key4"
      },
      {
        "time": 7200,
        "key": "1Key11"
      },
      {
        "time": 7500,
        "key": "1Key8"
      },
      {
        "time": 7800,
        "key": "1Key6"
      },
      {
        "time": 8100,
        "key": "1Key8"
      },
      {
        "time": 8400,
        "key": "1Key4"
      },
      {
        "time": 8400,
        "key": "1Key11"
      },
      {
        "time": 8700,
        "key": "1Key8"
      },
      {
        "time": 9000,
        "key": "1Key6"
      },
      {
        "time": 9300,
        "key": "1Key8"
      },
      {
        "time": 9600,
        "key": "1Key5"
      },
      {
        "time": 9600,
        "key": "1Key12"
      },
      {
        "time": 9900,
        "key": "1Key7"
      },
      {
        "time": 10050,
        "key": "1Key6"
      },
      {
        "time": 10200,
        "key": "1Key7"
      },
      {
        "time": 10500,
        "key": "1Key9"
      },
      {
        "time": 10650,
        "key": "1Key10"
      },
      {
        "time": 10800,
        "key": "1Key5"
      },
      {
        "time": 10800,
        "key": "1Key9"
      },
      {
        "time": 11100,
        "key": "1Key9"
      },
      {
        "time": 11400,
        "key": "1Key7"
      },
      {
        "time": 11700,
        "key": "1Key9"
      },
      {
        "time": 12000,
        "key": "1Key4"
      },
      {
        "time": 12000,
        "key": "1Key11"
      },
      {
        "time": 12300,
        "key": "1Key6"
      },
      {
        "time": 12450,
        "key": "1Key7"
      },
      {
        "time": 12600,
        "key": "1Key6"
      },
      {
        "time": 12900,
        "key": "1Key7"
      },
      {
        "time": 13050,
        "key": "1Key8"
      },
      {
        "time": 13200,
        "key": "1Key4"
      },
      {
        "time": 13200,
        "key": "1Key7"
      },
      {
        "time": 13500,
        "key": "1Key9"
      },
      {
        "time": 13800,
        "key": "1Key7"
      },
      {
        "time": 14100,
        "key": "1Key9"
      },
      {
        "time": 14400,
        "key": "1Key4"
      },
      {
        "time": 14400,
        "key": "1Key11"
      },
      {
        "time": 14700,
        "key": "1Key6"
      },
      {
        "time": 14850,
        "key": "1Key5"
      },
      {
        "time": 15000,
        "key": "1Key6"
      },
      {
        "time": 15300,
        "key": "1Key9"
      },
      {
        "time": 15450,
        "key": "1Key10"
      },
      {
        "time": 15600,
        "key": "1Key4"
      },
      {
        "time": 15600,
        "key": "1Key9"
      },
      {
        "time": 15900,
        "key": "1Key9"
      },
      {
        "time": 16200,
        "key": "1Key6"
      },
      {
        "time": 16500,
        "key": "1Key9"
      },
      {
        "time": 16800,
        "key": "1Key4"
      },
      {
        "time": 16800,
        "key": "1Key11"
      },
      {
        "time": 17100,
        "key": "1Key6"
      },
      {
        "time": 17250,
        "key": "1Key5"
      },
      {
        "time": 17400,
        "key": "1Key6"
      },
      {
        "time": 17700,
        "key": "1Key8"
      },
      {
        "time": 18000,
        "key": "1Key4"
      },
      {
        "time": 18000,
        "key": "1Key11"
      },
      {
        "time": 18300,
        "key": "1Key8"
      },
      {
        "time": 18600,
        "key": "1Key6"
      },
      {
        "time": 18900,
        "key": "1Key8"
      },
      {
        "time": 19200,
        "key": "1Key5"
      },
      {
        "time": 19200,
        "key": "1Key12"
      },
      {
        "time": 19500,
        "key": "1Key7"
      },
      {
        "time": 19650,
        "key": "1Key6"
      },
      {
        "time": 19800,
        "key": "1Key7"
      },
      {
        "time": 20100,
        "key": "1Key9"
      },
      {
        "time": 20250,
        "key": "1Key10"
      },
      {
        "time": 20400,
        "key": "1Key5"
      },
      {
        "time": 20400,
        "key": "1Key9"
      },
      {
        "time": 20700,
        "key": "1Key9"
      },
      {
        "time": 21000,
        "key": "1Key7"
      },
      {
        "time": 21300,
        "key": "1Key9"
      },
      {
        "time": 21600,
        "key": "1Key4"
      },
      {
        "time": 21600,
        "key": "1Key11"
      },
      {
        "time": 21900,
        "key": "1Key6"
      },
      {
        "time": 22050,
        "key": "1Key7"
      },
      {
        "time": 22200,
        "key": "1Key6"
      },
      {
        "time": 22500,
        "key": "1Key7"
      },
      {
        "time": 22650,
        "key": "1Key8"
      },
      {
        "time": 22800,
        "key": "1Key4"
      },
      {
        "time": 22800,
        "key": "1Key7"
      },
      {
        "time": 23100,
        "key": "1Key9"
      },
      {
        "time": 23400,
        "key": "1Key7"
      },
      {
        "time": 23700,
        "key": "1Key9"
      },
      {
        "time": 24000,
        "key": "1Key4"
      },
      {
        "time": 24000,
        "key": "1Key11"
      },
      {
        "time": 24300,
        "key": "1Key6"
      },
      {
        "time": 24450,
        "key": "1Key5"
      },
      {
        "time": 24600,
        "key": "1Key6"
      },
      {
        "time": 24900,
        "key": "1Key9"
      },
      {
        "time": 25050,
        "key": "1Key10"
      },
      {
        "time": 25200,
        "key": "1Key4"
      },
      {
        "time": 25200,
        "key": "1Key9"
      },
      {
        "time": 25500,
        "key": "1Key9"
      },
      {
        "time": 25800,
        "key": "1Key6"
      },
      {
        "time": 26100,
        "key": "1Key9"
      },
      {
        "time": 26400,
        "key": "1Key4"
      },
      {
        "time": 26400,
        "key": "1Key11"
      },
      {
        "time": 26700,
        "key": "1Key6"
      },
      {
        "time": 26850,
        "key": "1Key5"
      },
      {
        "time": 27000,
        "key": "1Key6"
      },
      {
        "time": 27300,
        "key": "1Key8"
      },
      {
        "time": 27600,
        "key": "1Key4"
      },
      {
        "time": 27600,
        "key": "1Key11"
      },
      {
        "time": 27900,
        "key": "1Key8"
      },
      {
        "time": 28200,
        "key": "1Key6"
      },
      {
        "time": 28500,
        "key": "1Key8"
      },
      {
        "time": 28800,
        "key": "1Key5"
      },
      {
        "time": 28800,
        "key": "1Key12"
      },
      {
        "time": 29100,
        "key": "1Key9"
      },
      {
        "time": 29400,
        "key": "1Key7"
      },
      {
        "time": 29700,
        "key": "1Key9"
      },
      {
        "time": 30000,
        "key": "1Key5"
      },
      {
        "time": 30300,
        "key": "1Key9"
      },
      {
        "time": 30600,
        "key": "1Key7"
      },
      {
        "time": 30900,
        "key": "1Key9"
      },
      {
        "time": 31200,
        "key": "1Key4"
      },
      {
        "time": 31200,
        "key": "1Key11"
      },
      {
        "time": 31500,
        "key": "1Key9"
      },
      {
        "time": 31800,
        "key": "1Key7"
      },
      {
        "time": 32100,
        "key": "1Key9"
      },
      {
        "time": 32400,
        "key": "1Key4"
      },
      {
        "time": 32700,
        "key": "1Key9"
      },
      {
        "time": 33000,
        "key": "1Key7"
      },
      {
        "time": 33300,
        "key": "1Key9"
      },
      {
        "time": 33600,
        "key": "1Key4"
      },
      {
        "time": 33600,
        "key": "1Key13"
      },
      {
        "time": 33900,
        "key": "1Key9"
      },
      {
        "time": 34200,
        "key": "1Key6"
      },
      {
        "time": 34500,
        "key": "1Key9"
      },
      {
        "time": 34800,
        "key": "1Key4"
      },
      {
        "time": 35100,
        "key": "1Key9"
      },
      {
        "time": 35400,
        "key": "1Key6"
      },
      {
        "time": 35700,
        "key": "1Key9"
      },
      {
        "time": 36000,
        "key": "1Key4"
      },
      {
        "time": 36000,
        "key": "1Key13"
      },
      {
        "time": 36300,
        "key": "1Key8"
      },
      {
        "time": 36600,
        "key": "1Key6"
      },
      {
        "time": 36900,
        "key": "1Key8"
      },
      {
        "time": 37200,
        "key": "1Key4"
      },
      {
        "time": 37500,
        "key": "1Key8"
      },
      {
        "time": 37800,
        "key": "1Key6"
      },
      {
        "time": 38100,
        "key": "1Key8"
      },
      {
        "time": 38400,
        "key": "1Key5"
      },
      {
        "time": 38400,
        "key": "1Key7"
      },
      {
        "time": 38400,
        "key": "1Key12"
      },
      {
        "time": 38700,
        "key": "1Key9"
      },
      {
        "time": 39000,
        "key": "1Key7"
      },
      {
        "time": 39300,
        "key": "1Key5"
      },
      {
        "time": 39300,
        "key": "1Key9"
      },
      {
        "time": 39600,
        "key": "1Key5"
      },
      {
        "time": 39900,
        "key": "1Key9"
      },
      {
        "time": 40200,
        "key": "1Key7"
      },
      {
        "time": 40500,
        "key": "1Key9"
      },
      {
        "time": 40800,
        "key": "1Key4"
      },
      {
        "time": 40800,
        "key": "1Key7"
      },
      {
        "time": 40800,
        "key": "1Key11"
      },
      {
        "time": 41100,
        "key": "1Key9"
      },
      {
        "time": 41400,
        "key": "1Key7"
      },
      {
        "time": 41700,
        "key": "1Key4"
      },
      {
        "time": 41700,
        "key": "1Key9"
      },
      {
        "time": 42000,
        "key": "1Key4"
      },
      {
        "time": 42300,
        "key": "1Key9"
      },
      {
        "time": 42600,
        "key": "1Key7"
      },
      {
        "time": 42900,
        "key": "1Key9"
      },
      {
        "time": 43200,
        "key": "1Key4"
      },
      {
        "time": 43200,
        "key": "1Key6"
      },
      {
        "time": 43200,
        "key": "1Key13"
      },
      {
        "time": 43500,
        "key": "1Key9"
      },
      {
        "time": 43800,
        "key": "1Key6"
      },
      {
        "time": 44100,
        "key": "1Key4"
      },
      {
        "time": 44100,
        "key": "1Key9"
      },
      {
        "time": 44400,
        "key": "1Key4"
      },
      {
        "time": 44700,
        "key": "1Key9"
      },
      {
        "time": 45000,
        "key": "1Key6"
      },
      {
        "time": 45300,
        "key": "1Key9"
      },
      {
        "time": 45600,
        "key": "1Key4"
      },
      {
        "time": 45600,
        "key": "1Key6"
      },
      {
        "time": 45600,
        "key": "1Key13"
      },
      {
        "time": 45900,
        "key": "1Key8"
      },
      {
        "time": 46200,
        "key": "1Key6"
      },
      {
        "time": 46500,
        "key": "1Key4"
      },
      {
        "time": 46500,
        "key": "1Key8"
      },
      {
        "time": 46800,
        "key": "1Key4"
      },
      {
        "time": 47100,
        "key": "1Key8"
      },
      {
        "time": 47400,
        "key": "1Key6"
      },
      {
        "time": 47700,
        "key": "1Key8"
      },
      {
        "time": 48000,
        "key": "1Key2"
      },
      {
        "time": 48150,
        "key": "1Key5"
      },
      {
        "time": 48300,
        "key": "1Key9"
      },
      {
        "time": 48450,
        "key": "1Key2"
      },
      {
        "time": 48600,
        "key": "1Key5"
      },
      {
        "time": 48750,
        "key": "1Key9"
      },
      {
        "time": 48900,
        "key": "1Key2"
      },
      {
        "time": 49050,
        "key": "1Key5"
      },
      {
        "time": 49200,
        "key": "1Key9"
      },
      {
        "time": 49350,
        "key": "1Key2"
      },
      {
        "time": 49500,
        "key": "1Key5"
      },
      {
        "time": 49650,
        "key": "1Key9"
      },
      {
        "time": 49800,
        "key": "1Key2"
      },
      {
        "time": 49950,
        "key": "1Key5"
      },
      {
        "time": 50100,
        "key": "1Key3"
      },
      {
        "time": 50250,
        "key": "1Key5"
      },
      {
        "time": 50400,
        "key": "1Key2"
      },
      {
        "time": 50550,
        "key": "1Key4"
      },
      {
        "time": 50700,
        "key": "1Key9"
      },
      {
        "time": 50850,
        "key": "1Key2"
      },
      {
        "time": 51000,
        "key": "1Key4"
      },
      {
        "time": 51150,
        "key": "1Key9"
      },
      {
        "time": 51300,
        "key": "1Key2"
      },
      {
        "time": 51450,
        "key": "1Key4"
      },
      {
        "time": 51600,
        "key": "1Key9"
      },
      {
        "time": 51750,
        "key": "1Key2"
      },
      {
        "time": 51900,
        "key": "1Key4"
      },
      {
        "time": 52050,
        "key": "1Key9"
      },
      {
        "time": 52200,
        "key": "1Key2"
      },
      {
        "time": 52350,
        "key": "1Key4"
      },
      {
        "time": 52500,
        "key": "1Key1"
      },
      {
        "time": 52650,
        "key": "1Key4"
      },
      {
        "time": 52800,
        "key": "1Key6"
      },
      {
        "time": 52950,
        "key": "1Key9"
      },
      {
        "time": 53100,
        "key": "1Key13"
      },
      {
        "time": 53250,
        "key": "1Key6"
      },
      {
        "time": 53400,
        "key": "1Key9"
      },
      {
        "time": 53550,
        "key": "1Key13"
      },
      {
        "time": 53700,
        "key": "1Key6"
      },
      {
        "time": 53850,
        "key": "1Key9"
      },
      {
        "time": 54000,
        "key": "1Key13"
      },
      {
        "time": 54150,
        "key": "1Key6"
      },
      {
        "time": 54300,
        "key": "1Key9"
      },
      {
        "time": 54450,
        "key": "1Key13"
      },
      {
        "time": 54600,
        "key": "1Key6"
      },
      {
        "time": 54750,
        "key": "1Key9"
      },
      {
        "time": 54900,
        "key": "1Key7"
      },
      {
        "time": 55050,
        "key": "1Key9"
      },
      {
        "time": 55200,
        "key": "1Key1"
      },
      {
        "time": 55350,
        "key": "1Key4"
      },
      {
        "time": 55500,
        "key": "1Key8"
      },
      {
        "time": 55650,
        "key": "1Key1"
      },
      {
        "time": 55800,
        "key": "1Key4"
      },
      {
        "time": 55950,
        "key": "1Key8"
      },
      {
        "time": 56100,
        "key": "1Key1"
      },
      {
        "time": 56250,
        "key": "1Key4"
      },
      {
        "time": 56400,
        "key": "1Key8"
      },
      {
        "time": 56550,
        "key": "1Key1"
      },
      {
        "time": 56700,
        "key": "1Key4"
      },
      {
        "time": 56850,
        "key": "1Key8"
      },
      {
        "time": 57000,
        "key": "1Key1"
      },
      {
        "time": 57150,
        "key": "1Key4"
      },
      {
        "time": 57300,
        "key": "1Key0"
      },
      {
        "time": 57450,
        "key": "1Key4"
      },
      {
        "time": 57600,
        "key": "1Key2"
      },
      {
        "time": 57750,
        "key": "1Key5"
      },
      {
        "time": 57900,
        "key": "1Key9"
      },
      {
        "time": 58050,
        "key": "1Key2"
      },
      {
        "time": 58200,
        "key": "1Key5"
      },
      {
        "time": 58350,
        "key": "1Key9"
      },
      {
        "time": 58500,
        "key": "1Key2"
      },
      {
        "time": 58650,
        "key": "1Key5"
      },
      {
        "time": 58800,
        "key": "1Key9"
      },
      {
        "time": 58950,
        "key": "1Key2"
      },
      {
        "time": 59100,
        "key": "1Key5"
      },
      {
        "time": 59250,
        "key": "1Key9"
      },
      {
        "time": 59400,
        "key": "1Key2"
      },
      {
        "time": 59550,
        "key": "1Key5"
      },
      {
        "time": 59700,
        "key": "1Key3"
      },
      {
        "time": 59850,
        "key": "1Key5"
      },
      {
        "time": 60000,
        "key": "1Key2"
      },
      {
        "time": 60150,
        "key": "1Key4"
      },
      {
        "time": 60300,
        "key": "1Key9"
      },
      {
        "time": 60450,
        "key": "1Key2"
      },
      {
        "time": 60600,
        "key": "1Key4"
      },
      {
        "time": 60750,
        "key": "1Key9"
      },
      {
        "time": 60900,
        "key": "1Key2"
      },
      {
        "time": 61050,
        "key": "1Key4"
      },
      {
        "time": 61200,
        "key": "1Key9"
      },
      {
        "time": 61350,
        "key": "1Key2"
      },
      {
        "time": 61500,
        "key": "1Key4"
      },
      {
        "time": 61650,
        "key": "1Key9"
      },
      {
        "time": 61800,
        "key": "1Key2"
      },
      {
        "time": 61950,
        "key": "1Key4"
      },
      {
        "time": 62100,
        "key": "1Key1"
      },
      {
        "time": 62250,
        "key": "1Key4"
      },
      {
        "time": 62400,
        "key": "1Key6"
      },
      {
        "time": 62550,
        "key": "1Key9"
      },
      {
        "time": 62700,
        "key": "1Key13"
      },
      {
        "time": 62850,
        "key": "1Key6"
      },
      {
        "time": 63000,
        "key": "1Key9"
      },
      {
        "time": 63150,
        "key": "1Key13"
      },
      {
        "time": 63300,
        "key": "1Key6"
      },
      {
        "time": 63450,
        "key": "1Key9"
      },
      {
        "time": 63600,
        "key": "1Key13"
      },
      {
        "time": 63750,
        "key": "1Key6"
      },
      {
        "time": 63900,
        "key": "1Key9"
      },
      {
        "time": 64050,
        "key": "1Key13"
      },
      {
        "time": 64200,
        "key": "1Key6"
      },
      {
        "time": 64350,
        "key": "1Key9"
      },
      {
        "time": 64500,
        "key": "1Key7"
      },
      {
        "time": 64650,
        "key": "1Key9"
      },
      {
        "time": 64800,
        "key": "1Key1"
      },
      {
        "time": 64950,
        "key": "1Key4"
      },
      {
        "time": 65100,
        "key": "1Key8"
      },
      {
        "time": 65250,
        "key": "1Key1"
      },
      {
        "time": 65400,
        "key": "1Key4"
      },
      {
        "time": 65550,
        "key": "1Key8"
      },
      {
        "time": 65700,
        "key": "1Key1"
      },
      {
        "time": 65850,
        "key": "1Key4"
      },
      {
        "time": 66000,
        "key": "1Key8"
      },
      {
        "time": 66150,
        "key": "1Key1"
      },
      {
        "time": 66300,
        "key": "1Key4"
      },
      {
        "time": 66450,
        "key": "1Key8"
      },
      {
        "time": 66600,
        "key": "1Key1"
      },
      {
        "time": 66750,
        "key": "1Key4"
      },
      {
        "time": 66900,
        "key": "1Key0"
      },
      {
        "time": 67050,
        "key": "1Key4"
      },
      {
        "time": 67200,
        "key": "1Key5"
      },
      {
        "time": 67200,
        "key": "1Key7"
      },
      {
        "time": 67200,
        "key": "1Key9"
      },
      {
        "time": 67200,
        "key": "1Key12"
      }
    ]
  }
]