[{"name":"A New Day  (Kontonio)","bpm":230,"bitsPerPage":16,"pitchLevel":11,"isComposed":true,"songNotes":[{"time":400,"key":"1Key0"},{"time":790,"key":"1Key4"},{"time":920,"key":"1Key7"},{"time":920,"key":"1Key9"},{"time":1180,"key":"1Key5"},{"time":1180,"key":"1Key8"},{"time":2480,"key":"1Key0"},{"time":2870,"key":"1Key4"},{"time":3000,"key":"1Key7"},{"time":3000,"key":"1Key9"},{"time":3260,"key":"1Key4"},{"time":3260,"key":"1Key6"},{"time":3260,"key":"1Key8"},{"time":3780,"key":"1Key4"},{"time":3780,"key":"1Key6"},{"time":3780,"key":"1Key12"},{"time":3910,"key":"1Key11"},{"time":4300,"key":"1Key9"},{"time":4560,"key":"1Key0"},{"time":4950,"key":"1Key4"},{"time":5080,"key":"1Key7"},{"time":5080,"key":"1Key9"},{"time":5340,"key":"1Key5"},{"time":5340,"key":"1Key8"},{"time":6640,"key":"1Key0"},{"time":7030,"key":"1Key4"},{"time":7160,"key":"1Key7"},{"time":7160,"key":"1Key9"},{"time":7420,"key":"1Key4"},{"time":7420,"key":"1Key6"},{"time":7420,"key":"1Key8"},{"time":8070,"key":"1Key0"},{"time":8200,"key":"1Key4"},{"time":8200,"key":"1Key7"},{"time":8330,"key":"1Key6"},{"time":8720,"key":"1Key0"},{"time":9110,"key":"1Key4"},{"time":9240,"key":"1Key7"},{"time":9240,"key":"1Key9"},{"time":9500,"key":"1Key5"},{"time":9500,"key":"1Key8"},{"time":10800,"key":"1Key0"},{"time":11190,"key":"1Key4"},{"time":11320,"key":"1Key7"},{"time":11320,"key":"1Key9"},{"time":11580,"key":"1Key4"},{"time":11580,"key":"1Key6"},{"time":11580,"key":"1Key8"},{"time":12100,"key":"1Key4"},{"time":12100,"key":"1Key6"},{"time":12100,"key":"1Key9"},{"time":12230,"key":"1Key8"},{"time":12490,"key":"1Key7"},{"time":12620,"key":"1Key6"},{"time":12880,"key":"1Key0"},{"time":13270,"key":"1Key4"},{"time":13400,"key":"1Key7"},{"time":13400,"key":"1Key9"},{"time":13660,"key":"1Key5"},{"time":13660,"key":"1Key8"},{"time":14960,"key":"1Key0"},{"time":15350,"key":"1Key4"},{"time":15480,"key":"1Key7"},{"time":15480,"key":"1Key9"},{"time":15740,"key":"1Key4"},{"time":15740,"key":"1Key6"},{"time":15740,"key":"1Key8"},{"time":16260,"key":"1Key4"},{"time":16260,"key":"1Key6"},{"time":16260,"key":"1Key12"},{"time":16390,"key":"1Key11"},{"time":16780,"key":"1Key9"},{"time":17040,"key":"1Key0"},{"time":17040,"key":"1Key4"},{"time":17170,"key":"1Key5"},{"time":17300,"key":"1Key7"},{"time":17430,"key":"1Key8"},{"time":17560,"key":"1Key9"},{"time":17820,"key":"1Key5"},{"time":17820,"key":"1Key8"},{"time":17885,"key":"1Key7"},{"time":17950,"key":"1Key8"},{"time":18015,"key":"1Key7"},{"time":18080,"key":"1Key8"},{"time":18145,"key":"1Key7"},{"time":18210,"key":"1Key8"},{"time":18275,"key":"1Key7"},{"time":18340,"key":"1Key8"},{"time":18405,"key":"1Key7"},{"time":18470,"key":"1Key8"},{"time":18535,"key":"1Key7"},{"time":18600,"key":"1Key8"},{"time":19120,"key":"1Key0"},{"time":19120,"key":"1Key4"},{"time":19120,"key":"1Key7"},{"time":19120,"key":"1Key11"},{"time":19380,"key":"1Key12"},{"time":19640,"key":"1Key11"},{"time":19737,"key":"1Key12"},{"time":19834,"key":"1Key11"},{"time":19931,"key":"1Key8"},{"time":20191,"key":"1Key4"},{"time":20191,"key":"1Key6"},{"time":20191,"key":"1Key9"},{"time":20711,"key":"1Key4"},{"time":20711,"key":"1Key6"},{"time":20711,"key":"1Key9"},{"time":21231,"key":"1Key0"},{"time":21231,"key":"1Key4"},{"time":21361,"key":"1Key5"},{"time":21491,"key":"1Key7"},{"time":21621,"key":"1Key8"},{"time":21751,"key":"1Key9"},{"time":22011,"key":"1Key5"},{"time":22011,"key":"1Key8"},{"time":22076,"key":"1Key7"},{"time":22141,"key":"1Key8"},{"time":22206,"key":"1Key7"},{"time":22271,"key":"1Key8"},{"time":22336,"key":"1Key7"},{"time":22401,"key":"1Key8"},{"time":22466,"key":"1Key7"},{"time":22531,"key":"1Key8"},{"time":22596,"key":"1Key7"},{"time":22661,"key":"1Key8"},{"time":22726,"key":"1Key7"},{"time":22791,"key":"1Key8"},{"time":23311,"key":"1Key0"},{"time":23311,"key":"1Key4"},{"time":23311,"key":"1Key7"},{"time":23311,"key":"1Key11"},{"time":23571,"key":"1Key12"},{"time":23831,"key":"1Key11"},{"time":23928,"key":"1Key12"},{"time":24025,"key":"1Key11"},{"time":24122,"key":"1Key8"},{"time":24382,"key":"1Key4"},{"time":24382,"key":"1Key6"},{"time":24382,"key":"1Key9"},{"time":24902,"key":"1Key4"},{"time":24902,"key":"1Key6"},{"time":24902,"key":"1Key9"},{"time":25422,"key":"1Key0"},{"time":25422,"key":"1Key4"},{"time":25552,"key":"1Key5"},{"time":25682,"key":"1Key7"},{"time":25812,"key":"1Key8"},{"time":25942,"key":"1Key9"},{"time":26202,"key":"1Key5"},{"time":26202,"key":"1Key8"},{"time":26267,"key":"1Key7"},{"time":26332,"key":"1Key8"},{"time":26397,"key":"1Key7"},{"time":26462,"key":"1Key8"},{"time":26527,"key":"1Key7"},{"time":26592,"key":"1Key8"},{"time":26657,"key":"1Key7"},{"time":26722,"key":"1Key8"},{"time":26787,"key":"1Key7"},{"time":26852,"key":"1Key8"},{"time":26917,"key":"1Key7"},{"time":26982,"key":"1Key8"},{"time":27502,"key":"1Key0"},{"time":27502,"key":"1Key4"},{"time":27502,"key":"1Key7"},{"time":27502,"key":"1Key11"},{"time":27762,"key":"1Key12"},{"time":28022,"key":"1Key11"},{"time":28119,"key":"1Key12"},{"time":28216,"key":"1Key11"},{"time":28313,"key":"1Key8"},{"time":28573,"key":"1Key4"},{"time":28573,"key":"1Key6"},{"time":28573,"key":"1Key9"},{"time":29093,"key":"1Key4"},{"time":29093,"key":"1Key6"},{"time":29093,"key":"1Key9"},{"time":29613,"key":"1Key0"},{"time":29613,"key":"1Key4"},{"time":29743,"key":"1Key5"},{"time":29873,"key":"1Key7"},{"time":30003,"key":"1Key8"},{"time":30133,"key":"1Key9"},{"time":30393,"key":"1Key5"},{"time":30393,"key":"1Key8"},{"time":30458,"key":"1Key7"},{"time":30523,"key":"1Key8"},{"time":30588,"key":"1Key7"},{"time":30653,"key":"1Key8"},{"time":30718,"key":"1Key7"},{"time":30783,"key":"1Key8"},{"time":30848,"key":"1Key7"},{"time":30913,"key":"1Key8"},{"time":30978,"key":"1Key7"},{"time":31043,"key":"1Key8"},{"time":31108,"key":"1Key7"},{"time":31173,"key":"1Key8"},{"time":31693,"key":"1Key0"},{"time":31693,"key":"1Key4"},{"time":31693,"key":"1Key7"},{"time":31693,"key":"1Key11"},{"time":31953,"key":"1Key12"},{"time":32213,"key":"1Key11"},{"time":32310,"key":"1Key12"},{"time":32407,"key":"1Key11"},{"time":32504,"key":"1Key8"},{"time":32764,"key":"1Key4"},{"time":32764,"key":"1Key6"},{"time":32764,"key":"1Key9"},{"time":33284,"key":"1Key4"},{"time":33284,"key":"1Key6"},{"time":33284,"key":"1Key9"},{"time":33804,"key":"1Key5"},{"time":33804,"key":"1Key11"},{"time":34324,"key":"1Key9"},{"time":34584,"key":"1Key8"},{"time":34844,"key":"1Key3"},{"time":34844,"key":"1Key8"},{"time":34844,"key":"1Key9"},{"time":35364,"key":"1Key12"},{"time":35624,"key":"1Key11"},{"time":35884,"key":"1Key0"},{"time":35884,"key":"1Key2"},{"time":35884,"key":"1Key11"},{"time":36274,"key":"1Key11"},{"time":36664,"key":"1Key7"},{"time":36924,"key":"1Key4"},{"time":36924,"key":"1Key6"},{"time":36924,"key":"1Key8"},{"time":37054,"key":"1Key9"},{"time":37184,"key":"1Key8"},{"time":37314,"key":"1Key7"},{"time":37444,"key":"1Key7"},{"time":37704,"key":"1Key7"},{"time":37964,"key":"1Key8"},{"time":38224,"key":"1Key9"},{"time":38484,"key":"1Key8"},{"time":38744,"key":"1Key7"},{"time":39004,"key":"1Key5"},{"time":39264,"key":"1Key4"},{"time":39524,"key":"1Key12"},{"time":39784,"key":"1Key11"},{"time":40044,"key":"1Key0"},{"time":40044,"key":"1Key4"},{"time":40044,"key":"1Key7"},{"time":40044,"key":"1Key11"},{"time":40434,"key":"1Key11"},{"time":40824,"key":"1Key6"},{"time":40824,"key":"1Key8"},{"time":42124,"key":"1Key5"},{"time":42124,"key":"1Key11"},{"time":42644,"key":"1Key9"},{"time":42904,"key":"1Key8"},{"time":43164,"key":"1Key3"},{"time":43164,"key":"1Key7"},{"time":43164,"key":"1Key8"},{"time":43684,"key":"1Key12"},{"time":43944,"key":"1Key11"},{"time":44204,"key":"1Key0"},{"time":44204,"key":"1Key2"},{"time":44204,"key":"1Key11"},{"time":44594,"key":"1Key11"},{"time":44984,"key":"1Key4"},{"time":44984,"key":"1Key6"},{"time":44984,"key":"1Key8"},{"time":45764,"key":"1Key7"},{"time":46024,"key":"1Key8"},{"time":46284,"key":"1Key9"},{"time":46544,"key":"1Key8"},{"time":46804,"key":"1Key7"},{"time":47064,"key":"1Key5"},{"time":47324,"key":"1Key4"},{"time":47584,"key":"1Key9"},{"time":47584,"key":"1Key12"},{"time":47844,"key":"1Key9"},{"time":47844,"key":"1Key11"},{"time":48104,"key":"1Key0"},{"time":50184,"key":"1Key7"},{"time":50184,"key":"1Key9"},{"time":50184,"key":"1Key12"},{"time":50704,"key":"1Key14"},{"time":50964,"key":"1Key13"},{"time":51224,"key":"1Key7"},{"time":51224,"key":"1Key9"},{"time":51224,"key":"1Key12"},{"time":51744,"key":"1Key11"},{"time":52264,"key":"1Key0"},{"time":52264,"key":"1Key4"},{"time":52264,"key":"1Key7"},{"time":52264,"key":"1Key9"},{"time":52784,"key":"1Key11"},{"time":53044,"key":"1Key10"},{"time":53304,"key":"1Key4"},{"time":53304,"key":"1Key6"},{"time":53304,"key":"1Key9"},{"time":53824,"key":"1Key8"},{"time":54344,"key":"1Key5"},{"time":55124,"key":"1Key9"},{"time":55384,"key":"1Key9"},{"time":55644,"key":"1Key8"},{"time":55904,"key":"1Key9"},{"time":55904,"key":"1Key12"},{"time":56164,"key":"1Key9"},{"time":56164,"key":"1Key11"},{"time":56424,"key":"1Key0"},{"time":56424,"key":"1Key2"},{"time":56424,"key":"1Key11"},{"time":56814,"key":"1Key11"},{"time":57204,"key":"1Key4"},{"time":57204,"key":"1Key6"},{"time":57204,"key":"1Key8"},{"time":58244,"key":"1Key9"},{"time":58504,"key":"1Key7"},{"time":58504,"key":"1Key9"},{"time":58504,"key":"1Key12"},{"time":59024,"key":"1Key14"},{"time":59284,"key":"1Key13"},{"time":59544,"key":"1Key7"},{"time":59544,"key":"1Key9"},{"time":59544,"key":"1Key12"},{"time":60064,"key":"1Key11"},{"time":60584,"key":"1Key0"},{"time":60584,"key":"1Key4"},{"time":60584,"key":"1Key7"},{"time":60584,"key":"1Key9"},{"time":61104,"key":"1Key11"},{"time":61364,"key":"1Key10"},{"time":61624,"key":"1Key4"},{"time":61624,"key":"1Key6"},{"time":61624,"key":"1Key9"},{"time":62144,"key":"1Key8"},{"time":62664,"key":"1Key5"},{"time":63444,"key":"1Key9"},{"time":63704,"key":"1Key9"},{"time":63964,"key":"1Key8"},{"time":64484,"key":"1Key9"},{"time":64614,"key":"1Key11"},{"time":64744,"key":"1Key12"},{"time":65004,"key":"1Key11"},{"time":65134,"key":"1Key9"},{"time":65264,"key":"1Key11"},{"time":65394,"key":"1Key9"},{"time":65524,"key":"1Key8"},{"time":65654,"key":"1Key7"},{"time":65784,"key":"1Key9"},{"time":65914,"key":"1Key9"},{"time":66044,"key":"1Key9"},{"time":66174,"key":"1Key9"},{"time":66304,"key":"1Key11"},{"time":66564,"key":"1Key12"},{"time":66694,"key":"1Key9"},{"time":66824,"key":"1Key0"},{"time":66824,"key":"1Key5"},{"time":67084,"key":"1Key7"},{"time":67344,"key":"1Key8"},{"time":67604,"key":"1Key9"},{"time":67864,"key":"1Key5"},{"time":67864,"key":"1Key8"},{"time":67929,"key":"1Key7"},{"time":67994,"key":"1Key8"},{"time":68059,"key":"1Key7"},{"time":68124,"key":"1Key8"},{"time":68189,"key":"1Key7"},{"time":68254,"key":"1Key8"},{"time":68319,"key":"1Key7"},{"time":68384,"key":"1Key8"},{"time":68904,"key":"1Key0"},{"time":68904,"key":"1Key4"},{"time":68904,"key":"1Key7"},{"time":68904,"key":"1Key11"},{"time":69164,"key":"1Key12"},{"time":69424,"key":"1Key11"},{"time":69521,"key":"1Key12"},{"time":69618,"key":"1Key11"},{"time":69715,"key":"1Key8"},{"time":69975,"key":"1Key4"},{"time":69975,"key":"1Key6"},{"time":69975,"key":"1Key9"},{"time":70495,"key":"1Key4"},{"time":70495,"key":"1Key6"},{"time":70495,"key":"1Key9"},{"time":71015,"key":"1Key0"},{"time":71015,"key":"1Key4"},{"time":71145,"key":"1Key5"},{"time":71275,"key":"1Key7"},{"time":71405,"key":"1Key8"},{"time":71535,"key":"1Key11"},{"time":71795,"key":"1Key10"},{"time":72055,"key":"1Key5"},{"time":72055,"key":"1Key9"},{"time":72575,"key":"1Key8"},{"time":73095,"key":"1Key0"},{"time":73095,"key":"1Key4"},{"time":73095,"key":"1Key7"},{"time":73485,"key":"1Key0"},{"time":73485,"key":"1Key4"},{"time":73485,"key":"1Key7"},{"time":73875,"key":"1Key0"},{"time":73875,"key":"1Key4"},{"time":73875,"key":"1Key7"},{"time":74135,"key":"1Key9"},{"time":74265,"key":"1Key9"},{"time":74395,"key":"1Key9"},{"time":74525,"key":"1Key9"},{"time":74655,"key":"1Key11"},{"time":74915,"key":"1Key12"},{"time":75045,"key":"1Key9"},{"time":75175,"key":"1Key0"},{"time":75175,"key":"1Key5"},{"time":75435,"key":"1Key7"},{"time":75695,"key":"1Key8"},{"time":75955,"key":"1Key9"},{"time":76215,"key":"1Key5"},{"time":76215,"key":"1Key8"},{"time":76280,"key":"1Key7"},{"time":76345,"key":"1Key8"},{"time":76410,"key":"1Key7"},{"time":76475,"key":"1Key8"},{"time":76540,"key":"1Key7"},{"time":76605,"key":"1Key8"},{"time":76670,"key":"1Key7"},{"time":76735,"key":"1Key8"},{"time":77255,"key":"1Key0"},{"time":77255,"key":"1Key4"},{"time":77255,"key":"1Key7"},{"time":77255,"key":"1Key11"},{"time":77515,"key":"1Key12"},{"time":77775,"key":"1Key11"},{"time":77872,"key":"1Key12"},{"time":77969,"key":"1Key11"},{"time":78066,"key":"1Key8"},{"time":78326,"key":"1Key4"},{"time":78326,"key":"1Key6"},{"time":78326,"key":"1Key9"},{"time":78846,"key":"1Key4"},{"time":78846,"key":"1Key6"},{"time":78846,"key":"1Key9"},{"time":79366,"key":"1Key0"},{"time":79366,"key":"1Key4"},{"time":79496,"key":"1Key5"},{"time":79626,"key":"1Key7"},{"time":79756,"key":"1Key8"},{"time":79886,"key":"1Key11"},{"time":80146,"key":"1Key10"},{"time":80406,"key":"1Key5"},{"time":80406,"key":"1Key9"},{"time":80926,"key":"1Key8"},{"time":81446,"key":"1Key0"},{"time":81446,"key":"1Key4"},{"time":81446,"key":"1Key7"},{"time":81836,"key":"1Key0"},{"time":81836,"key":"1Key4"},{"time":81836,"key":"1Key7"},{"time":82226,"key":"1Key0"},{"time":82226,"key":"1Key4"},{"time":82226,"key":"1Key7"},{"time":83526,"key":"1Key5"},{"time":83526,"key":"1Key7"},{"time":83526,"key":"1Key9"},{"time":83786,"key":"1Key8"},{"time":83916,"key":"1Key7"},{"time":84046,"key":"1Key4"},{"time":84046,"key":"1Key7"},{"time":84566,"key":"1Key3"},{"time":84566,"key":"1Key7"},{"time":84566,"key":"1Key9"},{"time":84826,"key":"1Key8"},{"time":84956,"key":"1Key7"},{"time":85086,"key":"1Key4"},{"time":85086,"key":"1Key7"},{"time":85606,"key":"1Key0"},{"time":85606,"key":"1Key7"},{"time":85606,"key":"1Key9"},{"time":85866,"key":"1Key8"},{"time":85996,"key":"1Key7"},{"time":86126,"key":"1Key4"},{"time":86126,"key":"1Key7"},{"time":86386,"key":"1Key0"},{"time":86646,"key":"1Key4"},{"time":86646,"key":"1Key7"},{"time":86646,"key":"1Key9"},{"time":86906,"key":"1Key8"},{"time":87036,"key":"1Key7"},{"time":87166,"key":"1Key4"},{"time":87166,"key":"1Key7"},{"time":87686,"key":"1Key5"},{"time":87686,"key":"1Key8"},{"time":87946,"key":"1Key8"},{"time":88076,"key":"1Key8"},{"time":88206,"key":"1Key9"},{"time":88466,"key":"1Key7"},{"time":88726,"key":"1Key5"},{"time":88726,"key":"1Key8"},{"time":88986,"key":"1Key8"},{"time":89116,"key":"1Key8"},{"time":89246,"key":"1Key9"},{"time":89506,"key":"1Key7"},{"time":89766,"key":"1Key0"},{"time":89766,"key":"1Key5"},{"time":89766,"key":"1Key8"},{"time":90026,"key":"1Key8"},{"time":90156,"key":"1Key8"},{"time":90286,"key":"1Key9"},{"time":90546,"key":"1Key7"},{"time":90806,"key":"1Key4"},{"time":90806,"key":"1Key6"},{"time":90806,"key":"1Key8"},{"time":91066,"key":"1Key8"},{"time":91196,"key":"1Key8"},{"time":91326,"key":"1Key9"},{"time":91586,"key":"1Key7"},{"time":91846,"key":"1Key0"},{"time":91846,"key":"1Key4"},{"time":91976,"key":"1Key5"},{"time":92106,"key":"1Key7"},{"time":92236,"key":"1Key8"},{"time":92366,"key":"1Key9"},{"time":92626,"key":"1Key5"},{"time":92626,"key":"1Key8"},{"time":92691,"key":"1Key7"},{"time":92756,"key":"1Key8"},{"time":92821,"key":"1Key7"},{"time":92886,"key":"1Key8"},{"time":92951,"key":"1Key7"},{"time":93016,"key":"1Key8"},{"time":93081,"key":"1Key7"},{"time":93146,"key":"1Key8"},{"time":93211,"key":"1Key7"},{"time":93276,"key":"1Key8"},{"time":93341,"key":"1Key7"},{"time":93406,"key":"1Key8"},{"time":93666,"key":"1Key7"},{"time":93796,"key":"1Key7"},{"time":93926,"key":"1Key0"},{"time":93926,"key":"1Key4"},{"time":93926,"key":"1Key7"},{"time":93926,"key":"1Key11"},{"time":94186,"key":"1Key11"},{"time":94316,"key":"1Key11"},{"time":94446,"key":"1Key11"},{"time":94706,"key":"1Key9"},{"time":94836,"key":"1Key9"},{"time":94966,"key":"1Key4"},{"time":94966,"key":"1Key6"},{"time":94966,"key":"1Key9"},{"time":95226,"key":"1Key9"},{"time":95356,"key":"1Key9"},{"time":95486,"key":"1Key9"},{"time":95746,"key":"1Key8"},{"time":95876,"key":"1Key8"},{"time":96006,"key":"1Key5"},{"time":96006,"key":"1Key7"},{"time":96006,"key":"1Key9"},{"time":96266,"key":"1Key9"},{"time":96396,"key":"1Key9"},{"time":96526,"key":"1Key9"},{"time":96786,"key":"1Key8"},{"time":96916,"key":"1Key8"},{"time":97046,"key":"1Key0"},{"time":97046,"key":"1Key8"},{"time":97306,"key":"1Key8"},{"time":97436,"key":"1Key8"},{"time":97566,"key":"1Key8"},{"time":97826,"key":"1Key7"},{"time":97956,"key":"1Key7"},{"time":98086,"key":"1Key0"},{"time":98086,"key":"1Key5"},{"time":98346,"key":"1Key5"},{"time":98476,"key":"1Key5"},{"time":98606,"key":"1Key5"},{"time":98866,"key":"1Key4"},{"time":98996,"key":"1Key4"},{"time":99126,"key":"1Key2"},{"time":99256,"key":"1Key4"},{"time":99516,"key":"1Key2"},{"time":99776,"key":"1Key1"},{"time":100036,"key":"1Key0"},{"time":100036,"key":"1Key4"},{"time":100166,"key":"1Key5"},{"time":100296,"key":"1Key7"},{"time":100426,"key":"1Key8"},{"time":100556,"key":"1Key9"},{"time":100816,"key":"1Key5"},{"time":100816,"key":"1Key8"},{"time":100881,"key":"1Key7"},{"time":100946,"key":"1Key8"},{"time":101011,"key":"1Key7"},{"time":101076,"key":"1Key8"},{"time":101141,"key":"1Key7"},{"time":101206,"key":"1Key8"},{"time":101271,"key":"1Key7"},{"time":101336,"key":"1Key8"},{"time":101401,"key":"1Key7"},{"time":101466,"key":"1Key8"},{"time":101531,"key":"1Key7"},{"time":101596,"key":"1Key8"},{"time":102116,"key":"1Key0"},{"time":102116,"key":"1Key4"},{"time":102116,"key":"1Key7"},{"time":102116,"key":"1Key11"},{"time":102376,"key":"1Key12"},{"time":102636,"key":"1Key11"},{"time":102733,"key":"1Key12"},{"time":102830,"key":"1Key11"},{"time":102927,"key":"1Key8"},{"time":103187,"key":"1Key4"},{"time":103187,"key":"1Key6"},{"time":103187,"key":"1Key9"},{"time":103707,"key":"1Key4"},{"time":103707,"key":"1Key6"},{"time":103707,"key":"1Key9"},{"time":104227,"key":"1Key0"},{"time":104227,"key":"1Key4"},{"time":104357,"key":"1Key5"},{"time":104487,"key":"1Key7"},{"time":104617,"key":"1Key8"},{"time":104747,"key":"1Key9"},{"time":105007,"key":"1Key5"},{"time":105007,"key":"1Key8"},{"time":105072,"key":"1Key7"},{"time":105137,"key":"1Key8"},{"time":105202,"key":"1Key7"},{"time":105267,"key":"1Key8"},{"time":105332,"key":"1Key7"},{"time":105397,"key":"1Key8"},{"time":105462,"key":"1Key7"},{"time":105527,"key":"1Key8"},{"time":105592,"key":"1Key7"},{"time":105657,"key":"1Key8"},{"time":105722,"key":"1Key7"},{"time":105787,"key":"1Key8"},{"time":106307,"key":"1Key0"},{"time":106307,"key":"1Key4"},{"time":106307,"key":"1Key7"},{"time":106307,"key":"1Key11"},{"time":106567,"key":"1Key12"},{"time":106827,"key":"1Key11"},{"time":106924,"key":"1Key12"},{"time":107021,"key":"1Key11"},{"time":107118,"key":"1Key8"},{"time":107378,"key":"1Key4"},{"time":107378,"key":"1Key6"},{"time":107378,"key":"1Key9"},{"time":107898,"key":"1Key4"},{"time":107898,"key":"1Key6"},{"time":107898,"key":"1Key9"},{"time":108418,"key":"1Key0"},{"time":108418,"key":"1Key4"},{"time":108548,"key":"1Key5"},{"time":108678,"key":"1Key7"},{"time":108808,"key":"1Key8"},{"time":108938,"key":"1Key9"},{"time":109198,"key":"1Key5"},{"time":109198,"key":"1Key8"},{"time":109263,"key":"1Key7"},{"time":109328,"key":"1Key8"},{"time":109393,"key":"1Key7"},{"time":109458,"key":"1Key8"},{"time":109523,"key":"1Key7"},{"time":109588,"key":"1Key8"},{"time":109653,"key":"1Key7"},{"time":109718,"key":"1Key8"},{"time":109783,"key":"1Key7"},{"time":109848,"key":"1Key8"},{"time":109913,"key":"1Key7"},{"time":109978,"key":"1Key8"},{"time":110498,"key":"1Key0"},{"time":110498,"key":"1Key4"},{"time":110498,"key":"1Key7"},{"time":110498,"key":"1Key11"},{"time":110758,"key":"1Key12"},{"time":111018,"key":"1Key11"},{"time":111115,"key":"1Key12"},{"time":111212,"key":"1Key11"},{"time":111309,"key":"1Key8"},{"time":111569,"key":"1Key4"},{"time":111569,"key":"1Key6"},{"time":111569,"key":"1Key9"},{"time":112089,"key":"1Key4"},{"time":112089,"key":"1Key6"},{"time":112089,"key":"1Key9"},{"time":112609,"key":"1Key0"},{"time":112609,"key":"1Key4"},{"time":112739,"key":"1Key5"},{"time":112869,"key":"1Key7"},{"time":112999,"key":"1Key8"},{"time":113129,"key":"1Key9"},{"time":113389,"key":"1Key5"},{"time":113389,"key":"1Key8"},{"time":113454,"key":"1Key7"},{"time":113519,"key":"1Key8"},{"time":113584,"key":"1Key7"},{"time":113649,"key":"1Key8"},{"time":113714,"key":"1Key7"},{"time":113779,"key":"1Key8"},{"time":113844,"key":"1Key7"},{"time":113909,"key":"1Key8"},{"time":113974,"key":"1Key7"},{"time":114039,"key":"1Key8"},{"time":114104,"key":"1Key7"},{"time":114169,"key":"1Key8"},{"time":114689,"key":"1Key0"},{"time":114689,"key":"1Key4"},{"time":114689,"key":"1Key7"},{"time":114689,"key":"1Key11"},{"time":114949,"key":"1Key12"},{"time":115209,"key":"1Key11"},{"time":115306,"key":"1Key12"},{"time":115403,"key":"1Key11"},{"time":115500,"key":"1Key8"},{"time":115760,"key":"1Key4"},{"time":115760,"key":"1Key6"},{"time":115760,"key":"1Key9"},{"time":116280,"key":"1Key4"},{"time":116280,"key":"1Key6"},{"time":116280,"key":"1Key9"},{"time":116800,"key":"1Key4"},{"time":116865,"key":"1Key7"},{"time":116930,"key":"1Key9"},{"time":116995,"key":"1Key13"}]}]