[{"name":"Memories","bpm":100,"bitsPerPage":16,"pitchLevel":0,"isComposed":"true","songNotes":[{"time":400,"key":"1Key11"},{"time":700,"key":"1Key9"},{"time":850,"key":"1Key10"},{"time":1000,"key":"1Key11"},{"time":1300,"key":"1Key9"},{"time":1450,"key":"1Key10"},{"time":1600,"key":"1Key11"},{"time":2950,"key":"1Key9"},{"time":3250,"key":"1Key7"},{"time":3400,"key":"1Key8"},{"time":3550,"key":"1Key9"},{"time":3850,"key":"1Key7"},{"time":4000,"key":"1Key8"},{"time":4150,"key":"1Key9"},{"time":4450,"key":"1Key7"},{"time":4600,"key":"1Key8"},{"time":4750,"key":"1Key9"},{"time":5050,"key":"1Key8"},{"time":5200,"key":"1Key7"},{"time":5350,"key":"1Key5"},{"time":5650,"key":"1Key5"},{"time":5950,"key":"1Key5"},{"time":6250,"key":"1Key5"},{"time":6400,"key":"1Key4"},{"time":6550,"key":"1Key5"},{"time":6700,"key":"1Key4"},{"time":6850,"key":"1Key4"},{"time":7525,"key":"1Key4"},{"time":7825,"key":"1Key4"},{"time":7975,"key":"1Key5"},{"time":8125,"key":"1Key5"},{"time":8425,"key":"1Key5"},{"time":8725,"key":"1Key7"},{"time":9025,"key":"1Key6"},{"time":10375,"key":"1Key11"},{"time":10675,"key":"1Key9"},{"time":10825,"key":"1Key10"},{"time":10975,"key":"1Key11"},{"time":11275,"key":"1Key9"},{"time":11425,"key":"1Key10"},{"time":11575,"key":"1Key11"},{"time":12925,"key":"1Key9"},{"time":13225,"key":"1Key7"},{"time":13375,"key":"1Key8"},{"time":13525,"key":"1Key9"},{"time":13825,"key":"1Key7"},{"time":13975,"key":"1Key8"},{"time":14125,"key":"1Key9"},{"time":14425,"key":"1Key7"},{"time":14575,"key":"1Key8"},{"time":14725,"key":"1Key9"},{"time":15025,"key":"1Key8"},{"time":15175,"key":"1Key7"},{"time":15325,"key":"1Key5"},{"time":15625,"key":"1Key5"},{"time":15925,"key":"1Key5"},{"time":16225,"key":"1Key5"},{"time":16375,"key":"1Key4"},{"time":16525,"key":"1Key5"},{"time":16675,"key":"1Key4"},{"time":16825,"key":"1Key4"},{"time":17500,"key":"1Key4"},{"time":17650,"key":"1Key4"},{"time":17800,"key":"1Key4"},{"time":17950,"key":"1Key5"},{"time":18100,"key":"1Key5"},{"time":18400,"key":"1Key5"},{"time":18700,"key":"1Key7"},{"time":19000,"key":"1Key6"},{"time":19150,"key":"1Key6"},{"time":19300,"key":"1Key6"},{"time":19600,"key":"1Key6"},{"time":19900,"key":"1Key7"},{"time":20200,"key":"1Key7"},{"time":20500,"key":"1Key11"},{"time":20800,"key":"1Key9"},{"time":21100,"key":"1Key8"},{"time":21400,"key":"1Key8"},{"time":21700,"key":"1Key8"},{"time":22000,"key":"1Key7"},{"time":22300,"key":"1Key8"},{"time":22450,"key":"1Key9"},{"time":22600,"key":"1Key10"},{"time":22900,"key":"1Key9"},{"time":23200,"key":"1Key8"},{"time":23500,"key":"1Key8"},{"time":23800,"key":"1Key8"},{"time":24100,"key":"1Key7"},{"time":24400,"key":"1Key8"},{"time":24550,"key":"1Key9"},{"time":24700,"key":"1Key10"},{"time":25000,"key":"1Key9"},{"time":25300,"key":"1Key8"},{"time":25600,"key":"1Key8"},{"time":25900,"key":"1Key8"},{"time":26575,"key":"1Key7"},{"time":26725,"key":"1Key7"},{"time":26875,"key":"1Key7"},{"time":27175,"key":"1Key11"},{"time":27475,"key":"1Key7"},{"time":27775,"key":"1Key6"},{"time":27925,"key":"1Key6"},{"time":28075,"key":"1Key6"},{"time":28375,"key":"1Key6"},{"time":28675,"key":"1Key7"},{"time":28975,"key":"1Key7"},{"time":29875,"key":"1Key7"},{"time":30025,"key":"1Key8"},{"time":30175,"key":"1Key9"},{"time":30475,"key":"1Key11"},{"time":30625,"key":"1Key11"},{"time":30775,"key":"1Key9"},{"time":30925,"key":"1Key12"},{"time":31225,"key":"1Key9"},{"time":32125,"key":"1Key8"},{"time":32275,"key":"1Key9"},{"time":32425,"key":"1Key10"},{"time":32575,"key":"1Key10"},{"time":32725,"key":"1Key10"},{"time":33025,"key":"1Key9"},{"time":33325,"key":"1Key7"},{"time":34675,"key":"1Key8"},{"time":34825,"key":"1Key9"},{"time":34975,"key":"1Key10"},{"time":35125,"key":"1Key10"},{"time":35275,"key":"1Key10"},{"time":35575,"key":"1Key9"},{"time":35725,"key":"1Key9"},{"time":36025,"key":"1Key8"},{"time":36175,"key":"1Key7"},{"time":36850,"key":"1Key7"},{"time":37000,"key":"1Key7"},{"time":37150,"key":"1Key7"},{"time":37450,"key":"1Key7"},{"time":37600,"key":"1Key9"},{"time":37900,"key":"1Key10"},{"time":38050,"key":"1Key8"},{"time":39400,"key":"1Key7"},{"time":39550,"key":"1Key8"}],"composedSong":[{"no":[{"n":11,"l":1}],"co":"limegreen"},{"no":[{"n":9,"l":1}],"co":"deepskyblue"},{"no":[{"n":10,"l":1}],"co":"deepskyblue"},{"no":[{"n":11,"l":1}],"co":"limegreen"},{"no":[{"n":9,"l":1}],"co":"deepskyblue"},{"no":[{"n":10,"l":1}],"co":"deepskyblue"},{"no":[{"n":11,"l":1}],"co":"#dad8b3"},{"no":[],"co":"#dad8b3"},{"no":[],"co":"deepskyblue"},{"no":[{"n":9,"l":1}],"co":"limegreen"},{"no":[{"n":7,"l":1}],"co":"deepskyblue"},{"no":[{"n":8,"l":1}],"co":"deepskyblue"},{"no":[{"n":9,"l":1}],"co":"limegreen"},{"no":[{"n":7,"l":1}],"co":"deepskyblue"},{"no":[{"n":8,"l":1}],"co":"deepskyblue"},{"no":[{"n":9,"l":1}],"co":"limegreen"},{"no":[{"n":7,"l":1}],"co":"deepskyblue"},{"no":[{"n":8,"l":1}],"co":"deepskyblue"},{"no":[{"n":9,"l":1}],"co":"limegreen"},{"no":[{"n":8,"l":1}],"co":"deepskyblue"},{"no":[{"n":7,"l":1}],"co":"deepskyblue"},{"no":[{"n":5,"l":1}],"co":"limegreen"},{"no":[{"n":5,"l":1}],"co":"limegreen"},{"no":[{"n":5,"l":1}],"co":"limegreen"},{"no":[{"n":5,"l":1}],"co":"deepskyblue"},{"no":[{"n":4,"l":1}],"co":"deepskyblue"},{"no":[{"n":5,"l":1}],"co":"deepskyblue"},{"no":[{"n":4,"l":1}],"co":"deepskyblue"},{"no":[{"n":4,"l":1}],"co":"#dad8b3"},{"no":[],"co":"rgb(255, 114, 190)"},{"no":[{"n":4,"l":1}],"co":"limegreen"},{"no":[{"n":4,"l":1}],"co":"deepskyblue"},{"no":[{"n":5,"l":1}],"co":"deepskyblue"},{"no":[{"n":5,"l":1}],"co":"limegreen"},{"no":[{"n":5,"l":1}],"co":"limegreen"},{"no":[{"n":7,"l":1}],"co":"limegreen"},{"no":[{"n":6,"l":1}],"co":"#dad8b3"},{"no":[],"co":"#dad8b3"},{"no":[],"co":"deepskyblue"},{"no":[{"n":11,"l":1}],"co":"limegreen"},{"no":[{"n":9,"l":1}],"co":"deepskyblue"},{"no":[{"n":10,"l":1}],"co":"deepskyblue"},{"no":[{"n":11,"l":1}],"co":"limegreen"},{"no":[{"n":9,"l":1}],"co":"deepskyblue"},{"no":[{"n":10,"l":1}],"co":"deepskyblue"},{"no":[{"n":11,"l":1}],"co":"#dad8b3"},{"no":[],"co":"#dad8b3"},{"no":[],"co":"deepskyblue"},{"no":[{"n":9,"l":1}],"co":"limegreen"},{"no":[{"n":7,"l":1}],"co":"deepskyblue"},{"no":[{"n":8,"l":1}],"co":"deepskyblue"},{"no":[{"n":9,"l":1}],"co":"limegreen"},{"no":[{"n":7,"l":1}],"co":"deepskyblue"},{"no":[{"n":8,"l":1}],"co":"deepskyblue"},{"no":[{"n":9,"l":1}],"co":"limegreen"},{"no":[{"n":7,"l":1}],"co":"deepskyblue"},{"no":[{"n":8,"l":1}],"co":"deepskyblue"},{"no":[{"n":9,"l":1}],"co":"limegreen"},{"no":[{"n":8,"l":1}],"co":"deepskyblue"},{"no":[{"n":7,"l":1}],"co":"deepskyblue"},{"no":[{"n":5,"l":1}],"co":"limegreen"},{"no":[{"n":5,"l":1}],"co":"limegreen"},{"no":[{"n":5,"l":1}],"co":"limegreen"},{"no":[{"n":5,"l":1}],"co":"deepskyblue"},{"no":[{"n":4,"l":1}],"co":"deepskyblue"},{"no":[{"n":5,"l":1}],"co":"deepskyblue"},{"no":[{"n":4,"l":1}],"co":"deepskyblue"},{"no":[{"n":4,"l":1}],"co":"#dad8b3"},{"no":[],"co":"rgb(255, 114, 190)"},{"no":[{"n":4,"l":1}],"co":"deepskyblue"},{"no":[{"n":4,"l":1}],"co":"deepskyblue"},{"no":[{"n":4,"l":1}],"co":"deepskyblue"},{"no":[{"n":5,"l":1}],"co":"deepskyblue"},{"no":[{"n":5,"l":1}],"co":"limegreen"},{"no":[{"n":5,"l":1}],"co":"limegreen"},{"no":[{"n":7,"l":1}],"co":"limegreen"},{"no":[{"n":6,"l":1}],"co":"deepskyblue"},{"no":[{"n":6,"l":1}],"co":"deepskyblue"},{"no":[{"n":6,"l":1}],"co":"limegreen"},{"no":[{"n":6,"l":1}],"co":"limegreen"},{"no":[{"n":7,"l":1}],"co":"limegreen"},{"no":[{"n":7,"l":1}],"co":"limegreen"},{"no":[{"n":11,"l":1}],"co":"limegreen"},{"no":[{"n":9,"l":1}],"co":"limegreen"},{"no":[{"n":8,"l":1}],"co":"limegreen"},{"no":[{"n":8,"l":1}],"co":"limegreen"},{"no":[{"n":8,"l":1}],"co":"limegreen"},{"no":[{"n":7,"l":1}],"co":"limegreen"},{"no":[{"n":8,"l":1}],"co":"deepskyblue"},{"no":[{"n":9,"l":1}],"co":"deepskyblue"},{"no":[{"n":10,"l":1}],"co":"limegreen"},{"no":[{"n":9,"l":1}],"co":"limegreen"},{"no":[{"n":8,"l":1}],"co":"limegreen"},{"no":[{"n":8,"l":1}],"co":"limegreen"},{"no":[{"n":8,"l":1}],"co":"limegreen"},{"no":[{"n":7,"l":1}],"co":"limegreen"},{"no":[{"n":8,"l":1}],"co":"deepskyblue"},{"no":[{"n":9,"l":1}],"co":"deepskyblue"},{"no":[{"n":10,"l":1}],"co":"limegreen"},{"no":[{"n":9,"l":1}],"co":"limegreen"},{"no":[{"n":8,"l":1}],"co":"limegreen"},{"no":[{"n":8,"l":1}],"co":"limegreen"},{"no":[{"n":8,"l":1}],"co":"#dad8b3"},{"no":[],"co":"rgb(255, 114, 190)"},{"no":[{"n":7,"l":1}],"co":"deepskyblue"},{"no":[{"n":7,"l":1}],"co":"deepskyblue"},{"no":[{"n":7,"l":1}],"co":"limegreen"},{"no":[{"n":11,"l":1}],"co":"limegreen"},{"no":[{"n":7,"l":1}],"co":"limegreen"},{"no":[{"n":6,"l":1}],"co":"deepskyblue"},{"no":[{"n":6,"l":1}],"co":"deepskyblue"},{"no":[{"n":6,"l":1}],"co":"limegreen"},{"no":[{"n":6,"l":1}],"co":"limegreen"},{"no":[{"n":7,"l":1}],"co":"limegreen"},{"no":[{"n":7,"l":1}],"co":"#dad8b3"},{"no":[],"co":"limegreen"},{"no":[{"n":7,"l":1}],"co":"deepskyblue"},{"no":[{"n":8,"l":1}],"co":"deepskyblue"},{"no":[{"n":9,"l":1}],"co":"limegreen"},{"no":[{"n":11,"l":1}],"co":"deepskyblue"},{"no":[{"n":11,"l":1}],"co":"deepskyblue"},{"no":[{"n":9,"l":1}],"co":"deepskyblue"},{"no":[{"n":12,"l":1}],"co":"limegreen"},{"no":[{"n":9,"l":1}],"co":"#dad8b3"},{"no":[],"co":"limegreen"},{"no":[{"n":8,"l":1}],"co":"deepskyblue"},{"no":[{"n":9,"l":1}],"co":"deepskyblue"},{"no":[{"n":10,"l":1}],"co":"deepskyblue"},{"no":[{"n":10,"l":1}],"co":"deepskyblue"},{"no":[{"n":10,"l":1}],"co":"limegreen"},{"no":[{"n":9,"l":1}],"co":"limegreen"},{"no":[{"n":7,"l":1}],"co":"#dad8b3"},{"no":[],"co":"#dad8b3"},{"no":[],"co":"deepskyblue"},{"no":[{"n":8,"l":1}],"co":"deepskyblue"},{"no":[{"n":9,"l":1}],"co":"deepskyblue"},{"no":[{"n":10,"l":1}],"co":"deepskyblue"},{"no":[{"n":10,"l":1}],"co":"deepskyblue"},{"no":[{"n":10,"l":1}],"co":"limegreen"},{"no":[{"n":9,"l":1}],"co":"deepskyblue"},{"no":[{"n":9,"l":1}],"co":"limegreen"},{"no":[{"n":8,"l":1}],"co":"deepskyblue"},{"no":[{"n":7,"l":1}],"co":"#dad8b3"},{"no":[],"co":"rgb(255, 114, 190)"},{"no":[{"n":7,"l":1}],"co":"deepskyblue"},{"no":[{"n":7,"l":1}],"co":"deepskyblue"},{"no":[{"n":7,"l":1}],"co":"limegreen"},{"no":[{"n":7,"l":1}],"co":"deepskyblue"},{"no":[{"n":9,"l":1}],"co":"limegreen"},{"no":[{"n":10,"l":1}],"co":"deepskyblue"},{"no":[{"n":8,"l":1}],"co":"#dad8b3"},{"no":[],"co":"#dad8b3"},{"no":[],"co":"deepskyblue"},{"no":[{"n":7,"l":1}],"co":"deepskyblue"},{"no":[{"n":8,"l":1}],"co":"#dad8b3"}]}]