[
  {
    "name": "MIIA - Dynasty",
    "bpm": 248,
    "songNotes": [
      {
        "time": 0,
        "key": "1Key5"
      },
      {
        "time": 0,
        "key": "1Key12"
      },
      {
        "time": 1928,
        "key": "1Key3"
      },
      {
        "time": 1928,
        "key": "1Key10"
      },
      {
        "time": 3856,
        "key": "1Key7"
      },
      {
        "time": 3856,
        "key": "1Key11"
      },
      {
        "time": 5784,
        "key": "1Key4"
      },
      {
        "time": 5784,
        "key": "1Key11"
      },
      {
        "time": 7230,
        "key": "1Key7"
      },
      {
        "time": 7471,
        "key": "1Key9"
      },
      {
        "time": 7712,
        "key": "1Key2"
      },
      {
        "time": 7712,
        "key": "1Key5"
      },
      {
        "time": 9158,
        "key": "1Key7"
      },
      {
        "time": 9399,
        "key": "1Key8"
      },
      {
        "time": 9640,
        "key": "1Key0"
      },
      {
        "time": 9640,
        "key": "1Key3"
      },
      {
        "time": 11086,
        "key": "1Key7"
      },
      {
        "time": 11327,
        "key": "1Key7"
      },
      {
        "time": 11568,
        "key": "1Key0"
      },
      {
        "time": 11568,
        "key": "1Key2"
      },
      {
        "time": 13496,
        "key": "1Key4"
      },
      {
        "time": 13496,
        "key": "1Key11"
      },
      {
        "time": 14219,
        "key": "1Key7"
      },
      {
        "time": 14460,
        "key": "1Key7"
      },
      {
        "time": 14701,
        "key": "1Key8"
      },
      {
        "time": 14942,
        "key": "1Key7"
      },
      {
        "time": 15183,
        "key": "1Key9"
      },
      {
        "time": 15424,
        "key": "1Key2"
      },
      {
        "time": 15424,
        "key": "1Key5"
      },
      {
        "time": 16870,
        "key": "1Key9"
      },
      {
        "time": 17111,
        "key": "1Key8"
      },
      {
        "time": 17352,
        "key": "1Key3"
      },
      {
        "time": 17352,
        "key": "1Key5"
      },
      {
        "time": 17352,
        "key": "1Key8"
      },
      {
        "time": 18798,
        "key": "1Key7"
      },
      {
        "time": 19039,
        "key": "1Key7"
      },
      {
        "time": 19280,
        "key": "1Key0"
      },
      {
        "time": 19280,
        "key": "1Key2"
      },
      {
        "time": 21208,
        "key": "1Key4"
      },
      {
        "time": 21208,
        "key": "1Key11"
      },
      {
        "time": 22172,
        "key": "1Key11"
      },
      {
        "time": 22413,
        "key": "1Key10"
      },
      {
        "time": 22654,
        "key": "1Key9"
      },
      {
        "time": 22895,
        "key": "1Key8"
      },
      {
        "time": 23136,
        "key": "1Key5"
      },
      {
        "time": 23136,
        "key": "1Key9"
      },
      {
        "time": 23618,
        "key": "1Key11"
      },
      {
        "time": 24100,
        "key": "1Key7"
      },
      {
        "time": 24582,
        "key": "1Key9"
      },
      {
        "time": 25064,
        "key": "1Key3"
      },
      {
        "time": 25064,
        "key": "1Key9"
      },
      {
        "time": 25305,
        "key": "1Key10"
      },
      {
        "time": 25546,
        "key": "1Key10"
      },
      {
        "time": 26028,
        "key": "1Key10"
      },
      {
        "time": 26510,
        "key": "1Key9"
      },
      {
        "time": 26992,
        "key": "1Key0"
      },
      {
        "time": 26992,
        "key": "1Key2"
      },
      {
        "time": 29643,
        "key": "1Key7"
      },
      {
        "time": 29884,
        "key": "1Key11"
      },
      {
        "time": 30125,
        "key": "1Key10"
      },
      {
        "time": 30366,
        "key": "1Key9"
      },
      {
        "time": 30607,
        "key": "1Key8"
      },
      {
        "time": 30848,
        "key": "1Key0"
      },
      {
        "time": 30848,
        "key": "1Key3"
      },
      {
        "time": 30848,
        "key": "1Key9"
      },
      {
        "time": 31330,
        "key": "1Key11"
      },
      {
        "time": 31812,
        "key": "1Key7"
      },
      {
        "time": 32294,
        "key": "1Key9"
      },
      {
        "time": 32776,
        "key": "1Key2"
      },
      {
        "time": 32776,
        "key": "1Key5"
      },
      {
        "time": 33017,
        "key": "1Key5"
      },
      {
        "time": 33258,
        "key": "1Key5"
      },
      {
        "time": 33740,
        "key": "1Key5"
      },
      {
        "time": 34222,
        "key": "1Key7"
      },
      {
        "time": 34704,
        "key": "1Key0"
      },
      {
        "time": 34704,
        "key": "1Key2"
      },
      {
        "time": 36873,
        "key": "1Key7"
      },
      {
        "time": 37114,
        "key": "1Key14"
      },
      {
        "time": 37355,
        "key": "1Key14"
      },
      {
        "time": 37596,
        "key": "1Key14"
      },
      {
        "time": 37837,
        "key": "1Key14"
      },
      {
        "time": 38319,
        "key": "1Key13"
      },
      {
        "time": 38560,
        "key": "1Key3"
      },
      {
        "time": 38560,
        "key": "1Key7"
      },
      {
        "time": 38560,
        "key": "1Key12"
      },
      {
        "time": 39524,
        "key": "1Key11"
      },
      {
        "time": 40488,
        "key": "1Key1"
      },
      {
        "time": 40488,
        "key": "1Key4"
      },
      {
        "time": 40488,
        "key": "1Key9"
      },
      {
        "time": 40729,
        "key": "1Key11"
      },
      {
        "time": 40970,
        "key": "1Key9"
      },
      {
        "time": 41452,
        "key": "1Key8"
      },
      {
        "time": 41693,
        "key": "1Key9"
      },
      {
        "time": 41934,
        "key": "1Key8"
      },
      {
        "time": 42175,
        "key": "1Key7"
      },
      {
        "time": 42416,
        "key": "1Key2"
      },
      {
        "time": 42416,
        "key": "1Key5"
      },
      {
        "time": 42416,
        "key": "1Key8"
      },
      {
        "time": 42657,
        "key": "1Key9"
      },
      {
        "time": 44826,
        "key": "1Key14"
      },
      {
        "time": 45067,
        "key": "1Key14"
      },
      {
        "time": 45308,
        "key": "1Key14"
      },
      {
        "time": 45549,
        "key": "1Key14"
      },
      {
        "time": 46031,
        "key": "1Key13"
      },
      {
        "time": 46272,
        "key": "1Key3"
      },
      {
        "time": 46272,
        "key": "1Key7"
      },
      {
        "time": 46272,
        "key": "1Key12"
      },
      {
        "time": 47236,
        "key": "1Key11"
      },
      {
        "time": 48200,
        "key": "1Key1"
      },
      {
        "time": 48200,
        "key": "1Key4"
      },
      {
        "time": 48200,
        "key": "1Key9"
      },
      {
        "time": 48441,
        "key": "1Key11"
      },
      {
        "time": 48682,
        "key": "1Key9"
      },
      {
        "time": 49164,
        "key": "1Key8"
      },
      {
        "time": 49405,
        "key": "1Key9"
      },
      {
        "time": 49646,
        "key": "1Key8"
      },
      {
        "time": 49887,
        "key": "1Key7"
      },
      {
        "time": 50128,
        "key": "1Key2"
      },
      {
        "time": 50128,
        "key": "1Key5"
      },
      {
        "time": 50128,
        "key": "1Key8"
      },
      {
        "time": 50369,
        "key": "1Key9"
      },
      {
        "time": 51092,
        "key": "1Key12"
      },
      {
        "time": 52056,
        "key": "1Key14"
      },
      {
        "time": 53020,
        "key": "1Key14"
      },
      {
        "time": 53261,
        "key": "1Key14"
      },
      {
        "time": 53502,
        "key": "1Key14"
      },
      {
        "time": 53743,
        "key": "1Key13"
      },
      {
        "time": 53984,
        "key": "1Key3"
      },
      {
        "time": 53984,
        "key": "1Key7"
      },
      {
        "time": 53984,
        "key": "1Key12"
      },
      {
        "time": 54225,
        "key": "1Key14"
      },
      {
        "time": 54466,
        "key": "1Key12"
      },
      {
        "time": 54707,
        "key": "1Key11"
      },
      {
        "time": 54948,
        "key": "1Key9"
      },
      {
        "time": 55189,
        "key": "1Key11"
      },
      {
        "time": 55430,
        "key": "1Key9"
      },
      {
        "time": 55671,
        "key": "1Key8"
      },
      {
        "time": 55912,
        "key": "1Key1"
      },
      {
        "time": 55912,
        "key": "1Key4"
      },
      {
        "time": 55912,
        "key": "1Key8"
      },
      {
        "time": 56153,
        "key": "1Key9"
      },
      {
        "time": 56876,
        "key": "1Key14"
      },
      {
        "time": 57117,
        "key": "1Key14"
      },
      {
        "time": 57358,
        "key": "1Key14"
      },
      {
        "time": 57599,
        "key": "1Key13"
      },
      {
        "time": 57840,
        "key": "1Key2"
      },
      {
        "time": 57840,
        "key": "1Key5"
      },
      {
        "time": 57840,
        "key": "1Key12"
      },
      {
        "time": 58081,
        "key": "1Key14"
      },
      {
        "time": 58322,
        "key": "1Key12"
      },
      {
        "time": 58563,
        "key": "1Key11"
      },
      {
        "time": 58804,
        "key": "1Key9"
      },
      {
        "time": 59045,
        "key": "1Key11"
      },
      {
        "time": 59286,
        "key": "1Key9"
      },
      {
        "time": 59527,
        "key": "1Key8"
      },
      {
        "time": 59768,
        "key": "1Key9"
      },
      {
        "time": 60732,
        "key": "1Key14"
      },
      {
        "time": 60973,
        "key": "1Key14"
      },
      {
        "time": 61214,
        "key": "1Key14"
      },
      {
        "time": 61455,
        "key": "1Key13"
      },
      {
        "time": 61696,
        "key": "1Key3"
      },
      {
        "time": 61696,
        "key": "1Key7"
      },
      {
        "time": 61696,
        "key": "1Key12"
      },
      {
        "time": 61937,
        "key": "1Key14"
      },
      {
        "time": 62178,
        "key": "1Key12"
      },
      {
        "time": 62419,
        "key": "1Key11"
      },
      {
        "time": 62660,
        "key": "1Key9"
      },
      {
        "time": 62901,
        "key": "1Key11"
      },
      {
        "time": 63142,
        "key": "1Key9"
      },
      {
        "time": 63383,
        "key": "1Key8"
      },
      {
        "time": 63624,
        "key": "1Key1"
      },
      {
        "time": 63624,
        "key": "1Key4"
      },
      {
        "time": 63624,
        "key": "1Key8"
      },
      {
        "time": 63865,
        "key": "1Key9"
      },
      {
        "time": 65070,
        "key": "1Key5"
      },
      {
        "time": 65552,
        "key": "1Key2"
      },
      {
        "time": 65552,
        "key": "1Key5"
      },
      {
        "time": 68926,
        "key": "1Key7"
      },
      {
        "time": 69167,
        "key": "1Key9"
      },
      {
        "time": 69408,
        "key": "1Key2"
      },
      {
        "time": 69408,
        "key": "1Key5"
      },
      {
        "time": 70854,
        "key": "1Key7"
      },
      {
        "time": 71095,
        "key": "1Key8"
      },
      {
        "time": 71336,
        "key": "1Key0"
      },
      {
        "time": 71336,
        "key": "1Key3"
      },
      {
        "time": 72782,
        "key": "1Key7"
      },
      {
        "time": 73023,
        "key": "1Key7"
      },
      {
        "time": 73264,
        "key": "1Key0"
      },
      {
        "time": 73264,
        "key": "1Key2"
      },
      {
        "time": 75192,
        "key": "1Key4"
      },
      {
        "time": 75192,
        "key": "1Key11"
      },
      {
        "time": 75915,
        "key": "1Key7"
      },
      {
        "time": 76156,
        "key": "1Key7"
      },
      {
        "time": 76397,
        "key": "1Key8"
      },
      {
        "time": 76638,
        "key": "1Key7"
      },
      {
        "time": 76879,
        "key": "1Key9"
      },
      {
        "time": 77120,
        "key": "1Key2"
      },
      {
        "time": 77120,
        "key": "1Key5"
      },
      {
        "time": 78566,
        "key": "1Key9"
      },
      {
        "time": 78807,
        "key": "1Key8"
      },
      {
        "time": 79048,
        "key": "1Key3"
      },
      {
        "time": 79048,
        "key": "1Key5"
      },
      {
        "time": 79048,
        "key": "1Key8"
      },
      {
        "time": 80494,
        "key": "1Key7"
      },
      {
        "time": 80735,
        "key": "1Key7"
      },
      {
        "time": 80976,
        "key": "1Key0"
      },
      {
        "time": 80976,
        "key": "1Key2"
      },
      {
        "time": 82904,
        "key": "1Key4"
      },
      {
        "time": 82904,
        "key": "1Key11"
      },
      {
        "time": 83868,
        "key": "1Key11"
      },
      {
        "time": 84109,
        "key": "1Key10"
      },
      {
        "time": 84350,
        "key": "1Key9"
      },
      {
        "time": 84591,
        "key": "1Key8"
      },
      {
        "time": 84832,
        "key": "1Key5"
      },
      {
        "time": 84832,
        "key": "1Key9"
      },
      {
        "time": 85314,
        "key": "1Key11"
      },
      {
        "time": 85796,
        "key": "1Key7"
      },
      {
        "time": 86278,
        "key": "1Key9"
      },
      {
        "time": 86760,
        "key": "1Key3"
      },
      {
        "time": 86760,
        "key": "1Key9"
      },
      {
        "time": 87001,
        "key": "1Key10"
      },
      {
        "time": 87242,
        "key": "1Key10"
      },
      {
        "time": 87724,
        "key": "1Key10"
      },
      {
        "time": 88206,
        "key": "1Key9"
      },
      {
        "time": 88688,
        "key": "1Key0"
      },
      {
        "time": 88688,
        "key": "1Key2"
      },
      {
        "time": 91339,
        "key": "1Key7"
      },
      {
        "time": 91580,
        "key": "1Key11"
      },
      {
        "time": 91821,
        "key": "1Key10"
      },
      {
        "time": 92062,
        "key": "1Key9"
      },
      {
        "time": 92303,
        "key": "1Key8"
      },
      {
        "time": 92544,
        "key": "1Key0"
      },
      {
        "time": 92544,
        "key": "1Key3"
      },
      {
        "time": 92544,
        "key": "1Key9"
      },
      {
        "time": 93026,
        "key": "1Key11"
      },
      {
        "time": 93508,
        "key": "1Key7"
      },
      {
        "time": 93990,
        "key": "1Key9"
      },
      {
        "time": 94472,
        "key": "1Key2"
      },
      {
        "time": 94472,
        "key": "1Key5"
      },
      {
        "time": 94713,
        "key": "1Key5"
      },
      {
        "time": 94954,
        "key": "1Key5"
      },
      {
        "time": 95436,
        "key": "1Key5"
      },
      {
        "time": 95918,
        "key": "1Key7"
      },
      {
        "time": 96400,
        "key": "1Key0"
      },
      {
        "time": 96400,
        "key": "1Key2"
      },
      {
        "time": 98569,
        "key": "1Key7"
      },
      {
        "time": 98810,
        "key": "1Key14"
      },
      {
        "time": 99051,
        "key": "1Key14"
      },
      {
        "time": 99292,
        "key": "1Key14"
      },
      {
        "time": 99533,
        "key": "1Key14"
      },
      {
        "time": 100015,
        "key": "1Key13"
      },
      {
        "time": 100256,
        "key": "1Key3"
      },
      {
        "time": 100256,
        "key": "1Key7"
      },
      {
        "time": 100256,
        "key": "1Key12"
      },
      {
        "time": 101220,
        "key": "1Key11"
      },
      {
        "time": 102184,
        "key": "1Key1"
      },
      {
        "time": 102184,
        "key": "1Key4"
      },
      {
        "time": 102184,
        "key": "1Key9"
      },
      {
        "time": 102425,
        "key": "1Key11"
      },
      {
        "time": 102666,
        "key": "1Key9"
      },
      {
        "time": 103148,
        "key": "1Key8"
      },
      {
        "time": 103389,
        "key": "1Key9"
      },
      {
        "time": 103630,
        "key": "1Key8"
      },
      {
        "time": 103871,
        "key": "1Key7"
      },
      {
        "time": 104112,
        "key": "1Key2"
      },
      {
        "time": 104112,
        "key": "1Key5"
      },
      {
        "time": 104112,
        "key": "1Key8"
      },
      {
        "time": 104353,
        "key": "1Key9"
      },
      {
        "time": 106522,
        "key": "1Key14"
      },
      {
        "time": 106763,
        "key": "1Key14"
      },
      {
        "time": 107004,
        "key": "1Key14"
      },
      {
        "time": 107245,
        "key": "1Key14"
      },
      {
        "time": 107727,
        "key": "1Key13"
      },
      {
        "time": 107968,
        "key": "1Key3"
      },
      {
        "time": 107968,
        "key": "1Key7"
      },
      {
        "time": 107968,
        "key": "1Key12"
      },
      {
        "time": 108932,
        "key": "1Key11"
      },
      {
        "time": 109896,
        "key": "1Key1"
      },
      {
        "time": 109896,
        "key": "1Key4"
      },
      {
        "time": 109896,
        "key": "1Key9"
      },
      {
        "time": 110137,
        "key": "1Key11"
      },
      {
        "time": 110378,
        "key": "1Key9"
      },
      {
        "time": 110860,
        "key": "1Key8"
      },
      {
        "time": 111101,
        "key": "1Key9"
      },
      {
        "time": 111342,
        "key": "1Key8"
      },
      {
        "time": 111583,
        "key": "1Key7"
      },
      {
        "time": 111824,
        "key": "1Key2"
      },
      {
        "time": 111824,
        "key": "1Key5"
      },
      {
        "time": 111824,
        "key": "1Key8"
      },
      {
        "time": 112065,
        "key": "1Key9"
      },
      {
        "time": 112788,
        "key": "1Key12"
      },
      {
        "time": 113752,
        "key": "1Key14"
      },
      {
        "time": 114716,
        "key": "1Key14"
      },
      {
        "time": 114957,
        "key": "1Key14"
      },
      {
        "time": 115198,
        "key": "1Key14"
      },
      {
        "time": 115439,
        "key": "1Key13"
      },
      {
        "time": 115680,
        "key": "1Key3"
      },
      {
        "time": 115680,
        "key": "1Key7"
      },
      {
        "time": 115680,
        "key": "1Key12"
      },
      {
        "time": 115921,
        "key": "1Key14"
      },
      {
        "time": 116162,
        "key": "1Key12"
      },
      {
        "time": 116403,
        "key": "1Key11"
      },
      {
        "time": 116644,
        "key": "1Key9"
      },
      {
        "time": 116885,
        "key": "1Key11"
      },
      {
        "time": 117126,
        "key": "1Key9"
      },
      {
        "time": 117367,
        "key": "1Key8"
      },
      {
        "time": 117608,
        "key": "1Key1"
      },
      {
        "time": 117608,
        "key": "1Key4"
      },
      {
        "time": 117608,
        "key": "1Key8"
      },
      {
        "time": 117849,
        "key": "1Key9"
      },
      {
        "time": 118572,
        "key": "1Key14"
      },
      {
        "time": 118813,
        "key": "1Key14"
      },
      {
        "time": 119054,
        "key": "1Key14"
      },
      {
        "time": 119295,
        "key": "1Key13"
      },
      {
        "time": 119536,
        "key": "1Key2"
      },
      {
        "time": 119536,
        "key": "1Key5"
      },
      {
        "time": 119536,
        "key": "1Key12"
      },
      {
        "time": 119777,
        "key": "1Key14"
      },
      {
        "time": 120018,
        "key": "1Key12"
      },
      {
        "time": 120259,
        "key": "1Key11"
      },
      {
        "time": 120500,
        "key": "1Key9"
      },
      {
        "time": 120741,
        "key": "1Key11"
      },
      {
        "time": 120982,
        "key": "1Key9"
      },
      {
        "time": 121223,
        "key": "1Key8"
      },
      {
        "time": 121464,
        "key": "1Key9"
      },
      {
        "time": 122428,
        "key": "1Key14"
      },
      {
        "time": 122669,
        "key": "1Key14"
      },
      {
        "time": 122910,
        "key": "1Key14"
      },
      {
        "time": 123151,
        "key": "1Key13"
      },
      {
        "time": 123392,
        "key": "1Key3"
      },
      {
        "time": 123392,
        "key": "1Key7"
      },
      {
        "time": 123392,
        "key": "1Key12"
      },
      {
        "time": 123633,
        "key": "1Key14"
      },
      {
        "time": 123874,
        "key": "1Key12"
      },
      {
        "time": 124115,
        "key": "1Key11"
      },
      {
        "time": 124356,
        "key": "1Key9"
      },
      {
        "time": 124597,
        "key": "1Key11"
      },
      {
        "time": 124838,
        "key": "1Key9"
      },
      {
        "time": 125079,
        "key": "1Key8"
      },
      {
        "time": 125320,
        "key": "1Key1"
      },
      {
        "time": 125320,
        "key": "1Key4"
      },
      {
        "time": 125320,
        "key": "1Key8"
      },
      {
        "time": 125561,
        "key": "1Key9"
      },
      {
        "time": 126766,
        "key": "1Key5"
      },
      {
        "time": 127248,
        "key": "1Key3"
      },
      {
        "time": 127248,
        "key": "1Key7"
      },
      {
        "time": 127971,
        "key": "1Key7"
      },
      {
        "time": 128212,
        "key": "1Key8"
      },
      {
        "time": 128694,
        "key": "1Key5"
      },
      {
        "time": 129176,
        "key": "1Key1"
      },
      {
        "time": 129176,
        "key": "1Key5"
      },
      {
        "time": 129899,
        "key": "1Key4"
      },
      {
        "time": 130140,
        "key": "1Key8"
      },
      {
        "time": 130622,
        "key": "1Key5"
      },
      {
        "time": 131104,
        "key": "1Key2"
      },
      {
        "time": 131104,
        "key": "1Key5"
      },
      {
        "time": 131586,
        "key": "1Key4"
      },
      {
        "time": 131827,
        "key": "1Key5"
      },
      {
        "time": 132068,
        "key": "1Key5"
      },
      {
        "time": 133755,
        "key": "1Key5"
      },
      {
        "time": 133996,
        "key": "1Key8"
      },
      {
        "time": 134478,
        "key": "1Key5"
      },
      {
        "time": 134960,
        "key": "1Key0"
      },
      {
        "time": 134960,
        "key": "1Key3"
      },
      {
        "time": 134960,
        "key": "1Key5"
      },
      {
        "time": 135683,
        "key": "1Key4"
      },
      {
        "time": 135924,
        "key": "1Key8"
      },
      {
        "time": 136406,
        "key": "1Key5"
      },
      {
        "time": 136888,
        "key": "1Key1"
      },
      {
        "time": 136888,
        "key": "1Key5"
      },
      {
        "time": 137611,
        "key": "1Key4"
      },
      {
        "time": 137852,
        "key": "1Key8"
      },
      {
        "time": 138334,
        "key": "1Key5"
      },
      {
        "time": 138816,
        "key": "1Key2"
      },
      {
        "time": 138816,
        "key": "1Key5"
      },
      {
        "time": 139298,
        "key": "1Key4"
      },
      {
        "time": 139539,
        "key": "1Key5"
      },
      {
        "time": 139780,
        "key": "1Key5"
      },
      {
        "time": 140503,
        "key": "1Key4"
      },
      {
        "time": 140744,
        "key": "1Key2"
      },
      {
        "time": 141467,
        "key": "1Key5"
      },
      {
        "time": 141708,
        "key": "1Key8"
      },
      {
        "time": 142190,
        "key": "1Key5"
      },
      {
        "time": 142672,
        "key": "1Key0"
      },
      {
        "time": 142672,
        "key": "1Key3"
      },
      {
        "time": 142672,
        "key": "1Key5"
      },
      {
        "time": 143395,
        "key": "1Key5"
      },
      {
        "time": 143636,
        "key": "1Key0"
      },
      {
        "time": 143636,
        "key": "1Key3"
      },
      {
        "time": 143636,
        "key": "1Key8"
      },
      {
        "time": 144118,
        "key": "1Key5"
      },
      {
        "time": 144600,
        "key": "1Key1"
      },
      {
        "time": 144600,
        "key": "1Key4"
      },
      {
        "time": 144600,
        "key": "1Key5"
      },
      {
        "time": 145323,
        "key": "1Key4"
      },
      {
        "time": 145564,
        "key": "1Key1"
      },
      {
        "time": 145564,
        "key": "1Key4"
      },
      {
        "time": 145564,
        "key": "1Key8"
      },
      {
        "time": 146046,
        "key": "1Key5"
      },
      {
        "time": 146528,
        "key": "1Key2"
      },
      {
        "time": 146528,
        "key": "1Key5"
      },
      {
        "time": 147251,
        "key": "1Key5"
      },
      {
        "time": 147492,
        "key": "1Key2"
      },
      {
        "time": 147492,
        "key": "1Key5"
      },
      {
        "time": 147492,
        "key": "1Key7"
      },
      {
        "time": 148456,
        "key": "1Key2"
      },
      {
        "time": 148456,
        "key": "1Key5"
      },
      {
        "time": 149179,
        "key": "1Key4"
      },
      {
        "time": 149420,
        "key": "1Key2"
      },
      {
        "time": 149420,
        "key": "1Key5"
      },
      {
        "time": 149420,
        "key": "1Key8"
      },
      {
        "time": 149902,
        "key": "1Key5"
      },
      {
        "time": 150384,
        "key": "1Key0"
      },
      {
        "time": 150384,
        "key": "1Key3"
      },
      {
        "time": 150384,
        "key": "1Key5"
      },
      {
        "time": 151107,
        "key": "1Key5"
      },
      {
        "time": 151348,
        "key": "1Key0"
      },
      {
        "time": 151348,
        "key": "1Key3"
      },
      {
        "time": 151348,
        "key": "1Key5"
      },
      {
        "time": 151830,
        "key": "1Key5"
      },
      {
        "time": 152071,
        "key": "1Key5"
      },
      {
        "time": 152312,
        "key": "1Key1"
      },
      {
        "time": 152312,
        "key": "1Key4"
      },
      {
        "time": 152312,
        "key": "1Key6"
      },
      {
        "time": 153035,
        "key": "1Key6"
      },
      {
        "time": 153276,
        "key": "1Key1"
      },
      {
        "time": 153276,
        "key": "1Key4"
      },
      {
        "time": 153276,
        "key": "1Key6"
      },
      {
        "time": 153517,
        "key": "1Key5"
      },
      {
        "time": 153999,
        "key": "1Key6"
      },
      {
        "time": 154240,
        "key": "1Key2"
      },
      {
        "time": 154240,
        "key": "1Key5"
      },
      {
        "time": 154240,
        "key": "1Key7"
      },
      {
        "time": 154481,
        "key": "1Key6"
      },
      {
        "time": 154722,
        "key": "1Key2"
      },
      {
        "time": 154722,
        "key": "1Key5"
      },
      {
        "time": 155204,
        "key": "1Key2"
      },
      {
        "time": 155204,
        "key": "1Key5"
      },
      {
        "time": 155686,
        "key": "1Key2"
      },
      {
        "time": 155686,
        "key": "1Key5"
      },
      {
        "time": 156168,
        "key": "1Key2"
      },
      {
        "time": 156168,
        "key": "1Key5"
      },
      {
        "time": 156409,
        "key": "1Key9"
      },
      {
        "time": 156650,
        "key": "1Key9"
      },
      {
        "time": 156891,
        "key": "1Key9"
      },
      {
        "time": 157132,
        "key": "1Key9"
      },
      {
        "time": 157373,
        "key": "1Key9"
      },
      {
        "time": 157855,
        "key": "1Key8"
      },
      {
        "time": 158096,
        "key": "1Key0"
      },
      {
        "time": 158096,
        "key": "1Key3"
      },
      {
        "time": 158096,
        "key": "1Key7"
      },
      {
        "time": 158578,
        "key": "1Key0"
      },
      {
        "time": 158578,
        "key": "1Key3"
      },
      {
        "time": 159060,
        "key": "1Key0"
      },
      {
        "time": 159060,
        "key": "1Key3"
      },
      {
        "time": 159060,
        "key": "1Key5"
      },
      {
        "time": 159542,
        "key": "1Key0"
      },
      {
        "time": 159542,
        "key": "1Key3"
      },
      {
        "time": 160024,
        "key": "1Key1"
      },
      {
        "time": 160024,
        "key": "1Key4"
      },
      {
        "time": 160024,
        "key": "1Key7"
      },
      {
        "time": 160265,
        "key": "1Key8"
      },
      {
        "time": 160506,
        "key": "1Key1"
      },
      {
        "time": 160506,
        "key": "1Key4"
      },
      {
        "time": 160988,
        "key": "1Key1"
      },
      {
        "time": 160988,
        "key": "1Key4"
      },
      {
        "time": 161470,
        "key": "1Key1"
      },
      {
        "time": 161470,
        "key": "1Key4"
      },
      {
        "time": 161711,
        "key": "1Key6"
      },
      {
        "time": 161952,
        "key": "1Key2"
      },
      {
        "time": 161952,
        "key": "1Key5"
      },
      {
        "time": 161952,
        "key": "1Key7"
      },
      {
        "time": 162193,
        "key": "1Key6"
      },
      {
        "time": 162434,
        "key": "1Key2"
      },
      {
        "time": 162434,
        "key": "1Key5"
      },
      {
        "time": 162916,
        "key": "1Key2"
      },
      {
        "time": 162916,
        "key": "1Key5"
      },
      {
        "time": 163398,
        "key": "1Key2"
      },
      {
        "time": 163398,
        "key": "1Key5"
      },
      {
        "time": 163880,
        "key": "1Key2"
      },
      {
        "time": 163880,
        "key": "1Key5"
      },
      {
        "time": 164362,
        "key": "1Key2"
      },
      {
        "time": 164362,
        "key": "1Key5"
      },
      {
        "time": 164362,
        "key": "1Key7"
      },
      {
        "time": 164603,
        "key": "1Key7"
      },
      {
        "time": 164844,
        "key": "1Key2"
      },
      {
        "time": 164844,
        "key": "1Key5"
      },
      {
        "time": 164844,
        "key": "1Key7"
      },
      {
        "time": 165085,
        "key": "1Key7"
      },
      {
        "time": 165326,
        "key": "1Key2"
      },
      {
        "time": 165326,
        "key": "1Key5"
      },
      {
        "time": 165567,
        "key": "1Key8"
      },
      {
        "time": 165808,
        "key": "1Key3"
      },
      {
        "time": 165808,
        "key": "1Key7"
      },
      {
        "time": 165808,
        "key": "1Key12"
      },
      {
        "time": 166290,
        "key": "1Key3"
      },
      {
        "time": 166290,
        "key": "1Key7"
      },
      {
        "time": 166772,
        "key": "1Key3"
      },
      {
        "time": 166772,
        "key": "1Key7"
      },
      {
        "time": 166772,
        "key": "1Key11"
      },
      {
        "time": 167254,
        "key": "1Key3"
      },
      {
        "time": 167254,
        "key": "1Key7"
      },
      {
        "time": 167736,
        "key": "1Key1"
      },
      {
        "time": 167736,
        "key": "1Key4"
      },
      {
        "time": 167736,
        "key": "1Key9"
      },
      {
        "time": 167977,
        "key": "1Key11"
      },
      {
        "time": 168218,
        "key": "1Key1"
      },
      {
        "time": 168218,
        "key": "1Key4"
      },
      {
        "time": 168218,
        "key": "1Key9"
      },
      {
        "time": 168700,
        "key": "1Key1"
      },
      {
        "time": 168700,
        "key": "1Key4"
      },
      {
        "time": 168700,
        "key": "1Key8"
      },
      {
        "time": 168941,
        "key": "1Key9"
      },
      {
        "time": 169182,
        "key": "1Key1"
      },
      {
        "time": 169182,
        "key": "1Key4"
      },
      {
        "time": 169182,
        "key": "1Key8"
      },
      {
        "time": 169423,
        "key": "1Key7"
      },
      {
        "time": 169664,
        "key": "1Key2"
      },
      {
        "time": 169664,
        "key": "1Key5"
      },
      {
        "time": 169664,
        "key": "1Key8"
      },
      {
        "time": 169905,
        "key": "1Key9"
      },
      {
        "time": 170628,
        "key": "1Key2"
      },
      {
        "time": 170628,
        "key": "1Key5"
      },
      {
        "time": 170628,
        "key": "1Key12"
      },
      {
        "time": 171592,
        "key": "1Key2"
      },
      {
        "time": 171592,
        "key": "1Key5"
      },
      {
        "time": 171592,
        "key": "1Key14"
      },
      {
        "time": 172556,
        "key": "1Key2"
      },
      {
        "time": 172556,
        "key": "1Key5"
      },
      {
        "time": 172556,
        "key": "1Key14"
      },
      {
        "time": 172797,
        "key": "1Key14"
      },
      {
        "time": 173038,
        "key": "1Key14"
      },
      {
        "time": 173279,
        "key": "1Key13"
      },
      {
        "time": 173520,
        "key": "1Key0"
      },
      {
        "time": 173520,
        "key": "1Key3"
      },
      {
        "time": 173520,
        "key": "1Key12"
      },
      {
        "time": 173761,
        "key": "1Key14"
      },
      {
        "time": 174002,
        "key": "1Key12"
      },
      {
        "time": 174243,
        "key": "1Key11"
      },
      {
        "time": 174484,
        "key": "1Key0"
      },
      {
        "time": 174484,
        "key": "1Key3"
      },
      {
        "time": 174484,
        "key": "1Key9"
      },
      {
        "time": 174725,
        "key": "1Key11"
      },
      {
        "time": 174966,
        "key": "1Key9"
      },
      {
        "time": 175207,
        "key": "1Key8"
      },
      {
        "time": 175448,
        "key": "1Key1"
      },
      {
        "time": 175448,
        "key": "1Key4"
      },
      {
        "time": 175448,
        "key": "1Key8"
      },
      {
        "time": 175689,
        "key": "1Key9"
      },
      {
        "time": 176412,
        "key": "1Key1"
      },
      {
        "time": 176412,
        "key": "1Key4"
      },
      {
        "time": 176412,
        "key": "1Key14"
      },
      {
        "time": 176653,
        "key": "1Key14"
      },
      {
        "time": 176894,
        "key": "1Key14"
      },
      {
        "time": 177135,
        "key": "1Key13"
      },
      {
        "time": 177376,
        "key": "1Key0"
      },
      {
        "time": 177376,
        "key": "1Key3"
      },
      {
        "time": 177376,
        "key": "1Key12"
      },
      {
        "time": 177617,
        "key": "1Key14"
      },
      {
        "time": 177858,
        "key": "1Key12"
      },
      {
        "time": 178099,
        "key": "1Key11"
      },
      {
        "time": 178340,
        "key": "1Key0"
      },
      {
        "time": 178340,
        "key": "1Key3"
      },
      {
        "time": 178340,
        "key": "1Key9"
      },
      {
        "time": 178581,
        "key": "1Key11"
      },
      {
        "time": 178822,
        "key": "1Key9"
      },
      {
        "time": 179063,
        "key": "1Key8"
      },
      {
        "time": 179304,
        "key": "1Key1"
      },
      {
        "time": 179304,
        "key": "1Key4"
      },
      {
        "time": 179304,
        "key": "1Key9"
      },
      {
        "time": 180268,
        "key": "1Key1"
      },
      {
        "time": 180268,
        "key": "1Key4"
      },
      {
        "time": 180268,
        "key": "1Key14"
      },
      {
        "time": 180509,
        "key": "1Key14"
      },
      {
        "time": 180750,
        "key": "1Key14"
      },
      {
        "time": 180991,
        "key": "1Key13"
      },
      {
        "time": 181232,
        "key": "1Key0"
      },
      {
        "time": 181232,
        "key": "1Key3"
      },
      {
        "time": 181232,
        "key": "1Key12"
      },
      {
        "time": 181473,
        "key": "1Key14"
      },
      {
        "time": 181714,
        "key": "1Key12"
      },
      {
        "time": 181955,
        "key": "1Key11"
      },
      {
        "time": 182196,
        "key": "1Key0"
      },
      {
        "time": 182196,
        "key": "1Key3"
      },
      {
        "time": 182196,
        "key": "1Key9"
      },
      {
        "time": 182437,
        "key": "1Key11"
      },
      {
        "time": 182678,
        "key": "1Key9"
      },
      {
        "time": 182919,
        "key": "1Key8"
      },
      {
        "time": 183160,
        "key": "1Key1"
      },
      {
        "time": 183160,
        "key": "1Key4"
      },
      {
        "time": 183160,
        "key": "1Key8"
      },
      {
        "time": 183401,
        "key": "1Key9"
      },
      {
        "time": 184124,
        "key": "1Key1"
      },
      {
        "time": 184124,
        "key": "1Key4"
      },
      {
        "time": 184606,
        "key": "1Key7"
      },
      {
        "time": 185088,
        "key": "1Key2"
      },
      {
        "time": 185088,
        "key": "1Key5"
      },
      {
        "time": 186052,
        "key": "1Key2"
      },
      {
        "time": 186052,
        "key": "1Key5"
      },
      {
        "time": 187016,
        "key": "1Key2"
      },
      {
        "time": 187016,
        "key": "1Key5"
      },
      {
        "time": 187980,
        "key": "1Key2"
      },
      {
        "time": 187980,
        "key": "1Key5"
      },
      {
        "time": 188944,
        "key": "1Key0"
      },
      {
        "time": 188944,
        "key": "1Key3"
      },
      {
        "time": 189667,
        "key": "1Key7"
      },
      {
        "time": 189908,
        "key": "1Key8"
      },
      {
        "time": 190390,
        "key": "1Key5"
      },
      {
        "time": 190872,
        "key": "1Key1"
      },
      {
        "time": 190872,
        "key": "1Key5"
      },
      {
        "time": 191595,
        "key": "1Key4"
      },
      {
        "time": 191836,
        "key": "1Key8"
      },
      {
        "time": 192318,
        "key": "1Key5"
      },
      {
        "time": 192800,
        "key": "1Key2"
      },
      {
        "time": 192800,
        "key": "1Key5"
      },
      {
        "time": 193282,
        "key": "1Key4"
      },
      {
        "time": 193523,
        "key": "1Key5"
      },
      {
        "time": 193764,
        "key": "1Key5"
      },
      {
        "time": 195451,
        "key": "1Key5"
      },
      {
        "time": 195692,
        "key": "1Key8"
      },
      {
        "time": 196174,
        "key": "1Key5"
      },
      {
        "time": 196656,
        "key": "1Key0"
      },
      {
        "time": 196656,
        "key": "1Key3"
      },
      {
        "time": 196656,
        "key": "1Key5"
      },
      {
        "time": 197379,
        "key": "1Key4"
      },
      {
        "time": 197620,
        "key": "1Key8"
      },
      {
        "time": 198102,
        "key": "1Key5"
      },
      {
        "time": 198584,
        "key": "1Key1"
      },
      {
        "time": 198584,
        "key": "1Key5"
      },
      {
        "time": 199307,
        "key": "1Key4"
      },
      {
        "time": 199548,
        "key": "1Key8"
      },
      {
        "time": 200030,
        "key": "1Key5"
      },
      {
        "time": 200512,
        "key": "1Key2"
      },
      {
        "time": 200512,
        "key": "1Key5"
      },
      {
        "time": 200994,
        "key": "1Key4"
      },
      {
        "time": 201235,
        "key": "1Key5"
      },
      {
        "time": 201476,
        "key": "1Key5"
      },
      {
        "time": 202199,
        "key": "1Key4"
      },
      {
        "time": 202440,
        "key": "1Key2"
      },
      {
        "time": 203163,
        "key": "1Key5"
      },
      {
        "time": 203404,
        "key": "1Key8"
      },
      {
        "time": 203886,
        "key": "1Key5"
      },
      {
        "time": 204368,
        "key": "1Key0"
      },
      {
        "time": 204368,
        "key": "1Key3"
      },
      {
        "time": 204368,
        "key": "1Key5"
      },
      {
        "time": 205091,
        "key": "1Key5"
      },
      {
        "time": 205332,
        "key": "1Key0"
      },
      {
        "time": 205332,
        "key": "1Key3"
      },
      {
        "time": 205332,
        "key": "1Key8"
      },
      {
        "time": 205814,
        "key": "1Key5"
      },
      {
        "time": 206296,
        "key": "1Key1"
      },
      {
        "time": 206296,
        "key": "1Key4"
      },
      {
        "time": 206296,
        "key": "1Key5"
      },
      {
        "time": 207019,
        "key": "1Key4"
      },
      {
        "time": 207260,
        "key": "1Key1"
      },
      {
        "time": 207260,
        "key": "1Key4"
      },
      {
        "time": 207260,
        "key": "1Key8"
      },
      {
        "time": 207742,
        "key": "1Key5"
      },
      {
        "time": 208224,
        "key": "1Key2"
      },
      {
        "time": 208224,
        "key": "1Key5"
      },
      {
        "time": 208947,
        "key": "1Key5"
      },
      {
        "time": 209188,
        "key": "1Key2"
      },
      {
        "time": 209188,
        "key": "1Key5"
      },
      {
        "time": 209188,
        "key": "1Key7"
      },
      {
        "time": 210152,
        "key": "1Key2"
      },
      {
        "time": 210152,
        "key": "1Key5"
      },
      {
        "time": 210875,
        "key": "1Key4"
      },
      {
        "time": 211116,
        "key": "1Key2"
      },
      {
        "time": 211116,
        "key": "1Key5"
      },
      {
        "time": 211116,
        "key": "1Key8"
      },
      {
        "time": 211598,
        "key": "1Key5"
      },
      {
        "time": 212080,
        "key": "1Key0"
      },
      {
        "time": 212080,
        "key": "1Key3"
      },
      {
        "time": 212080,
        "key": "1Key5"
      },
      {
        "time": 212562,
        "key": "1Key0"
      },
      {
        "time": 212562,
        "key": "1Key3"
      },
      {
        "time": 212803,
        "key": "1Key5"
      },
      {
        "time": 213044,
        "key": "1Key0"
      },
      {
        "time": 213044,
        "key": "1Key3"
      },
      {
        "time": 213044,
        "key": "1Key5"
      },
      {
        "time": 213526,
        "key": "1Key0"
      },
      {
        "time": 213526,
        "key": "1Key3"
      },
      {
        "time": 213526,
        "key": "1Key5"
      },
      {
        "time": 213767,
        "key": "1Key5"
      },
      {
        "time": 214008,
        "key": "1Key1"
      },
      {
        "time": 214008,
        "key": "1Key4"
      },
      {
        "time": 214008,
        "key": "1Key6"
      },
      {
        "time": 214490,
        "key": "1Key1"
      },
      {
        "time": 214490,
        "key": "1Key4"
      },
      {
        "time": 214731,
        "key": "1Key6"
      },
      {
        "time": 214972,
        "key": "1Key1"
      },
      {
        "time": 214972,
        "key": "1Key4"
      },
      {
        "time": 214972,
        "key": "1Key6"
      },
      {
        "time": 215213,
        "key": "1Key5"
      },
      {
        "time": 215454,
        "key": "1Key1"
      },
      {
        "time": 215454,
        "key": "1Key4"
      },
      {
        "time": 215695,
        "key": "1Key6"
      },
      {
        "time": 215936,
        "key": "1Key2"
      },
      {
        "time": 215936,
        "key": "1Key5"
      },
      {
        "time": 215936,
        "key": "1Key7"
      },
      {
        "time": 216177,
        "key": "1Key6"
      },
      {
        "time": 216418,
        "key": "1Key2"
      },
      {
        "time": 216418,
        "key": "1Key5"
      },
      {
        "time": 216900,
        "key": "1Key2"
      },
      {
        "time": 216900,
        "key": "1Key5"
      },
      {
        "time": 217382,
        "key": "1Key2"
      },
      {
        "time": 217382,
        "key": "1Key5"
      },
      {
        "time": 217864,
        "key": "1Key1"
      },
      {
        "time": 217864,
        "key": "1Key4"
      },
      {
        "time": 218828,
        "key": "1Key14"
      },
      {
        "time": 219069,
        "key": "1Key14"
      },
      {
        "time": 219310,
        "key": "1Key14"
      },
      {
        "time": 219551,
        "key": "1Key13"
      },
      {
        "time": 219792,
        "key": "1Key2"
      },
      {
        "time": 219792,
        "key": "1Key5"
      },
      {
        "time": 219792,
        "key": "1Key12"
      },
      {
        "time": 220033,
        "key": "1Key14"
      },
      {
        "time": 220274,
        "key": "1Key12"
      },
      {
        "time": 220515,
        "key": "1Key11"
      },
      {
        "time": 220756,
        "key": "1Key9"
      },
      {
        "time": 220997,
        "key": "1Key11"
      },
      {
        "time": 221238,
        "key": "1Key9"
      },
      {
        "time": 221479,
        "key": "1Key8"
      },
      {
        "time": 221720,
        "key": "1Key9"
      },
      {
        "time": 223166,
        "key": "1Key5"
      }
    ]
  }
]