[
  {
    "name": "Percy Montross - Clementine",
    "bpm": 240,
    "songNotes": [
      {
        "time": 624,
        "key": "1Key7"
      },
      {
        "time": 936,
        "key": "1Key7"
      },
      {
        "time": 1233,
        "key": "1Key7"
      },
      {
        "time": 1790,
        "key": "1Key4"
      },
      {
        "time": 2324,
        "key": "1Key9"
      },
      {
        "time": 2621,
        "key": "1Key9"
      },
      {
        "time": 2883,
        "key": "1Key9"
      },
      {
        "time": 3427,
        "key": "1Key7"
      },
      {
        "time": 4017,
        "key": "1Key7"
      },
      {
        "time": 4285,
        "key": "1Key9"
      },
      {
        "time": 4623,
        "key": "1Key11"
      },
      {
        "time": 5560,
        "key": "1Key11"
      },
      {
        "time": 5887,
        "key": "1Key10"
      },
      {
        "time": 6183,
        "key": "1Key9"
      },
      {
        "time": 6499,
        "key": "1Key8"
      },
      {
        "time": 7701,
        "key": "1Key8"
      },
      {
        "time": 7963,
        "key": "1Key9"
      },
      {
        "time": 8269,
        "key": "1Key10"
      },
      {
        "time": 8899,
        "key": "1Key10"
      },
      {
        "time": 9597,
        "key": "1Key9"
      },
      {
        "time": 9935,
        "key": "1Key8"
      },
      {
        "time": 10194,
        "key": "1Key9"
      },
      {
        "time": 10816,
        "key": "1Key7"
      },
      {
        "time": 11516,
        "key": "1Key7"
      },
      {
        "time": 11842,
        "key": "1Key9"
      },
      {
        "time": 12179,
        "key": "1Key8"
      },
      {
        "time": 12791,
        "key": "1Key4"
      },
      {
        "time": 13502,
        "key": "1Key6"
      },
      {
        "time": 13772,
        "key": "1Key8"
      },
      {
        "time": 14108,
        "key": "1Key7"
      }
    ]
  }
]