[
  {
    "data": {
      "name": "Powfu - Death Bed",
      "bpm": 220
    },
    "songNotes": [
      {
        "key": "1Key0",
        "time": 100
      },
      {
        "key": "1Key2",
        "time": 100
      },
      {
        "key": "1Key4",
        "time": 372
      },
      {
        "key": "1Key4",
        "time": 644
      },
      {
        "key": "1Key2",
        "time": 916
      },
      {
        "key": "1Key2",
        "time": 1188
      },
      {
        "key": "1Key5",
        "time": 1460
      },
      {
        "key": "1Key2",
        "time": 1732
      },
      {
        "key": "1Key2",
        "time": 2276
      },
      {
        "key": "1Key0",
        "time": 2276
      },
      {
        "key": "1Key4",
        "time": 2548
      },
      {
        "key": "1Key4",
        "time": 2820
      },
      {
        "key": "1Key1",
        "time": 3092
      },
      {
        "key": "1Key2",
        "time": 3636
      },
      {
        "key": "1Key4",
        "time": 3908
      },
      {
        "key": "1Key2",
        "time": 4180
      },
      {
        "key": "1Key1",
        "time": 4452
      },
      {
        "key": "1Key0",
        "time": 4724
      },
      {
        "key": "1Key1",
        "time": 4996
      },
      {
        "key": "1Key0",
        "time": 5268
      },
      {
        "key": "1Key0",
        "time": 5540
      },
      {
        "key": "1Key1",
        "time": 5812
      },
      {
        "key": "1Key2",
        "time": 6084
      },
      {
        "key": "1Key2",
        "time": 6628
      },
      {
        "key": "1Key4",
        "time": 6900
      },
      {
        "key": "1Key2",
        "time": 7172
      },
      {
        "key": "1Key1",
        "time": 7444
      },
      {
        "key": "1Key0",
        "time": 7716
      },
      {
        "key": "1Key1",
        "time": 7988
      },
      {
        "key": "1Key0",
        "time": 8260
      },
      {
        "key": "1Key4",
        "time": 8532
      },
      {
        "key": "1Key4",
        "time": 8804
      },
      {
        "key": "1Key2",
        "time": 9076
      },
      {
        "key": "1Key1",
        "time": 9348
      },
      {
        "key": "1Key0",
        "time": 9620
      },
      {
        "key": "1Key2",
        "time": 10164
      },
      {
        "key": "1Key0",
        "time": 10164
      },
      {
        "key": "1Key4",
        "time": 10436
      },
      {
        "key": "1Key4",
        "time": 10708
      },
      {
        "key": "1Key2",
        "time": 10980
      },
      {
        "key": "1Key2",
        "time": 11252
      },
      {
        "key": "1Key5",
        "time": 11524
      },
      {
        "key": "1Key2",
        "time": 11796
      },
      {
        "key": "1Key0",
        "time": 12340
      },
      {
        "key": "1Key2",
        "time": 12340
      },
      {
        "key": "1Key4",
        "time": 12612
      },
      {
        "key": "1Key4",
        "time": 12884
      },
      {
        "key": "1Key1",
        "time": 13156
      },
      {
        "key": "1Key2",
        "time": 13700
      },
      {
        "key": "1Key4",
        "time": 13972
      },
      {
        "key": "1Key2",
        "time": 14244
      },
      {
        "key": "1Key1",
        "time": 14516
      },
      {
        "key": "1Key0",
        "time": 14788
      },
      {
        "key": "1Key1",
        "time": 15060
      },
      {
        "key": "1Key0",
        "time": 15332
      },
      {
        "key": "1Key0",
        "time": 15604
      },
      {
        "key": "1Key1",
        "time": 15876
      },
      {
        "key": "1Key2",
        "time": 16148
      },
      {
        "key": "1Key2",
        "time": 16692
      },
      {
        "key": "1Key4",
        "time": 16964
      },
      {
        "key": "1Key2",
        "time": 17236
      },
      {
        "key": "1Key1",
        "time": 17508
      },
      {
        "key": "1Key0",
        "time": 17780
      },
      {
        "key": "1Key1",
        "time": 18052
      },
      {
        "key": "1Key0",
        "time": 18324
      },
      {
        "key": "1Key4",
        "time": 18596
      },
      {
        "key": "1Key4",
        "time": 18868
      },
      {
        "key": "1Key2",
        "time": 19140
      },
      {
        "key": "1Key1",
        "time": 19412
      },
      {
        "key": "1Key0",
        "time": 19684
      }
    ]
  }
]