[
	{
		"name": "Chasing Cars",
		"bpm": 120,
		"bitsPerPage": 16,
		"pitchLevel": 0,
		"helpText": "\n    After the download:\n    1/ go to https://sky-music.herokuapp.com\n    2/ Press 'manage recordings'\n    3/ Import the text file\n    4/ Listen to your song being played!\n    ",
		"songNotes": [
			{
				"key": "1Key0",
				"time": 700
			},
			{
				"key": "1Key4",
				"time": 1200
			},
			{
				"key": "1Key0",
				"time": 1700
			},
			{
				"key": "1Key4",
				"time": 2200
			},
			{
				"key": "1Key0",
				"time": 2700
			},
			{
				"key": "1Key4",
				"time": 3200
			},
			{
				"key": "1Key0",
				"time": 3700
			},
			{
				"key": "1Key4",
				"time": 4200
			},
			{
				"key": "1Key0",
				"time": 4700
			},
			{
				"key": "1Key4",
				"time": 5200
			},
			{
				"key": "1Key0",
				"time": 5700
			},
			{
				"key": "1Key4",
				"time": 6200
			},
			{
				"key": "1Key0",
				"time": 6700
			},
			{
				"key": "1Key4",
				"time": 7200
			},
			{
				"key": "1Key0",
				"time": 7700
			},
			{
				"key": "1Key4",
				"time": 8200
			},
			{
				"key": "1Key0",
				"time": 8700
			},
			{
				"key": "1Key4",
				"time": 9200
			},
			{
				"key": "1Key0",
				"time": 9700
			},
			{
				"key": "1Key4",
				"time": 10200
			},
			{
				"key": "1Key0",
				"time": 10700
			},
			{
				"key": "1Key4",
				"time": 11700
			},
			{
				"key": "1Key8",
				"time": 12200
			},
			{
				"key": "1Key9",
				"time": 12700
			},
			{
				"key": "1Key6",
				"time": 13200
			},
			{
				"key": "1Key6",
				"time": 14200
			},
			{
				"key": "1Key4",
				"time": 14700
			},
			{
				"key": "1Key7",
				"time": 14700
			},
			{
				"key": "1Key4",
				"time": 15700
			},
			{
				"key": "1Key7",
				"time": 15700
			},
			{
				"key": "1Key4",
				"time": 16700
			},
			{
				"key": "1Key8",
				"time": 16700
			},
			{
				"key": "1Key9",
				"time": 17200
			},
			{
				"key": "1Key6",
				"time": 18200
			},
			{
				"key": "1Key6",
				"time": 19200
			},
			{
				"key": "1Key4",
				"time": 19700
			},
			{
				"key": "1Key5",
				"time": 19700
			},
			{
				"key": "1Key4",
				"time": 20700
			},
			{
				"key": "1Key9",
				"time": 20700
			},
			{
				"key": "1Key6",
				"time": 21700
			},
			{
				"key": "1Key6",
				"time": 22700
			},
			{
				"key": "1Key7",
				"time": 23200
			},
			{
				"key": "1Key0",
				"time": 24700
			},
			{
				"key": "1Key4",
				"time": 25200
			},
			{
				"key": "1Key0",
				"time": 25700
			},
			{
				"key": "1Key4",
				"time": 26200
			},
			{
				"key": "1Key0",
				"time": 26700
			},
			{
				"key": "1Key4",
				"time": 27200
			},
			{
				"key": "1Key0",
				"time": 27700
			},
			{
				"key": "1Key4",
				"time": 28200
			},
			{
				"key": "1Key0",
				"time": 28700
			},
			{
				"key": "1Key4",
				"time": 29200
			},
			{
				"key": "1Key0",
				"time": 29700
			},
			{
				"key": "1Key4",
				"time": 30200
			},
			{
				"key": "1Key0",
				"time": 30700
			},
			{
				"key": "1Key4",
				"time": 31200
			},
			{
				"key": "1Key0",
				"time": 31700
			},
			{
				"key": "1Key4",
				"time": 32200
			},
			{
				"key": "1Key9",
				"time": 32700
			},
			{
				"key": "1Key6",
				"time": 33700
			},
			{
				"key": "1Key4",
				"time": 34700
			},
			{
				"key": "1Key7",
				"time": 34700
			},
			{
				"key": "1Key4",
				"time": 35700
			},
			{
				"key": "1Key7",
				"time": 35700
			},
			{
				"key": "1Key8",
				"time": 36200
			},
			{
				"key": "1Key9",
				"time": 36700
			},
			{
				"key": "1Key6",
				"time": 37200
			},
			{
				"key": "1Key6",
				"time": 38200
			},
			{
				"key": "1Key4",
				"time": 38700
			},
			{
				"key": "1Key5",
				"time": 38700
			},
			{
				"key": "1Key4",
				"time": 39700
			},
			{
				"key": "1Key4",
				"time": 40200
			},
			{
				"key": "1Key8",
				"time": 40200
			},
			{
				"key": "1Key9",
				"time": 40700
			},
			{
				"key": "1Key6",
				"time": 41200
			},
			{
				"key": "1Key6",
				"time": 42200
			},
			{
				"key": "1Key4",
				"time": 42700
			},
			{
				"key": "1Key7",
				"time": 42700
			},
			{
				"key": "1Key4",
				"time": 44200
			},
			{
				"key": "1Key9",
				"time": 44200
			},
			{
				"key": "1Key4",
				"time": 44700
			},
			{
				"key": "1Key9",
				"time": 44700
			},
			{
				"key": "1Key4",
				"time": 45200
			},
			{
				"key": "1Key9",
				"time": 45200
			},
			{
				"key": "1Key4",
				"time": 45700
			},
			{
				"key": "1Key9",
				"time": 45700
			},
			{
				"key": "1Key4",
				"time": 47200
			},
			{
				"key": "1Key9",
				"time": 47200
			},
			{
				"key": "1Key4",
				"time": 47700
			},
			{
				"key": "1Key9",
				"time": 47700
			},
			{
				"key": "1Key4",
				"time": 48200
			},
			{
				"key": "1Key9",
				"time": 48200
			},
			{
				"key": "1Key4",
				"time": 48700
			},
			{
				"key": "1Key9",
				"time": 48700
			},
			{
				"key": "1Key4",
				"time": 49700
			},
			{
				"key": "1Key8",
				"time": 49700
			},
			{
				"key": "1Key4",
				"time": 51200
			},
			{
				"key": "1Key9",
				"time": 51200
			},
			{
				"key": "1Key4",
				"time": 51700
			},
			{
				"key": "1Key9",
				"time": 51700
			},
			{
				"key": "1Key4",
				"time": 52200
			},
			{
				"key": "1Key9",
				"time": 52200
			},
			{
				"key": "1Key4",
				"time": 52700
			},
			{
				"key": "1Key9",
				"time": 52700
			},
			{
				"key": "1Key4",
				"time": 53700
			},
			{
				"key": "1Key8",
				"time": 53700
			},
			{
				"key": "1Key4",
				"time": 54200
			},
			{
				"key": "1Key7",
				"time": 54200
			},
			{
				"key": "1Key10",
				"time": 55200
			},
			{
				"key": "1Key9",
				"time": 55700
			},
			{
				"key": "1Key8",
				"time": 56200
			},
			{
				"key": "1Key4",
				"time": 56700
			},
			{
				"key": "1Key7",
				"time": 56700
			},
			{
				"key": "1Key4",
				"time": 57200
			},
			{
				"key": "1Key7",
				"time": 57200
			},
			{
				"key": "1Key0",
				"time": 58700
			},
			{
				"key": "1Key4",
				"time": 59200
			},
			{
				"key": "1Key0",
				"time": 59700
			},
			{
				"key": "1Key4",
				"time": 60200
			},
			{
				"key": "1Key0",
				"time": 60700
			},
			{
				"key": "1Key4",
				"time": 61200
			},
			{
				"key": "1Key0",
				"time": 61700
			},
			{
				"key": "1Key4",
				"time": 62200
			},
			{
				"key": "1Key0",
				"time": 62700
			},
			{
				"key": "1Key4",
				"time": 63200
			},
			{
				"key": "1Key0",
				"time": 63700
			},
			{
				"key": "1Key4",
				"time": 64200
			},
			{
				"key": "1Key0",
				"time": 64700
			},
			{
				"key": "1Key4",
				"time": 65200
			},
			{
				"key": "1Key0",
				"time": 65700
			},
			{
				"key": "1Key4",
				"time": 66200
			},
			{
				"key": "1Key0",
				"time": 66700
			},
			{
				"key": "1Key4",
				"time": 67200
			},
			{
				"key": "1Key0",
				"time": 67700
			},
			{
				"key": "1Key4",
				"time": 68200
			},
			{
				"key": "1Key0",
				"time": 68700
			},
			{
				"key": "1Key4",
				"time": 69700
			},
			{
				"key": "1Key8",
				"time": 70200
			},
			{
				"key": "1Key9",
				"time": 70700
			},
			{
				"key": "1Key6",
				"time": 71200
			},
			{
				"key": "1Key6",
				"time": 72200
			},
			{
				"key": "1Key4",
				"time": 72700
			},
			{
				"key": "1Key7",
				"time": 72700
			},
			{
				"key": "1Key4",
				"time": 73700
			},
			{
				"key": "1Key7",
				"time": 73700
			},
			{
				"key": "1Key4",
				"time": 74200
			},
			{
				"key": "1Key8",
				"time": 74200
			},
			{
				"key": "1Key9",
				"time": 74700
			},
			{
				"key": "1Key6",
				"time": 75700
			},
			{
				"key": "1Key6",
				"time": 76700
			},
			{
				"key": "1Key4",
				"time": 77200
			},
			{
				"key": "1Key5",
				"time": 77200
			},
			{
				"key": "1Key4",
				"time": 78200
			},
			{
				"key": "1Key9",
				"time": 78200
			},
			{
				"key": "1Key6",
				"time": 79200
			},
			{
				"key": "1Key6",
				"time": 80200
			},
			{
				"key": "1Key7",
				"time": 80700
			},
			{
				"key": "1Key0",
				"time": 82200
			},
			{
				"key": "1Key4",
				"time": 82700
			},
			{
				"key": "1Key0",
				"time": 83200
			},
			{
				"key": "1Key4",
				"time": 83700
			},
			{
				"key": "1Key0",
				"time": 84200
			},
			{
				"key": "1Key4",
				"time": 84700
			},
			{
				"key": "1Key0",
				"time": 85200
			},
			{
				"key": "1Key4",
				"time": 85700
			},
			{
				"key": "1Key0",
				"time": 86200
			},
			{
				"key": "1Key4",
				"time": 86700
			},
			{
				"key": "1Key0",
				"time": 87200
			},
			{
				"key": "1Key4",
				"time": 87700
			},
			{
				"key": "1Key0",
				"time": 88200
			},
			{
				"key": "1Key4",
				"time": 88700
			},
			{
				"key": "1Key0",
				"time": 89200
			},
			{
				"key": "1Key4",
				"time": 89700
			},
			{
				"key": "1Key9",
				"time": 90200
			},
			{
				"key": "1Key6",
				"time": 91200
			},
			{
				"key": "1Key4",
				"time": 92200
			},
			{
				"key": "1Key7",
				"time": 92200
			},
			{
				"key": "1Key4",
				"time": 93200
			},
			{
				"key": "1Key7",
				"time": 93200
			},
			{
				"key": "1Key8",
				"time": 94200
			},
			{
				"key": "1Key9",
				"time": 94700
			},
			{
				"key": "1Key6",
				"time": 95200
			},
			{
				"key": "1Key6",
				"time": 96200
			},
			{
				"key": "1Key4",
				"time": 96700
			},
			{
				"key": "1Key5",
				"time": 96700
			},
			{
				"key": "1Key4",
				"time": 97700
			},
			{
				"key": "1Key4",
				"time": 98200
			},
			{
				"key": "1Key8",
				"time": 98200
			},
			{
				"key": "1Key9",
				"time": 98700
			},
			{
				"key": "1Key6",
				"time": 99200
			},
			{
				"key": "1Key6",
				"time": 100200
			},
			{
				"key": "1Key4",
				"time": 100700
			},
			{
				"key": "1Key7",
				"time": 100700
			},
			{
				"key": "1Key4",
				"time": 102200
			},
			{
				"key": "1Key9",
				"time": 102200
			},
			{
				"key": "1Key4",
				"time": 102700
			},
			{
				"key": "1Key9",
				"time": 102700
			},
			{
				"key": "1Key4",
				"time": 103200
			},
			{
				"key": "1Key9",
				"time": 103200
			},
			{
				"key": "1Key4",
				"time": 103700
			},
			{
				"key": "1Key9",
				"time": 103700
			},
			{
				"key": "1Key4",
				"time": 105200
			},
			{
				"key": "1Key9",
				"time": 105200
			},
			{
				"key": "1Key4",
				"time": 105700
			},
			{
				"key": "1Key9",
				"time": 105700
			},
			{
				"key": "1Key4",
				"time": 106200
			},
			{
				"key": "1Key9",
				"time": 106200
			},
			{
				"key": "1Key4",
				"time": 106700
			},
			{
				"key": "1Key9",
				"time": 106700
			},
			{
				"key": "1Key4",
				"time": 107700
			},
			{
				"key": "1Key8",
				"time": 107700
			},
			{
				"key": "1Key4",
				"time": 109200
			},
			{
				"key": "1Key9",
				"time": 109200
			},
			{
				"key": "1Key4",
				"time": 109700
			},
			{
				"key": "1Key9",
				"time": 109700
			},
			{
				"key": "1Key4",
				"time": 110200
			},
			{
				"key": "1Key9",
				"time": 110200
			},
			{
				"key": "1Key4",
				"time": 110700
			},
			{
				"key": "1Key9",
				"time": 110700
			},
			{
				"key": "1Key4",
				"time": 111700
			},
			{
				"key": "1Key8",
				"time": 111700
			},
			{
				"key": "1Key4",
				"time": 112200
			},
			{
				"key": "1Key7",
				"time": 112200
			},
			{
				"key": "1Key10",
				"time": 113200
			},
			{
				"key": "1Key9",
				"time": 113700
			},
			{
				"key": "1Key8",
				"time": 114200
			},
			{
				"key": "1Key4",
				"time": 114700
			},
			{
				"key": "1Key7",
				"time": 114700
			},
			{
				"key": "1Key4",
				"time": 115200
			},
			{
				"key": "1Key7",
				"time": 115200
			},
			{
				"key": "1Key0",
				"time": 116700
			},
			{
				"key": "1Key4",
				"time": 117200
			},
			{
				"key": "1Key0",
				"time": 117700
			},
			{
				"key": "1Key4",
				"time": 118200
			},
			{
				"key": "1Key0",
				"time": 118700
			},
			{
				"key": "1Key4",
				"time": 119200
			},
			{
				"key": "1Key0",
				"time": 119700
			},
			{
				"key": "1Key4",
				"time": 120200
			},
			{
				"key": "1Key0",
				"time": 120700
			},
			{
				"key": "1Key4",
				"time": 121200
			},
			{
				"key": "1Key0",
				"time": 121700
			},
			{
				"key": "1Key4",
				"time": 122200
			},
			{
				"key": "1Key0",
				"time": 122700
			},
			{
				"key": "1Key4",
				"time": 123200
			},
			{
				"key": "1Key0",
				"time": 123700
			},
			{
				"key": "1Key4",
				"time": 124200
			},
			{
				"key": "1Key0",
				"time": 124700
			},
			{
				"key": "1Key4",
				"time": 125700
			},
			{
				"key": "1Key10",
				"time": 126200
			},
			{
				"key": "1Key9",
				"time": 126700
			},
			{
				"key": "1Key9",
				"time": 127200
			},
			{
				"key": "1Key8",
				"time": 127700
			},
			{
				"key": "1Key4",
				"time": 128200
			},
			{
				"key": "1Key9",
				"time": 128200
			},
			{
				"key": "1Key7",
				"time": 129700
			},
			{
				"key": "1Key10",
				"time": 130200
			},
			{
				"key": "1Key9",
				"time": 130700
			},
			{
				"key": "1Key9",
				"time": 131200
			},
			{
				"key": "1Key4",
				"time": 131700
			},
			{
				"key": "1Key9",
				"time": 131700
			},
			{
				"key": "1Key4",
				"time": 132700
			},
			{
				"key": "1Key8",
				"time": 132700
			},
			{
				"key": "1Key10",
				"time": 134200
			},
			{
				"key": "1Key9",
				"time": 134700
			},
			{
				"key": "1Key9",
				"time": 135200
			},
			{
				"key": "1Key4",
				"time": 135700
			},
			{
				"key": "1Key9",
				"time": 135700
			},
			{
				"key": "1Key4",
				"time": 136700
			},
			{
				"key": "1Key8",
				"time": 136700
			},
			{
				"key": "1Key4",
				"time": 137200
			},
			{
				"key": "1Key7",
				"time": 137200
			},
			{
				"key": "1Key10",
				"time": 138200
			},
			{
				"key": "1Key9",
				"time": 138700
			},
			{
				"key": "1Key8",
				"time": 139200
			},
			{
				"key": "1Key4",
				"time": 139700
			},
			{
				"key": "1Key7",
				"time": 139700
			},
			{
				"key": "1Key4",
				"time": 140200
			},
			{
				"key": "1Key7",
				"time": 140200
			},
			{
				"key": "1Key4",
				"time": 141200
			},
			{
				"key": "1Key7",
				"time": 141200
			},
			{
				"key": "1Key4",
				"time": 142200
			},
			{
				"key": "1Key7",
				"time": 142200
			},
			{
				"key": "1Key4",
				"time": 143200
			},
			{
				"key": "1Key7",
				"time": 143200
			},
			{
				"key": "1Key4",
				"time": 144200
			},
			{
				"key": "1Key7",
				"time": 144200
			},
			{
				"key": "1Key0",
				"time": 145200
			},
			{
				"key": "1Key4",
				"time": 145200
			},
			{
				"key": "1Key0",
				"time": 145700
			},
			{
				"key": "1Key4",
				"time": 145700
			},
			{
				"key": "1Key0",
				"time": 146200
			},
			{
				"key": "1Key4",
				"time": 146200
			},
			{
				"key": "1Key0",
				"time": 146700
			},
			{
				"key": "1Key4",
				"time": 146700
			},
			{
				"key": "1Key0",
				"time": 147200
			},
			{
				"key": "1Key4",
				"time": 147200
			},
			{
				"key": "1Key0",
				"time": 147700
			},
			{
				"key": "1Key4",
				"time": 147700
			},
			{
				"key": "1Key0",
				"time": 148200
			},
			{
				"key": "1Key4",
				"time": 148200
			},
			{
				"key": "1Key4",
				"time": 148700
			},
			{
				"key": "1Key9",
				"time": 148700
			},
			{
				"key": "1Key6",
				"time": 149700
			},
			{
				"key": "1Key4",
				"time": 150700
			},
			{
				"key": "1Key7",
				"time": 150700
			},
			{
				"key": "1Key4",
				"time": 151700
			},
			{
				"key": "1Key7",
				"time": 151700
			},
			{
				"key": "1Key4",
				"time": 152700
			},
			{
				"key": "1Key9",
				"time": 152700
			},
			{
				"key": "1Key6",
				"time": 153700
			},
			{
				"key": "1Key6",
				"time": 154700
			},
			{
				"key": "1Key4",
				"time": 155200
			},
			{
				"key": "1Key4",
				"time": 156200
			},
			{
				"key": "1Key8",
				"time": 156700
			},
			{
				"key": "1Key9",
				"time": 157200
			},
			{
				"key": "1Key6",
				"time": 157700
			},
			{
				"key": "1Key6",
				"time": 158700
			},
			{
				"key": "1Key4",
				"time": 159200
			},
			{
				"key": "1Key7",
				"time": 159200
			},
			{
				"key": "1Key4",
				"time": 160700
			},
			{
				"key": "1Key7",
				"time": 160700
			},
			{
				"key": "1Key4",
				"time": 161200
			},
			{
				"key": "1Key7",
				"time": 161200
			},
			{
				"key": "1Key4",
				"time": 161700
			},
			{
				"key": "1Key7",
				"time": 161700
			},
			{
				"key": "1Key4",
				"time": 162200
			},
			{
				"key": "1Key7",
				"time": 162200
			},
			{
				"key": "1Key4",
				"time": 162700
			},
			{
				"key": "1Key7",
				"time": 162700
			},
			{
				"key": "1Key4",
				"time": 163200
			},
			{
				"key": "1Key7",
				"time": 163200
			},
			{
				"key": "1Key4",
				"time": 163700
			},
			{
				"key": "1Key7",
				"time": 163700
			},
			{
				"key": "1Key4",
				"time": 164200
			},
			{
				"key": "1Key7",
				"time": 164200
			},
			{
				"key": "1Key4",
				"time": 164700
			},
			{
				"key": "1Key7",
				"time": 164700
			},
			{
				"key": "1Key4",
				"time": 165200
			},
			{
				"key": "1Key7",
				"time": 165200
			},
			{
				"key": "1Key4",
				"time": 165700
			},
			{
				"key": "1Key7",
				"time": 165700
			},
			{
				"key": "1Key4",
				"time": 166200
			},
			{
				"key": "1Key7",
				"time": 166200
			},
			{
				"key": "1Key4",
				"time": 166700
			},
			{
				"key": "1Key7",
				"time": 166700
			},
			{
				"key": "1Key4",
				"time": 167200
			},
			{
				"key": "1Key8",
				"time": 167700
			},
			{
				"key": "1Key9",
				"time": 168200
			},
			{
				"key": "1Key6",
				"time": 168700
			},
			{
				"key": "1Key6",
				"time": 169700
			},
			{
				"key": "1Key4",
				"time": 170200
			},
			{
				"key": "1Key7",
				"time": 170200
			},
			{
				"key": "1Key4",
				"time": 171200
			},
			{
				"key": "1Key7",
				"time": 171200
			},
			{
				"key": "1Key4",
				"time": 172200
			},
			{
				"key": "1Key8",
				"time": 172700
			},
			{
				"key": "1Key9",
				"time": 173200
			},
			{
				"key": "1Key6",
				"time": 173700
			},
			{
				"key": "1Key6",
				"time": 174700
			},
			{
				"key": "1Key4",
				"time": 175200
			},
			{
				"key": "1Key5",
				"time": 175200
			},
			{
				"key": "1Key4",
				"time": 176200
			},
			{
				"key": "1Key8",
				"time": 176700
			},
			{
				"key": "1Key9",
				"time": 177200
			},
			{
				"key": "1Key6",
				"time": 177700
			},
			{
				"key": "1Key6",
				"time": 178700
			},
			{
				"key": "1Key4",
				"time": 179200
			},
			{
				"key": "1Key7",
				"time": 179200
			},
			{
				"key": "1Key4",
				"time": 180700
			},
			{
				"key": "1Key9",
				"time": 180700
			},
			{
				"key": "1Key4",
				"time": 181200
			},
			{
				"key": "1Key9",
				"time": 181200
			},
			{
				"key": "1Key4",
				"time": 181700
			},
			{
				"key": "1Key9",
				"time": 181700
			},
			{
				"key": "1Key4",
				"time": 182200
			},
			{
				"key": "1Key9",
				"time": 182200
			},
			{
				"key": "1Key4",
				"time": 183700
			},
			{
				"key": "1Key9",
				"time": 183700
			},
			{
				"key": "1Key4",
				"time": 184200
			},
			{
				"key": "1Key9",
				"time": 184200
			},
			{
				"key": "1Key4",
				"time": 184700
			},
			{
				"key": "1Key9",
				"time": 184700
			},
			{
				"key": "1Key4",
				"time": 185200
			},
			{
				"key": "1Key9",
				"time": 185200
			},
			{
				"key": "1Key4",
				"time": 186200
			},
			{
				"key": "1Key8",
				"time": 186200
			},
			{
				"key": "1Key4",
				"time": 187700
			},
			{
				"key": "1Key9",
				"time": 187700
			},
			{
				"key": "1Key4",
				"time": 188200
			},
			{
				"key": "1Key9",
				"time": 188200
			},
			{
				"key": "1Key4",
				"time": 188700
			},
			{
				"key": "1Key9",
				"time": 188700
			},
			{
				"key": "1Key4",
				"time": 189200
			},
			{
				"key": "1Key9",
				"time": 189200
			},
			{
				"key": "1Key4",
				"time": 190200
			},
			{
				"key": "1Key8",
				"time": 190200
			},
			{
				"key": "1Key4",
				"time": 190700
			},
			{
				"key": "1Key7",
				"time": 190700
			},
			{
				"key": "1Key10",
				"time": 191700
			},
			{
				"key": "1Key9",
				"time": 192200
			},
			{
				"key": "1Key8",
				"time": 192700
			},
			{
				"key": "1Key4",
				"time": 193200
			},
			{
				"key": "1Key7",
				"time": 193200
			},
			{
				"key": "1Key4",
				"time": 193700
			},
			{
				"key": "1Key7",
				"time": 193700
			},
			{
				"key": "1Key0",
				"time": 195200
			},
			{
				"key": "1Key4",
				"time": 195700
			},
			{
				"key": "1Key0",
				"time": 196200
			},
			{
				"key": "1Key4",
				"time": 196700
			},
			{
				"key": "1Key0",
				"time": 197200
			},
			{
				"key": "1Key4",
				"time": 197700
			},
			{
				"key": "1Key0",
				"time": 198200
			},
			{
				"key": "1Key4",
				"time": 198700
			},
			{
				"key": "1Key0",
				"time": 199200
			},
			{
				"key": "1Key4",
				"time": 199700
			},
			{
				"key": "1Key0",
				"time": 200200
			},
			{
				"key": "1Key4",
				"time": 200700
			},
			{
				"key": "1Key0",
				"time": 201200
			},
			{
				"key": "1Key4",
				"time": 201700
			},
			{
				"key": "1Key0",
				"time": 202200
			},
			{
				"key": "1Key4",
				"time": 202700
			},
			{
				"key": "1Key7",
				"time": 203200
			},
			{
				"key": "1Key4",
				"time": 204200
			},
			{
				"key": "1Key10",
				"time": 204700
			},
			{
				"key": "1Key9",
				"time": 205200
			},
			{
				"key": "1Key9",
				"time": 205700
			},
			{
				"key": "1Key8",
				"time": 206200
			},
			{
				"key": "1Key4",
				"time": 206700
			},
			{
				"key": "1Key9",
				"time": 206700
			},
			{
				"key": "1Key7",
				"time": 207700
			},
			{
				"key": "1Key10",
				"time": 208200
			},
			{
				"key": "1Key9",
				"time": 208700
			},
			{
				"key": "1Key9",
				"time": 209200
			},
			{
				"key": "1Key4",
				"time": 209700
			},
			{
				"key": "1Key9",
				"time": 209700
			},
			{
				"key": "1Key4",
				"time": 210700
			},
			{
				"key": "1Key8",
				"time": 210700
			},
			{
				"key": "1Key10",
				"time": 211700
			},
			{
				"key": "1Key9",
				"time": 212200
			},
			{
				"key": "1Key9",
				"time": 212700
			},
			{
				"key": "1Key4",
				"time": 213200
			},
			{
				"key": "1Key9",
				"time": 213200
			},
			{
				"key": "1Key4",
				"time": 214200
			},
			{
				"key": "1Key8",
				"time": 214200
			},
			{
				"key": "1Key4",
				"time": 214700
			},
			{
				"key": "1Key7",
				"time": 214700
			},
			{
				"key": "1Key10",
				"time": 215700
			},
			{
				"key": "1Key9",
				"time": 216200
			},
			{
				"key": "1Key8",
				"time": 216700
			},
			{
				"key": "1Key4",
				"time": 217200
			},
			{
				"key": "1Key7",
				"time": 217200
			},
			{
				"key": "1Key4",
				"time": 217700
			},
			{
				"key": "1Key7",
				"time": 217700
			},
			{
				"key": "1Key4",
				"time": 219700
			},
			{
				"key": "1Key7",
				"time": 219700
			},
			{
				"key": "1Key4",
				"time": 220700
			},
			{
				"key": "1Key8",
				"time": 220700
			},
			{
				"key": "1Key4",
				"time": 221700
			},
			{
				"key": "1Key9",
				"time": 221700
			},
			{
				"key": "1Key5",
				"time": 222700
			},
			{
				"key": "1Key10",
				"time": 222700
			},
			{
				"key": "1Key4",
				"time": 223200
			},
			{
				"key": "1Key9",
				"time": 223200
			},
			{
				"key": "1Key4",
				"time": 223700
			},
			{
				"key": "1Key9",
				"time": 223700
			},
			{
				"key": "1Key4",
				"time": 224200
			},
			{
				"key": "1Key9",
				"time": 224200
			},
			{
				"key": "1Key5",
				"time": 225700
			},
			{
				"key": "1Key10",
				"time": 225700
			},
			{
				"key": "1Key4",
				"time": 226200
			},
			{
				"key": "1Key9",
				"time": 226200
			},
			{
				"key": "1Key4",
				"time": 226700
			},
			{
				"key": "1Key9",
				"time": 226700
			},
			{
				"key": "1Key4",
				"time": 227200
			},
			{
				"key": "1Key9",
				"time": 227200
			},
			{
				"key": "1Key4",
				"time": 227700
			},
			{
				"key": "1Key8",
				"time": 227700
			},
			{
				"key": "1Key4",
				"time": 228200
			},
			{
				"key": "1Key8",
				"time": 228200
			},
			{
				"key": "1Key4",
				"time": 229700
			},
			{
				"key": "1Key5",
				"time": 230200
			},
			{
				"key": "1Key10",
				"time": 230200
			},
			{
				"key": "1Key4",
				"time": 230700
			},
			{
				"key": "1Key9",
				"time": 230700
			},
			{
				"key": "1Key4",
				"time": 231200
			},
			{
				"key": "1Key9",
				"time": 231200
			},
			{
				"key": "1Key4",
				"time": 231700
			},
			{
				"key": "1Key9",
				"time": 231700
			},
			{
				"key": "1Key4",
				"time": 232700
			},
			{
				"key": "1Key8",
				"time": 232700
			},
			{
				"key": "1Key4",
				"time": 233200
			},
			{
				"key": "1Key7",
				"time": 233200
			},
			{
				"key": "1Key10",
				"time": 234200
			},
			{
				"key": "1Key9",
				"time": 234700
			},
			{
				"key": "1Key8",
				"time": 235200
			},
			{
				"key": "1Key4",
				"time": 235700
			},
			{
				"key": "1Key7",
				"time": 235700
			},
			{
				"key": "1Key4",
				"time": 236200
			},
			{
				"key": "1Key7",
				"time": 236200
			},
			{
				"key": "1Key4",
				"time": 237200
			},
			{
				"key": "1Key7",
				"time": 237200
			},
			{
				"key": "1Key4",
				"time": 238200
			},
			{
				"key": "1Key7",
				"time": 238200
			},
			{
				"key": "1Key4",
				"time": 239200
			},
			{
				"key": "1Key7",
				"time": 239200
			},
			{
				"key": "1Key5",
				"time": 240200
			},
			{
				"key": "1Key10",
				"time": 240200
			},
			{
				"key": "1Key4",
				"time": 240700
			},
			{
				"key": "1Key9",
				"time": 240700
			},
			{
				"key": "1Key4",
				"time": 241200
			},
			{
				"key": "1Key9",
				"time": 241200
			},
			{
				"key": "1Key4",
				"time": 241700
			},
			{
				"key": "1Key9",
				"time": 241700
			},
			{
				"key": "1Key4",
				"time": 243200
			},
			{
				"key": "1Key5",
				"time": 243700
			},
			{
				"key": "1Key10",
				"time": 243700
			},
			{
				"key": "1Key4",
				"time": 244200
			},
			{
				"key": "1Key9",
				"time": 244200
			},
			{
				"key": "1Key4",
				"time": 244700
			},
			{
				"key": "1Key9",
				"time": 244700
			},
			{
				"key": "1Key4",
				"time": 245200
			},
			{
				"key": "1Key9",
				"time": 245200
			},
			{
				"key": "1Key4",
				"time": 245700
			},
			{
				"key": "1Key8",
				"time": 245700
			},
			{
				"key": "1Key4",
				"time": 246200
			},
			{
				"key": "1Key8",
				"time": 246200
			},
			{
				"key": "1Key4",
				"time": 247700
			},
			{
				"key": "1Key5",
				"time": 248200
			},
			{
				"key": "1Key10",
				"time": 248200
			},
			{
				"key": "1Key4",
				"time": 248700
			},
			{
				"key": "1Key9",
				"time": 248700
			},
			{
				"key": "1Key4",
				"time": 249200
			},
			{
				"key": "1Key9",
				"time": 249200
			},
			{
				"key": "1Key4",
				"time": 249700
			},
			{
				"key": "1Key9",
				"time": 249700
			},
			{
				"key": "1Key9",
				"time": 250200
			},
			{
				"key": "1Key4",
				"time": 250700
			},
			{
				"key": "1Key8",
				"time": 250700
			},
			{
				"key": "1Key4",
				"time": 251200
			},
			{
				"key": "1Key7",
				"time": 251200
			},
			{
				"key": "1Key10",
				"time": 251700
			},
			{
				"key": "1Key9",
				"time": 252200
			},
			{
				"key": "1Key8",
				"time": 252700
			},
			{
				"key": "1Key4",
				"time": 253200
			},
			{
				"key": "1Key7",
				"time": 253200
			},
			{
				"key": "1Key4",
				"time": 253700
			},
			{
				"key": "1Key7",
				"time": 253700
			},
			{
				"key": "1Key4",
				"time": 255200
			},
			{
				"key": "1Key7",
				"time": 255200
			},
			{
				"key": "1Key4",
				"time": 256200
			},
			{
				"key": "1Key8",
				"time": 256200
			},
			{
				"key": "1Key4",
				"time": 257200
			},
			{
				"key": "1Key9",
				"time": 257200
			},
			{
				"key": "1Key4",
				"time": 258200
			},
			{
				"key": "1Key9",
				"time": 258200
			},
			{
				"key": "1Key4",
				"time": 258700
			},
			{
				"key": "1Key9",
				"time": 258700
			},
			{
				"key": "1Key4",
				"time": 259200
			},
			{
				"key": "1Key9",
				"time": 259200
			},
			{
				"key": "1Key4",
				"time": 259700
			},
			{
				"key": "1Key9",
				"time": 259700
			},
			{
				"key": "1Key4",
				"time": 261200
			},
			{
				"key": "1Key9",
				"time": 261200
			},
			{
				"key": "1Key4",
				"time": 261700
			},
			{
				"key": "1Key9",
				"time": 261700
			},
			{
				"key": "1Key4",
				"time": 262200
			},
			{
				"key": "1Key9",
				"time": 262200
			},
			{
				"key": "1Key4",
				"time": 262700
			},
			{
				"key": "1Key9",
				"time": 262700
			},
			{
				"key": "1Key4",
				"time": 263700
			},
			{
				"key": "1Key8",
				"time": 263700
			},
			{
				"key": "1Key4",
				"time": 265200
			},
			{
				"key": "1Key9",
				"time": 265200
			},
			{
				"key": "1Key4",
				"time": 265700
			},
			{
				"key": "1Key9",
				"time": 265700
			},
			{
				"key": "1Key4",
				"time": 266200
			},
			{
				"key": "1Key9",
				"time": 266200
			},
			{
				"key": "1Key4",
				"time": 266700
			},
			{
				"key": "1Key9",
				"time": 266700
			},
			{
				"key": "1Key4",
				"time": 267700
			},
			{
				"key": "1Key8",
				"time": 267700
			},
			{
				"key": "1Key4",
				"time": 268200
			},
			{
				"key": "1Key7",
				"time": 268200
			},
			{
				"key": "1Key10",
				"time": 269200
			},
			{
				"key": "1Key9",
				"time": 269700
			},
			{
				"key": "1Key8",
				"time": 270200
			},
			{
				"key": "1Key4",
				"time": 270700
			},
			{
				"key": "1Key7",
				"time": 270700
			},
			{
				"key": "1Key4",
				"time": 271200
			},
			{
				"key": "1Key7",
				"time": 271200
			},
			{
				"key": "1Key0",
				"time": 272200
			},
			{
				"key": "1Key4",
				"time": 272700
			},
			{
				"key": "1Key0",
				"time": 273200
			},
			{
				"key": "1Key4",
				"time": 273700
			},
			{
				"key": "1Key0",
				"time": 274200
			},
			{
				"key": "1Key4",
				"time": 274700
			},
			{
				"key": "1Key0",
				"time": 275200
			},
			{
				"key": "1Key4",
				"time": 275700
			},
			{
				"key": "1Key0",
				"time": 276200
			},
			{
				"key": "1Key4",
				"time": 276700
			},
			{
				"key": "1Key0",
				"time": 277200
			},
			{
				"key": "1Key4",
				"time": 277700
			},
			{
				"key": "1Key0",
				"time": 278200
			},
			{
				"key": "1Key4",
				"time": 278700
			},
			{
				"key": "1Key0",
				"time": 279200
			},
			{
				"key": "1Key4",
				"time": 279700
			}
		]
	}
]