[{"name":"TheFatRat - We'll Meet Again","bpm":100,"bitsPerPage":16,"pitchLevel":2,"isComposed":true,"songNotes":[{"time":400,"key":"1Key0"},{"time":400,"key":"1Key9"},{"time":700,"key":"1Key4"},{"time":700,"key":"1Key14"},{"time":850,"key":"1Key9"},{"time":1150,"key":"1Key8"},{"time":1150,"key":"1Key9"},{"time":1300,"key":"1Key8"},{"time":1450,"key":"1Key4"},{"time":1750,"key":"1Key8"},{"time":1750,"key":"1Key11"},{"time":1900,"key":"1Key13"},{"time":2200,"key":"1Key8"},{"time":2350,"key":"1Key9"},{"time":2500,"key":"1Key1"},{"time":2500,"key":"1Key10"},{"time":2800,"key":"1Key5"},{"time":2800,"key":"1Key8"},{"time":2950,"key":"1Key10"},{"time":3100,"key":"1Key8"},{"time":3400,"key":"1Key9"},{"time":3400,"key":"1Key10"},{"time":3550,"key":"1Key9"},{"time":3700,"key":"1Key5"},{"time":4000,"key":"1Key9"},{"time":4000,"key":"1Key14"},{"time":4150,"key":"1Key12"},{"time":4450,"key":"1Key14"},{"time":4750,"key":"1Key3"},{"time":4750,"key":"1Key12"},{"time":5050,"key":"1Key7"},{"time":5050,"key":"1Key12"},{"time":5200,"key":"1Key12"},{"time":5350,"key":"1Key11"},{"time":5650,"key":"1Key10"},{"time":5650,"key":"1Key11"},{"time":5800,"key":"1Key11"},{"time":5950,"key":"1Key0"},{"time":6250,"key":"1Key4"},{"time":6250,"key":"1Key9"},{"time":6400,"key":"1Key9"},{"time":6550,"key":"1Key8"},{"time":6850,"key":"1Key14"},{"time":7150,"key":"1Key6"},{"time":7150,"key":"1Key8"},{"time":7450,"key":"1Key4"},{"time":7750,"key":"1Key7"},{"time":8050,"key":"1Key4"},{"time":8350,"key":"1Key8"},{"time":8650,"key":"1Key4"},{"time":8950,"key":"1Key9"},{"time":9250,"key":"1Key4"},{"time":9550,"key":"1Key0"},{"time":9850,"key":"1Key4"},{"time":10000,"key":"1Key9"},{"time":10150,"key":"1Key14"},{"time":10300,"key":"1Key14"},{"time":10450,"key":"1Key8"},{"time":10450,"key":"1Key14"},{"time":10600,"key":"1Key14"},{"time":10750,"key":"1Key4"},{"time":10750,"key":"1Key13"},{"time":11050,"key":"1Key8"},{"time":11050,"key":"1Key11"},{"time":11200,"key":"1Key13"},{"time":11350,"key":"1Key13"},{"time":11650,"key":"1Key14"},{"time":11800,"key":"1Key12"},{"time":11950,"key":"1Key1"},{"time":12250,"key":"1Key5"},{"time":12400,"key":"1Key10"},{"time":12700,"key":"1Key9"},{"time":13000,"key":"1Key5"},{"time":13300,"key":"1Key9"},{"time":13450,"key":"1Key14"},{"time":13750,"key":"1Key14"},{"time":13900,"key":"1Key14"},{"time":14050,"key":"1Key3"},{"time":14350,"key":"1Key7"},{"time":14350,"key":"1Key11"},{"time":14500,"key":"1Key11"},{"time":14500,"key":"1Key12"},{"time":14800,"key":"1Key11"},{"time":14800,"key":"1Key14"},{"time":14950,"key":"1Key14"},{"time":15100,"key":"1Key0"},{"time":15400,"key":"1Key4"},{"time":15400,"key":"1Key11"},{"time":15550,"key":"1Key9"},{"time":15550,"key":"1Key14"},{"time":15850,"key":"1Key8"},{"time":16150,"key":"1Key6"},{"time":16150,"key":"1Key13"},{"time":16450,"key":"1Key4"},{"time":16750,"key":"1Key7"},{"time":17050,"key":"1Key4"},{"time":17350,"key":"1Key8"},{"time":17650,"key":"1Key4"},{"time":17950,"key":"1Key9"},{"time":18250,"key":"1Key4"},{"time":18550,"key":"1Key0"},{"time":18850,"key":"1Key4"},{"time":19000,"key":"1Key9"},{"time":19150,"key":"1Key14"},{"time":19300,"key":"1Key14"},{"time":19450,"key":"1Key8"},{"time":19450,"key":"1Key14"},{"time":19600,"key":"1Key14"},{"time":19750,"key":"1Key4"},{"time":19750,"key":"1Key13"},{"time":20050,"key":"1Key8"},{"time":20050,"key":"1Key11"},{"time":20200,"key":"1Key13"},{"time":20350,"key":"1Key13"},{"time":20650,"key":"1Key14"},{"time":20800,"key":"1Key12"},{"time":20950,"key":"1Key1"},{"time":21250,"key":"1Key5"},{"time":21400,"key":"1Key10"},{"time":21700,"key":"1Key9"},{"time":22000,"key":"1Key5"},{"time":22300,"key":"1Key9"},{"time":22450,"key":"1Key14"},{"time":22750,"key":"1Key14"},{"time":22900,"key":"1Key14"},{"time":23050,"key":"1Key3"},{"time":23350,"key":"1Key7"},{"time":23350,"key":"1Key11"},{"time":23500,"key":"1Key11"},{"time":23500,"key":"1Key12"},{"time":23800,"key":"1Key11"},{"time":23800,"key":"1Key14"},{"time":23950,"key":"1Key14"},{"time":24100,"key":"1Key0"},{"time":24400,"key":"1Key4"},{"time":24400,"key":"1Key11"},{"time":24550,"key":"1Key9"},{"time":24550,"key":"1Key14"},{"time":24850,"key":"1Key8"},{"time":25150,"key":"1Key8"},{"time":25300,"key":"1Key6"},{"time":25600,"key":"1Key4"},{"time":25900,"key":"1Key7"},{"time":26200,"key":"1Key4"},{"time":26500,"key":"1Key8"},{"time":26800,"key":"1Key4"},{"time":27100,"key":"1Key9"},{"time":27400,"key":"1Key4"},{"time":27400,"key":"1Key14"},{"time":27700,"key":"1Key7"},{"time":27700,"key":"1Key9"},{"time":27700,"key":"1Key11"},{"time":28000,"key":"1Key14"},{"time":28750,"key":"1Key9"},{"time":28900,"key":"1Key8"},{"time":29050,"key":"1Key4"},{"time":29050,"key":"1Key8"},{"time":29350,"key":"1Key11"},{"time":30100,"key":"1Key8"},{"time":30250,"key":"1Key9"},{"time":30400,"key":"1Key5"},{"time":30400,"key":"1Key8"},{"time":30400,"key":"1Key10"},{"time":30700,"key":"1Key8"},{"time":31000,"key":"1Key8"},{"time":31300,"key":"1Key10"},{"time":31450,"key":"1Key9"},{"time":31600,"key":"1Key5"},{"time":31600,"key":"1Key9"},{"time":31900,"key":"1Key14"},{"time":32650,"key":"1Key14"},{"time":32950,"key":"1Key7"},{"time":32950,"key":"1Key10"},{"time":32950,"key":"1Key12"},{"time":33250,"key":"1Key12"},{"time":33550,"key":"1Key11"},{"time":33850,"key":"1Key10"},{"time":34000,"key":"1Key11"},{"time":34150,"key":"1Key7"},{"time":34150,"key":"1Key11"},{"time":34450,"key":"1Key9"},{"time":34750,"key":"1Key8"},{"time":35050,"key":"1Key14"},{"time":35350,"key":"1Key8"},{"time":35350,"key":"1Key11"},{"time":36550,"key":"1Key13"},{"time":36850,"key":"1Key10"},{"time":37150,"key":"1Key9"},{"time":37450,"key":"1Key8"},{"time":37750,"key":"1Key7"},{"time":37750,"key":"1Key9"},{"time":37750,"key":"1Key11"},{"time":38050,"key":"1Key0"},{"time":38050,"key":"1Key14"},{"time":38350,"key":"1Key0"},{"time":38500,"key":"1Key14"},{"time":38650,"key":"1Key0"},{"time":38650,"key":"1Key9"},{"time":38800,"key":"1Key8"},{"time":38950,"key":"1Key6"},{"time":38950,"key":"1Key8"},{"time":38950,"key":"1Key11"},{"time":39250,"key":"1Key11"},{"time":40000,"key":"1Key8"},{"time":40150,"key":"1Key9"},{"time":40300,"key":"1Key5"},{"time":40300,"key":"1Key8"},{"time":40300,"key":"1Key10"},{"time":40600,"key":"1Key1"},{"time":40600,"key":"1Key8"},{"time":40900,"key":"1Key1"},{"time":40900,"key":"1Key8"},{"time":41200,"key":"1Key1"},{"time":41200,"key":"1Key10"},{"time":41350,"key":"1Key9"},{"time":41500,"key":"1Key5"},{"time":41500,"key":"1Key7"},{"time":41500,"key":"1Key9"},{"time":41800,"key":"1Key14"},{"time":42550,"key":"1Key14"},{"time":42850,"key":"1Key5"},{"time":42850,"key":"1Key7"},{"time":42850,"key":"1Key10"},{"time":42850,"key":"1Key12"},{"time":43150,"key":"1Key3"},{"time":43300,"key":"1Key12"},{"time":43450,"key":"1Key3"},{"time":43450,"key":"1Key11"},{"time":43750,"key":"1Key3"},{"time":43750,"key":"1Key10"},{"time":43900,"key":"1Key11"},{"time":44050,"key":"1Key7"},{"time":44050,"key":"1Key9"},{"time":44050,"key":"1Key11"},{"time":44350,"key":"1Key0"},{"time":44350,"key":"1Key9"},{"time":44650,"key":"1Key0"},{"time":44650,"key":"1Key8"},{"time":44950,"key":"1Key0"},{"time":44950,"key":"1Key14"},{"time":45250,"key":"1Key4"},{"time":45250,"key":"1Key8"},{"time":46375,"key":"1Key9"},{"time":46675,"key":"1Key13"},{"time":46975,"key":"1Key14"},{"time":47275,"key":"1Key0"},{"time":47275,"key":"1Key9"},{"time":47575,"key":"1Key14"},{"time":47725,"key":"1Key4"},{"time":47725,"key":"1Key7"},{"time":47725,"key":"1Key9"},{"time":48025,"key":"1Key8"},{"time":48025,"key":"1Key9"},{"time":48175,"key":"1Key8"},{"time":48325,"key":"1Key4"},{"time":48625,"key":"1Key11"},{"time":48775,"key":"1Key6"},{"time":48775,"key":"1Key8"},{"time":49075,"key":"1Key6"},{"time":49075,"key":"1Key8"},{"time":49225,"key":"1Key9"},{"time":49375,"key":"1Key1"},{"time":49375,"key":"1Key10"},{"time":49675,"key":"1Key10"},{"time":49825,"key":"1Key1"},{"time":49975,"key":"1Key10"},{"time":50125,"key":"1Key9"},{"time":50275,"key":"1Key1"},{"time":50275,"key":"1Key8"},{"time":50425,"key":"1Key9"},{"time":50575,"key":"1Key5"},{"time":50875,"key":"1Key14"},{"time":51025,"key":"1Key9"},{"time":51025,"key":"1Key12"},{"time":51325,"key":"1Key9"},{"time":51325,"key":"1Key12"},{"time":51325,"key":"1Key14"},{"time":51475,"key":"1Key14"},{"time":51625,"key":"1Key3"},{"time":51625,"key":"1Key12"},{"time":51925,"key":"1Key12"},{"time":52075,"key":"1Key7"},{"time":52075,"key":"1Key10"},{"time":52225,"key":"1Key12"},{"time":52375,"key":"1Key11"},{"time":52525,"key":"1Key7"},{"time":52525,"key":"1Key10"},{"time":52675,"key":"1Key11"},{"time":52825,"key":"1Key0"},{"time":53125,"key":"1Key9"},{"time":53275,"key":"1Key4"},{"time":53275,"key":"1Key7"},{"time":53575,"key":"1Key2"},{"time":53575,"key":"1Key9"},{"time":53725,"key":"1Key11"},{"time":53875,"key":"1Key4"},{"time":53875,"key":"1Key8"},{"time":54475,"key":"1Key4"},{"time":54475,"key":"1Key9"},{"time":54775,"key":"1Key1"},{"time":55075,"key":"1Key4"},{"time":55075,"key":"1Key10"},{"time":55675,"key":"1Key4"},{"time":55675,"key":"1Key11"},{"time":55975,"key":"1Key1"},{"time":56275,"key":"1Key0"},{"time":56275,"key":"1Key9"},{"time":56575,"key":"1Key14"},{"time":56725,"key":"1Key4"},{"time":56725,"key":"1Key7"},{"time":56725,"key":"1Key9"},{"time":57025,"key":"1Key8"},{"time":57025,"key":"1Key9"},{"time":57175,"key":"1Key8"},{"time":57325,"key":"1Key4"},{"time":57625,"key":"1Key11"},{"time":57775,"key":"1Key6"},{"time":57775,"key":"1Key8"},{"time":58075,"key":"1Key6"},{"time":58075,"key":"1Key8"},{"time":58225,"key":"1Key9"},{"time":58375,"key":"1Key1"},{"time":58375,"key":"1Key10"},{"time":58675,"key":"1Key10"},{"time":58825,"key":"1Key1"},{"time":58975,"key":"1Key12"},{"time":59275,"key":"1Key1"},{"time":59275,"key":"1Key10"},{"time":59425,"key":"1Key9"},{"time":59575,"key":"1Key5"},{"time":59875,"key":"1Key14"},{"time":60025,"key":"1Key9"},{"time":60025,"key":"1Key12"},{"time":60325,"key":"1Key9"},{"time":60325,"key":"1Key12"},{"time":60325,"key":"1Key14"},{"time":60475,"key":"1Key14"},{"time":60625,"key":"1Key3"},{"time":60625,"key":"1Key12"},{"time":60925,"key":"1Key12"},{"time":61075,"key":"1Key7"},{"time":61075,"key":"1Key10"},{"time":61225,"key":"1Key14"},{"time":61525,"key":"1Key7"},{"time":61525,"key":"1Key10"},{"time":61675,"key":"1Key9"},{"time":61825,"key":"1Key0"},{"time":62125,"key":"1Key14"},{"time":62275,"key":"1Key4"},{"time":62275,"key":"1Key7"},{"time":62575,"key":"1Key2"},{"time":62575,"key":"1Key9"},{"time":62725,"key":"1Key11"},{"time":62875,"key":"1Key4"},{"time":62875,"key":"1Key8"},{"time":63475,"key":"1Key4"},{"time":63475,"key":"1Key9"},{"time":63775,"key":"1Key1"},{"time":64075,"key":"1Key4"},{"time":64075,"key":"1Key10"},{"time":64675,"key":"1Key4"},{"time":64675,"key":"1Key11"},{"time":64975,"key":"1Key1"},{"time":65275,"key":"1Key0"},{"time":65575,"key":"1Key4"},{"time":65725,"key":"1Key7"},{"time":65725,"key":"1Key9"},{"time":65875,"key":"1Key14"},{"time":66025,"key":"1Key14"},{"time":66175,"key":"1Key8"},{"time":66175,"key":"1Key14"},{"time":66325,"key":"1Key14"},{"time":66475,"key":"1Key4"},{"time":66475,"key":"1Key13"},{"time":66775,"key":"1Key8"},{"time":66775,"key":"1Key11"},{"time":66925,"key":"1Key8"},{"time":66925,"key":"1Key13"},{"time":67075,"key":"1Key13"},{"time":67375,"key":"1Key14"},{"time":67525,"key":"1Key12"},{"time":67675,"key":"1Key1"},{"time":67975,"key":"1Key5"},{"time":68125,"key":"1Key8"},{"time":68125,"key":"1Key10"},{"time":68425,"key":"1Key9"},{"time":68725,"key":"1Key5"},{"time":69025,"key":"1Key9"},{"time":69175,"key":"1Key7"},{"time":69175,"key":"1Key12"},{"time":69475,"key":"1Key14"},{"time":69625,"key":"1Key14"},{"time":69775,"key":"1Key3"},{"time":70075,"key":"1Key7"},{"time":70075,"key":"1Key11"},{"time":70225,"key":"1Key10"},{"time":70225,"key":"1Key11"},{"time":70225,"key":"1Key12"},{"time":70525,"key":"1Key11"},{"time":70525,"key":"1Key14"},{"time":70675,"key":"1Key14"},{"time":70825,"key":"1Key0"},{"time":71125,"key":"1Key4"},{"time":71125,"key":"1Key11"},{"time":71275,"key":"1Key7"},{"time":71275,"key":"1Key9"},{"time":71275,"key":"1Key14"},{"time":71575,"key":"1Key8"},{"time":71875,"key":"1Key6"},{"time":71875,"key":"1Key13"},{"time":72175,"key":"1Key4"},{"time":72475,"key":"1Key7"},{"time":72775,"key":"1Key4"},{"time":73075,"key":"1Key8"},{"time":73375,"key":"1Key4"},{"time":73675,"key":"1Key9"},{"time":73975,"key":"1Key4"},{"time":74275,"key":"1Key0"},{"time":74575,"key":"1Key4"},{"time":74725,"key":"1Key7"},{"time":74725,"key":"1Key9"},{"time":74875,"key":"1Key14"},{"time":75025,"key":"1Key14"},{"time":75175,"key":"1Key8"},{"time":75175,"key":"1Key14"},{"time":75325,"key":"1Key14"},{"time":75475,"key":"1Key4"},{"time":75475,"key":"1Key13"},{"time":75775,"key":"1Key8"},{"time":75775,"key":"1Key11"},{"time":75925,"key":"1Key8"},{"time":76075,"key":"1Key13"},{"time":76375,"key":"1Key14"},{"time":76525,"key":"1Key12"},{"time":76675,"key":"1Key1"},{"time":76975,"key":"1Key5"},{"time":77125,"key":"1Key8"},{"time":77125,"key":"1Key10"},{"time":77425,"key":"1Key9"},{"time":77725,"key":"1Key5"},{"time":78025,"key":"1Key9"},{"time":78175,"key":"1Key7"},{"time":78175,"key":"1Key12"},{"time":78475,"key":"1Key14"},{"time":78625,"key":"1Key14"},{"time":78775,"key":"1Key3"},{"time":79075,"key":"1Key7"},{"time":79075,"key":"1Key11"},{"time":79225,"key":"1Key10"},{"time":79225,"key":"1Key11"},{"time":79225,"key":"1Key12"},{"time":79525,"key":"1Key11"},{"time":79525,"key":"1Key14"},{"time":79675,"key":"1Key14"},{"time":79825,"key":"1Key0"},{"time":80125,"key":"1Key4"},{"time":80125,"key":"1Key11"},{"time":80275,"key":"1Key7"},{"time":80275,"key":"1Key9"},{"time":80275,"key":"1Key14"},{"time":80575,"key":"1Key8"},{"time":80875,"key":"1Key6"},{"time":80875,"key":"1Key8"},{"time":81175,"key":"1Key4"},{"time":81475,"key":"1Key7"},{"time":81775,"key":"1Key4"},{"time":82075,"key":"1Key8"},{"time":82375,"key":"1Key4"},{"time":82675,"key":"1Key9"},{"time":82975,"key":"1Key4"},{"time":82975,"key":"1Key14"},{"time":83275,"key":"1Key7"},{"time":83275,"key":"1Key9"},{"time":83275,"key":"1Key11"},{"time":83575,"key":"1Key14"},{"time":84325,"key":"1Key9"},{"time":84475,"key":"1Key8"},{"time":84625,"key":"1Key4"},{"time":84625,"key":"1Key8"},{"time":84925,"key":"1Key11"},{"time":85675,"key":"1Key8"},{"time":85825,"key":"1Key9"},{"time":85975,"key":"1Key5"},{"time":85975,"key":"1Key8"},{"time":85975,"key":"1Key10"},{"time":86275,"key":"1Key8"},{"time":86575,"key":"1Key8"},{"time":86875,"key":"1Key10"},{"time":87025,"key":"1Key9"},{"time":87175,"key":"1Key5"},{"time":87175,"key":"1Key9"},{"time":87475,"key":"1Key14"},{"time":88225,"key":"1Key14"},{"time":88525,"key":"1Key7"},{"time":88525,"key":"1Key10"},{"time":88525,"key":"1Key12"},{"time":88825,"key":"1Key12"},{"time":89125,"key":"1Key11"},{"time":89425,"key":"1Key10"},{"time":89575,"key":"1Key11"},{"time":89725,"key":"1Key7"},{"time":89725,"key":"1Key11"},{"time":90025,"key":"1Key9"},{"time":90325,"key":"1Key8"},{"time":90625,"key":"1Key14"},{"time":90925,"key":"1Key8"},{"time":90925,"key":"1Key11"},{"time":92125,"key":"1Key13"},{"time":92425,"key":"1Key10"},{"time":92725,"key":"1Key9"},{"time":93025,"key":"1Key8"},{"time":93325,"key":"1Key7"},{"time":93325,"key":"1Key9"},{"time":93325,"key":"1Key11"},{"time":93625,"key":"1Key0"},{"time":93625,"key":"1Key14"},{"time":93925,"key":"1Key0"},{"time":94075,"key":"1Key14"},{"time":94225,"key":"1Key0"},{"time":94225,"key":"1Key9"},{"time":94375,"key":"1Key8"},{"time":94525,"key":"1Key6"},{"time":94525,"key":"1Key8"},{"time":94525,"key":"1Key11"},{"time":94825,"key":"1Key11"},{"time":95575,"key":"1Key8"},{"time":95725,"key":"1Key9"},{"time":95875,"key":"1Key5"},{"time":95875,"key":"1Key8"},{"time":95875,"key":"1Key10"},{"time":96175,"key":"1Key1"},{"time":96175,"key":"1Key8"},{"time":96475,"key":"1Key1"},{"time":96475,"key":"1Key8"},{"time":96775,"key":"1Key1"},{"time":96775,"key":"1Key10"},{"time":96925,"key":"1Key9"},{"time":97075,"key":"1Key5"},{"time":97075,"key":"1Key7"},{"time":97075,"key":"1Key9"},{"time":97375,"key":"1Key14"},{"time":98125,"key":"1Key14"},{"time":98425,"key":"1Key5"},{"time":98425,"key":"1Key7"},{"time":98425,"key":"1Key10"},{"time":98425,"key":"1Key12"},{"time":98725,"key":"1Key3"},{"time":98875,"key":"1Key12"},{"time":99025,"key":"1Key3"},{"time":99025,"key":"1Key11"},{"time":99325,"key":"1Key3"},{"time":99325,"key":"1Key10"},{"time":99475,"key":"1Key11"},{"time":99625,"key":"1Key7"},{"time":99625,"key":"1Key9"},{"time":99625,"key":"1Key11"},{"time":99925,"key":"1Key0"},{"time":99925,"key":"1Key9"},{"time":100225,"key":"1Key0"},{"time":100225,"key":"1Key8"},{"time":100525,"key":"1Key0"},{"time":100525,"key":"1Key14"},{"time":100825,"key":"1Key4"},{"time":100825,"key":"1Key8"},{"time":101950,"key":"1Key9"},{"time":102250,"key":"1Key13"},{"time":102550,"key":"1Key14"},{"time":102850,"key":"1Key0"},{"time":102850,"key":"1Key9"},{"time":103150,"key":"1Key14"},{"time":103300,"key":"1Key4"},{"time":103300,"key":"1Key7"},{"time":103300,"key":"1Key9"},{"time":103600,"key":"1Key8"},{"time":103600,"key":"1Key9"},{"time":103750,"key":"1Key8"},{"time":103900,"key":"1Key4"},{"time":104200,"key":"1Key11"},{"time":104350,"key":"1Key6"},{"time":104350,"key":"1Key8"},{"time":104650,"key":"1Key6"},{"time":104650,"key":"1Key8"},{"time":104800,"key":"1Key9"},{"time":104950,"key":"1Key1"},{"time":104950,"key":"1Key10"},{"time":105250,"key":"1Key10"},{"time":105400,"key":"1Key1"},{"time":105550,"key":"1Key10"},{"time":105700,"key":"1Key9"},{"time":105850,"key":"1Key1"},{"time":105850,"key":"1Key8"},{"time":106000,"key":"1Key9"},{"time":106150,"key":"1Key5"},{"time":106450,"key":"1Key14"},{"time":106600,"key":"1Key9"},{"time":106600,"key":"1Key12"},{"time":106900,"key":"1Key9"},{"time":106900,"key":"1Key12"},{"time":106900,"key":"1Key14"},{"time":107050,"key":"1Key14"},{"time":107200,"key":"1Key3"},{"time":107200,"key":"1Key12"},{"time":107500,"key":"1Key12"},{"time":107650,"key":"1Key7"},{"time":107650,"key":"1Key10"},{"time":107800,"key":"1Key12"},{"time":107950,"key":"1Key11"},{"time":108100,"key":"1Key7"},{"time":108100,"key":"1Key10"},{"time":108250,"key":"1Key11"},{"time":108400,"key":"1Key0"},{"time":108700,"key":"1Key9"},{"time":108850,"key":"1Key4"},{"time":108850,"key":"1Key7"},{"time":109150,"key":"1Key2"},{"time":109150,"key":"1Key9"},{"time":109300,"key":"1Key11"},{"time":109450,"key":"1Key4"},{"time":109450,"key":"1Key8"},{"time":110050,"key":"1Key4"},{"time":110050,"key":"1Key9"},{"time":110350,"key":"1Key1"},{"time":110650,"key":"1Key4"},{"time":110650,"key":"1Key10"},{"time":111250,"key":"1Key4"},{"time":111250,"key":"1Key11"},{"time":111550,"key":"1Key1"},{"time":111850,"key":"1Key0"},{"time":111850,"key":"1Key9"},{"time":112150,"key":"1Key14"},{"time":112300,"key":"1Key4"},{"time":112300,"key":"1Key7"},{"time":112300,"key":"1Key9"},{"time":112600,"key":"1Key8"},{"time":112600,"key":"1Key9"},{"time":112750,"key":"1Key8"},{"time":112900,"key":"1Key4"},{"time":113200,"key":"1Key11"},{"time":113350,"key":"1Key6"},{"time":113350,"key":"1Key8"},{"time":113650,"key":"1Key6"},{"time":113650,"key":"1Key8"},{"time":113800,"key":"1Key9"},{"time":113950,"key":"1Key1"},{"time":113950,"key":"1Key10"},{"time":114250,"key":"1Key10"},{"time":114400,"key":"1Key1"},{"time":114550,"key":"1Key12"},{"time":114850,"key":"1Key1"},{"time":114850,"key":"1Key10"},{"time":115000,"key":"1Key9"},{"time":115150,"key":"1Key5"},{"time":115450,"key":"1Key14"},{"time":115600,"key":"1Key9"},{"time":115600,"key":"1Key12"},{"time":115900,"key":"1Key9"},{"time":115900,"key":"1Key12"},{"time":115900,"key":"1Key14"},{"time":116050,"key":"1Key14"},{"time":116200,"key":"1Key3"},{"time":116200,"key":"1Key12"},{"time":116500,"key":"1Key12"},{"time":116650,"key":"1Key7"},{"time":116650,"key":"1Key10"},{"time":116800,"key":"1Key14"},{"time":117100,"key":"1Key7"},{"time":117100,"key":"1Key10"},{"time":117250,"key":"1Key9"},{"time":117400,"key":"1Key0"},{"time":117700,"key":"1Key14"},{"time":117850,"key":"1Key4"},{"time":117850,"key":"1Key7"},{"time":118150,"key":"1Key2"},{"time":118150,"key":"1Key9"},{"time":118300,"key":"1Key11"},{"time":118450,"key":"1Key4"},{"time":118450,"key":"1Key8"},{"time":119050,"key":"1Key4"},{"time":119050,"key":"1Key9"},{"time":119350,"key":"1Key1"},{"time":119650,"key":"1Key4"},{"time":119650,"key":"1Key10"},{"time":120250,"key":"1Key4"},{"time":120250,"key":"1Key11"},{"time":120550,"key":"1Key1"},{"time":120850,"key":"1Key7"},{"time":120850,"key":"1Key14"},{"time":121150,"key":"1Key8"},{"time":121450,"key":"1Key14"},{"time":121750,"key":"1Key4"},{"time":121750,"key":"1Key13"},{"time":122200,"key":"1Key11"},{"time":122650,"key":"1Key1"},{"time":122650,"key":"1Key10"},{"time":123100,"key":"1Key11"},{"time":123400,"key":"1Key10"},{"time":123700,"key":"1Key9"},{"time":124150,"key":"1Key7"},{"time":124600,"key":"1Key3"},{"time":124600,"key":"1Key10"},{"time":125050,"key":"1Key11"},{"time":125350,"key":"1Key10"},{"time":125650,"key":"1Key0"},{"time":125650,"key":"1Key9"},{"time":125950,"key":"1Key10"},{"time":126250,"key":"1Key11"},{"time":126700,"key":"1Key4"},{"time":126700,"key":"1Key8"},{"time":127600,"key":"1Key6"},{"time":128500,"key":"1Key14"},{"time":128950,"key":"1Key8"},{"time":129250,"key":"1Key14"},{"time":129550,"key":"1Key11"},{"time":129550,"key":"1Key13"},{"time":129850,"key":"1Key13"},{"time":130150,"key":"1Key11"},{"time":130600,"key":"1Key10"},{"time":131050,"key":"1Key11"},{"time":131350,"key":"1Key10"},{"time":131650,"key":"1Key9"},{"time":131650,"key":"1Key12"},{"time":131950,"key":"1Key14"},{"time":132250,"key":"1Key14"},{"time":132550,"key":"1Key14"},{"time":132850,"key":"1Key10"},{"time":133150,"key":"1Key12"},{"time":133450,"key":"1Key11"},{"time":133450,"key":"1Key14"},{"time":133750,"key":"1Key10"},{"time":134050,"key":"1Key9"},{"time":134050,"key":"1Key14"},{"time":134350,"key":"1Key10"},{"time":134650,"key":"1Key11"},{"time":135100,"key":"1Key8"},{"time":135100,"key":"1Key11"},{"time":135400,"key":"1Key13"},{"time":136000,"key":"1Key11"},{"time":136300,"key":"1Key13"},{"time":136750,"key":"1Key14"},{"time":137050,"key":"1Key9"},{"time":137050,"key":"1Key11"},{"time":137050,"key":"1Key14"},{"time":137350,"key":"1Key14"},{"time":137650,"key":"1Key14"},{"time":137800,"key":"1Key9"},{"time":137950,"key":"1Key8"},{"time":138100,"key":"1Key8"},{"time":138100,"key":"1Key11"},{"time":138100,"key":"1Key13"},{"time":138400,"key":"1Key11"},{"time":139150,"key":"1Key8"},{"time":139300,"key":"1Key9"},{"time":139450,"key":"1Key8"},{"time":139450,"key":"1Key10"},{"time":139450,"key":"1Key12"},{"time":139750,"key":"1Key8"},{"time":140050,"key":"1Key8"},{"time":140350,"key":"1Key10"},{"time":140500,"key":"1Key9"},{"time":140650,"key":"1Key9"},{"time":140650,"key":"1Key12"},{"time":140650,"key":"1Key14"},{"time":140950,"key":"1Key14"},{"time":141700,"key":"1Key14"},{"time":142000,"key":"1Key7"},{"time":142000,"key":"1Key10"},{"time":142000,"key":"1Key12"},{"time":142300,"key":"1Key12"},{"time":142450,"key":"1Key11"},{"time":142750,"key":"1Key10"},{"time":142900,"key":"1Key11"},{"time":143050,"key":"1Key9"},{"time":143050,"key":"1Key11"},{"time":143050,"key":"1Key14"},{"time":143350,"key":"1Key9"},{"time":143650,"key":"1Key8"},{"time":143950,"key":"1Key14"},{"time":144250,"key":"1Key8"},{"time":144250,"key":"1Key11"},{"time":144250,"key":"1Key14"},{"time":145000,"key":"1Key9"},{"time":145750,"key":"1Key10"},{"time":145750,"key":"1Key11"},{"time":146050,"key":"1Key10"},{"time":146350,"key":"1Key9"},{"time":146350,"key":"1Key11"},{"time":146650,"key":"1Key8"},{"time":146950,"key":"1Key0"},{"time":146950,"key":"1Key9"},{"time":147250,"key":"1Key2"},{"time":147250,"key":"1Key14"},{"time":147550,"key":"1Key4"},{"time":147700,"key":"1Key14"},{"time":147850,"key":"1Key7"},{"time":147850,"key":"1Key9"},{"time":148000,"key":"1Key8"},{"time":148150,"key":"1Key4"},{"time":148450,"key":"1Key6"},{"time":148450,"key":"1Key11"},{"time":148750,"key":"1Key8"},{"time":149050,"key":"1Key8"},{"time":149050,"key":"1Key11"},{"time":149200,"key":"1Key9"},{"time":149350,"key":"1Key1"},{"time":149350,"key":"1Key10"},{"time":149650,"key":"1Key3"},{"time":149650,"key":"1Key8"},{"time":149950,"key":"1Key5"},{"time":149950,"key":"1Key8"},{"time":150250,"key":"1Key8"},{"time":150250,"key":"1Key10"},{"time":150400,"key":"1Key9"},{"time":150550,"key":"1Key5"},{"time":150850,"key":"1Key7"},{"time":150850,"key":"1Key14"},{"time":151150,"key":"1Key9"},{"time":151450,"key":"1Key12"},{"time":151450,"key":"1Key14"},{"time":151750,"key":"1Key3"},{"time":151750,"key":"1Key12"},{"time":152050,"key":"1Key5"},{"time":152200,"key":"1Key12"},{"time":152350,"key":"1Key7"},{"time":152350,"key":"1Key11"},{"time":152650,"key":"1Key10"},{"time":152800,"key":"1Key11"},{"time":152950,"key":"1Key0"},{"time":153250,"key":"1Key2"},{"time":153250,"key":"1Key9"},{"time":153550,"key":"1Key4"},{"time":153550,"key":"1Key8"},{"time":153850,"key":"1Key7"},{"time":153850,"key":"1Key14"},{"time":154150,"key":"1Key8"},{"time":155275,"key":"1Key9"},{"time":155575,"key":"1Key13"},{"time":155875,"key":"1Key14"},{"time":156175,"key":"1Key0"},{"time":156175,"key":"1Key9"},{"time":156475,"key":"1Key14"},{"time":156625,"key":"1Key4"},{"time":156625,"key":"1Key7"},{"time":156625,"key":"1Key9"},{"time":156925,"key":"1Key8"},{"time":156925,"key":"1Key9"},{"time":157075,"key":"1Key8"},{"time":157225,"key":"1Key4"},{"time":157525,"key":"1Key11"},{"time":157675,"key":"1Key6"},{"time":157675,"key":"1Key8"},{"time":157975,"key":"1Key6"},{"time":157975,"key":"1Key8"},{"time":158125,"key":"1Key9"},{"time":158275,"key":"1Key1"},{"time":158275,"key":"1Key10"},{"time":158575,"key":"1Key10"},{"time":158725,"key":"1Key1"},{"time":158875,"key":"1Key10"},{"time":159025,"key":"1Key9"},{"time":159175,"key":"1Key1"},{"time":159175,"key":"1Key8"},{"time":159325,"key":"1Key9"},{"time":159475,"key":"1Key5"},{"time":159775,"key":"1Key14"},{"time":159925,"key":"1Key9"},{"time":159925,"key":"1Key12"},{"time":160225,"key":"1Key9"},{"time":160225,"key":"1Key12"},{"time":160225,"key":"1Key14"},{"time":160375,"key":"1Key14"},{"time":160525,"key":"1Key3"},{"time":160525,"key":"1Key12"},{"time":160825,"key":"1Key12"},{"time":160975,"key":"1Key7"},{"time":160975,"key":"1Key10"},{"time":161125,"key":"1Key12"},{"time":161275,"key":"1Key11"},{"time":161425,"key":"1Key7"},{"time":161425,"key":"1Key10"},{"time":161575,"key":"1Key11"},{"time":161725,"key":"1Key0"},{"time":162025,"key":"1Key9"},{"time":162175,"key":"1Key4"},{"time":162175,"key":"1Key7"},{"time":162475,"key":"1Key2"},{"time":162475,"key":"1Key9"},{"time":162625,"key":"1Key11"},{"time":162775,"key":"1Key4"},{"time":162775,"key":"1Key8"},{"time":163525,"key":"1Key4"},{"time":163525,"key":"1Key9"},{"time":163825,"key":"1Key1"},{"time":164125,"key":"1Key4"},{"time":164125,"key":"1Key10"},{"time":164875,"key":"1Key4"},{"time":164875,"key":"1Key11"},{"time":165175,"key":"1Key1"},{"time":165475,"key":"1Key0"},{"time":165475,"key":"1Key9"},{"time":165775,"key":"1Key14"},{"time":165925,"key":"1Key4"},{"time":165925,"key":"1Key7"},{"time":165925,"key":"1Key9"},{"time":166225,"key":"1Key8"},{"time":166225,"key":"1Key9"},{"time":166375,"key":"1Key8"},{"time":166525,"key":"1Key4"},{"time":166825,"key":"1Key11"},{"time":166975,"key":"1Key6"},{"time":166975,"key":"1Key8"},{"time":167275,"key":"1Key6"},{"time":167275,"key":"1Key8"},{"time":167425,"key":"1Key9"},{"time":167575,"key":"1Key1"},{"time":167575,"key":"1Key10"},{"time":167875,"key":"1Key10"},{"time":168025,"key":"1Key1"},{"time":168175,"key":"1Key12"},{"time":168475,"key":"1Key1"},{"time":168475,"key":"1Key10"},{"time":168625,"key":"1Key9"},{"time":168775,"key":"1Key5"},{"time":169075,"key":"1Key14"},{"time":169225,"key":"1Key9"},{"time":169225,"key":"1Key12"},{"time":169525,"key":"1Key9"},{"time":169525,"key":"1Key12"},{"time":169525,"key":"1Key14"},{"time":169675,"key":"1Key14"},{"time":169825,"key":"1Key3"},{"time":169825,"key":"1Key12"},{"time":170125,"key":"1Key12"},{"time":170275,"key":"1Key7"},{"time":170275,"key":"1Key10"},{"time":170425,"key":"1Key14"},{"time":170725,"key":"1Key7"},{"time":170725,"key":"1Key10"},{"time":170875,"key":"1Key9"},{"time":171025,"key":"1Key0"},{"time":171325,"key":"1Key14"},{"time":171475,"key":"1Key4"},{"time":171475,"key":"1Key7"},{"time":171775,"key":"1Key2"},{"time":171775,"key":"1Key9"},{"time":171925,"key":"1Key11"},{"time":172075,"key":"1Key4"},{"time":172075,"key":"1Key8"},{"time":172675,"key":"1Key4"},{"time":172675,"key":"1Key9"},{"time":172975,"key":"1Key1"},{"time":173275,"key":"1Key4"},{"time":173275,"key":"1Key10"},{"time":173875,"key":"1Key4"},{"time":173875,"key":"1Key11"},{"time":174175,"key":"1Key1"}],"composedSong":[{"no":[{"n":0,"l":1},{"n":9,"l":1}],"co":"limegreen"},{"no":[{"n":4,"l":1},{"n":14,"l":1}],"co":"deepskyblue"},{"no":[{"n":9,"l":1}],"co":"limegreen"},{"no":[{"n":8,"l":1},{"n":9,"l":1}],"co":"deepskyblue"},{"no":[{"n":8,"l":1}],"co":"deepskyblue"},{"no":[{"n":4,"l":1}],"co":"limegreen"},{"no":[{"n":8,"l":1},{"n":11,"l":1}],"co":"deepskyblue"},{"no":[{"n":13,"l":1}],"co":"limegreen"},{"no":[{"n":8,"l":1}],"co":"deepskyblue"},{"no":[{"n":9,"l":1}],"co":"deepskyblue"},{"no":[{"n":1,"l":1},{"n":10,"l":1}],"co":"limegreen"},{"no":[{"n":5,"l":1},{"n":8,"l":1}],"co":"deepskyblue"},{"no":[{"n":10,"l":1}],"co":"deepskyblue"},{"no":[{"n":8,"l":1}],"co":"limegreen"},{"no":[{"n":9,"l":1},{"n":10,"l":1}],"co":"deepskyblue"},{"no":[{"n":9,"l":1}],"co":"deepskyblue"},{"no":[{"n":5,"l":1}],"co":"limegreen"},{"no":[{"n":9,"l":1},{"n":14,"l":1}],"co":"deepskyblue"},{"no":[{"n":12,"l":1}],"co":"limegreen"},{"no":[{"n":14,"l":1}],"co":"limegreen"},{"no":[{"n":3,"l":1},{"n":12,"l":1}],"co":"limegreen"},{"no":[{"n":7,"l":1},{"n":12,"l":1}],"co":"deepskyblue"},{"no":[{"n":12,"l":1}],"co":"deepskyblue"},{"no":[{"n":11,"l":1}],"co":"limegreen"},{"no":[{"n":10,"l":1},{"n":11,"l":1}],"co":"deepskyblue"},{"no":[{"n":11,"l":1}],"co":"deepskyblue"},{"no":[{"n":0,"l":1}],"co":"limegreen"},{"no":[{"n":4,"l":1},{"n":9,"l":1}],"co":"deepskyblue"},{"no":[{"n":9,"l":1}],"co":"deepskyblue"},{"no":[{"n":8,"l":1}],"co":"limegreen"},{"no":[{"n":14,"l":1}],"co":"limegreen"},{"no":[{"n":6,"l":1},{"n":8,"l":1}],"co":"limegreen"},{"no":[{"n":4,"l":1}],"co":"limegreen"},{"no":[{"n":7,"l":1}],"co":"limegreen"},{"no":[{"n":4,"l":1}],"co":"limegreen"},{"no":[{"n":8,"l":1}],"co":"limegreen"},{"no":[{"n":4,"l":1}],"co":"limegreen"},{"no":[{"n":9,"l":1}],"co":"limegreen"},{"no":[{"n":4,"l":1}],"co":"limegreen"},{"no":[{"n":0,"l":1}],"co":"limegreen"},{"no":[{"n":4,"l":1}],"co":"deepskyblue"},{"no":[{"n":9,"l":1}],"co":"deepskyblue"},{"no":[{"n":14,"l":1}],"co":"deepskyblue"},{"no":[{"n":14,"l":1}],"co":"deepskyblue"},{"no":[{"n":8,"l":1},{"n":14,"l":1}],"co":"deepskyblue"},{"no":[{"n":14,"l":1}],"co":"deepskyblue"},{"no":[{"n":4,"l":1},{"n":13,"l":1}],"co":"limegreen"},{"no":[{"n":8,"l":1},{"n":11,"l":1}],"co":"deepskyblue"},{"no":[{"n":13,"l":1}],"co":"deepskyblue"},{"no":[{"n":13,"l":1}],"co":"limegreen"},{"no":[{"n":14,"l":1}],"co":"deepskyblue"},{"no":[{"n":12,"l":1}],"co":"deepskyblue"},{"no":[{"n":1,"l":1}],"co":"limegreen"},{"no":[{"n":5,"l":1}],"co":"deepskyblue"},{"no":[{"n":10,"l":1}],"co":"limegreen"},{"no":[{"n":9,"l":1}],"co":"limegreen"},{"no":[{"n":5,"l":1}],"co":"limegreen"},{"no":[{"n":9,"l":1}],"co":"deepskyblue"},{"no":[{"n":14,"l":1}],"co":"limegreen"},{"no":[{"n":14,"l":1}],"co":"deepskyblue"},{"no":[{"n":14,"l":1}],"co":"deepskyblue"},{"no":[{"n":3,"l":1}],"co":"limegreen"},{"no":[{"n":7,"l":1},{"n":11,"l":1}],"co":"deepskyblue"},{"no":[{"n":11,"l":1},{"n":12,"l":1}],"co":"limegreen"},{"no":[{"n":11,"l":1},{"n":14,"l":1}],"co":"deepskyblue"},{"no":[{"n":14,"l":1}],"co":"deepskyblue"},{"no":[{"n":0,"l":1}],"co":"limegreen"},{"no":[{"n":4,"l":1},{"n":11,"l":1}],"co":"deepskyblue"},{"no":[{"n":9,"l":1},{"n":14,"l":1}],"co":"limegreen"},{"no":[{"n":8,"l":1}],"co":"limegreen"},{"no":[{"n":6,"l":1},{"n":13,"l":1}],"co":"limegreen"},{"no":[{"n":4,"l":1}],"co":"limegreen"},{"no":[{"n":7,"l":1}],"co":"limegreen"},{"no":[{"n":4,"l":1}],"co":"limegreen"},{"no":[{"n":8,"l":1}],"co":"limegreen"},{"no":[{"n":4,"l":1}],"co":"limegreen"},{"no":[{"n":9,"l":1}],"co":"limegreen"},{"no":[{"n":4,"l":1}],"co":"limegreen"},{"no":[{"n":0,"l":1}],"co":"limegreen"},{"no":[{"n":4,"l":1}],"co":"deepskyblue"},{"no":[{"n":9,"l":1}],"co":"deepskyblue"},{"no":[{"n":14,"l":1}],"co":"deepskyblue"},{"no":[{"n":14,"l":1}],"co":"deepskyblue"},{"no":[{"n":8,"l":1},{"n":14,"l":1}],"co":"deepskyblue"},{"no":[{"n":14,"l":1}],"co":"deepskyblue"},{"no":[{"n":4,"l":1},{"n":13,"l":1}],"co":"limegreen"},{"no":[{"n":8,"l":1},{"n":11,"l":1}],"co":"deepskyblue"},{"no":[{"n":13,"l":1}],"co":"deepskyblue"},{"no":[{"n":13,"l":1}],"co":"limegreen"},{"no":[{"n":14,"l":1}],"co":"deepskyblue"},{"no":[{"n":12,"l":1}],"co":"deepskyblue"},{"no":[{"n":1,"l":1}],"co":"limegreen"},{"no":[{"n":5,"l":1}],"co":"deepskyblue"},{"no":[{"n":10,"l":1}],"co":"limegreen"},{"no":[{"n":9,"l":1}],"co":"limegreen"},{"no":[{"n":5,"l":1}],"co":"limegreen"},{"no":[{"n":9,"l":1}],"co":"deepskyblue"},{"no":[{"n":14,"l":1}],"co":"limegreen"},{"no":[{"n":14,"l":1}],"co":"deepskyblue"},{"no":[{"n":14,"l":1}],"co":"deepskyblue"},{"no":[{"n":3,"l":1}],"co":"limegreen"},{"no":[{"n":7,"l":1},{"n":11,"l":1}],"co":"deepskyblue"},{"no":[{"n":11,"l":1},{"n":12,"l":1}],"co":"limegreen"},{"no":[{"n":11,"l":1},{"n":14,"l":1}],"co":"deepskyblue"},{"no":[{"n":14,"l":1}],"co":"deepskyblue"},{"no":[{"n":0,"l":1}],"co":"limegreen"},{"no":[{"n":4,"l":1},{"n":11,"l":1}],"co":"deepskyblue"},{"no":[{"n":9,"l":1},{"n":14,"l":1}],"co":"limegreen"},{"no":[{"n":8,"l":1}],"co":"limegreen"},{"no":[{"n":8,"l":1}],"co":"deepskyblue"},{"no":[{"n":6,"l":1}],"co":"limegreen"},{"no":[{"n":4,"l":1}],"co":"limegreen"},{"no":[{"n":7,"l":1}],"co":"limegreen"},{"no":[{"n":4,"l":1}],"co":"limegreen"},{"no":[{"n":8,"l":1}],"co":"limegreen"},{"no":[{"n":4,"l":1}],"co":"limegreen"},{"no":[{"n":9,"l":1}],"co":"limegreen"},{"no":[{"n":4,"l":1},{"n":14,"l":1}],"co":"limegreen"},{"no":[{"n":7,"l":1},{"n":9,"l":1},{"n":11,"l":1}],"co":"limegreen"},{"no":[{"n":14,"l":1}],"co":"#dad8b3"},{"no":[],"co":"deepskyblue"},{"no":[{"n":9,"l":1}],"co":"deepskyblue"},{"no":[{"n":8,"l":1}],"co":"deepskyblue"},{"no":[{"n":4,"l":1},{"n":8,"l":1}],"co":"limegreen"},{"no":[{"n":11,"l":1}],"co":"#dad8b3"},{"no":[],"co":"deepskyblue"},{"no":[{"n":8,"l":1}],"co":"deepskyblue"},{"no":[{"n":9,"l":1}],"co":"deepskyblue"},{"no":[{"n":5,"l":1},{"n":8,"l":1},{"n":10,"l":1}],"co":"limegreen"},{"no":[{"n":8,"l":1}],"co":"limegreen"},{"no":[{"n":8,"l":1}],"co":"limegreen"},{"no":[{"n":10,"l":1}],"co":"deepskyblue"},{"no":[{"n":9,"l":1}],"co":"deepskyblue"},{"no":[{"n":5,"l":1},{"n":9,"l":1}],"co":"limegreen"},{"no":[{"n":14,"l":1}],"co":"#dad8b3"},{"no":[],"co":"deepskyblue"},{"no":[{"n":14,"l":1}],"co":"limegreen"},{"no":[{"n":7,"l":1},{"n":10,"l":1},{"n":12,"l":1}],"co":"limegreen"},{"no":[{"n":12,"l":1}],"co":"limegreen"},{"no":[{"n":11,"l":1}],"co":"limegreen"},{"no":[{"n":10,"l":1}],"co":"deepskyblue"},{"no":[{"n":11,"l":1}],"co":"deepskyblue"},{"no":[{"n":7,"l":1},{"n":11,"l":1}],"co":"limegreen"},{"no":[{"n":9,"l":1}],"co":"limegreen"},{"no":[{"n":8,"l":1}],"co":"limegreen"},{"no":[{"n":14,"l":1}],"co":"limegreen"},{"no":[{"n":8,"l":1},{"n":11,"l":1}],"co":"#dad8b3"},{"no":[],"co":"limegreen"},{"no":[],"co":"limegreen"},{"no":[{"n":13,"l":1}],"co":"limegreen"},{"no":[{"n":10,"l":1}],"co":"limegreen"},{"no":[{"n":9,"l":1}],"co":"limegreen"},{"no":[{"n":8,"l":1}],"co":"limegreen"},{"no":[{"n":7,"l":1},{"n":9,"l":1},{"n":11,"l":1}],"co":"limegreen"},{"no":[{"n":0,"l":1},{"n":14,"l":1}],"co":"limegreen"},{"no":[{"n":0,"l":1}],"co":"deepskyblue"},{"no":[{"n":14,"l":1}],"co":"deepskyblue"},{"no":[{"n":0,"l":1},{"n":9,"l":1}],"co":"deepskyblue"},{"no":[{"n":8,"l":1}],"co":"deepskyblue"},{"no":[{"n":6,"l":1},{"n":8,"l":1},{"n":11,"l":1}],"co":"limegreen"},{"no":[{"n":11,"l":1}],"co":"#dad8b3"},{"no":[],"co":"deepskyblue"},{"no":[{"n":8,"l":1}],"co":"deepskyblue"},{"no":[{"n":9,"l":1}],"co":"deepskyblue"},{"no":[{"n":5,"l":1},{"n":8,"l":1},{"n":10,"l":1}],"co":"limegreen"},{"no":[{"n":1,"l":1},{"n":8,"l":1}],"co":"limegreen"},{"no":[{"n":1,"l":1},{"n":8,"l":1}],"co":"limegreen"},{"no":[{"n":1,"l":1},{"n":10,"l":1}],"co":"deepskyblue"},{"no":[{"n":9,"l":1}],"co":"deepskyblue"},{"no":[{"n":5,"l":1},{"n":7,"l":1},{"n":9,"l":1}],"co":"limegreen"},{"no":[{"n":14,"l":1}],"co":"#dad8b3"},{"no":[],"co":"deepskyblue"},{"no":[{"n":14,"l":1}],"co":"limegreen"},{"no":[{"n":5,"l":1},{"n":7,"l":1},{"n":10,"l":1},{"n":12,"l":1}],"co":"limegreen"},{"no":[{"n":3,"l":1}],"co":"deepskyblue"},{"no":[{"n":12,"l":1}],"co":"deepskyblue"},{"no":[{"n":3,"l":1},{"n":11,"l":1}],"co":"limegreen"},{"no":[{"n":3,"l":1},{"n":10,"l":1}],"co":"deepskyblue"},{"no":[{"n":11,"l":1}],"co":"deepskyblue"},{"no":[{"n":7,"l":1},{"n":9,"l":1},{"n":11,"l":1}],"co":"limegreen"},{"no":[{"n":0,"l":1},{"n":9,"l":1}],"co":"limegreen"},{"no":[{"n":0,"l":1},{"n":8,"l":1}],"co":"limegreen"},{"no":[{"n":0,"l":1},{"n":14,"l":1}],"co":"limegreen"},{"no":[{"n":4,"l":1},{"n":8,"l":1}],"co":"#dad8b3"},{"no":[],"co":"limegreen"},{"no":[],"co":"deepskyblue"},{"no":[],"co":"rgb(255, 114, 190)"},{"no":[{"n":9,"l":1}],"co":"limegreen"},{"no":[{"n":13,"l":1}],"co":"limegreen"},{"no":[{"n":14,"l":1}],"co":"limegreen"},{"no":[{"n":0,"l":1},{"n":9,"l":1}],"co":"limegreen"},{"no":[{"n":14,"l":1}],"co":"deepskyblue"},{"no":[{"n":4,"l":1},{"n":7,"l":1},{"n":9,"l":1}],"co":"limegreen"},{"no":[{"n":8,"l":1},{"n":9,"l":1}],"co":"deepskyblue"},{"no":[{"n":8,"l":1}],"co":"deepskyblue"},{"no":[{"n":4,"l":1}],"co":"limegreen"},{"no":[{"n":11,"l":1}],"co":"deepskyblue"},{"no":[{"n":6,"l":1},{"n":8,"l":1}],"co":"limegreen"},{"no":[{"n":6,"l":1},{"n":8,"l":1}],"co":"deepskyblue"},{"no":[{"n":9,"l":1}],"co":"deepskyblue"},{"no":[{"n":1,"l":1},{"n":10,"l":1}],"co":"limegreen"},{"no":[{"n":10,"l":1}],"co":"deepskyblue"},{"no":[{"n":1,"l":1}],"co":"deepskyblue"},{"no":[{"n":10,"l":1}],"co":"deepskyblue"},{"no":[{"n":9,"l":1}],"co":"deepskyblue"},{"no":[{"n":1,"l":1},{"n":8,"l":1}],"co":"deepskyblue"},{"no":[{"n":9,"l":1}],"co":"deepskyblue"},{"no":[{"n":5,"l":1}],"co":"limegreen"},{"no":[{"n":14,"l":1}],"co":"deepskyblue"},{"no":[{"n":9,"l":1},{"n":12,"l":1}],"co":"limegreen"},{"no":[{"n":9,"l":1},{"n":12,"l":1},{"n":14,"l":1}],"co":"deepskyblue"},{"no":[{"n":14,"l":1}],"co":"deepskyblue"},{"no":[{"n":3,"l":1},{"n":12,"l":1}],"co":"limegreen"},{"no":[{"n":12,"l":1}],"co":"deepskyblue"},{"no":[{"n":7,"l":1},{"n":10,"l":1}],"co":"deepskyblue"},{"no":[{"n":12,"l":1}],"co":"deepskyblue"},{"no":[{"n":11,"l":1}],"co":"deepskyblue"},{"no":[{"n":7,"l":1},{"n":10,"l":1}],"co":"deepskyblue"},{"no":[{"n":11,"l":1}],"co":"deepskyblue"},{"no":[{"n":0,"l":1}],"co":"limegreen"},{"no":[{"n":9,"l":1}],"co":"deepskyblue"},{"no":[{"n":4,"l":1},{"n":7,"l":1}],"co":"limegreen"},{"no":[{"n":2,"l":1},{"n":9,"l":1}],"co":"deepskyblue"},{"no":[{"n":11,"l":1}],"co":"deepskyblue"},{"no":[{"n":4,"l":1},{"n":8,"l":1}],"co":"limegreen"},{"no":[],"co":"limegreen"},{"no":[{"n":4,"l":1},{"n":9,"l":1}],"co":"limegreen"},{"no":[{"n":1,"l":1}],"co":"limegreen"},{"no":[{"n":4,"l":1},{"n":10,"l":1}],"co":"limegreen"},{"no":[],"co":"limegreen"},{"no":[{"n":4,"l":1},{"n":11,"l":1}],"co":"limegreen"},{"no":[{"n":1,"l":1}],"co":"limegreen"},{"no":[{"n":0,"l":1},{"n":9,"l":1}],"co":"limegreen"},{"no":[{"n":14,"l":1}],"co":"deepskyblue"},{"no":[{"n":4,"l":1},{"n":7,"l":1},{"n":9,"l":1}],"co":"limegreen"},{"no":[{"n":8,"l":1},{"n":9,"l":1}],"co":"deepskyblue"},{"no":[{"n":8,"l":1}],"co":"deepskyblue"},{"no":[{"n":4,"l":1}],"co":"limegreen"},{"no":[{"n":11,"l":1}],"co":"deepskyblue"},{"no":[{"n":6,"l":1},{"n":8,"l":1}],"co":"limegreen"},{"no":[{"n":6,"l":1},{"n":8,"l":1}],"co":"deepskyblue"},{"no":[{"n":9,"l":1}],"co":"deepskyblue"},{"no":[{"n":1,"l":1},{"n":10,"l":1}],"co":"limegreen"},{"no":[{"n":10,"l":1}],"co":"deepskyblue"},{"no":[{"n":1,"l":1}],"co":"deepskyblue"},{"no":[{"n":12,"l":1}],"co":"limegreen"},{"no":[{"n":1,"l":1},{"n":10,"l":1}],"co":"deepskyblue"},{"no":[{"n":9,"l":1}],"co":"deepskyblue"},{"no":[{"n":5,"l":1}],"co":"limegreen"},{"no":[{"n":14,"l":1}],"co":"deepskyblue"},{"no":[{"n":9,"l":1},{"n":12,"l":1}],"co":"limegreen"},{"no":[{"n":9,"l":1},{"n":12,"l":1},{"n":14,"l":1}],"co":"deepskyblue"},{"no":[{"n":14,"l":1}],"co":"deepskyblue"},{"no":[{"n":3,"l":1},{"n":12,"l":1}],"co":"limegreen"},{"no":[{"n":12,"l":1}],"co":"deepskyblue"},{"no":[{"n":7,"l":1},{"n":10,"l":1}],"co":"deepskyblue"},{"no":[{"n":14,"l":1}],"co":"limegreen"},{"no":[{"n":7,"l":1},{"n":10,"l":1}],"co":"deepskyblue"},{"no":[{"n":9,"l":1}],"co":"deepskyblue"},{"no":[{"n":0,"l":1}],"co":"limegreen"},{"no":[{"n":14,"l":1}],"co":"deepskyblue"},{"no":[{"n":4,"l":1},{"n":7,"l":1}],"co":"limegreen"},{"no":[{"n":2,"l":1},{"n":9,"l":1}],"co":"deepskyblue"},{"no":[{"n":11,"l":1}],"co":"deepskyblue"},{"no":[{"n":4,"l":1},{"n":8,"l":1}],"co":"limegreen"},{"no":[],"co":"limegreen"},{"no":[{"n":4,"l":1},{"n":9,"l":1}],"co":"limegreen"},{"no":[{"n":1,"l":1}],"co":"limegreen"},{"no":[{"n":4,"l":1},{"n":10,"l":1}],"co":"limegreen"},{"no":[],"co":"limegreen"},{"no":[{"n":4,"l":1},{"n":11,"l":1}],"co":"limegreen"},{"no":[{"n":1,"l":1}],"co":"limegreen"},{"no":[{"n":0,"l":1}],"co":"limegreen"},{"no":[{"n":4,"l":1}],"co":"deepskyblue"},{"no":[{"n":7,"l":1},{"n":9,"l":1}],"co":"deepskyblue"},{"no":[{"n":14,"l":1}],"co":"deepskyblue"},{"no":[{"n":14,"l":1}],"co":"deepskyblue"},{"no":[{"n":8,"l":1},{"n":14,"l":1}],"co":"deepskyblue"},{"no":[{"n":14,"l":1}],"co":"deepskyblue"},{"no":[{"n":4,"l":1},{"n":13,"l":1}],"co":"limegreen"},{"no":[{"n":8,"l":1},{"n":11,"l":1}],"co":"deepskyblue"},{"no":[{"n":8,"l":1},{"n":13,"l":1}],"co":"deepskyblue"},{"no":[{"n":13,"l":1}],"co":"limegreen"},{"no":[{"n":14,"l":1}],"co":"deepskyblue"},{"no":[{"n":12,"l":1}],"co":"deepskyblue"},{"no":[{"n":1,"l":1}],"co":"limegreen"},{"no":[{"n":5,"l":1}],"co":"deepskyblue"},{"no":[{"n":8,"l":1},{"n":10,"l":1}],"co":"limegreen"},{"no":[{"n":9,"l":1}],"co":"limegreen"},{"no":[{"n":5,"l":1}],"co":"limegreen"},{"no":[{"n":9,"l":1}],"co":"deepskyblue"},{"no":[{"n":7,"l":1},{"n":12,"l":1}],"co":"limegreen"},{"no":[{"n":14,"l":1}],"co":"deepskyblue"},{"no":[{"n":14,"l":1}],"co":"deepskyblue"},{"no":[{"n":3,"l":1}],"co":"limegreen"},{"no":[{"n":7,"l":1},{"n":11,"l":1}],"co":"deepskyblue"},{"no":[{"n":10,"l":1},{"n":11,"l":1},{"n":12,"l":1}],"co":"limegreen"},{"no":[{"n":11,"l":1},{"n":14,"l":1}],"co":"deepskyblue"},{"no":[{"n":14,"l":1}],"co":"deepskyblue"},{"no":[{"n":0,"l":1}],"co":"limegreen"},{"no":[{"n":4,"l":1},{"n":11,"l":1}],"co":"deepskyblue"},{"no":[{"n":7,"l":1},{"n":9,"l":1},{"n":14,"l":1}],"co":"limegreen"},{"no":[{"n":8,"l":1}],"co":"limegreen"},{"no":[{"n":6,"l":1},{"n":13,"l":1}],"co":"limegreen"},{"no":[{"n":4,"l":1}],"co":"limegreen"},{"no":[{"n":7,"l":1}],"co":"limegreen"},{"no":[{"n":4,"l":1}],"co":"limegreen"},{"no":[{"n":8,"l":1}],"co":"limegreen"},{"no":[{"n":4,"l":1}],"co":"limegreen"},{"no":[{"n":9,"l":1}],"co":"limegreen"},{"no":[{"n":4,"l":1}],"co":"limegreen"},{"no":[{"n":0,"l":1}],"co":"limegreen"},{"no":[{"n":4,"l":1}],"co":"deepskyblue"},{"no":[{"n":7,"l":1},{"n":9,"l":1}],"co":"deepskyblue"},{"no":[{"n":14,"l":1}],"co":"deepskyblue"},{"no":[{"n":14,"l":1}],"co":"deepskyblue"},{"no":[{"n":8,"l":1},{"n":14,"l":1}],"co":"deepskyblue"},{"no":[{"n":14,"l":1}],"co":"deepskyblue"},{"no":[{"n":4,"l":1},{"n":13,"l":1}],"co":"limegreen"},{"no":[{"n":8,"l":1},{"n":11,"l":1}],"co":"deepskyblue"},{"no":[{"n":8,"l":1}],"co":"deepskyblue"},{"no":[{"n":13,"l":1}],"co":"limegreen"},{"no":[{"n":14,"l":1}],"co":"deepskyblue"},{"no":[{"n":12,"l":1}],"co":"deepskyblue"},{"no":[{"n":1,"l":1}],"co":"limegreen"},{"no":[{"n":5,"l":1}],"co":"deepskyblue"},{"no":[{"n":8,"l":1},{"n":10,"l":1}],"co":"limegreen"},{"no":[{"n":9,"l":1}],"co":"limegreen"},{"no":[{"n":5,"l":1}],"co":"limegreen"},{"no":[{"n":9,"l":1}],"co":"deepskyblue"},{"no":[{"n":7,"l":1},{"n":12,"l":1}],"co":"limegreen"},{"no":[{"n":14,"l":1}],"co":"deepskyblue"},{"no":[{"n":14,"l":1}],"co":"deepskyblue"},{"no":[{"n":3,"l":1}],"co":"limegreen"},{"no":[{"n":7,"l":1},{"n":11,"l":1}],"co":"deepskyblue"},{"no":[{"n":10,"l":1},{"n":11,"l":1},{"n":12,"l":1}],"co":"limegreen"},{"no":[{"n":11,"l":1},{"n":14,"l":1}],"co":"deepskyblue"},{"no":[{"n":14,"l":1}],"co":"deepskyblue"},{"no":[{"n":0,"l":1}],"co":"limegreen"},{"no":[{"n":4,"l":1},{"n":11,"l":1}],"co":"deepskyblue"},{"no":[{"n":7,"l":1},{"n":9,"l":1},{"n":14,"l":1}],"co":"limegreen"},{"no":[{"n":8,"l":1}],"co":"limegreen"},{"no":[{"n":6,"l":1},{"n":8,"l":1}],"co":"limegreen"},{"no":[{"n":4,"l":1}],"co":"limegreen"},{"no":[{"n":7,"l":1}],"co":"limegreen"},{"no":[{"n":4,"l":1}],"co":"limegreen"},{"no":[{"n":8,"l":1}],"co":"limegreen"},{"no":[{"n":4,"l":1}],"co":"limegreen"},{"no":[{"n":9,"l":1}],"co":"limegreen"},{"no":[{"n":4,"l":1},{"n":14,"l":1}],"co":"limegreen"},{"no":[{"n":7,"l":1},{"n":9,"l":1},{"n":11,"l":1}],"co":"limegreen"},{"no":[{"n":14,"l":1}],"co":"#dad8b3"},{"no":[],"co":"deepskyblue"},{"no":[{"n":9,"l":1}],"co":"deepskyblue"},{"no":[{"n":8,"l":1}],"co":"deepskyblue"},{"no":[{"n":4,"l":1},{"n":8,"l":1}],"co":"limegreen"},{"no":[{"n":11,"l":1}],"co":"#dad8b3"},{"no":[],"co":"deepskyblue"},{"no":[{"n":8,"l":1}],"co":"deepskyblue"},{"no":[{"n":9,"l":1}],"co":"deepskyblue"},{"no":[{"n":5,"l":1},{"n":8,"l":1},{"n":10,"l":1}],"co":"limegreen"},{"no":[{"n":8,"l":1}],"co":"limegreen"},{"no":[{"n":8,"l":1}],"co":"limegreen"},{"no":[{"n":10,"l":1}],"co":"deepskyblue"},{"no":[{"n":9,"l":1}],"co":"deepskyblue"},{"no":[{"n":5,"l":1},{"n":9,"l":1}],"co":"limegreen"},{"no":[{"n":14,"l":1}],"co":"#dad8b3"},{"no":[],"co":"deepskyblue"},{"no":[{"n":14,"l":1}],"co":"limegreen"},{"no":[{"n":7,"l":1},{"n":10,"l":1},{"n":12,"l":1}],"co":"limegreen"},{"no":[{"n":12,"l":1}],"co":"limegreen"},{"no":[{"n":11,"l":1}],"co":"limegreen"},{"no":[{"n":10,"l":1}],"co":"deepskyblue"},{"no":[{"n":11,"l":1}],"co":"deepskyblue"},{"no":[{"n":7,"l":1},{"n":11,"l":1}],"co":"limegreen"},{"no":[{"n":9,"l":1}],"co":"limegreen"},{"no":[{"n":8,"l":1}],"co":"limegreen"},{"no":[{"n":14,"l":1}],"co":"limegreen"},{"no":[{"n":8,"l":1},{"n":11,"l":1}],"co":"#dad8b3"},{"no":[],"co":"limegreen"},{"no":[],"co":"limegreen"},{"no":[{"n":13,"l":1}],"co":"limegreen"},{"no":[{"n":10,"l":1}],"co":"limegreen"},{"no":[{"n":9,"l":1}],"co":"limegreen"},{"no":[{"n":8,"l":1}],"co":"limegreen"},{"no":[{"n":7,"l":1},{"n":9,"l":1},{"n":11,"l":1}],"co":"limegreen"},{"no":[{"n":0,"l":1},{"n":14,"l":1}],"co":"limegreen"},{"no":[{"n":0,"l":1}],"co":"deepskyblue"},{"no":[{"n":14,"l":1}],"co":"deepskyblue"},{"no":[{"n":0,"l":1},{"n":9,"l":1}],"co":"deepskyblue"},{"no":[{"n":8,"l":1}],"co":"deepskyblue"},{"no":[{"n":6,"l":1},{"n":8,"l":1},{"n":11,"l":1}],"co":"limegreen"},{"no":[{"n":11,"l":1}],"co":"#dad8b3"},{"no":[],"co":"deepskyblue"},{"no":[{"n":8,"l":1}],"co":"deepskyblue"},{"no":[{"n":9,"l":1}],"co":"deepskyblue"},{"no":[{"n":5,"l":1},{"n":8,"l":1},{"n":10,"l":1}],"co":"limegreen"},{"no":[{"n":1,"l":1},{"n":8,"l":1}],"co":"limegreen"},{"no":[{"n":1,"l":1},{"n":8,"l":1}],"co":"limegreen"},{"no":[{"n":1,"l":1},{"n":10,"l":1}],"co":"deepskyblue"},{"no":[{"n":9,"l":1}],"co":"deepskyblue"},{"no":[{"n":5,"l":1},{"n":7,"l":1},{"n":9,"l":1}],"co":"limegreen"},{"no":[{"n":14,"l":1}],"co":"#dad8b3"},{"no":[],"co":"deepskyblue"},{"no":[{"n":14,"l":1}],"co":"limegreen"},{"no":[{"n":5,"l":1},{"n":7,"l":1},{"n":10,"l":1},{"n":12,"l":1}],"co":"limegreen"},{"no":[{"n":3,"l":1}],"co":"deepskyblue"},{"no":[{"n":12,"l":1}],"co":"deepskyblue"},{"no":[{"n":3,"l":1},{"n":11,"l":1}],"co":"limegreen"},{"no":[{"n":3,"l":1},{"n":10,"l":1}],"co":"deepskyblue"},{"no":[{"n":11,"l":1}],"co":"deepskyblue"},{"no":[{"n":7,"l":1},{"n":9,"l":1},{"n":11,"l":1}],"co":"limegreen"},{"no":[{"n":0,"l":1},{"n":9,"l":1}],"co":"limegreen"},{"no":[{"n":0,"l":1},{"n":8,"l":1}],"co":"limegreen"},{"no":[{"n":0,"l":1},{"n":14,"l":1}],"co":"limegreen"},{"no":[{"n":4,"l":1},{"n":8,"l":1}],"co":"#dad8b3"},{"no":[],"co":"limegreen"},{"no":[],"co":"deepskyblue"},{"no":[],"co":"rgb(255, 114, 190)"},{"no":[{"n":9,"l":1}],"co":"limegreen"},{"no":[{"n":13,"l":1}],"co":"limegreen"},{"no":[{"n":14,"l":1}],"co":"limegreen"},{"no":[{"n":0,"l":1},{"n":9,"l":1}],"co":"limegreen"},{"no":[{"n":14,"l":1}],"co":"deepskyblue"},{"no":[{"n":4,"l":1},{"n":7,"l":1},{"n":9,"l":1}],"co":"limegreen"},{"no":[{"n":8,"l":1},{"n":9,"l":1}],"co":"deepskyblue"},{"no":[{"n":8,"l":1}],"co":"deepskyblue"},{"no":[{"n":4,"l":1}],"co":"limegreen"},{"no":[{"n":11,"l":1}],"co":"deepskyblue"},{"no":[{"n":6,"l":1},{"n":8,"l":1}],"co":"limegreen"},{"no":[{"n":6,"l":1},{"n":8,"l":1}],"co":"deepskyblue"},{"no":[{"n":9,"l":1}],"co":"deepskyblue"},{"no":[{"n":1,"l":1},{"n":10,"l":1}],"co":"limegreen"},{"no":[{"n":10,"l":1}],"co":"deepskyblue"},{"no":[{"n":1,"l":1}],"co":"deepskyblue"},{"no":[{"n":10,"l":1}],"co":"deepskyblue"},{"no":[{"n":9,"l":1}],"co":"deepskyblue"},{"no":[{"n":1,"l":1},{"n":8,"l":1}],"co":"deepskyblue"},{"no":[{"n":9,"l":1}],"co":"deepskyblue"},{"no":[{"n":5,"l":1}],"co":"limegreen"},{"no":[{"n":14,"l":1}],"co":"deepskyblue"},{"no":[{"n":9,"l":1},{"n":12,"l":1}],"co":"limegreen"},{"no":[{"n":9,"l":1},{"n":12,"l":1},{"n":14,"l":1}],"co":"deepskyblue"},{"no":[{"n":14,"l":1}],"co":"deepskyblue"},{"no":[{"n":3,"l":1},{"n":12,"l":1}],"co":"limegreen"},{"no":[{"n":12,"l":1}],"co":"deepskyblue"},{"no":[{"n":7,"l":1},{"n":10,"l":1}],"co":"deepskyblue"},{"no":[{"n":12,"l":1}],"co":"deepskyblue"},{"no":[{"n":11,"l":1}],"co":"deepskyblue"},{"no":[{"n":7,"l":1},{"n":10,"l":1}],"co":"deepskyblue"},{"no":[{"n":11,"l":1}],"co":"deepskyblue"},{"no":[{"n":0,"l":1}],"co":"limegreen"},{"no":[{"n":9,"l":1}],"co":"deepskyblue"},{"no":[{"n":4,"l":1},{"n":7,"l":1}],"co":"limegreen"},{"no":[{"n":2,"l":1},{"n":9,"l":1}],"co":"deepskyblue"},{"no":[{"n":11,"l":1}],"co":"deepskyblue"},{"no":[{"n":4,"l":1},{"n":8,"l":1}],"co":"limegreen"},{"no":[],"co":"limegreen"},{"no":[{"n":4,"l":1},{"n":9,"l":1}],"co":"limegreen"},{"no":[{"n":1,"l":1}],"co":"limegreen"},{"no":[{"n":4,"l":1},{"n":10,"l":1}],"co":"limegreen"},{"no":[],"co":"limegreen"},{"no":[{"n":4,"l":1},{"n":11,"l":1}],"co":"limegreen"},{"no":[{"n":1,"l":1}],"co":"limegreen"},{"no":[{"n":0,"l":1},{"n":9,"l":1}],"co":"limegreen"},{"no":[{"n":14,"l":1}],"co":"deepskyblue"},{"no":[{"n":4,"l":1},{"n":7,"l":1},{"n":9,"l":1}],"co":"limegreen"},{"no":[{"n":8,"l":1},{"n":9,"l":1}],"co":"deepskyblue"},{"no":[{"n":8,"l":1}],"co":"deepskyblue"},{"no":[{"n":4,"l":1}],"co":"limegreen"},{"no":[{"n":11,"l":1}],"co":"deepskyblue"},{"no":[{"n":6,"l":1},{"n":8,"l":1}],"co":"limegreen"},{"no":[{"n":6,"l":1},{"n":8,"l":1}],"co":"deepskyblue"},{"no":[{"n":9,"l":1}],"co":"deepskyblue"},{"no":[{"n":1,"l":1},{"n":10,"l":1}],"co":"limegreen"},{"no":[{"n":10,"l":1}],"co":"deepskyblue"},{"no":[{"n":1,"l":1}],"co":"deepskyblue"},{"no":[{"n":12,"l":1}],"co":"limegreen"},{"no":[{"n":1,"l":1},{"n":10,"l":1}],"co":"deepskyblue"},{"no":[{"n":9,"l":1}],"co":"deepskyblue"},{"no":[{"n":5,"l":1}],"co":"limegreen"},{"no":[{"n":14,"l":1}],"co":"deepskyblue"},{"no":[{"n":9,"l":1},{"n":12,"l":1}],"co":"limegreen"},{"no":[{"n":9,"l":1},{"n":12,"l":1},{"n":14,"l":1}],"co":"deepskyblue"},{"no":[{"n":14,"l":1}],"co":"deepskyblue"},{"no":[{"n":3,"l":1},{"n":12,"l":1}],"co":"limegreen"},{"no":[{"n":12,"l":1}],"co":"deepskyblue"},{"no":[{"n":7,"l":1},{"n":10,"l":1}],"co":"deepskyblue"},{"no":[{"n":14,"l":1}],"co":"limegreen"},{"no":[{"n":7,"l":1},{"n":10,"l":1}],"co":"deepskyblue"},{"no":[{"n":9,"l":1}],"co":"deepskyblue"},{"no":[{"n":0,"l":1}],"co":"limegreen"},{"no":[{"n":14,"l":1}],"co":"deepskyblue"},{"no":[{"n":4,"l":1},{"n":7,"l":1}],"co":"limegreen"},{"no":[{"n":2,"l":1},{"n":9,"l":1}],"co":"deepskyblue"},{"no":[{"n":11,"l":1}],"co":"deepskyblue"},{"no":[{"n":4,"l":1},{"n":8,"l":1}],"co":"limegreen"},{"no":[],"co":"limegreen"},{"no":[{"n":4,"l":1},{"n":9,"l":1}],"co":"limegreen"},{"no":[{"n":1,"l":1}],"co":"limegreen"},{"no":[{"n":4,"l":1},{"n":10,"l":1}],"co":"limegreen"},{"no":[],"co":"limegreen"},{"no":[{"n":4,"l":1},{"n":11,"l":1}],"co":"limegreen"},{"no":[{"n":1,"l":1}],"co":"limegreen"},{"no":[{"n":7,"l":1},{"n":14,"l":1}],"co":"deepskyblue"},{"no":[],"co":"deepskyblue"},{"no":[{"n":8,"l":1}],"co":"limegreen"},{"no":[{"n":14,"l":1}],"co":"limegreen"},{"no":[{"n":4,"l":1},{"n":13,"l":1}],"co":"limegreen"},{"no":[],"co":"deepskyblue"},{"no":[{"n":11,"l":1}],"co":"limegreen"},{"no":[],"co":"deepskyblue"},{"no":[{"n":1,"l":1},{"n":10,"l":1}],"co":"limegreen"},{"no":[],"co":"deepskyblue"},{"no":[{"n":11,"l":1}],"co":"limegreen"},{"no":[{"n":10,"l":1}],"co":"limegreen"},{"no":[{"n":9,"l":1}],"co":"limegreen"},{"no":[],"co":"deepskyblue"},{"no":[{"n":7,"l":1}],"co":"limegreen"},{"no":[],"co":"deepskyblue"},{"no":[{"n":3,"l":1},{"n":10,"l":1}],"co":"limegreen"},{"no":[],"co":"deepskyblue"},{"no":[{"n":11,"l":1}],"co":"limegreen"},{"no":[{"n":10,"l":1}],"co":"limegreen"},{"no":[{"n":0,"l":1},{"n":9,"l":1}],"co":"limegreen"},{"no":[{"n":10,"l":1}],"co":"limegreen"},{"no":[{"n":11,"l":1}],"co":"limegreen"},{"no":[],"co":"deepskyblue"},{"no":[{"n":4,"l":1},{"n":8,"l":1}],"co":"limegreen"},{"no":[],"co":"limegreen"},{"no":[],"co":"limegreen"},{"no":[{"n":6,"l":1}],"co":"limegreen"},{"no":[],"co":"limegreen"},{"no":[],"co":"limegreen"},{"no":[{"n":14,"l":1}],"co":"limegreen"},{"no":[],"co":"deepskyblue"},{"no":[{"n":8,"l":1}],"co":"limegreen"},{"no":[{"n":14,"l":1}],"co":"limegreen"},{"no":[{"n":11,"l":1},{"n":13,"l":1}],"co":"limegreen"},{"no":[{"n":13,"l":1}],"co":"limegreen"},{"no":[{"n":11,"l":1}],"co":"limegreen"},{"no":[],"co":"deepskyblue"},{"no":[{"n":10,"l":1}],"co":"limegreen"},{"no":[],"co":"deepskyblue"},{"no":[{"n":11,"l":1}],"co":"limegreen"},{"no":[{"n":10,"l":1}],"co":"limegreen"},{"no":[{"n":9,"l":1},{"n":12,"l":1}],"co":"limegreen"},{"no":[{"n":14,"l":1}],"co":"limegreen"},{"no":[{"n":14,"l":1}],"co":"limegreen"},{"no":[{"n":14,"l":1}],"co":"limegreen"},{"no":[{"n":10,"l":1}],"co":"limegreen"},{"no":[{"n":12,"l":1}],"co":"limegreen"},{"no":[{"n":11,"l":1},{"n":14,"l":1}],"co":"limegreen"},{"no":[{"n":10,"l":1}],"co":"limegreen"},{"no":[{"n":9,"l":1},{"n":14,"l":1}],"co":"limegreen"},{"no":[{"n":10,"l":1}],"co":"limegreen"},{"no":[{"n":11,"l":1}],"co":"limegreen"},{"no":[],"co":"deepskyblue"},{"no":[{"n":8,"l":1},{"n":11,"l":1}],"co":"limegreen"},{"no":[{"n":13,"l":1}],"co":"limegreen"},{"no":[],"co":"limegreen"},{"no":[{"n":11,"l":1}],"co":"limegreen"},{"no":[{"n":13,"l":1}],"co":"limegreen"},{"no":[],"co":"deepskyblue"},{"no":[{"n":14,"l":1}],"co":"limegreen"},{"no":[{"n":9,"l":1},{"n":11,"l":1},{"n":14,"l":1}],"co":"limegreen"},{"no":[{"n":14,"l":1}],"co":"limegreen"},{"no":[{"n":14,"l":1}],"co":"deepskyblue"},{"no":[{"n":9,"l":1}],"co":"deepskyblue"},{"no":[{"n":8,"l":1}],"co":"deepskyblue"},{"no":[{"n":8,"l":1},{"n":11,"l":1},{"n":13,"l":1}],"co":"limegreen"},{"no":[{"n":11,"l":1}],"co":"#dad8b3"},{"no":[],"co":"deepskyblue"},{"no":[{"n":8,"l":1}],"co":"deepskyblue"},{"no":[{"n":9,"l":1}],"co":"deepskyblue"},{"no":[{"n":8,"l":1},{"n":10,"l":1},{"n":12,"l":1}],"co":"limegreen"},{"no":[{"n":8,"l":1}],"co":"limegreen"},{"no":[{"n":8,"l":1}],"co":"limegreen"},{"no":[{"n":10,"l":1}],"co":"deepskyblue"},{"no":[{"n":9,"l":1}],"co":"deepskyblue"},{"no":[{"n":9,"l":1},{"n":12,"l":1},{"n":14,"l":1}],"co":"limegreen"},{"no":[{"n":14,"l":1}],"co":"#dad8b3"},{"no":[],"co":"deepskyblue"},{"no":[{"n":14,"l":1}],"co":"limegreen"},{"no":[{"n":7,"l":1},{"n":10,"l":1},{"n":12,"l":1}],"co":"limegreen"},{"no":[{"n":12,"l":1}],"co":"deepskyblue"},{"no":[{"n":11,"l":1}],"co":"limegreen"},{"no":[{"n":10,"l":1}],"co":"deepskyblue"},{"no":[{"n":11,"l":1}],"co":"deepskyblue"},{"no":[{"n":9,"l":1},{"n":11,"l":1},{"n":14,"l":1}],"co":"limegreen"},{"no":[{"n":9,"l":1}],"co":"limegreen"},{"no":[{"n":8,"l":1}],"co":"limegreen"},{"no":[{"n":14,"l":1}],"co":"limegreen"},{"no":[{"n":8,"l":1},{"n":11,"l":1},{"n":14,"l":1}],"co":"#dad8b3"},{"no":[],"co":"deepskyblue"},{"no":[{"n":9,"l":1}],"co":"#dad8b3"},{"no":[],"co":"deepskyblue"},{"no":[{"n":10,"l":1},{"n":11,"l":1}],"co":"limegreen"},{"no":[{"n":10,"l":1}],"co":"limegreen"},{"no":[{"n":9,"l":1},{"n":11,"l":1}],"co":"limegreen"},{"no":[{"n":8,"l":1}],"co":"limegreen"},{"no":[{"n":0,"l":1},{"n":9,"l":1}],"co":"limegreen"},{"no":[{"n":2,"l":1},{"n":14,"l":1}],"co":"limegreen"},{"no":[{"n":4,"l":1}],"co":"deepskyblue"},{"no":[{"n":14,"l":1}],"co":"deepskyblue"},{"no":[{"n":7,"l":1},{"n":9,"l":1}],"co":"deepskyblue"},{"no":[{"n":8,"l":1}],"co":"deepskyblue"},{"no":[{"n":4,"l":1}],"co":"limegreen"},{"no":[{"n":6,"l":1},{"n":11,"l":1}],"co":"limegreen"},{"no":[{"n":8,"l":1}],"co":"limegreen"},{"no":[{"n":8,"l":1},{"n":11,"l":1}],"co":"deepskyblue"},{"no":[{"n":9,"l":1}],"co":"deepskyblue"},{"no":[{"n":1,"l":1},{"n":10,"l":1}],"co":"limegreen"},{"no":[{"n":3,"l":1},{"n":8,"l":1}],"co":"limegreen"},{"no":[{"n":5,"l":1},{"n":8,"l":1}],"co":"limegreen"},{"no":[{"n":8,"l":1},{"n":10,"l":1}],"co":"deepskyblue"},{"no":[{"n":9,"l":1}],"co":"deepskyblue"},{"no":[{"n":5,"l":1}],"co":"limegreen"},{"no":[{"n":7,"l":1},{"n":14,"l":1}],"co":"limegreen"},{"no":[{"n":9,"l":1}],"co":"limegreen"},{"no":[{"n":12,"l":1},{"n":14,"l":1}],"co":"limegreen"},{"no":[{"n":3,"l":1},{"n":12,"l":1}],"co":"limegreen"},{"no":[{"n":5,"l":1}],"co":"deepskyblue"},{"no":[{"n":12,"l":1}],"co":"deepskyblue"},{"no":[{"n":7,"l":1},{"n":11,"l":1}],"co":"limegreen"},{"no":[{"n":10,"l":1}],"co":"deepskyblue"},{"no":[{"n":11,"l":1}],"co":"deepskyblue"},{"no":[{"n":0,"l":1}],"co":"limegreen"},{"no":[{"n":2,"l":1},{"n":9,"l":1}],"co":"limegreen"},{"no":[{"n":4,"l":1},{"n":8,"l":1}],"co":"limegreen"},{"no":[{"n":7,"l":1},{"n":14,"l":1}],"co":"limegreen"},{"no":[{"n":8,"l":1}],"co":"#dad8b3"},{"no":[],"co":"limegreen"},{"no":[],"co":"deepskyblue"},{"no":[],"co":"rgb(255, 114, 190)"},{"no":[{"n":9,"l":1}],"co":"limegreen"},{"no":[{"n":13,"l":1}],"co":"limegreen"},{"no":[{"n":14,"l":1}],"co":"limegreen"},{"no":[{"n":0,"l":1},{"n":9,"l":1}],"co":"limegreen"},{"no":[{"n":14,"l":1}],"co":"deepskyblue"},{"no":[{"n":4,"l":1},{"n":7,"l":1},{"n":9,"l":1}],"co":"limegreen"},{"no":[{"n":8,"l":1},{"n":9,"l":1}],"co":"deepskyblue"},{"no":[{"n":8,"l":1}],"co":"deepskyblue"},{"no":[{"n":4,"l":1}],"co":"limegreen"},{"no":[{"n":11,"l":1}],"co":"deepskyblue"},{"no":[{"n":6,"l":1},{"n":8,"l":1}],"co":"limegreen"},{"no":[{"n":6,"l":1},{"n":8,"l":1}],"co":"deepskyblue"},{"no":[{"n":9,"l":1}],"co":"deepskyblue"},{"no":[{"n":1,"l":1},{"n":10,"l":1}],"co":"limegreen"},{"no":[{"n":10,"l":1}],"co":"deepskyblue"},{"no":[{"n":1,"l":1}],"co":"deepskyblue"},{"no":[{"n":10,"l":1}],"co":"deepskyblue"},{"no":[{"n":9,"l":1}],"co":"deepskyblue"},{"no":[{"n":1,"l":1},{"n":8,"l":1}],"co":"deepskyblue"},{"no":[{"n":9,"l":1}],"co":"deepskyblue"},{"no":[{"n":5,"l":1}],"co":"limegreen"},{"no":[{"n":14,"l":1}],"co":"deepskyblue"},{"no":[{"n":9,"l":1},{"n":12,"l":1}],"co":"limegreen"},{"no":[{"n":9,"l":1},{"n":12,"l":1},{"n":14,"l":1}],"co":"deepskyblue"},{"no":[{"n":14,"l":1}],"co":"deepskyblue"},{"no":[{"n":3,"l":1},{"n":12,"l":1}],"co":"limegreen"},{"no":[{"n":12,"l":1}],"co":"deepskyblue"},{"no":[{"n":7,"l":1},{"n":10,"l":1}],"co":"deepskyblue"},{"no":[{"n":12,"l":1}],"co":"deepskyblue"},{"no":[{"n":11,"l":1}],"co":"deepskyblue"},{"no":[{"n":7,"l":1},{"n":10,"l":1}],"co":"deepskyblue"},{"no":[{"n":11,"l":1}],"co":"deepskyblue"},{"no":[{"n":0,"l":1}],"co":"limegreen"},{"no":[{"n":9,"l":1}],"co":"deepskyblue"},{"no":[{"n":4,"l":1},{"n":7,"l":1}],"co":"limegreen"},{"no":[{"n":2,"l":1},{"n":9,"l":1}],"co":"deepskyblue"},{"no":[{"n":11,"l":1}],"co":"deepskyblue"},{"no":[{"n":4,"l":1},{"n":8,"l":1}],"co":"#dad8b3"},{"no":[],"co":"deepskyblue"},{"no":[{"n":4,"l":1},{"n":9,"l":1}],"co":"limegreen"},{"no":[{"n":1,"l":1}],"co":"limegreen"},{"no":[{"n":4,"l":1},{"n":10,"l":1}],"co":"#dad8b3"},{"no":[],"co":"deepskyblue"},{"no":[{"n":4,"l":1},{"n":11,"l":1}],"co":"limegreen"},{"no":[{"n":1,"l":1}],"co":"limegreen"},{"no":[{"n":0,"l":1},{"n":9,"l":1}],"co":"limegreen"},{"no":[{"n":14,"l":1}],"co":"deepskyblue"},{"no":[{"n":4,"l":1},{"n":7,"l":1},{"n":9,"l":1}],"co":"limegreen"},{"no":[{"n":8,"l":1},{"n":9,"l":1}],"co":"deepskyblue"},{"no":[{"n":8,"l":1}],"co":"deepskyblue"},{"no":[{"n":4,"l":1}],"co":"limegreen"},{"no":[{"n":11,"l":1}],"co":"deepskyblue"},{"no":[{"n":6,"l":1},{"n":8,"l":1}],"co":"limegreen"},{"no":[{"n":6,"l":1},{"n":8,"l":1}],"co":"deepskyblue"},{"no":[{"n":9,"l":1}],"co":"deepskyblue"},{"no":[{"n":1,"l":1},{"n":10,"l":1}],"co":"limegreen"},{"no":[{"n":10,"l":1}],"co":"deepskyblue"},{"no":[{"n":1,"l":1}],"co":"deepskyblue"},{"no":[{"n":12,"l":1}],"co":"limegreen"},{"no":[{"n":1,"l":1},{"n":10,"l":1}],"co":"deepskyblue"},{"no":[{"n":9,"l":1}],"co":"deepskyblue"},{"no":[{"n":5,"l":1}],"co":"limegreen"},{"no":[{"n":14,"l":1}],"co":"deepskyblue"},{"no":[{"n":9,"l":1},{"n":12,"l":1}],"co":"limegreen"},{"no":[{"n":9,"l":1},{"n":12,"l":1},{"n":14,"l":1}],"co":"deepskyblue"},{"no":[{"n":14,"l":1}],"co":"deepskyblue"},{"no":[{"n":3,"l":1},{"n":12,"l":1}],"co":"limegreen"},{"no":[{"n":12,"l":1}],"co":"deepskyblue"},{"no":[{"n":7,"l":1},{"n":10,"l":1}],"co":"deepskyblue"},{"no":[{"n":14,"l":1}],"co":"limegreen"},{"no":[{"n":7,"l":1},{"n":10,"l":1}],"co":"deepskyblue"},{"no":[{"n":9,"l":1}],"co":"deepskyblue"},{"no":[{"n":0,"l":1}],"co":"limegreen"},{"no":[{"n":14,"l":1}],"co":"deepskyblue"},{"no":[{"n":4,"l":1},{"n":7,"l":1}],"co":"limegreen"},{"no":[{"n":2,"l":1},{"n":9,"l":1}],"co":"deepskyblue"},{"no":[{"n":11,"l":1}],"co":"deepskyblue"},{"no":[{"n":4,"l":1},{"n":8,"l":1}],"co":"limegreen"},{"no":[],"co":"limegreen"},{"no":[{"n":4,"l":1},{"n":9,"l":1}],"co":"limegreen"},{"no":[{"n":1,"l":1}],"co":"limegreen"},{"no":[{"n":4,"l":1},{"n":10,"l":1}],"co":"limegreen"},{"no":[],"co":"limegreen"},{"no":[{"n":4,"l":1},{"n":11,"l":1}],"co":"limegreen"},{"no":[{"n":1,"l":1}],"co":"limegreen"}]}]