[
  {
    "bpm": 240,
    "name": "Alan Walker - Lily",
    "songNotes": [
      {
        "key": "1Key9",
        "time": 639
      },
      {
        "key": "1Key8",
        "time": 890
      },
      {
        "key": "1Key9",
        "time": 1132
      },
      {
        "key": "1Key8",
        "time": 1381
      },
      {
        "key": "1Key9",
        "time": 1625
      },
      {
        "key": "1Key12",
        "time": 2113
      },
      {
        "key": "1Key10",
        "time": 2589
      },
      {
        "key": "1Key10",
        "time": 3337
      },
      {
        "key": "1Key10",
        "time": 3595
      },
      {
        "key": "1Key9",
        "time": 3885
      },
      {
        "key": "1Key8",
        "time": 4108
      },
      {
        "key": "1Key7",
        "time": 4357
      },
      {
        "key": "1Key6",
        "time": 4585
      },
      {
        "key": "1Key6",
        "time": 5061
      },
      {
        "key": "1Key7",
        "time": 5335
      },
      {
        "key": "1Key8",
        "time": 5566
      },
      {
        "key": "1Key11",
        "time": 6047
      },
      {
        "key": "1Key9",
        "time": 6547
      },
      {
        "key": "1Key9",
        "time": 7354
      },
      {
        "key": "1Key9",
        "time": 7593
      },
      {
        "key": "1Key8",
        "time": 7852
      },
      {
        "key": "1Key7",
        "time": 8095
      },
      {
        "key": "1Key8",
        "time": 8319
      },
      {
        "key": "1Key5",
        "time": 8578
      },
      {
        "key": "1Key5",
        "time": 9014
      },
      {
        "key": "1Key4",
        "time": 9278
      },
      {
        "key": "1Key5",
        "time": 9504
      },
      {
        "key": "1Key9",
        "time": 10015
      },
      {
        "key": "1Key8",
        "time": 10527
      },
      {
        "key": "1Key8",
        "time": 11233
      },
      {
        "key": "1Key8",
        "time": 11453
      },
      {
        "key": "1Key9",
        "time": 11708
      },
      {
        "key": "1Key8",
        "time": 11945
      },
      {
        "key": "1Key7",
        "time": 12186
      },
      {
        "key": "1Key6",
        "time": 12454
      },
      {
        "key": "1Key6",
        "time": 13396
      },
      {
        "key": "1Key7",
        "time": 13663
      },
      {
        "key": "1Key6",
        "time": 13912
      },
      {
        "key": "1Key5",
        "time": 14364
      },
      {
        "key": "1Key9",
        "time": 16224
      },
      {
        "key": "1Key9",
        "time": 16679
      },
      {
        "key": "1Key12",
        "time": 17114
      },
      {
        "key": "1Key12",
        "time": 17609
      },
      {
        "key": "1Key10",
        "time": 18136
      },
      {
        "key": "1Key10",
        "time": 18635
      },
      {
        "key": "1Key10",
        "time": 18865
      },
      {
        "key": "1Key9",
        "time": 19392
      },
      {
        "key": "1Key8",
        "time": 19621
      },
      {
        "key": "1Key7",
        "time": 19864
      },
      {
        "key": "1Key8",
        "time": 20130
      },
      {
        "key": "1Key8",
        "time": 20612
      },
      {
        "key": "1Key11",
        "time": 21087
      },
      {
        "key": "1Key11",
        "time": 21568
      },
      {
        "key": "1Key9",
        "time": 22094
      },
      {
        "key": "1Key9",
        "time": 22547
      },
      {
        "key": "1Key9",
        "time": 22783
      },
      {
        "key": "1Key8",
        "time": 23297
      },
      {
        "key": "1Key7",
        "time": 23529
      },
      {
        "key": "1Key8",
        "time": 23756
      },
      {
        "key": "1Key5",
        "time": 24008
      },
      {
        "key": "1Key5",
        "time": 24488
      },
      {
        "key": "1Key4",
        "time": 24748
      },
      {
        "key": "1Key5",
        "time": 25584
      },
      {
        "key": "1Key9",
        "time": 26088
      },
      {
        "key": "1Key8",
        "time": 26555
      },
      {
        "key": "1Key8",
        "time": 27257
      },
      {
        "key": "1Key8",
        "time": 27458
      },
      {
        "key": "1Key9",
        "time": 27735
      },
      {
        "key": "1Key8",
        "time": 27956
      },
      {
        "key": "1Key7",
        "time": 28174
      },
      {
        "key": "1Key6",
        "time": 28430
      },
      {
        "key": "1Key6",
        "time": 29332
      },
      {
        "key": "1Key7",
        "time": 29552
      },
      {
        "key": "1Key6",
        "time": 29799
      },
      {
        "key": "1Key5",
        "time": 30259
      },
      {
        "key": "1Key7",
        "time": 32308
      },
      {
        "key": "1Key5",
        "time": 32755
      },
      {
        "key": "1Key4",
        "time": 33416
      },
      {
        "key": "1Key7",
        "time": 34144
      },
      {
        "key": "1Key5",
        "time": 34629
      },
      {
        "key": "1Key4",
        "time": 35340
      },
      {
        "key": "1Key7",
        "time": 36052
      },
      {
        "key": "1Key6",
        "time": 36536
      },
      {
        "key": "1Key7",
        "time": 37299
      },
      {
        "key": "1Key8",
        "time": 37940
      },
      {
        "key": "1Key9",
        "time": 38211
      },
      {
        "key": "1Key9",
        "time": 38467
      },
      {
        "key": "1Key8",
        "time": 38754
      },
      {
        "key": "1Key7",
        "time": 38965
      },
      {
        "key": "1Key8",
        "time": 39192
      },
      {
        "key": "1Key5",
        "time": 39455
      },
      {
        "key": "1Key7",
        "time": 39953
      },
      {
        "key": "1Key5",
        "time": 40444
      },
      {
        "key": "1Key4",
        "time": 41212
      },
      {
        "key": "1Key7",
        "time": 41962
      },
      {
        "key": "1Key5",
        "time": 42448
      },
      {
        "key": "1Key4",
        "time": 43235
      },
      {
        "key": "1Key7",
        "time": 43899
      },
      {
        "key": "1Key6",
        "time": 44417
      },
      {
        "key": "1Key7",
        "time": 45189
      },
      {
        "key": "1Key8",
        "time": 45945
      },
      {
        "key": "1Key9",
        "time": 46213
      },
      {
        "key": "1Key9",
        "time": 46449
      },
      {
        "key": "1Key8",
        "time": 46715
      },
      {
        "key": "1Key7",
        "time": 46932
      },
      {
        "key": "1Key8",
        "time": 47169
      },
      {
        "key": "1Key9",
        "time": 47400
      },
      {
        "key": "1Key8",
        "time": 47621
      },
      {
        "key": "1Key9",
        "time": 47848
      },
      {
        "key": "1Key8",
        "time": 48088
      },
      {
        "key": "1Key9",
        "time": 48317
      },
      {
        "key": "1Key12",
        "time": 48786
      },
      {
        "key": "1Key10",
        "time": 49199
      },
      {
        "key": "1Key10",
        "time": 49928
      },
      {
        "key": "1Key10",
        "time": 50173
      },
      {
        "key": "1Key9",
        "time": 50461
      },
      {
        "key": "1Key8",
        "time": 50688
      },
      {
        "key": "1Key7",
        "time": 50959
      },
      {
        "key": "1Key6",
        "time": 51433
      },
      {
        "key": "1Key6",
        "time": 51930
      },
      {
        "key": "1Key7",
        "time": 52170
      },
      {
        "key": "1Key8",
        "time": 52445
      },
      {
        "key": "1Key11",
        "time": 52949
      },
      {
        "key": "1Key9",
        "time": 53435
      },
      {
        "key": "1Key9",
        "time": 54129
      },
      {
        "key": "1Key9",
        "time": 54395
      },
      {
        "key": "1Key8",
        "time": 54659
      },
      {
        "key": "1Key7",
        "time": 54895
      },
      {
        "key": "1Key8",
        "time": 55119
      },
      {
        "key": "1Key5",
        "time": 55395
      },
      {
        "key": "1Key5",
        "time": 55908
      },
      {
        "key": "1Key4",
        "time": 56151
      },
      {
        "key": "1Key5",
        "time": 56397
      },
      {
        "key": "1Key9",
        "time": 56904
      },
      {
        "key": "1Key8",
        "time": 57401
      },
      {
        "key": "1Key8",
        "time": 58104
      },
      {
        "key": "1Key8",
        "time": 58355
      },
      {
        "key": "1Key9",
        "time": 58592
      },
      {
        "key": "1Key8",
        "time": 58804
      },
      {
        "key": "1Key7",
        "time": 59050
      },
      {
        "key": "1Key6",
        "time": 59314
      },
      {
        "key": "1Key6",
        "time": 60257
      },
      {
        "key": "1Key7",
        "time": 60462
      },
      {
        "key": "1Key6",
        "time": 60718
      },
      {
        "key": "1Key5",
        "time": 61169
      }
    ]
  }
]