[
	{
		"name": "Lost Boy",
		"bpm": 120,
		"songNotes": [
			{
				"key": "1Key0",
				"time": 700
			},
			{
				"key": "1Key2",
				"time": 700
			},
			{
				"key": "1Key9",
				"time": 700
			},
			{
				"key": "1Key11",
				"time": 1200
			},
			{
				"key": "1Key12",
				"time": 1700
			},
			{
				"key": "1Key9",
				"time": 2200
			},
			{
				"key": "1Key7",
				"time": 3200
			},
			{
				"key": "1Key0",
				"time": 3700
			},
			{
				"key": "1Key4",
				"time": 3700
			},
			{
				"key": "1Key9",
				"time": 3700
			},
			{
				"key": "1Key11",
				"time": 4200
			},
			{
				"key": "1Key12",
				"time": 4700
			},
			{
				"key": "1Key9",
				"time": 5200
			},
			{
				"key": "1Key3",
				"time": 6200
			},
			{
				"key": "1Key5",
				"time": 6200
			},
			{
				"key": "1Key9",
				"time": 6200
			},
			{
				"key": "1Key11",
				"time": 6700
			},
			{
				"key": "1Key12",
				"time": 7200
			},
			{
				"key": "1Key9",
				"time": 7700
			},
			{
				"key": "1Key8",
				"time": 8200
			},
			{
				"key": "1Key7",
				"time": 8700
			},
			{
				"key": "1Key0",
				"time": 9200
			},
			{
				"key": "1Key2",
				"time": 9200
			},
			{
				"key": "1Key9",
				"time": 9200
			},
			{
				"key": "1Key11",
				"time": 9700
			},
			{
				"key": "1Key12",
				"time": 10200
			},
			{
				"key": "1Key9",
				"time": 10700
			},
			{
				"key": "1Key2",
				"time": 11700
			},
			{
				"key": "1Key4",
				"time": 11700
			},
			{
				"key": "1Key9",
				"time": 11700
			},
			{
				"key": "1Key11",
				"time": 12200
			},
			{
				"key": "1Key12",
				"time": 12700
			},
			{
				"key": "1Key14",
				"time": 12700
			},
			{
				"key": "1Key13",
				"time": 13200
			},
			{
				"key": "1Key12",
				"time": 13700
			},
			{
				"key": "1Key0",
				"time": 14200
			},
			{
				"key": "1Key4",
				"time": 14200
			},
			{
				"key": "1Key11",
				"time": 14200
			},
			{
				"key": "1Key9",
				"time": 14700
			},
			{
				"key": "1Key10",
				"time": 15200
			},
			{
				"key": "1Key11",
				"time": 15700
			},
			{
				"key": "1Key7",
				"time": 16700
			},
			{
				"key": "1Key3",
				"time": 17200
			},
			{
				"key": "1Key5",
				"time": 17200
			},
			{
				"key": "1Key12",
				"time": 17200
			},
			{
				"key": "1Key11",
				"time": 17700
			},
			{
				"key": "1Key9",
				"time": 18200
			},
			{
				"key": "1Key11",
				"time": 18700
			},
			{
				"key": "1Key9",
				"time": 19200
			},
			{
				"key": "1Key8",
				"time": 19700
			},
			{
				"key": "1Key0",
				"time": 20200
			},
			{
				"key": "1Key2",
				"time": 20200
			},
			{
				"key": "1Key9",
				"time": 20200
			},
			{
				"key": "1Key8",
				"time": 20700
			},
			{
				"key": "1Key9",
				"time": 21200
			},
			{
				"key": "1Key7",
				"time": 21700
			},
			{
				"key": "1Key2",
				"time": 22700
			},
			{
				"key": "1Key4",
				"time": 22700
			},
			{
				"key": "1Key9",
				"time": 22700
			},
			{
				"key": "1Key11",
				"time": 23200
			},
			{
				"key": "1Key12",
				"time": 23700
			},
			{
				"key": "1Key14",
				"time": 24200
			},
			{
				"key": "1Key13",
				"time": 24700
			},
			{
				"key": "1Key12",
				"time": 25200
			},
			{
				"key": "1Key0",
				"time": 25700
			},
			{
				"key": "1Key2",
				"time": 25700
			},
			{
				"key": "1Key4",
				"time": 25700
			},
			{
				"key": "1Key11",
				"time": 26200
			},
			{
				"key": "1Key9",
				"time": 26700
			},
			{
				"key": "1Key11",
				"time": 27200
			},
			{
				"key": "1Key0",
				"time": 28200
			},
			{
				"key": "1Key3",
				"time": 28200
			},
			{
				"key": "1Key11",
				"time": 28200
			},
			{
				"key": "1Key9",
				"time": 28700
			},
			{
				"key": "1Key8",
				"time": 29200
			},
			{
				"key": "1Key9",
				"time": 29700
			},
			{
				"key": "1Key8",
				"time": 30200
			},
			{
				"key": "1Key0",
				"time": 30700
			},
			{
				"key": "1Key2",
				"time": 30700
			},
			{
				"key": "1Key9",
				"time": 30700
			},
			{
				"key": "1Key7",
				"time": 31200
			},
			{
				"key": "1Key8",
				"time": 31700
			},
			{
				"key": "1Key7",
				"time": 32200
			},
			{
				"key": "1Key2",
				"time": 33200
			},
			{
				"key": "1Key4",
				"time": 33200
			},
			{
				"key": "1Key9",
				"time": 33200
			},
			{
				"key": "1Key11",
				"time": 33700
			},
			{
				"key": "1Key12",
				"time": 34200
			},
			{
				"key": "1Key9",
				"time": 34700
			},
			{
				"key": "1Key8",
				"time": 35200
			},
			{
				"key": "1Key7",
				"time": 35700
			},
			{
				"key": "1Key0",
				"time": 36200
			},
			{
				"key": "1Key4",
				"time": 36200
			},
			{
				"key": "1Key9",
				"time": 36200
			},
			{
				"key": "1Key10",
				"time": 36700
			},
			{
				"key": "1Key11",
				"time": 37200
			},
			{
				"key": "1Key3",
				"time": 38200
			},
			{
				"key": "1Key5",
				"time": 38200
			},
			{
				"key": "1Key12",
				"time": 38200
			},
			{
				"key": "1Key14",
				"time": 38700
			},
			{
				"key": "1Key11",
				"time": 39200
			},
			{
				"key": "1Key12",
				"time": 39200
			},
			{
				"key": "1Key9",
				"time": 39700
			},
			{
				"key": "1Key8",
				"time": 40200
			},
			{
				"key": "1Key0",
				"time": 40700
			},
			{
				"key": "1Key2",
				"time": 40700
			},
			{
				"key": "1Key9",
				"time": 40700
			},
			{
				"key": "1Key8",
				"time": 41200
			},
			{
				"key": "1Key7",
				"time": 41700
			},
			{
				"key": "1Key7",
				"time": 42200
			},
			{
				"key": "1Key8",
				"time": 42700
			},
			{
				"key": "1Key9",
				"time": 43200
			},
			{
				"key": "1Key2",
				"time": 43700
			},
			{
				"key": "1Key5",
				"time": 43700
			},
			{
				"key": "1Key7",
				"time": 43700
			},
			{
				"key": "1Key7",
				"time": 45700
			},
			{
				"key": "1Key9",
				"time": 45700
			},
			{
				"key": "1Key5",
				"time": 46700
			},
			{
				"key": "1Key8",
				"time": 46700
			},
			{
				"key": "1Key5",
				"time": 47200
			},
			{
				"key": "1Key8",
				"time": 47200
			},
			{
				"key": "1Key0",
				"time": 48200
			},
			{
				"key": "1Key2",
				"time": 48200
			},
			{
				"key": "1Key4",
				"time": 48200
			},
			{
				"key": "1Key8",
				"time": 48200
			},
			{
				"key": "1Key4",
				"time": 49200
			},
			{
				"key": "1Key8",
				"time": 49200
			},
			{
				"key": "1Key4",
				"time": 50200
			},
			{
				"key": "1Key8",
				"time": 50200
			},
			{
				"key": "1Key4",
				"time": 50700
			},
			{
				"key": "1Key8",
				"time": 50700
			},
			{
				"key": "1Key7",
				"time": 52200
			},
			{
				"key": "1Key9",
				"time": 52200
			},
			{
				"key": "1Key3",
				"time": 53200
			},
			{
				"key": "1Key5",
				"time": 53200
			},
			{
				"key": "1Key7",
				"time": 53200
			},
			{
				"key": "1Key4",
				"time": 54700
			},
			{
				"key": "1Key8",
				"time": 54700
			},
			{
				"key": "1Key7",
				"time": 55200
			},
			{
				"key": "1Key9",
				"time": 55200
			},
			{
				"key": "1Key4",
				"time": 56200
			},
			{
				"key": "1Key8",
				"time": 56200
			},
			{
				"key": "1Key4",
				"time": 56700
			},
			{
				"key": "1Key8",
				"time": 56700
			},
			{
				"key": "1Key4",
				"time": 57700
			},
			{
				"key": "1Key8",
				"time": 57700
			},
			{
				"key": "1Key0",
				"time": 58200
			},
			{
				"key": "1Key2",
				"time": 58200
			},
			{
				"key": "1Key4",
				"time": 58200
			},
			{
				"key": "1Key9",
				"time": 58200
			},
			{
				"key": "1Key11",
				"time": 58200
			},
			{
				"key": "1Key9",
				"time": 59200
			},
			{
				"key": "1Key11",
				"time": 59200
			},
			{
				"key": "1Key7",
				"time": 59700
			},
			{
				"key": "1Key9",
				"time": 59700
			},
			{
				"key": "1Key6",
				"time": 60700
			},
			{
				"key": "1Key8",
				"time": 60700
			},
			{
				"key": "1Key5",
				"time": 61700
			},
			{
				"key": "1Key7",
				"time": 61700
			},
			{
				"key": "1Key5",
				"time": 62700
			},
			{
				"key": "1Key7",
				"time": 62700
			},
			{
				"key": "1Key3",
				"time": 63200
			},
			{
				"key": "1Key5",
				"time": 63200
			},
			{
				"key": "1Key9",
				"time": 63200
			},
			{
				"key": "1Key12",
				"time": 63200
			},
			{
				"key": "1Key9",
				"time": 65200
			},
			{
				"key": "1Key11",
				"time": 65200
			},
			{
				"key": "1Key12",
				"time": 67200
			},
			{
				"key": "1Key14",
				"time": 67200
			},
			{
				"key": "1Key6",
				"time": 69200
			},
			{
				"key": "1Key8",
				"time": 69200
			},
			{
				"key": "1Key6",
				"time": 70700
			},
			{
				"key": "1Key8",
				"time": 70700
			},
			{
				"key": "1Key1",
				"time": 71200
			},
			{
				"key": "1Key4",
				"time": 71200
			},
			{
				"key": "1Key6",
				"time": 71200
			},
			{
				"key": "1Key6",
				"time": 75200
			},
			{
				"key": "1Key4",
				"time": 75700
			},
			{
				"key": "1Key6",
				"time": 76200
			},
			{
				"key": "1Key8",
				"time": 76700
			},
			{
				"key": "1Key13",
				"time": 77200
			},
			{
				"key": "1Key11",
				"time": 77700
			},
			{
				"key": "1Key13",
				"time": 78200
			},
			{
				"key": "1Key14",
				"time": 78700
			},
			{
				"key": "1Key0",
				"time": 79200
			},
			{
				"key": "1Key2",
				"time": 79200
			},
			{
				"key": "1Key5",
				"time": 79200
			},
			{
				"key": "1Key9",
				"time": 79700
			},
			{
				"key": "1Key8",
				"time": 80200
			},
			{
				"key": "1Key9",
				"time": 80700
			},
			{
				"key": "1Key0",
				"time": 81200
			},
			{
				"key": "1Key2",
				"time": 81200
			},
			{
				"key": "1Key5",
				"time": 81200
			},
			{
				"key": "1Key11",
				"time": 81200
			},
			{
				"key": "1Key7",
				"time": 81700
			},
			{
				"key": "1Key2",
				"time": 82200
			},
			{
				"key": "1Key4",
				"time": 82200
			},
			{
				"key": "1Key7",
				"time": 82200
			},
			{
				"key": "1Key9",
				"time": 82700
			},
			{
				"key": "1Key8",
				"time": 83200
			},
			{
				"key": "1Key11",
				"time": 83700
			},
			{
				"key": "1Key2",
				"time": 84200
			},
			{
				"key": "1Key4",
				"time": 84200
			},
			{
				"key": "1Key7",
				"time": 84200
			},
			{
				"key": "1Key9",
				"time": 84200
			},
			{
				"key": "1Key0",
				"time": 85200
			},
			{
				"key": "1Key3",
				"time": 85200
			},
			{
				"key": "1Key5",
				"time": 85200
			},
			{
				"key": "1Key10",
				"time": 85200
			},
			{
				"key": "1Key9",
				"time": 85700
			},
			{
				"key": "1Key10",
				"time": 86200
			},
			{
				"key": "1Key9",
				"time": 86700
			},
			{
				"key": "1Key0",
				"time": 87200
			},
			{
				"key": "1Key3",
				"time": 87200
			},
			{
				"key": "1Key5",
				"time": 87200
			},
			{
				"key": "1Key10",
				"time": 87200
			},
			{
				"key": "1Key7",
				"time": 87700
			},
			{
				"key": "1Key0",
				"time": 88200
			},
			{
				"key": "1Key2",
				"time": 88200
			},
			{
				"key": "1Key4",
				"time": 88200
			},
			{
				"key": "1Key9",
				"time": 88700
			},
			{
				"key": "1Key11",
				"time": 89200
			},
			{
				"key": "1Key0",
				"time": 89700
			},
			{
				"key": "1Key2",
				"time": 89700
			},
			{
				"key": "1Key4",
				"time": 89700
			},
			{
				"key": "1Key9",
				"time": 89700
			},
			{
				"key": "1Key8",
				"time": 90200
			},
			{
				"key": "1Key0",
				"time": 91200
			},
			{
				"key": "1Key2",
				"time": 91200
			},
			{
				"key": "1Key5",
				"time": 91200
			},
			{
				"key": "1Key9",
				"time": 91700
			},
			{
				"key": "1Key8",
				"time": 92200
			},
			{
				"key": "1Key9",
				"time": 92700
			},
			{
				"key": "1Key0",
				"time": 93200
			},
			{
				"key": "1Key2",
				"time": 93200
			},
			{
				"key": "1Key5",
				"time": 93200
			},
			{
				"key": "1Key11",
				"time": 93200
			},
			{
				"key": "1Key11",
				"time": 93700
			},
			{
				"key": "1Key2",
				"time": 94200
			},
			{
				"key": "1Key4",
				"time": 94200
			},
			{
				"key": "1Key6",
				"time": 94200
			},
			{
				"key": "1Key12",
				"time": 94200
			},
			{
				"key": "1Key11",
				"time": 94700
			},
			{
				"key": "1Key9",
				"time": 95200
			},
			{
				"key": "1Key8",
				"time": 95700
			},
			{
				"key": "1Key2",
				"time": 96200
			},
			{
				"key": "1Key4",
				"time": 96200
			},
			{
				"key": "1Key7",
				"time": 96200
			},
			{
				"key": "1Key9",
				"time": 96200
			},
			{
				"key": "1Key0",
				"time": 97200
			},
			{
				"key": "1Key3",
				"time": 97200
			},
			{
				"key": "1Key5",
				"time": 97200
			},
			{
				"key": "1Key10",
				"time": 97200
			},
			{
				"key": "1Key9",
				"time": 97700
			},
			{
				"key": "1Key10",
				"time": 98200
			},
			{
				"key": "1Key9",
				"time": 98700
			},
			{
				"key": "1Key0",
				"time": 99200
			},
			{
				"key": "1Key3",
				"time": 99200
			},
			{
				"key": "1Key5",
				"time": 99200
			},
			{
				"key": "1Key10",
				"time": 99200
			},
			{
				"key": "1Key7",
				"time": 99700
			},
			{
				"key": "1Key0",
				"time": 100200
			},
			{
				"key": "1Key2",
				"time": 100200
			},
			{
				"key": "1Key4",
				"time": 100200
			},
			{
				"key": "1Key9",
				"time": 100700
			},
			{
				"key": "1Key11",
				"time": 101200
			},
			{
				"key": "1Key0",
				"time": 101700
			},
			{
				"key": "1Key2",
				"time": 101700
			},
			{
				"key": "1Key4",
				"time": 101700
			},
			{
				"key": "1Key9",
				"time": 101700
			},
			{
				"key": "1Key3",
				"time": 102200
			},
			{
				"key": "1Key2",
				"time": 102700
			},
			{
				"key": "1Key0",
				"time": 103200
			},
			{
				"key": "1Key2",
				"time": 103200
			},
			{
				"key": "1Key5",
				"time": 103200
			},
			{
				"key": "1Key14",
				"time": 103200
			},
			{
				"key": "1Key0",
				"time": 104200
			},
			{
				"key": "1Key2",
				"time": 104200
			},
			{
				"key": "1Key5",
				"time": 104200
			},
			{
				"key": "1Key13",
				"time": 104200
			},
			{
				"key": "1Key0",
				"time": 105200
			},
			{
				"key": "1Key2",
				"time": 105200
			},
			{
				"key": "1Key4",
				"time": 105200
			},
			{
				"key": "1Key12",
				"time": 105200
			},
			{
				"key": "1Key0",
				"time": 106200
			},
			{
				"key": "1Key2",
				"time": 106200
			},
			{
				"key": "1Key4",
				"time": 106200
			},
			{
				"key": "1Key11",
				"time": 106200
			},
			{
				"key": "1Key0",
				"time": 107200
			},
			{
				"key": "1Key3",
				"time": 107200
			},
			{
				"key": "1Key5",
				"time": 107200
			},
			{
				"key": "1Key11",
				"time": 108200
			},
			{
				"key": "1Key0",
				"time": 108700
			},
			{
				"key": "1Key3",
				"time": 108700
			},
			{
				"key": "1Key5",
				"time": 108700
			},
			{
				"key": "1Key10",
				"time": 108700
			},
			{
				"key": "1Key11",
				"time": 108700
			},
			{
				"key": "1Key12",
				"time": 109700
			},
			{
				"key": "1Key9",
				"time": 110200
			},
			{
				"key": "1Key0",
				"time": 110700
			},
			{
				"key": "1Key2",
				"time": 110700
			},
			{
				"key": "1Key4",
				"time": 110700
			},
			{
				"key": "1Key8",
				"time": 111200
			},
			{
				"key": "1Key9",
				"time": 111700
			},
			{
				"key": "1Key8",
				"time": 112200
			},
			{
				"key": "1Key0",
				"time": 112700
			},
			{
				"key": "1Key2",
				"time": 112700
			},
			{
				"key": "1Key4",
				"time": 112700
			},
			{
				"key": "1Key7",
				"time": 112700
			},
			{
				"key": "1Key7",
				"time": 113700
			},
			{
				"key": "1Key0",
				"time": 114200
			},
			{
				"key": "1Key2",
				"time": 114200
			},
			{
				"key": "1Key5",
				"time": 114200
			},
			{
				"key": "1Key14",
				"time": 114200
			},
			{
				"key": "1Key0",
				"time": 115200
			},
			{
				"key": "1Key2",
				"time": 115200
			},
			{
				"key": "1Key5",
				"time": 115200
			},
			{
				"key": "1Key13",
				"time": 115200
			},
			{
				"key": "1Key0",
				"time": 116200
			},
			{
				"key": "1Key2",
				"time": 116200
			},
			{
				"key": "1Key4",
				"time": 116200
			},
			{
				"key": "1Key12",
				"time": 116200
			},
			{
				"key": "1Key0",
				"time": 117200
			},
			{
				"key": "1Key2",
				"time": 117200
			},
			{
				"key": "1Key4",
				"time": 117200
			},
			{
				"key": "1Key11",
				"time": 117200
			},
			{
				"key": "1Key0",
				"time": 118200
			},
			{
				"key": "1Key3",
				"time": 118200
			},
			{
				"key": "1Key5",
				"time": 118200
			},
			{
				"key": "1Key11",
				"time": 119200
			},
			{
				"key": "1Key9",
				"time": 119700
			},
			{
				"key": "1Key0",
				"time": 120200
			},
			{
				"key": "1Key3",
				"time": 120200
			},
			{
				"key": "1Key5",
				"time": 120200
			},
			{
				"key": "1Key11",
				"time": 120200
			},
			{
				"key": "1Key12",
				"time": 121200
			},
			{
				"key": "1Key9",
				"time": 121700
			},
			{
				"key": "1Key0",
				"time": 122200
			},
			{
				"key": "1Key2",
				"time": 122200
			},
			{
				"key": "1Key4",
				"time": 122200
			},
			{
				"key": "1Key8",
				"time": 122700
			},
			{
				"key": "1Key9",
				"time": 123200
			},
			{
				"key": "1Key8",
				"time": 123700
			},
			{
				"key": "1Key0",
				"time": 124200
			},
			{
				"key": "1Key2",
				"time": 124200
			},
			{
				"key": "1Key4",
				"time": 124200
			},
			{
				"key": "1Key7",
				"time": 124200
			},
			{
				"key": "1Key0",
				"time": 125200
			},
			{
				"key": "1Key2",
				"time": 125200
			},
			{
				"key": "1Key5",
				"time": 125200
			},
			{
				"key": "1Key9",
				"time": 125200
			},
			{
				"key": "1Key11",
				"time": 125700
			},
			{
				"key": "1Key11",
				"time": 126200
			},
			{
				"key": "1Key9",
				"time": 126700
			},
			{
				"key": "1Key11",
				"time": 127200
			},
			{
				"key": "1Key7",
				"time": 128200
			},
			{
				"key": "1Key0",
				"time": 128700
			},
			{
				"key": "1Key2",
				"time": 128700
			},
			{
				"key": "1Key4",
				"time": 128700
			},
			{
				"key": "1Key9",
				"time": 128700
			},
			{
				"key": "1Key11",
				"time": 129200
			},
			{
				"key": "1Key11",
				"time": 129700
			},
			{
				"key": "1Key11",
				"time": 130200
			},
			{
				"key": "1Key7",
				"time": 131700
			},
			{
				"key": "1Key0",
				"time": 132200
			},
			{
				"key": "1Key2",
				"time": 132200
			},
			{
				"key": "1Key5",
				"time": 132200
			},
			{
				"key": "1Key9",
				"time": 132200
			},
			{
				"key": "1Key11",
				"time": 132700
			},
			{
				"key": "1Key12",
				"time": 133200
			},
			{
				"key": "1Key9",
				"time": 133700
			},
			{
				"key": "1Key8",
				"time": 134200
			},
			{
				"key": "1Key7",
				"time": 134700
			},
			{
				"key": "1Key0",
				"time": 135200
			},
			{
				"key": "1Key2",
				"time": 135200
			},
			{
				"key": "1Key4",
				"time": 135200
			},
			{
				"key": "1Key7",
				"time": 135200
			},
			{
				"key": "1Key1",
				"time": 136700
			},
			{
				"key": "1Key3",
				"time": 136700
			},
			{
				"key": "1Key5",
				"time": 136700
			},
			{
				"key": "1Key1",
				"time": 137200
			},
			{
				"key": "1Key3",
				"time": 137200
			},
			{
				"key": "1Key0",
				"time": 137700
			},
			{
				"key": "1Key2",
				"time": 137700
			},
			{
				"key": "1Key0",
				"time": 138200
			},
			{
				"key": "1Key2",
				"time": 138200
			},
			{
				"key": "1Key5",
				"time": 138200
			},
			{
				"key": "1Key9",
				"time": 138200
			},
			{
				"key": "1Key11",
				"time": 138700
			},
			{
				"key": "1Key11",
				"time": 139200
			},
			{
				"key": "1Key9",
				"time": 139700
			},
			{
				"key": "1Key11",
				"time": 140200
			},
			{
				"key": "1Key7",
				"time": 141200
			},
			{
				"key": "1Key0",
				"time": 141700
			},
			{
				"key": "1Key2",
				"time": 141700
			},
			{
				"key": "1Key4",
				"time": 141700
			},
			{
				"key": "1Key9",
				"time": 141700
			},
			{
				"key": "1Key11",
				"time": 142200
			},
			{
				"key": "1Key11",
				"time": 142700
			},
			{
				"key": "1Key11",
				"time": 143200
			},
			{
				"key": "1Key7",
				"time": 144700
			},
			{
				"key": "1Key0",
				"time": 145200
			},
			{
				"key": "1Key3",
				"time": 145200
			},
			{
				"key": "1Key5",
				"time": 145200
			},
			{
				"key": "1Key9",
				"time": 145200
			},
			{
				"key": "1Key11",
				"time": 145700
			},
			{
				"key": "1Key12",
				"time": 146200
			},
			{
				"key": "1Key9",
				"time": 146700
			},
			{
				"key": "1Key8",
				"time": 147200
			},
			{
				"key": "1Key7",
				"time": 147700
			},
			{
				"key": "1Key0",
				"time": 148200
			},
			{
				"key": "1Key2",
				"time": 148200
			},
			{
				"key": "1Key4",
				"time": 148200
			},
			{
				"key": "1Key7",
				"time": 148200
			}
		]
	}
]