[
  {
    "name": "CharSkyKid_Wing_ClassicOne_Default",
    "shader": "AvatarTranslucent"
  },
  {
    "name": "CharSkyKid_Wing_ClassicOne_TGCBlue",
    "shader": "AvatarTranslucent"
  },
  {
    "name": "CharSkyKid_Wing_ClassicOne_TGCBlue$",
    "shader": "AvatarTranslucent"
  },
  {
    "name": "CharSkyKid_Wing_ClassicOne_TGCBlueSTAR",
    "shader": "AvatarTranslucent"
  },
  {
    "name": "CharSkyKid_Wing_ClassicOne_Orange",
    "shader": "AvatarTranslucent"
  },
  {
    "name": "CharSkyKid_Wing_ClassicOne_Yellow",
    "shader": "AvatarTranslucent"
  },
  {
    "name": "CharSkyKid_Wing_ClassicOne_Red",
    "shader": "AvatarTranslucent"
  },
  {
    "name": "CharSkyKid_Wing_ClassicOne_Beige",
    "shader": "AvatarTranslucent"
  },
  {
    "name": "CharSkyKid_Wing_ClassicOne_Teal",
    "shader": "AvatarTranslucent"
  },
  {
    "name": "CharSkyKid_Wing_ClassicOne_Ancestor",
    "shader": "AvatarTranslucent"
  },
  {
    "name": "CharSkyKid_Wing_ClassicOne_Purple",
    "shader": "AvatarTranslucent"
  },
  {
    "name": "CharSkyKid_Wing_ClassicOne_Pink",
    "shader": "AvatarTranslucent"
  },
  {
    "name": "CharSkyKid_Wing_ClassicOne_Black",
    "shader": "AvatarTranslucent"
  },
  {
    "name": "CharSkyKid_Wing_ClassicOne_White",
    "shader": "AvatarTranslucent"
  },
  {
    "name": "CharSkyKid_Wing_ClassicTwo_Default",
    "shader": "AvatarTranslucent"
  },
  {
    "name": "CharSkyKid_Wing_ClassicTwo_Orange",
    "shader": "AvatarTranslucent"
  },
  {
    "name": "CharSkyKid_Wing_ClassicTwo_Yellow",
    "shader": "AvatarTranslucent"
  },
  {
    "name": "CharSkyKid_Wing_ClassicTwo_Red",
    "shader": "AvatarTranslucent"
  },
  {
    "name": "CharSkyKid_Wing_ClassicTwo_Beige",
    "shader": "AvatarTranslucent"
  },
  {
    "name": "CharSkyKid_Wing_ClassicTwo_Teal",
    "shader": "AvatarTranslucent"
  },
  {
    "name": "CharSkyKid_Wing_ClassicTwo_Ancestor",
    "shader": "AvatarTranslucent"
  },
  {
    "name": "CharSkyKid_Wing_ClassicTwo_Purple",
    "shader": "AvatarTranslucent"
  },
  {
    "name": "CharSkyKid_Wing_ClassicTwo_Pink",
    "shader": "AvatarTranslucent"
  },
  {
    "name": "CharSkyKid_Wing_ClassicTwo_Black",
    "shader": "AvatarTranslucent"
  },
  {
    "name": "CharSkyKid_Wing_ClassicTwo_White",
    "shader": "AvatarTranslucent"
  },
  {
    "name": "CharSkyKid_Wing_ClassicOne_EarthDay",
    "shader": "AvatarTranslucent"
  }
]