[
  {
    "name": "Adventure Time - Time Adventure",
    "bpm": 450,
    "songNotes": [
      {
        "key": "1Key0",
        "time": 100
      },
      {
        "key": "1Key2",
        "time": 632
      },
      {
        "key": "1Key6",
        "time": 632
      },
      {
        "key": "1Key5",
        "time": 1164
      },
      {
        "key": "1Key2",
        "time": 1164
      },
      {
        "key": "1Key0",
        "time": 3425
      },
      {
        "key": "1Key6",
        "time": 3957
      },
      {
        "key": "1Key2",
        "time": 3957
      },
      {
        "key": "1Key2",
        "time": 4489
      },
      {
        "key": "1Key5",
        "time": 4489
      },
      {
        "key": "1Key3",
        "time": 6750
      },
      {
        "key": "1Key9",
        "time": 7282
      },
      {
        "key": "1Key5",
        "time": 7282
      },
      {
        "key": "1Key8",
        "time": 7814
      },
      {
        "key": "1Key5",
        "time": 7814
      },
      {
        "key": "1Key3",
        "time": 10075
      },
      {
        "key": "1Key9",
        "time": 10607
      },
      {
        "key": "1Key5",
        "time": 10607
      },
      {
        "key": "1Key5",
        "time": 11139
      },
      {
        "key": "1Key8",
        "time": 11139
      },
      {
        "key": "1Key0",
        "time": 13267
      },
      {
        "key": "1Key6",
        "time": 13799
      },
      {
        "key": "1Key2",
        "time": 13799
      },
      {
        "key": "1Key5",
        "time": 14331
      },
      {
        "key": "1Key2",
        "time": 14331
      },
      {
        "key": "1Key0",
        "time": 16459
      },
      {
        "key": "1Key2",
        "time": 16991
      },
      {
        "key": "1Key6",
        "time": 16991
      },
      {
        "key": "1Key5",
        "time": 17523
      },
      {
        "key": "1Key2",
        "time": 17523
      },
      {
        "key": "1Key3",
        "time": 19651
      },
      {
        "key": "1Key5",
        "time": 20183
      },
      {
        "key": "1Key9",
        "time": 20183
      },
      {
        "key": "1Key8",
        "time": 20715
      },
      {
        "key": "1Key5",
        "time": 20715
      },
      {
        "key": "1Key3",
        "time": 22843
      },
      {
        "key": "1Key5",
        "time": 23375
      },
      {
        "key": "1Key9",
        "time": 23375
      },
      {
        "key": "1Key5",
        "time": 23907
      },
      {
        "key": "1Key8",
        "time": 23907
      },
      {
        "key": "1Key0",
        "time": 26035
      },
      {
        "key": "1Key2",
        "time": 26168
      },
      {
        "key": "1Key3",
        "time": 26301
      },
      {
        "key": "1Key5",
        "time": 26434
      },
      {
        "key": "1Key5",
        "time": 27099
      },
      {
        "key": "1Key6",
        "time": 27398
      },
      {
        "key": "1Key7",
        "time": 27697
      },
      {
        "key": "1Key8",
        "time": 27996
      },
      {
        "key": "1Key3",
        "time": 28262
      },
      {
        "key": "1Key4",
        "time": 28395
      },
      {
        "key": "1Key6",
        "time": 28528
      },
      {
        "key": "1Key9",
        "time": 28661
      },
      {
        "key": "1Key8",
        "time": 29193
      },
      {
        "key": "1Key7",
        "time": 29758
      },
      {
        "key": "1Key6",
        "time": 30323
      },
      {
        "key": "1Key0",
        "time": 30855
      },
      {
        "key": "1Key2",
        "time": 30988
      },
      {
        "key": "1Key4",
        "time": 31121
      },
      {
        "key": "1Key5",
        "time": 31952
      },
      {
        "key": "1Key2",
        "time": 32750
      },
      {
        "key": "1Key0",
        "time": 34745
      },
      {
        "key": "1Key2",
        "time": 34878
      },
      {
        "key": "1Key3",
        "time": 35011
      },
      {
        "key": "1Key5",
        "time": 35144
      },
      {
        "key": "1Key6",
        "time": 35709
      },
      {
        "key": "1Key7",
        "time": 36008
      },
      {
        "key": "1Key8",
        "time": 36307
      },
      {
        "key": "1Key3",
        "time": 36606
      },
      {
        "key": "1Key4",
        "time": 36739
      },
      {
        "key": "1Key6",
        "time": 36872
      },
      {
        "key": "1Key9",
        "time": 37005
      },
      {
        "key": "1Key8",
        "time": 37703
      },
      {
        "key": "1Key11",
        "time": 38268
      },
      {
        "key": "1Key10",
        "time": 38833
      },
      {
        "key": "1Key0",
        "time": 39365
      },
      {
        "key": "1Key4",
        "time": 39498
      },
      {
        "key": "1Key6",
        "time": 39631
      },
      {
        "key": "1Key9",
        "time": 39764
      },
      {
        "key": "1Key6",
        "time": 40595
      },
      {
        "key": "1Key5",
        "time": 41426
      },
      {
        "key": "1Key0",
        "time": 43421
      },
      {
        "key": "1Key2",
        "time": 43554
      },
      {
        "key": "1Key3",
        "time": 43687
      },
      {
        "key": "1Key5",
        "time": 43820
      },
      {
        "key": "1Key6",
        "time": 44385
      },
      {
        "key": "1Key7",
        "time": 44684
      },
      {
        "key": "1Key8",
        "time": 44983
      },
      {
        "key": "1Key3",
        "time": 45282
      },
      {
        "key": "1Key4",
        "time": 45415
      },
      {
        "key": "1Key6",
        "time": 45548
      },
      {
        "key": "1Key9",
        "time": 45681
      },
      {
        "key": "1Key8",
        "time": 46213
      },
      {
        "key": "1Key7",
        "time": 46745
      },
      {
        "key": "1Key6",
        "time": 47210
      },
      {
        "key": "1Key0",
        "time": 47742
      },
      {
        "key": "1Key2",
        "time": 47875
      },
      {
        "key": "1Key4",
        "time": 48008
      },
      {
        "key": "1Key5",
        "time": 48806
      },
      {
        "key": "1Key2",
        "time": 49604
      },
      {
        "key": "1Key5",
        "time": 51333
      },
      {
        "key": "1Key7",
        "time": 51732
      },
      {
        "key": "1Key3",
        "time": 51732
      },
      {
        "key": "1Key6",
        "time": 51998
      },
      {
        "key": "1Key7",
        "time": 52397
      },
      {
        "key": "1Key6",
        "time": 52796
      },
      {
        "key": "1Key4",
        "time": 53461
      },
      {
        "key": "1Key7",
        "time": 53461
      },
      {
        "key": "1Key6",
        "time": 53727
      },
      {
        "key": "1Key7",
        "time": 54126
      },
      {
        "key": "1Key6",
        "time": 54525
      },
      {
        "key": "1Key0",
        "time": 54924
      },
      {
        "key": "1Key2",
        "time": 55057
      },
      {
        "key": "1Key7",
        "time": 55190
      },
      {
        "key": "1Key6",
        "time": 55888
      },
      {
        "key": "1Key5",
        "time": 56553
      },
      {
        "key": "1Key7",
        "time": 58681
      },
      {
        "key": "1Key3",
        "time": 58681
      },
      {
        "key": "1Key6",
        "time": 58947
      },
      {
        "key": "1Key7",
        "time": 59346
      },
      {
        "key": "1Key6",
        "time": 59745
      },
      {
        "key": "1Key7",
        "time": 60410
      },
      {
        "key": "1Key4",
        "time": 60410
      },
      {
        "key": "1Key6",
        "time": 60676
      },
      {
        "key": "1Key7",
        "time": 61075
      },
      {
        "key": "1Key6",
        "time": 61474
      },
      {
        "key": "1Key0",
        "time": 62006
      },
      {
        "key": "1Key2",
        "time": 62139
      },
      {
        "key": "1Key7",
        "time": 62272
      },
      {
        "key": "1Key6",
        "time": 62970
      },
      {
        "key": "1Key5",
        "time": 63768
      },
      {
        "key": "1Key3",
        "time": 65896
      },
      {
        "key": "1Key7",
        "time": 65896
      },
      {
        "key": "1Key1",
        "time": 65896
      },
      {
        "key": "1Key6",
        "time": 66161
      },
      {
        "key": "1Key7",
        "time": 66560
      },
      {
        "key": "1Key6",
        "time": 66959
      },
      {
        "key": "1Key1",
        "time": 67624
      },
      {
        "key": "1Key7",
        "time": 67624
      },
      {
        "key": "1Key4",
        "time": 67624
      },
      {
        "key": "1Key6",
        "time": 67889
      },
      {
        "key": "1Key7",
        "time": 68288
      },
      {
        "key": "1Key6",
        "time": 68687
      },
      {
        "key": "1Key0",
        "time": 69219
      },
      {
        "key": "1Key2",
        "time": 69352
      },
      {
        "key": "1Key7",
        "time": 69485
      },
      {
        "key": "1Key6",
        "time": 70150
      },
      {
        "key": "1Key5",
        "time": 70848
      },
      {
        "key": "1Key1",
        "time": 73109
      },
      {
        "key": "1Key3",
        "time": 73109
      },
      {
        "key": "1Key7",
        "time": 73109
      },
      {
        "key": "1Key6",
        "time": 73374
      },
      {
        "key": "1Key7",
        "time": 73773
      },
      {
        "key": "1Key6",
        "time": 74172
      },
      {
        "key": "1Key7",
        "time": 74837
      },
      {
        "key": "1Key4",
        "time": 74837
      },
      {
        "key": "1Key1",
        "time": 74837
      },
      {
        "key": "1Key6",
        "time": 75102
      },
      {
        "key": "1Key7",
        "time": 75501
      },
      {
        "key": "1Key6",
        "time": 75900
      },
      {
        "key": "1Key0",
        "time": 76432
      },
      {
        "key": "1Key2",
        "time": 76565
      },
      {
        "key": "1Key7",
        "time": 76698
      },
      {
        "key": "1Key6",
        "time": 77396
      },
      {
        "key": "1Key5",
        "time": 78227
      },
      {
        "key": "1Key7",
        "time": 79557
      },
      {
        "key": "1Key6",
        "time": 79823
      },
      {
        "key": "1Key1",
        "time": 80621
      },
      {
        "key": "1Key5",
        "time": 81020
      },
      {
        "key": "1Key9",
        "time": 81419
      },
      {
        "key": "1Key7",
        "time": 81419
      },
      {
        "key": "1Key3",
        "time": 82017
      },
      {
        "key": "1Key4",
        "time": 82150
      },
      {
        "key": "1Key6",
        "time": 82283
      },
      {
        "key": "1Key9",
        "time": 82416
      },
      {
        "key": "1Key8",
        "time": 83081
      },
      {
        "key": "1Key7",
        "time": 83746
      },
      {
        "key": "1Key0",
        "time": 84211
      },
      {
        "key": "1Key2",
        "time": 84344
      },
      {
        "key": "1Key6",
        "time": 84477
      },
      {
        "key": "1Key7",
        "time": 85009
      },
      {
        "key": "1Key8",
        "time": 85674
      },
      {
        "key": "1Key6",
        "time": 86106
      },
      {
        "key": "1Key5",
        "time": 86771
      },
      {
        "key": "1Key1",
        "time": 88101
      },
      {
        "key": "1Key5",
        "time": 88500
      },
      {
        "key": "1Key7",
        "time": 88899
      },
      {
        "key": "1Key9",
        "time": 88899
      },
      {
        "key": "1Key3",
        "time": 89564
      },
      {
        "key": "1Key4",
        "time": 89697
      },
      {
        "key": "1Key6",
        "time": 89830
      },
      {
        "key": "1Key9",
        "time": 89963
      },
      {
        "key": "1Key8",
        "time": 90628
      },
      {
        "key": "1Key7",
        "time": 91293
      },
      {
        "key": "1Key0",
        "time": 91725
      },
      {
        "key": "1Key6",
        "time": 91725
      },
      {
        "key": "1Key11",
        "time": 91725
      },
      {
        "key": "1Key10",
        "time": 92390
      },
      {
        "key": "1Key9",
        "time": 93055
      },
      {
        "key": "1Key8",
        "time": 93454
      },
      {
        "key": "1Key4",
        "time": 93454
      },
      {
        "key": "1Key9",
        "time": 94119
      },
      {
        "key": "1Key1",
        "time": 95582
      },
      {
        "key": "1Key5",
        "time": 95981
      },
      {
        "key": "1Key9",
        "time": 96380
      },
      {
        "key": "1Key7",
        "time": 96380
      },
      {
        "key": "1Key3",
        "time": 97045
      },
      {
        "key": "1Key4",
        "time": 97178
      },
      {
        "key": "1Key6",
        "time": 97311
      },
      {
        "key": "1Key9",
        "time": 97444
      },
      {
        "key": "1Key8",
        "time": 98109
      },
      {
        "key": "1Key7",
        "time": 98774
      },
      {
        "key": "1Key0",
        "time": 99173
      },
      {
        "key": "1Key2",
        "time": 99306
      },
      {
        "key": "1Key6",
        "time": 99439
      },
      {
        "key": "1Key7",
        "time": 100004
      },
      {
        "key": "1Key8",
        "time": 100669
      },
      {
        "key": "1Key6",
        "time": 101068
      },
      {
        "key": "1Key5",
        "time": 101733
      },
      {
        "key": "1Key5",
        "time": 102531
      },
      {
        "key": "1Key1",
        "time": 103063
      },
      {
        "key": "1Key3",
        "time": 103129
      },
      {
        "key": "1Key7",
        "time": 103195
      },
      {
        "key": "1Key6",
        "time": 103394
      },
      {
        "key": "1Key7",
        "time": 103793
      },
      {
        "key": "1Key6",
        "time": 104258
      },
      {
        "key": "1Key1",
        "time": 104923
      },
      {
        "key": "1Key7",
        "time": 104923
      },
      {
        "key": "1Key4",
        "time": 104923
      },
      {
        "key": "1Key6",
        "time": 105221
      },
      {
        "key": "1Key7",
        "time": 105620
      },
      {
        "key": "1Key6",
        "time": 106085
      },
      {
        "key": "1Key0",
        "time": 106617
      },
      {
        "key": "1Key2",
        "time": 106750
      },
      {
        "key": "1Key7",
        "time": 106883
      },
      {
        "key": "1Key6",
        "time": 107548
      },
      {
        "key": "1Key5",
        "time": 108213
      },
      {
        "key": "1Key1",
        "time": 110873
      },
      {
        "key": "1Key3",
        "time": 110873
      },
      {
        "key": "1Key3",
        "time": 111405
      },
      {
        "key": "1Key5",
        "time": 111604
      },
      {
        "key": "1Key5",
        "time": 112002
      },
      {
        "key": "1Key5",
        "time": 112467
      },
      {
        "key": "1Key3",
        "time": 112467
      },
      {
        "key": "1Key5",
        "time": 112932
      },
      {
        "key": "1Key6",
        "time": 113397
      },
      {
        "key": "1Key7",
        "time": 113862
      },
      {
        "key": "1Key3",
        "time": 114261
      },
      {
        "key": "1Key4",
        "time": 114394
      },
      {
        "key": "1Key6",
        "time": 114527
      },
      {
        "key": "1Key9",
        "time": 114660
      },
      {
        "key": "1Key8",
        "time": 115325
      },
      {
        "key": "1Key4",
        "time": 116123
      },
      {
        "key": "1Key6",
        "time": 116256
      },
      {
        "key": "1Key11",
        "time": 116389
      },
      {
        "key": "1Key10",
        "time": 117054
      },
      {
        "key": "1Key9",
        "time": 117719
      },
      {
        "key": "1Key0",
        "time": 118251
      },
      {
        "key": "1Key4",
        "time": 118251
      },
      {
        "key": "1Key7",
        "time": 118716
      },
      {
        "key": "1Key7",
        "time": 118915
      },
      {
        "key": "1Key6",
        "time": 119513
      },
      {
        "key": "1Key8",
        "time": 119978
      },
      {
        "key": "1Key4",
        "time": 119978
      },
      {
        "key": "1Key7",
        "time": 120443
      },
      {
        "key": "1Key6",
        "time": 120908
      },
      {
        "key": "1Key5",
        "time": 121373
      },
      {
        "key": "1Key2",
        "time": 121772
      },
      {
        "key": "1Key5",
        "time": 121905
      },
      {
        "key": "1Key6",
        "time": 122038
      },
      {
        "key": "1Key2",
        "time": 123767
      },
      {
        "key": "1Key1",
        "time": 125363
      },
      {
        "key": "1Key3",
        "time": 125363
      },
      {
        "key": "1Key3",
        "time": 125895
      },
      {
        "key": "1Key5",
        "time": 126094
      },
      {
        "key": "1Key5",
        "time": 126493
      },
      {
        "key": "1Key3",
        "time": 126891
      },
      {
        "key": "1Key5",
        "time": 126891
      },
      {
        "key": "1Key5",
        "time": 127356
      },
      {
        "key": "1Key6",
        "time": 127821
      },
      {
        "key": "1Key7",
        "time": 128286
      },
      {
        "key": "1Key3",
        "time": 128751
      },
      {
        "key": "1Key4",
        "time": 128884
      },
      {
        "key": "1Key6",
        "time": 129017
      },
      {
        "key": "1Key9",
        "time": 129150
      },
      {
        "key": "1Key8",
        "time": 129815
      },
      {
        "key": "1Key4",
        "time": 130613
      },
      {
        "key": "1Key6",
        "time": 130746
      },
      {
        "key": "1Key8",
        "time": 130879
      },
      {
        "key": "1Key11",
        "time": 131012
      },
      {
        "key": "1Key10",
        "time": 131677
      },
      {
        "key": "1Key9",
        "time": 132342
      },
      {
        "key": "1Key4",
        "time": 132807
      },
      {
        "key": "1Key0",
        "time": 132807
      },
      {
        "key": "1Key7",
        "time": 133272
      },
      {
        "key": "1Key7",
        "time": 133471
      },
      {
        "key": "1Key6",
        "time": 134136
      },
      {
        "key": "1Key4",
        "time": 134535
      },
      {
        "key": "1Key8",
        "time": 134535
      },
      {
        "key": "1Key7",
        "time": 134934
      },
      {
        "key": "1Key6",
        "time": 135333
      },
      {
        "key": "1Key5",
        "time": 135732
      },
      {
        "key": "1Key2",
        "time": 136131
      },
      {
        "key": "1Key5",
        "time": 136264
      },
      {
        "key": "1Key7",
        "time": 136397
      },
      {
        "key": "1Key5",
        "time": 137461
      },
      {
        "key": "1Key6",
        "time": 137860
      },
      {
        "key": "1Key5",
        "time": 138259
      },
      {
        "key": "1Key7",
        "time": 138259
      },
      {
        "key": "1Key5",
        "time": 138658
      },
      {
        "key": "1Key6",
        "time": 139057
      },
      {
        "key": "1Key4",
        "time": 139057
      },
      {
        "key": "1Key7",
        "time": 139456
      },
      {
        "key": "1Key2",
        "time": 139855
      },
      {
        "key": "1Key4",
        "time": 139988
      },
      {
        "key": "1Key6",
        "time": 140121
      },
      {
        "key": "1Key4",
        "time": 141584
      },
      {
        "key": "1Key1",
        "time": 143180
      },
      {
        "key": "1Key10",
        "time": 144776
      },
      {
        "key": "1Key6",
        "time": 144776
      },
      {
        "key": "1Key9",
        "time": 145042
      },
      {
        "key": "1Key7",
        "time": 145441
      },
      {
        "key": "1Key5",
        "time": 145840
      },
      {
        "key": "1Key1",
        "time": 146505
      },
      {
        "key": "1Key5",
        "time": 146904
      },
      {
        "key": "1Key9",
        "time": 147303
      },
      {
        "key": "1Key7",
        "time": 147303
      },
      {
        "key": "1Key3",
        "time": 147868
      },
      {
        "key": "1Key4",
        "time": 148001
      },
      {
        "key": "1Key6",
        "time": 148134
      },
      {
        "key": "1Key9",
        "time": 148267
      },
      {
        "key": "1Key8",
        "time": 148865
      },
      {
        "key": "1Key7",
        "time": 149530
      },
      {
        "key": "1Key0",
        "time": 149929
      },
      {
        "key": "1Key2",
        "time": 150062
      },
      {
        "key": "1Key6",
        "time": 150195
      },
      {
        "key": "1Key7",
        "time": 150660
      },
      {
        "key": "1Key4",
        "time": 150660
      },
      {
        "key": "1Key8",
        "time": 151192
      },
      {
        "key": "1Key6",
        "time": 151192
      },
      {
        "key": "1Key6",
        "time": 151591
      },
      {
        "key": "1Key4",
        "time": 151591
      },
      {
        "key": "1Key5",
        "time": 152189
      },
      {
        "key": "1Key2",
        "time": 152189
      },
      {
        "key": "1Key1",
        "time": 153386
      },
      {
        "key": "1Key5",
        "time": 153785
      },
      {
        "key": "1Key9",
        "time": 154184
      },
      {
        "key": "1Key7",
        "time": 154184
      },
      {
        "key": "1Key3",
        "time": 154716
      },
      {
        "key": "1Key4",
        "time": 154849
      },
      {
        "key": "1Key6",
        "time": 154982
      },
      {
        "key": "1Key9",
        "time": 155115
      },
      {
        "key": "1Key8",
        "time": 155780
      },
      {
        "key": "1Key7",
        "time": 156578
      },
      {
        "key": "1Key0",
        "time": 156977
      },
      {
        "key": "1Key6",
        "time": 157110
      },
      {
        "key": "1Key11",
        "time": 157243
      },
      {
        "key": "1Key10",
        "time": 157908
      },
      {
        "key": "1Key4",
        "time": 157908
      },
      {
        "key": "1Key9",
        "time": 158573
      },
      {
        "key": "1Key7",
        "time": 158573
      },
      {
        "key": "1Key8",
        "time": 158972
      },
      {
        "key": "1Key4",
        "time": 158972
      },
      {
        "key": "1Key9",
        "time": 159637
      },
      {
        "key": "1Key7",
        "time": 159637
      },
      {
        "key": "1Key1",
        "time": 161233
      },
      {
        "key": "1Key5",
        "time": 161632
      },
      {
        "key": "1Key9",
        "time": 162031
      },
      {
        "key": "1Key7",
        "time": 162031
      },
      {
        "key": "1Key3",
        "time": 162563
      },
      {
        "key": "1Key4",
        "time": 162696
      },
      {
        "key": "1Key6",
        "time": 162829
      },
      {
        "key": "1Key9",
        "time": 162962
      },
      {
        "key": "1Key8",
        "time": 163627
      },
      {
        "key": "1Key7",
        "time": 164292
      },
      {
        "key": "1Key0",
        "time": 164691
      },
      {
        "key": "1Key2",
        "time": 164757
      },
      {
        "key": "1Key6",
        "time": 164823
      },
      {
        "key": "1Key7",
        "time": 165155
      },
      {
        "key": "1Key8",
        "time": 165487
      },
      {
        "key": "1Key6",
        "time": 165886
      },
      {
        "key": "1Key5",
        "time": 166717
      },
      {
        "key": "1Key5",
        "time": 167515
      },
      {
        "key": "1Key7",
        "time": 167914
      },
      {
        "key": "1Key1",
        "time": 167914
      },
      {
        "key": "1Key3",
        "time": 167914
      },
      {
        "key": "1Key6",
        "time": 168180
      },
      {
        "key": "1Key7",
        "time": 168579
      },
      {
        "key": "1Key6",
        "time": 168978
      },
      {
        "key": "1Key1",
        "time": 169576
      },
      {
        "key": "1Key7",
        "time": 169576
      },
      {
        "key": "1Key4",
        "time": 169576
      },
      {
        "key": "1Key6",
        "time": 169842
      },
      {
        "key": "1Key7",
        "time": 170241
      },
      {
        "key": "1Key6",
        "time": 170640
      },
      {
        "key": "1Key0",
        "time": 171039
      },
      {
        "key": "1Key2",
        "time": 171172
      },
      {
        "key": "1Key7",
        "time": 171305
      },
      {
        "key": "1Key6",
        "time": 171970
      },
      {
        "key": "1Key5",
        "time": 172768
      },
      {
        "key": "1Key5",
        "time": 174630
      },
      {
        "key": "1Key3",
        "time": 175029
      },
      {
        "key": "1Key7",
        "time": 175029
      },
      {
        "key": "1Key1",
        "time": 175029
      },
      {
        "key": "1Key6",
        "time": 175295
      },
      {
        "key": "1Key7",
        "time": 175694
      },
      {
        "key": "1Key6",
        "time": 176093
      },
      {
        "key": "1Key1",
        "time": 176625
      },
      {
        "key": "1Key7",
        "time": 176625
      },
      {
        "key": "1Key4",
        "time": 176625
      },
      {
        "key": "1Key6",
        "time": 176891
      },
      {
        "key": "1Key7",
        "time": 177290
      },
      {
        "key": "1Key6",
        "time": 177689
      },
      {
        "key": "1Key0",
        "time": 178221
      },
      {
        "key": "1Key2",
        "time": 178354
      },
      {
        "key": "1Key7",
        "time": 178487
      },
      {
        "key": "1Key6",
        "time": 179152
      },
      {
        "key": "1Key5",
        "time": 179950
      },
      {
        "key": "1Key5",
        "time": 181812
      },
      {
        "key": "1Key1",
        "time": 182344
      },
      {
        "key": "1Key7",
        "time": 182344
      },
      {
        "key": "1Key3",
        "time": 182344
      },
      {
        "key": "1Key6",
        "time": 182743
      },
      {
        "key": "1Key7",
        "time": 183275
      },
      {
        "key": "1Key6",
        "time": 183807
      },
      {
        "key": "1Key1",
        "time": 184472
      },
      {
        "key": "1Key4",
        "time": 184605
      },
      {
        "key": "1Key7",
        "time": 184738
      },
      {
        "key": "1Key6",
        "time": 185203
      },
      {
        "key": "1Key7",
        "time": 185868
      },
      {
        "key": "1Key6",
        "time": 186533
      },
      {
        "key": "1Key0",
        "time": 187464
      },
      {
        "key": "1Key2",
        "time": 187597
      },
      {
        "key": "1Key7",
        "time": 187730
      },
      {
        "key": "1Key11",
        "time": 189060
      },
      {
        "key": "1Key4",
        "time": 189060
      },
      {
        "key": "1Key1",
        "time": 190523
      },
      {
        "key": "1Key5",
        "time": 190656
      },
      {
        "key": "1Key7",
        "time": 190789
      },
      {
        "key": "1Key9",
        "time": 190922
      },
      {
        "key": "1Key1",
        "time": 195843
      },
      {
        "key": "1Key3",
        "time": 195976
      },
      {
        "key": "1Key5",
        "time": 196109
      },
      {
        "key": "1Key7",
        "time": 196242
      },
      {
        "key": "1Key6",
        "time": 196641
      },
      {
        "key": "1Key7",
        "time": 197173
      },
      {
        "key": "1Key6",
        "time": 197705
      },
      {
        "key": "1Key1",
        "time": 199168
      },
      {
        "key": "1Key4",
        "time": 199301
      },
      {
        "key": "1Key7",
        "time": 199434
      },
      {
        "key": "1Key6",
        "time": 199966
      },
      {
        "key": "1Key7",
        "time": 200631
      },
      {
        "key": "1Key6",
        "time": 201296
      },
      {
        "key": "1Key0",
        "time": 202493
      },
      {
        "key": "1Key2",
        "time": 202626
      },
      {
        "key": "1Key7",
        "time": 202759
      },
      {
        "key": "1Key6",
        "time": 203690
      },
      {
        "key": "1Key2",
        "time": 203690
      },
      {
        "key": "1Key5",
        "time": 204621
      },
      {
        "key": "1Key2",
        "time": 204621
      },
      {
        "key": "1Key0",
        "time": 207414
      },
      {
        "key": "1Key6",
        "time": 208079
      },
      {
        "key": "1Key2",
        "time": 208079
      },
      {
        "key": "1Key5",
        "time": 208744
      },
      {
        "key": "1Key2",
        "time": 208744
      },
      {
        "key": "1Key3",
        "time": 211404
      },
      {
        "key": "1Key9",
        "time": 212069
      },
      {
        "key": "1Key7",
        "time": 212069
      },
      {
        "key": "1Key5",
        "time": 212734
      },
      {
        "key": "1Key8",
        "time": 212734
      },
      {
        "key": "1Key3",
        "time": 215527
      },
      {
        "key": "1Key9",
        "time": 216192
      },
      {
        "key": "1Key7",
        "time": 216192
      },
      {
        "key": "1Key5",
        "time": 216857
      },
      {
        "key": "1Key8",
        "time": 216857
      },
      {
        "key": "1Key0",
        "time": 219783
      },
      {
        "key": "1Key2",
        "time": 219916
      },
      {
        "key": "1Key6",
        "time": 220049
      }
    ]
  }
]