[
  {
    "name": "Aladdin - A Whole New World",
    "bpm": 200,
    "songNotes": [
      {
        "key": "1Key0",
        "time": 500
      },
      {
        "key": "1Key4",
        "time": 500
      },
      {
        "key": "1Key9",
        "time": 500
      },
      {
        "key": "1Key8",
        "time": 800
      },
      {
        "key": "1Key10",
        "time": 1100
      },
      {
        "key": "1Key9",
        "time": 1400
      },
      {
        "key": "1Key7",
        "time": 1700
      },
      {
        "key": "1Key0",
        "time": 2000
      },
      {
        "key": "1Key2",
        "time": 2000
      },
      {
        "key": "1Key4",
        "time": 2000
      },
      {
        "key": "1Key4",
        "time": 2600
      },
      {
        "key": "1Key9",
        "time": 2900
      },
      {
        "key": "1Key4",
        "time": 3200
      },
      {
        "key": "1Key8",
        "time": 3500
      },
      {
        "key": "1Key4",
        "time": 3800
      },
      {
        "key": "1Key0",
        "time": 4100
      },
      {
        "key": "1Key4",
        "time": 4100
      },
      {
        "key": "1Key9",
        "time": 4100
      },
      {
        "key": "1Key8",
        "time": 4400
      },
      {
        "key": "1Key10",
        "time": 4700
      },
      {
        "key": "1Key9",
        "time": 5000
      },
      {
        "key": "1Key7",
        "time": 5300
      },
      {
        "key": "1Key2",
        "time": 5600
      },
      {
        "key": "1Key5",
        "time": 5600
      },
      {
        "key": "1Key9",
        "time": 5600
      },
      {
        "key": "1Key3",
        "time": 6200
      },
      {
        "key": "1Key6",
        "time": 6200
      },
      {
        "key": "1Key8",
        "time": 6200
      },
      {
        "key": "1Key3",
        "time": 6800
      },
      {
        "key": "1Key5",
        "time": 6800
      },
      {
        "key": "1Key8",
        "time": 6800
      },
      {
        "key": "1Key7",
        "time": 7100
      },
      {
        "key": "1Key9",
        "time": 7400
      },
      {
        "key": "1Key2",
        "time": 7700
      },
      {
        "key": "1Key6",
        "time": 7700
      },
      {
        "key": "1Key8",
        "time": 8000
      },
      {
        "key": "1Key6",
        "time": 8300
      },
      {
        "key": "1Key2",
        "time": 8600
      },
      {
        "key": "1Key5",
        "time": 8600
      },
      {
        "key": "1Key8",
        "time": 8600
      },
      {
        "key": "1Key7",
        "time": 8900
      },
      {
        "key": "1Key1",
        "time": 9200
      },
      {
        "key": "1Key4",
        "time": 9200
      },
      {
        "key": "1Key6",
        "time": 9200
      },
      {
        "key": "1Key7",
        "time": 9500
      },
      {
        "key": "1Key0",
        "time": 9800
      },
      {
        "key": "1Key3",
        "time": 9800
      },
      {
        "key": "1Key5",
        "time": 9800
      },
      {
        "key": "1Key7",
        "time": 10100
      },
      {
        "key": "1Key8",
        "time": 10400
      },
      {
        "key": "1Key7",
        "time": 10700
      },
      {
        "key": "1Key4",
        "time": 11000
      },
      {
        "key": "1Key0",
        "time": 11300
      },
      {
        "key": "1Key2",
        "time": 11300
      },
      {
        "key": "1Key4",
        "time": 11300
      },
      {
        "key": "1Key4",
        "time": 11900
      },
      {
        "key": "1Key9",
        "time": 12200
      },
      {
        "key": "1Key4",
        "time": 12500
      },
      {
        "key": "1Key8",
        "time": 12800
      },
      {
        "key": "1Key4",
        "time": 13100
      },
      {
        "key": "1Key0",
        "time": 13400
      },
      {
        "key": "1Key4",
        "time": 13400
      },
      {
        "key": "1Key9",
        "time": 13400
      },
      {
        "key": "1Key8",
        "time": 13700
      },
      {
        "key": "1Key10",
        "time": 14000
      },
      {
        "key": "1Key9",
        "time": 14300
      },
      {
        "key": "1Key7",
        "time": 14600
      },
      {
        "key": "1Key0",
        "time": 14900
      },
      {
        "key": "1Key4",
        "time": 14900
      },
      {
        "key": "1Key4",
        "time": 15500
      },
      {
        "key": "1Key9",
        "time": 15800
      },
      {
        "key": "1Key4",
        "time": 16100
      },
      {
        "key": "1Key8",
        "time": 16400
      },
      {
        "key": "1Key4",
        "time": 16700
      },
      {
        "key": "1Key0",
        "time": 17000
      },
      {
        "key": "1Key4",
        "time": 17000
      },
      {
        "key": "1Key9",
        "time": 17000
      },
      {
        "key": "1Key8",
        "time": 17300
      },
      {
        "key": "1Key10",
        "time": 17600
      },
      {
        "key": "1Key9",
        "time": 17900
      },
      {
        "key": "1Key7",
        "time": 18200
      },
      {
        "key": "1Key2",
        "time": 18500
      },
      {
        "key": "1Key5",
        "time": 18500
      },
      {
        "key": "1Key9",
        "time": 18500
      },
      {
        "key": "1Key3",
        "time": 19100
      },
      {
        "key": "1Key6",
        "time": 19100
      },
      {
        "key": "1Key8",
        "time": 19100
      },
      {
        "key": "1Key3",
        "time": 19700
      },
      {
        "key": "1Key5",
        "time": 19700
      },
      {
        "key": "1Key8",
        "time": 19700
      },
      {
        "key": "1Key7",
        "time": 20000
      },
      {
        "key": "1Key9",
        "time": 20300
      },
      {
        "key": "1Key2",
        "time": 20600
      },
      {
        "key": "1Key6",
        "time": 20600
      },
      {
        "key": "1Key8",
        "time": 20900
      },
      {
        "key": "1Key6",
        "time": 21200
      },
      {
        "key": "1Key2",
        "time": 21500
      },
      {
        "key": "1Key5",
        "time": 21500
      },
      {
        "key": "1Key8",
        "time": 21500
      },
      {
        "key": "1Key7",
        "time": 21800
      },
      {
        "key": "1Key1",
        "time": 22100
      },
      {
        "key": "1Key4",
        "time": 22100
      },
      {
        "key": "1Key6",
        "time": 22100
      },
      {
        "key": "1Key7",
        "time": 22400
      },
      {
        "key": "1Key0",
        "time": 22700
      },
      {
        "key": "1Key3",
        "time": 22700
      },
      {
        "key": "1Key5",
        "time": 22700
      },
      {
        "key": "1Key7",
        "time": 23000
      },
      {
        "key": "1Key8",
        "time": 23300
      },
      {
        "key": "1Key7",
        "time": 23600
      },
      {
        "key": "1Key9",
        "time": 23900
      },
      {
        "key": "1Key0",
        "time": 24200
      },
      {
        "key": "1Key4",
        "time": 24200
      },
      {
        "key": "1Key9",
        "time": 24800
      },
      {
        "key": "1Key10",
        "time": 25100
      },
      {
        "key": "1Key12",
        "time": 25400
      },
      {
        "key": "1Key1",
        "time": 25700
      },
      {
        "key": "1Key4",
        "time": 25700
      },
      {
        "key": "1Key11",
        "time": 25700
      },
      {
        "key": "1Key0",
        "time": 26600
      },
      {
        "key": "1Key4",
        "time": 26600
      },
      {
        "key": "1Key7",
        "time": 27200
      },
      {
        "key": "1Key9",
        "time": 27200
      },
      {
        "key": "1Key8",
        "time": 27500
      },
      {
        "key": "1Key10",
        "time": 27500
      },
      {
        "key": "1Key10",
        "time": 27800
      },
      {
        "key": "1Key12",
        "time": 27800
      },
      {
        "key": "1Key1",
        "time": 28100
      },
      {
        "key": "1Key4",
        "time": 28100
      },
      {
        "key": "1Key8",
        "time": 28100
      },
      {
        "key": "1Key11",
        "time": 28100
      },
      {
        "key": "1Key6",
        "time": 28400
      },
      {
        "key": "1Key8",
        "time": 28400
      },
      {
        "key": "1Key6",
        "time": 28700
      },
      {
        "key": "1Key8",
        "time": 28700
      },
      {
        "key": "1Key10",
        "time": 28700
      },
      {
        "key": "1Key7",
        "time": 29000
      },
      {
        "key": "1Key9",
        "time": 29000
      },
      {
        "key": "1Key7",
        "time": 29300
      },
      {
        "key": "1Key9",
        "time": 29300
      },
      {
        "key": "1Key0",
        "time": 29600
      },
      {
        "key": "1Key4",
        "time": 29600
      },
      {
        "key": "1Key7",
        "time": 30200
      },
      {
        "key": "1Key9",
        "time": 30200
      },
      {
        "key": "1Key8",
        "time": 30500
      },
      {
        "key": "1Key10",
        "time": 30500
      },
      {
        "key": "1Key9",
        "time": 30800
      },
      {
        "key": "1Key11",
        "time": 30800
      },
      {
        "key": "1Key0",
        "time": 31100
      },
      {
        "key": "1Key3",
        "time": 31100
      },
      {
        "key": "1Key11",
        "time": 31100
      },
      {
        "key": "1Key13",
        "time": 31100
      },
      {
        "key": "1Key10",
        "time": 31400
      },
      {
        "key": "1Key12",
        "time": 31400
      },
      {
        "key": "1Key0",
        "time": 31700
      },
      {
        "key": "1Key4",
        "time": 31700
      },
      {
        "key": "1Key9",
        "time": 31700
      },
      {
        "key": "1Key11",
        "time": 31700
      },
      {
        "key": "1Key7",
        "time": 32300
      },
      {
        "key": "1Key0",
        "time": 32600
      },
      {
        "key": "1Key3",
        "time": 32600
      },
      {
        "key": "1Key11",
        "time": 32600
      },
      {
        "key": "1Key13",
        "time": 32600
      },
      {
        "key": "1Key10",
        "time": 32900
      },
      {
        "key": "1Key14",
        "time": 32900
      },
      {
        "key": "1Key9",
        "time": 33200
      },
      {
        "key": "1Key11",
        "time": 33200
      },
      {
        "key": "1Key0",
        "time": 33500
      },
      {
        "key": "1Key4",
        "time": 33500
      },
      {
        "key": "1Key7",
        "time": 34100
      },
      {
        "key": "1Key2",
        "time": 34400
      },
      {
        "key": "1Key5",
        "time": 34400
      },
      {
        "key": "1Key9",
        "time": 34400
      },
      {
        "key": "1Key8",
        "time": 34700
      },
      {
        "key": "1Key0",
        "time": 35000
      },
      {
        "key": "1Key3",
        "time": 35000
      },
      {
        "key": "1Key7",
        "time": 35000
      },
      {
        "key": "1Key5",
        "time": 35300
      },
      {
        "key": "1Key1",
        "time": 35600
      },
      {
        "key": "1Key4",
        "time": 35600
      },
      {
        "key": "1Key7",
        "time": 35600
      },
      {
        "key": "1Key8",
        "time": 35900
      },
      {
        "key": "1Key9",
        "time": 36200
      },
      {
        "key": "1Key10",
        "time": 36500
      },
      {
        "key": "1Key12",
        "time": 36800
      },
      {
        "key": "1Key1",
        "time": 37100
      },
      {
        "key": "1Key4",
        "time": 37100
      },
      {
        "key": "1Key11",
        "time": 37100
      },
      {
        "key": "1Key6",
        "time": 37700
      },
      {
        "key": "1Key7",
        "time": 38000
      },
      {
        "key": "1Key8",
        "time": 38300
      },
      {
        "key": "1Key6",
        "time": 38600
      },
      {
        "key": "1Key0",
        "time": 38900
      },
      {
        "key": "1Key2",
        "time": 38900
      },
      {
        "key": "1Key4",
        "time": 38900
      },
      {
        "key": "1Key7",
        "time": 39500
      },
      {
        "key": "1Key9",
        "time": 39500
      },
      {
        "key": "1Key8",
        "time": 39800
      },
      {
        "key": "1Key10",
        "time": 39800
      },
      {
        "key": "1Key10",
        "time": 40100
      },
      {
        "key": "1Key12",
        "time": 40100
      },
      {
        "key": "1Key1",
        "time": 40400
      },
      {
        "key": "1Key4",
        "time": 40400
      },
      {
        "key": "1Key8",
        "time": 40400
      },
      {
        "key": "1Key11",
        "time": 40400
      },
      {
        "key": "1Key6",
        "time": 40700
      },
      {
        "key": "1Key8",
        "time": 40700
      },
      {
        "key": "1Key8",
        "time": 41000
      },
      {
        "key": "1Key10",
        "time": 41000
      },
      {
        "key": "1Key7",
        "time": 41300
      },
      {
        "key": "1Key9",
        "time": 41300
      },
      {
        "key": "1Key7",
        "time": 41600
      },
      {
        "key": "1Key9",
        "time": 41600
      },
      {
        "key": "1Key0",
        "time": 41900
      },
      {
        "key": "1Key4",
        "time": 41900
      },
      {
        "key": "1Key7",
        "time": 42500
      },
      {
        "key": "1Key9",
        "time": 42500
      },
      {
        "key": "1Key8",
        "time": 42800
      },
      {
        "key": "1Key10",
        "time": 42800
      },
      {
        "key": "1Key9",
        "time": 43100
      },
      {
        "key": "1Key11",
        "time": 43100
      },
      {
        "key": "1Key0",
        "time": 43400
      },
      {
        "key": "1Key3",
        "time": 43400
      },
      {
        "key": "1Key11",
        "time": 43400
      },
      {
        "key": "1Key13",
        "time": 43400
      },
      {
        "key": "1Key10",
        "time": 43700
      },
      {
        "key": "1Key12",
        "time": 43700
      },
      {
        "key": "1Key0",
        "time": 44000
      },
      {
        "key": "1Key4",
        "time": 44000
      },
      {
        "key": "1Key9",
        "time": 44000
      },
      {
        "key": "1Key11",
        "time": 44000
      },
      {
        "key": "1Key7",
        "time": 44600
      },
      {
        "key": "1Key0",
        "time": 44900
      },
      {
        "key": "1Key3",
        "time": 44900
      },
      {
        "key": "1Key11",
        "time": 44900
      },
      {
        "key": "1Key13",
        "time": 44900
      },
      {
        "key": "1Key10",
        "time": 45200
      },
      {
        "key": "1Key14",
        "time": 45200
      },
      {
        "key": "1Key9",
        "time": 45500
      },
      {
        "key": "1Key11",
        "time": 45500
      },
      {
        "key": "1Key0",
        "time": 45800
      },
      {
        "key": "1Key4",
        "time": 45800
      },
      {
        "key": "1Key7",
        "time": 46400
      },
      {
        "key": "1Key2",
        "time": 46700
      },
      {
        "key": "1Key5",
        "time": 46700
      },
      {
        "key": "1Key9",
        "time": 46700
      },
      {
        "key": "1Key8",
        "time": 47000
      },
      {
        "key": "1Key0",
        "time": 47300
      },
      {
        "key": "1Key3",
        "time": 47300
      },
      {
        "key": "1Key7",
        "time": 47300
      },
      {
        "key": "1Key8",
        "time": 47600
      },
      {
        "key": "1Key1",
        "time": 47900
      },
      {
        "key": "1Key4",
        "time": 47900
      },
      {
        "key": "1Key10",
        "time": 47900
      },
      {
        "key": "1Key12",
        "time": 47900
      },
      {
        "key": "1Key9",
        "time": 48200
      },
      {
        "key": "1Key11",
        "time": 48200
      },
      {
        "key": "1Key7",
        "time": 48500
      },
      {
        "key": "1Key9",
        "time": 48500
      },
      {
        "key": "1Key6",
        "time": 48800
      },
      {
        "key": "1Key8",
        "time": 48800
      },
      {
        "key": "1Key7",
        "time": 49100
      },
      {
        "key": "1Key9",
        "time": 49100
      },
      {
        "key": "1Key2",
        "time": 49400
      },
      {
        "key": "1Key5",
        "time": 49400
      },
      {
        "key": "1Key7",
        "time": 49400
      },
      {
        "key": "1Key9",
        "time": 49400
      },
      {
        "key": "1Key0",
        "time": 50300
      },
      {
        "key": "1Key4",
        "time": 50300
      },
      {
        "key": "1Key9",
        "time": 50600
      },
      {
        "key": "1Key10",
        "time": 50900
      },
      {
        "key": "1Key12",
        "time": 51200
      },
      {
        "key": "1Key0",
        "time": 51500
      },
      {
        "key": "1Key3",
        "time": 51500
      },
      {
        "key": "1Key11",
        "time": 51500
      },
      {
        "key": "1Key2",
        "time": 52100
      },
      {
        "key": "1Key3",
        "time": 52400
      },
      {
        "key": "1Key5",
        "time": 52700
      },
      {
        "key": "1Key0",
        "time": 53000
      },
      {
        "key": "1Key2",
        "time": 53000
      },
      {
        "key": "1Key4",
        "time": 53000
      },
      {
        "key": "1Key9",
        "time": 53600
      },
      {
        "key": "1Key10",
        "time": 53900
      },
      {
        "key": "1Key12",
        "time": 54200
      },
      {
        "key": "1Key0",
        "time": 54500
      },
      {
        "key": "1Key3",
        "time": 54500
      },
      {
        "key": "1Key11",
        "time": 54500
      },
      {
        "key": "1Key2",
        "time": 55100
      },
      {
        "key": "1Key3",
        "time": 55400
      },
      {
        "key": "1Key5",
        "time": 55700
      },
      {
        "key": "1Key0",
        "time": 56000
      },
      {
        "key": "1Key2",
        "time": 56000
      },
      {
        "key": "1Key4",
        "time": 56000
      },
      {
        "key": "1Key9",
        "time": 56600
      },
      {
        "key": "1Key10",
        "time": 56900
      },
      {
        "key": "1Key12",
        "time": 57200
      },
      {
        "key": "1Key0",
        "time": 57500
      },
      {
        "key": "1Key3",
        "time": 57500
      },
      {
        "key": "1Key11",
        "time": 57500
      },
      {
        "key": "1Key2",
        "time": 58100
      },
      {
        "key": "1Key3",
        "time": 58400
      },
      {
        "key": "1Key5",
        "time": 58700
      },
      {
        "key": "1Key0",
        "time": 59000
      },
      {
        "key": "1Key2",
        "time": 59000
      },
      {
        "key": "1Key4",
        "time": 59000
      },
      {
        "key": "1Key4",
        "time": 59600
      },
      {
        "key": "1Key4",
        "time": 59900
      },
      {
        "key": "1Key9",
        "time": 59900
      },
      {
        "key": "1Key3",
        "time": 60500
      },
      {
        "key": "1Key8",
        "time": 60500
      },
      {
        "key": "1Key2",
        "time": 61100
      },
      {
        "key": "1Key7",
        "time": 61100
      },
      {
        "key": "1Key4",
        "time": 61400
      },
      {
        "key": "1Key7",
        "time": 61700
      },
      {
        "key": "1Key8",
        "time": 62000
      },
      {
        "key": "1Key9",
        "time": 62300
      },
      {
        "key": "1Key11",
        "time": 62600
      },
      {
        "key": "1Key9",
        "time": 62900
      },
      {
        "key": "1Key11",
        "time": 63200
      },
      {
        "key": "1Key9",
        "time": 63500
      },
      {
        "key": "1Key11",
        "time": 63500
      },
      {
        "key": "1Key14",
        "time": 63500
      }
    ]
  }
]