[
  {
    "name": "Detroit Become Human - Opening Credits",
    "bpm": 320,
    "songNotes": [
      {
        "time": 665,
        "key": "1Key2"
      },
      {
        "time": 665,
        "key": "1Key9"
      },
      {
        "time": 931,
        "key": "1Key6"
      },
      {
        "time": 1197,
        "key": "1Key4"
      },
      {
        "time": 1463,
        "key": "1Key6"
      },
      {
        "time": 1729,
        "key": "1Key9"
      },
      {
        "time": 1995,
        "key": "1Key6"
      },
      {
        "time": 2261,
        "key": "1Key4"
      },
      {
        "time": 2527,
        "key": "1Key6"
      },
      {
        "time": 2793,
        "key": "1Key1"
      },
      {
        "time": 2793,
        "key": "1Key8"
      },
      {
        "time": 3059,
        "key": "1Key6"
      },
      {
        "time": 3325,
        "key": "1Key4"
      },
      {
        "time": 3591,
        "key": "1Key6"
      },
      {
        "time": 3857,
        "key": "1Key8"
      },
      {
        "time": 4123,
        "key": "1Key6"
      },
      {
        "time": 4389,
        "key": "1Key4"
      },
      {
        "time": 4655,
        "key": "1Key6"
      },
      {
        "time": 4921,
        "key": "1Key0"
      },
      {
        "time": 4921,
        "key": "1Key7"
      },
      {
        "time": 5187,
        "key": "1Key6"
      },
      {
        "time": 5453,
        "key": "1Key4"
      },
      {
        "time": 5719,
        "key": "1Key6"
      },
      {
        "time": 5985,
        "key": "1Key7"
      },
      {
        "time": 6251,
        "key": "1Key6"
      },
      {
        "time": 6517,
        "key": "1Key4"
      },
      {
        "time": 6783,
        "key": "1Key6"
      },
      {
        "time": 7049,
        "key": "1Key6"
      },
      {
        "time": 7315,
        "key": "1Key4"
      },
      {
        "time": 7581,
        "key": "1Key2"
      },
      {
        "time": 7847,
        "key": "1Key4"
      },
      {
        "time": 8113,
        "key": "1Key6"
      },
      {
        "time": 8379,
        "key": "1Key4"
      },
      {
        "time": 8645,
        "key": "1Key2"
      },
      {
        "time": 8911,
        "key": "1Key4"
      },
      {
        "time": 9177,
        "key": "1Key2"
      },
      {
        "time": 9177,
        "key": "1Key9"
      },
      {
        "time": 9443,
        "key": "1Key6"
      },
      {
        "time": 9709,
        "key": "1Key4"
      },
      {
        "time": 9975,
        "key": "1Key6"
      },
      {
        "time": 10241,
        "key": "1Key9"
      },
      {
        "time": 10507,
        "key": "1Key6"
      },
      {
        "time": 10773,
        "key": "1Key4"
      },
      {
        "time": 11039,
        "key": "1Key6"
      },
      {
        "time": 11305,
        "key": "1Key1"
      },
      {
        "time": 11305,
        "key": "1Key8"
      },
      {
        "time": 11571,
        "key": "1Key6"
      },
      {
        "time": 11837,
        "key": "1Key4"
      },
      {
        "time": 12103,
        "key": "1Key6"
      },
      {
        "time": 12369,
        "key": "1Key8"
      },
      {
        "time": 12635,
        "key": "1Key6"
      },
      {
        "time": 12901,
        "key": "1Key4"
      },
      {
        "time": 13167,
        "key": "1Key6"
      },
      {
        "time": 13433,
        "key": "1Key0"
      },
      {
        "time": 13433,
        "key": "1Key7"
      },
      {
        "time": 13699,
        "key": "1Key6"
      },
      {
        "time": 13965,
        "key": "1Key4"
      },
      {
        "time": 14231,
        "key": "1Key6"
      },
      {
        "time": 14497,
        "key": "1Key7"
      },
      {
        "time": 14763,
        "key": "1Key6"
      },
      {
        "time": 15029,
        "key": "1Key4"
      },
      {
        "time": 15295,
        "key": "1Key6"
      },
      {
        "time": 15561,
        "key": "1Key6"
      },
      {
        "time": 15827,
        "key": "1Key4"
      },
      {
        "time": 16093,
        "key": "1Key2"
      },
      {
        "time": 16359,
        "key": "1Key4"
      },
      {
        "time": 16625,
        "key": "1Key6"
      },
      {
        "time": 16891,
        "key": "1Key4"
      },
      {
        "time": 17157,
        "key": "1Key2"
      },
      {
        "time": 17423,
        "key": "1Key4"
      },
      {
        "time": 17689,
        "key": "1Key2"
      },
      {
        "time": 17689,
        "key": "1Key9"
      },
      {
        "time": 17955,
        "key": "1Key6"
      },
      {
        "time": 18221,
        "key": "1Key4"
      },
      {
        "time": 18487,
        "key": "1Key6"
      },
      {
        "time": 18753,
        "key": "1Key9"
      },
      {
        "time": 19019,
        "key": "1Key6"
      },
      {
        "time": 19285,
        "key": "1Key4"
      },
      {
        "time": 19551,
        "key": "1Key6"
      },
      {
        "time": 19817,
        "key": "1Key1"
      },
      {
        "time": 19817,
        "key": "1Key8"
      },
      {
        "time": 20083,
        "key": "1Key6"
      },
      {
        "time": 20349,
        "key": "1Key4"
      },
      {
        "time": 20615,
        "key": "1Key6"
      },
      {
        "time": 20881,
        "key": "1Key8"
      },
      {
        "time": 21147,
        "key": "1Key6"
      },
      {
        "time": 21413,
        "key": "1Key4"
      },
      {
        "time": 21679,
        "key": "1Key6"
      },
      {
        "time": 21945,
        "key": "1Key0"
      },
      {
        "time": 21945,
        "key": "1Key7"
      },
      {
        "time": 21945,
        "key": "1Key14"
      },
      {
        "time": 22211,
        "key": "1Key6"
      },
      {
        "time": 22477,
        "key": "1Key4"
      },
      {
        "time": 22743,
        "key": "1Key6"
      },
      {
        "time": 23009,
        "key": "1Key7"
      },
      {
        "time": 23275,
        "key": "1Key6"
      },
      {
        "time": 23541,
        "key": "1Key4"
      },
      {
        "time": 23807,
        "key": "1Key6"
      },
      {
        "time": 24073,
        "key": "1Key6"
      },
      {
        "time": 24339,
        "key": "1Key4"
      },
      {
        "time": 24605,
        "key": "1Key2"
      },
      {
        "time": 24871,
        "key": "1Key4"
      },
      {
        "time": 25137,
        "key": "1Key6"
      },
      {
        "time": 25137,
        "key": "1Key13"
      },
      {
        "time": 25403,
        "key": "1Key4"
      },
      {
        "time": 25669,
        "key": "1Key2"
      },
      {
        "time": 25669,
        "key": "1Key5"
      },
      {
        "time": 25669,
        "key": "1Key12"
      },
      {
        "time": 25935,
        "key": "1Key4"
      },
      {
        "time": 26201,
        "key": "1Key6"
      },
      {
        "time": 26201,
        "key": "1Key9"
      },
      {
        "time": 26201,
        "key": "1Key13"
      },
      {
        "time": 26467,
        "key": "1Key6"
      },
      {
        "time": 26733,
        "key": "1Key4"
      },
      {
        "time": 26999,
        "key": "1Key6"
      },
      {
        "time": 27265,
        "key": "1Key9"
      },
      {
        "time": 27531,
        "key": "1Key6"
      },
      {
        "time": 27797,
        "key": "1Key4"
      },
      {
        "time": 28063,
        "key": "1Key6"
      },
      {
        "time": 28329,
        "key": "1Key5"
      },
      {
        "time": 28329,
        "key": "1Key8"
      },
      {
        "time": 28329,
        "key": "1Key12"
      },
      {
        "time": 28595,
        "key": "1Key6"
      },
      {
        "time": 28861,
        "key": "1Key4"
      },
      {
        "time": 29127,
        "key": "1Key6"
      },
      {
        "time": 29127,
        "key": "1Key8"
      },
      {
        "time": 29127,
        "key": "1Key13"
      },
      {
        "time": 29393,
        "key": "1Key6"
      },
      {
        "time": 29659,
        "key": "1Key4"
      },
      {
        "time": 29925,
        "key": "1Key6"
      },
      {
        "time": 30191,
        "key": "1Key2"
      },
      {
        "time": 30191,
        "key": "1Key7"
      },
      {
        "time": 30191,
        "key": "1Key9"
      },
      {
        "time": 30457,
        "key": "1Key6"
      },
      {
        "time": 30723,
        "key": "1Key4"
      },
      {
        "time": 30989,
        "key": "1Key6"
      },
      {
        "time": 31255,
        "key": "1Key7"
      },
      {
        "time": 31521,
        "key": "1Key6"
      },
      {
        "time": 31787,
        "key": "1Key4"
      },
      {
        "time": 32053,
        "key": "1Key6"
      },
      {
        "time": 32319,
        "key": "1Key6"
      },
      {
        "time": 32585,
        "key": "1Key4"
      },
      {
        "time": 32851,
        "key": "1Key2"
      },
      {
        "time": 33117,
        "key": "1Key4"
      },
      {
        "time": 33383,
        "key": "1Key6"
      },
      {
        "time": 33383,
        "key": "1Key8"
      },
      {
        "time": 33383,
        "key": "1Key10"
      },
      {
        "time": 33649,
        "key": "1Key4"
      },
      {
        "time": 33915,
        "key": "1Key2"
      },
      {
        "time": 34181,
        "key": "1Key4"
      },
      {
        "time": 34447,
        "key": "1Key2"
      },
      {
        "time": 34447,
        "key": "1Key9"
      },
      {
        "time": 34713,
        "key": "1Key6"
      },
      {
        "time": 34979,
        "key": "1Key4"
      },
      {
        "time": 35245,
        "key": "1Key6"
      },
      {
        "time": 35511,
        "key": "1Key9"
      },
      {
        "time": 35777,
        "key": "1Key6"
      },
      {
        "time": 36043,
        "key": "1Key4"
      },
      {
        "time": 36309,
        "key": "1Key6"
      },
      {
        "time": 36575,
        "key": "1Key1"
      },
      {
        "time": 36575,
        "key": "1Key8"
      },
      {
        "time": 36841,
        "key": "1Key6"
      },
      {
        "time": 37107,
        "key": "1Key4"
      },
      {
        "time": 37373,
        "key": "1Key6"
      },
      {
        "time": 37639,
        "key": "1Key8"
      },
      {
        "time": 37905,
        "key": "1Key6"
      },
      {
        "time": 38171,
        "key": "1Key4"
      },
      {
        "time": 38437,
        "key": "1Key6"
      },
      {
        "time": 38703,
        "key": "1Key0"
      },
      {
        "time": 38703,
        "key": "1Key7"
      },
      {
        "time": 38703,
        "key": "1Key14"
      },
      {
        "time": 38969,
        "key": "1Key6"
      },
      {
        "time": 39235,
        "key": "1Key4"
      },
      {
        "time": 39501,
        "key": "1Key6"
      },
      {
        "time": 39767,
        "key": "1Key7"
      },
      {
        "time": 40033,
        "key": "1Key6"
      },
      {
        "time": 40299,
        "key": "1Key4"
      },
      {
        "time": 40565,
        "key": "1Key6"
      },
      {
        "time": 40831,
        "key": "1Key6"
      },
      {
        "time": 41097,
        "key": "1Key4"
      },
      {
        "time": 41363,
        "key": "1Key2"
      },
      {
        "time": 41629,
        "key": "1Key4"
      },
      {
        "time": 41895,
        "key": "1Key6"
      },
      {
        "time": 41895,
        "key": "1Key13"
      },
      {
        "time": 42161,
        "key": "1Key4"
      },
      {
        "time": 42427,
        "key": "1Key2"
      },
      {
        "time": 42427,
        "key": "1Key5"
      },
      {
        "time": 42427,
        "key": "1Key12"
      },
      {
        "time": 42693,
        "key": "1Key4"
      },
      {
        "time": 42959,
        "key": "1Key6"
      },
      {
        "time": 42959,
        "key": "1Key9"
      },
      {
        "time": 42959,
        "key": "1Key13"
      },
      {
        "time": 43225,
        "key": "1Key6"
      },
      {
        "time": 43491,
        "key": "1Key4"
      },
      {
        "time": 43757,
        "key": "1Key6"
      },
      {
        "time": 44023,
        "key": "1Key9"
      },
      {
        "time": 44289,
        "key": "1Key6"
      },
      {
        "time": 44555,
        "key": "1Key4"
      },
      {
        "time": 44821,
        "key": "1Key6"
      },
      {
        "time": 45087,
        "key": "1Key5"
      },
      {
        "time": 45087,
        "key": "1Key8"
      },
      {
        "time": 45087,
        "key": "1Key12"
      },
      {
        "time": 45353,
        "key": "1Key6"
      },
      {
        "time": 45619,
        "key": "1Key4"
      },
      {
        "time": 45885,
        "key": "1Key6"
      },
      {
        "time": 46151,
        "key": "1Key6"
      },
      {
        "time": 46151,
        "key": "1Key8"
      },
      {
        "time": 46151,
        "key": "1Key13"
      },
      {
        "time": 46417,
        "key": "1Key6"
      },
      {
        "time": 46683,
        "key": "1Key4"
      },
      {
        "time": 46949,
        "key": "1Key6"
      },
      {
        "time": 47215,
        "key": "1Key2"
      },
      {
        "time": 47215,
        "key": "1Key7"
      },
      {
        "time": 47215,
        "key": "1Key9"
      },
      {
        "time": 47481,
        "key": "1Key6"
      },
      {
        "time": 47747,
        "key": "1Key4"
      },
      {
        "time": 48013,
        "key": "1Key6"
      },
      {
        "time": 48279,
        "key": "1Key7"
      },
      {
        "time": 48545,
        "key": "1Key6"
      },
      {
        "time": 48811,
        "key": "1Key4"
      },
      {
        "time": 49077,
        "key": "1Key6"
      },
      {
        "time": 49343,
        "key": "1Key6"
      },
      {
        "time": 49609,
        "key": "1Key4"
      },
      {
        "time": 49875,
        "key": "1Key2"
      },
      {
        "time": 50141,
        "key": "1Key4"
      },
      {
        "time": 50407,
        "key": "1Key6"
      },
      {
        "time": 50407,
        "key": "1Key8"
      },
      {
        "time": 50407,
        "key": "1Key10"
      },
      {
        "time": 50673,
        "key": "1Key4"
      },
      {
        "time": 50939,
        "key": "1Key2"
      },
      {
        "time": 51205,
        "key": "1Key4"
      },
      {
        "time": 51471,
        "key": "1Key2"
      },
      {
        "time": 51471,
        "key": "1Key9"
      },
      {
        "time": 51737,
        "key": "1Key4"
      },
      {
        "time": 51737,
        "key": "1Key11"
      },
      {
        "time": 52003,
        "key": "1Key2"
      },
      {
        "time": 52003,
        "key": "1Key9"
      },
      {
        "time": 52269,
        "key": "1Key4"
      },
      {
        "time": 52269,
        "key": "1Key11"
      },
      {
        "time": 52535,
        "key": "1Key2"
      },
      {
        "time": 52535,
        "key": "1Key6"
      },
      {
        "time": 52535,
        "key": "1Key9"
      },
      {
        "time": 52801,
        "key": "1Key4"
      },
      {
        "time": 52801,
        "key": "1Key11"
      },
      {
        "time": 53067,
        "key": "1Key2"
      },
      {
        "time": 53067,
        "key": "1Key9"
      },
      {
        "time": 53333,
        "key": "1Key4"
      },
      {
        "time": 53333,
        "key": "1Key11"
      },
      {
        "time": 53599,
        "key": "1Key2"
      },
      {
        "time": 53599,
        "key": "1Key7"
      },
      {
        "time": 53599,
        "key": "1Key9"
      },
      {
        "time": 53865,
        "key": "1Key4"
      },
      {
        "time": 53865,
        "key": "1Key11"
      },
      {
        "time": 54131,
        "key": "1Key2"
      },
      {
        "time": 54131,
        "key": "1Key9"
      },
      {
        "time": 54397,
        "key": "1Key4"
      },
      {
        "time": 54397,
        "key": "1Key11"
      },
      {
        "time": 54663,
        "key": "1Key2"
      },
      {
        "time": 54663,
        "key": "1Key8"
      },
      {
        "time": 54663,
        "key": "1Key9"
      },
      {
        "time": 54929,
        "key": "1Key4"
      },
      {
        "time": 54929,
        "key": "1Key11"
      },
      {
        "time": 55195,
        "key": "1Key2"
      },
      {
        "time": 55195,
        "key": "1Key9"
      },
      {
        "time": 55461,
        "key": "1Key4"
      },
      {
        "time": 55461,
        "key": "1Key11"
      },
      {
        "time": 55727,
        "key": "1Key2"
      },
      {
        "time": 55727,
        "key": "1Key6"
      },
      {
        "time": 55727,
        "key": "1Key9"
      },
      {
        "time": 55993,
        "key": "1Key4"
      },
      {
        "time": 55993,
        "key": "1Key11"
      },
      {
        "time": 56259,
        "key": "1Key2"
      },
      {
        "time": 56259,
        "key": "1Key9"
      },
      {
        "time": 56525,
        "key": "1Key4"
      },
      {
        "time": 56525,
        "key": "1Key11"
      },
      {
        "time": 56791,
        "key": "1Key2"
      },
      {
        "time": 56791,
        "key": "1Key6"
      },
      {
        "time": 56791,
        "key": "1Key9"
      },
      {
        "time": 57057,
        "key": "1Key4"
      },
      {
        "time": 57057,
        "key": "1Key11"
      },
      {
        "time": 57323,
        "key": "1Key2"
      },
      {
        "time": 57323,
        "key": "1Key9"
      },
      {
        "time": 57589,
        "key": "1Key4"
      },
      {
        "time": 57589,
        "key": "1Key11"
      },
      {
        "time": 57855,
        "key": "1Key2"
      },
      {
        "time": 57855,
        "key": "1Key5"
      },
      {
        "time": 57855,
        "key": "1Key9"
      },
      {
        "time": 58121,
        "key": "1Key4"
      },
      {
        "time": 58121,
        "key": "1Key11"
      },
      {
        "time": 58387,
        "key": "1Key2"
      },
      {
        "time": 58387,
        "key": "1Key9"
      },
      {
        "time": 58653,
        "key": "1Key4"
      },
      {
        "time": 58653,
        "key": "1Key11"
      },
      {
        "time": 58919,
        "key": "1Key2"
      },
      {
        "time": 58919,
        "key": "1Key9"
      },
      {
        "time": 59185,
        "key": "1Key4"
      },
      {
        "time": 59185,
        "key": "1Key11"
      },
      {
        "time": 59451,
        "key": "1Key2"
      },
      {
        "time": 59451,
        "key": "1Key9"
      },
      {
        "time": 59717,
        "key": "1Key4"
      },
      {
        "time": 59717,
        "key": "1Key11"
      },
      {
        "time": 59983,
        "key": "1Key2"
      },
      {
        "time": 59983,
        "key": "1Key9"
      },
      {
        "time": 60249,
        "key": "1Key4"
      },
      {
        "time": 60249,
        "key": "1Key11"
      },
      {
        "time": 60515,
        "key": "1Key2"
      },
      {
        "time": 60515,
        "key": "1Key9"
      },
      {
        "time": 60781,
        "key": "1Key4"
      },
      {
        "time": 60781,
        "key": "1Key11"
      },
      {
        "time": 61047,
        "key": "1Key2"
      },
      {
        "time": 61047,
        "key": "1Key6"
      },
      {
        "time": 61047,
        "key": "1Key9"
      },
      {
        "time": 61313,
        "key": "1Key4"
      },
      {
        "time": 61313,
        "key": "1Key11"
      },
      {
        "time": 61579,
        "key": "1Key2"
      },
      {
        "time": 61579,
        "key": "1Key9"
      },
      {
        "time": 61845,
        "key": "1Key4"
      },
      {
        "time": 61845,
        "key": "1Key11"
      },
      {
        "time": 62111,
        "key": "1Key2"
      },
      {
        "time": 62111,
        "key": "1Key7"
      },
      {
        "time": 62111,
        "key": "1Key9"
      },
      {
        "time": 62377,
        "key": "1Key4"
      },
      {
        "time": 62377,
        "key": "1Key11"
      },
      {
        "time": 62643,
        "key": "1Key2"
      },
      {
        "time": 62643,
        "key": "1Key9"
      },
      {
        "time": 62909,
        "key": "1Key4"
      },
      {
        "time": 62909,
        "key": "1Key11"
      },
      {
        "time": 63175,
        "key": "1Key2"
      },
      {
        "time": 63175,
        "key": "1Key8"
      },
      {
        "time": 63175,
        "key": "1Key9"
      },
      {
        "time": 63441,
        "key": "1Key4"
      },
      {
        "time": 63441,
        "key": "1Key11"
      },
      {
        "time": 63707,
        "key": "1Key2"
      },
      {
        "time": 63707,
        "key": "1Key9"
      },
      {
        "time": 63973,
        "key": "1Key4"
      },
      {
        "time": 63973,
        "key": "1Key11"
      },
      {
        "time": 64239,
        "key": "1Key0"
      },
      {
        "time": 64239,
        "key": "1Key11"
      },
      {
        "time": 64505,
        "key": "1Key4"
      },
      {
        "time": 64505,
        "key": "1Key9"
      },
      {
        "time": 64771,
        "key": "1Key2"
      },
      {
        "time": 64771,
        "key": "1Key11"
      },
      {
        "time": 65037,
        "key": "1Key4"
      },
      {
        "time": 65037,
        "key": "1Key9"
      },
      {
        "time": 65303,
        "key": "1Key2"
      },
      {
        "time": 65303,
        "key": "1Key11"
      },
      {
        "time": 65569,
        "key": "1Key4"
      },
      {
        "time": 65569,
        "key": "1Key9"
      },
      {
        "time": 65835,
        "key": "1Key2"
      },
      {
        "time": 65835,
        "key": "1Key11"
      },
      {
        "time": 66101,
        "key": "1Key4"
      },
      {
        "time": 66101,
        "key": "1Key9"
      },
      {
        "time": 66367,
        "key": "1Key2"
      },
      {
        "time": 66367,
        "key": "1Key10"
      },
      {
        "time": 66633,
        "key": "1Key4"
      },
      {
        "time": 66633,
        "key": "1Key9"
      },
      {
        "time": 66899,
        "key": "1Key2"
      },
      {
        "time": 66899,
        "key": "1Key10"
      },
      {
        "time": 67165,
        "key": "1Key4"
      },
      {
        "time": 67165,
        "key": "1Key9"
      },
      {
        "time": 67431,
        "key": "1Key2"
      },
      {
        "time": 67431,
        "key": "1Key11"
      },
      {
        "time": 67697,
        "key": "1Key4"
      },
      {
        "time": 67697,
        "key": "1Key9"
      },
      {
        "time": 67963,
        "key": "1Key2"
      },
      {
        "time": 67963,
        "key": "1Key12"
      },
      {
        "time": 68229,
        "key": "1Key4"
      },
      {
        "time": 68229,
        "key": "1Key9"
      },
      {
        "time": 68495,
        "key": "1Key2"
      },
      {
        "time": 68495,
        "key": "1Key9"
      },
      {
        "time": 68761,
        "key": "1Key4"
      },
      {
        "time": 68761,
        "key": "1Key11"
      },
      {
        "time": 69027,
        "key": "1Key2"
      },
      {
        "time": 69027,
        "key": "1Key9"
      },
      {
        "time": 69293,
        "key": "1Key4"
      },
      {
        "time": 69293,
        "key": "1Key11"
      },
      {
        "time": 69559,
        "key": "1Key2"
      },
      {
        "time": 69559,
        "key": "1Key6"
      },
      {
        "time": 69559,
        "key": "1Key9"
      },
      {
        "time": 69825,
        "key": "1Key4"
      },
      {
        "time": 69825,
        "key": "1Key11"
      },
      {
        "time": 70091,
        "key": "1Key2"
      },
      {
        "time": 70091,
        "key": "1Key9"
      },
      {
        "time": 70357,
        "key": "1Key4"
      },
      {
        "time": 70357,
        "key": "1Key11"
      },
      {
        "time": 70623,
        "key": "1Key1"
      },
      {
        "time": 70623,
        "key": "1Key7"
      },
      {
        "time": 70623,
        "key": "1Key9"
      },
      {
        "time": 70889,
        "key": "1Key4"
      },
      {
        "time": 70889,
        "key": "1Key11"
      },
      {
        "time": 71155,
        "key": "1Key1"
      },
      {
        "time": 71155,
        "key": "1Key9"
      },
      {
        "time": 71421,
        "key": "1Key4"
      },
      {
        "time": 71421,
        "key": "1Key11"
      },
      {
        "time": 71687,
        "key": "1Key1"
      },
      {
        "time": 71687,
        "key": "1Key8"
      },
      {
        "time": 71687,
        "key": "1Key9"
      },
      {
        "time": 71953,
        "key": "1Key4"
      },
      {
        "time": 71953,
        "key": "1Key11"
      },
      {
        "time": 72219,
        "key": "1Key1"
      },
      {
        "time": 72219,
        "key": "1Key9"
      },
      {
        "time": 72485,
        "key": "1Key4"
      },
      {
        "time": 72485,
        "key": "1Key11"
      },
      {
        "time": 72751,
        "key": "1Key0"
      },
      {
        "time": 72751,
        "key": "1Key6"
      },
      {
        "time": 72751,
        "key": "1Key9"
      },
      {
        "time": 73017,
        "key": "1Key4"
      },
      {
        "time": 73017,
        "key": "1Key11"
      },
      {
        "time": 73283,
        "key": "1Key2"
      },
      {
        "time": 73283,
        "key": "1Key9"
      },
      {
        "time": 73549,
        "key": "1Key4"
      },
      {
        "time": 73549,
        "key": "1Key11"
      },
      {
        "time": 73815,
        "key": "1Key2"
      },
      {
        "time": 73815,
        "key": "1Key6"
      },
      {
        "time": 73815,
        "key": "1Key9"
      },
      {
        "time": 74081,
        "key": "1Key4"
      },
      {
        "time": 74081,
        "key": "1Key11"
      },
      {
        "time": 74347,
        "key": "1Key2"
      },
      {
        "time": 74347,
        "key": "1Key9"
      },
      {
        "time": 74613,
        "key": "1Key4"
      },
      {
        "time": 74613,
        "key": "1Key11"
      },
      {
        "time": 74879,
        "key": "1Key2"
      },
      {
        "time": 74879,
        "key": "1Key5"
      },
      {
        "time": 74879,
        "key": "1Key9"
      },
      {
        "time": 75145,
        "key": "1Key4"
      },
      {
        "time": 75145,
        "key": "1Key11"
      },
      {
        "time": 75411,
        "key": "1Key2"
      },
      {
        "time": 75411,
        "key": "1Key9"
      },
      {
        "time": 75677,
        "key": "1Key4"
      },
      {
        "time": 75677,
        "key": "1Key11"
      },
      {
        "time": 75943,
        "key": "1Key2"
      },
      {
        "time": 75943,
        "key": "1Key9"
      },
      {
        "time": 76209,
        "key": "1Key4"
      },
      {
        "time": 76209,
        "key": "1Key11"
      },
      {
        "time": 76475,
        "key": "1Key2"
      },
      {
        "time": 76475,
        "key": "1Key9"
      },
      {
        "time": 76741,
        "key": "1Key4"
      },
      {
        "time": 76741,
        "key": "1Key11"
      },
      {
        "time": 77007,
        "key": "1Key2"
      },
      {
        "time": 77007,
        "key": "1Key9"
      },
      {
        "time": 77273,
        "key": "1Key4"
      },
      {
        "time": 77273,
        "key": "1Key11"
      },
      {
        "time": 77539,
        "key": "1Key2"
      },
      {
        "time": 77539,
        "key": "1Key9"
      },
      {
        "time": 77805,
        "key": "1Key4"
      },
      {
        "time": 77805,
        "key": "1Key11"
      },
      {
        "time": 78071,
        "key": "1Key2"
      },
      {
        "time": 78071,
        "key": "1Key6"
      },
      {
        "time": 78071,
        "key": "1Key9"
      },
      {
        "time": 78337,
        "key": "1Key4"
      },
      {
        "time": 78337,
        "key": "1Key11"
      },
      {
        "time": 78603,
        "key": "1Key2"
      },
      {
        "time": 78603,
        "key": "1Key9"
      },
      {
        "time": 78869,
        "key": "1Key4"
      },
      {
        "time": 78869,
        "key": "1Key11"
      },
      {
        "time": 79135,
        "key": "1Key1"
      },
      {
        "time": 79135,
        "key": "1Key7"
      },
      {
        "time": 79135,
        "key": "1Key9"
      },
      {
        "time": 79401,
        "key": "1Key4"
      },
      {
        "time": 79401,
        "key": "1Key11"
      },
      {
        "time": 79667,
        "key": "1Key1"
      },
      {
        "time": 79667,
        "key": "1Key9"
      },
      {
        "time": 79933,
        "key": "1Key4"
      },
      {
        "time": 79933,
        "key": "1Key11"
      },
      {
        "time": 80199,
        "key": "1Key1"
      },
      {
        "time": 80199,
        "key": "1Key8"
      },
      {
        "time": 80199,
        "key": "1Key9"
      },
      {
        "time": 80465,
        "key": "1Key4"
      },
      {
        "time": 80465,
        "key": "1Key11"
      },
      {
        "time": 80731,
        "key": "1Key1"
      },
      {
        "time": 80731,
        "key": "1Key9"
      },
      {
        "time": 80997,
        "key": "1Key4"
      },
      {
        "time": 80997,
        "key": "1Key11"
      },
      {
        "time": 81263,
        "key": "1Key0"
      },
      {
        "time": 81263,
        "key": "1Key11"
      },
      {
        "time": 81529,
        "key": "1Key4"
      },
      {
        "time": 81529,
        "key": "1Key9"
      },
      {
        "time": 81795,
        "key": "1Key2"
      },
      {
        "time": 81795,
        "key": "1Key11"
      },
      {
        "time": 82061,
        "key": "1Key4"
      },
      {
        "time": 82061,
        "key": "1Key9"
      },
      {
        "time": 82327,
        "key": "1Key2"
      },
      {
        "time": 82327,
        "key": "1Key11"
      },
      {
        "time": 82593,
        "key": "1Key4"
      },
      {
        "time": 82593,
        "key": "1Key9"
      },
      {
        "time": 82859,
        "key": "1Key2"
      },
      {
        "time": 82859,
        "key": "1Key11"
      },
      {
        "time": 83125,
        "key": "1Key4"
      },
      {
        "time": 83125,
        "key": "1Key9"
      },
      {
        "time": 83391,
        "key": "1Key2"
      },
      {
        "time": 83391,
        "key": "1Key10"
      },
      {
        "time": 83657,
        "key": "1Key4"
      },
      {
        "time": 83657,
        "key": "1Key9"
      },
      {
        "time": 83923,
        "key": "1Key2"
      },
      {
        "time": 83923,
        "key": "1Key10"
      },
      {
        "time": 84189,
        "key": "1Key4"
      },
      {
        "time": 84189,
        "key": "1Key9"
      },
      {
        "time": 84455,
        "key": "1Key2"
      },
      {
        "time": 84455,
        "key": "1Key11"
      },
      {
        "time": 84721,
        "key": "1Key4"
      },
      {
        "time": 84721,
        "key": "1Key9"
      },
      {
        "time": 84987,
        "key": "1Key2"
      },
      {
        "time": 84987,
        "key": "1Key12"
      },
      {
        "time": 85253,
        "key": "1Key4"
      },
      {
        "time": 85253,
        "key": "1Key9"
      },
      {
        "time": 85519,
        "key": "1Key6"
      },
      {
        "time": 85785,
        "key": "1Key4"
      },
      {
        "time": 86051,
        "key": "1Key6"
      },
      {
        "time": 86317,
        "key": "1Key6"
      },
      {
        "time": 86583,
        "key": "1Key9"
      },
      {
        "time": 86849,
        "key": "1Key6"
      },
      {
        "time": 87115,
        "key": "1Key4"
      },
      {
        "time": 87381,
        "key": "1Key6"
      },
      {
        "time": 87647,
        "key": "1Key1"
      },
      {
        "time": 87647,
        "key": "1Key8"
      },
      {
        "time": 87913,
        "key": "1Key6"
      },
      {
        "time": 88179,
        "key": "1Key4"
      },
      {
        "time": 88445,
        "key": "1Key6"
      },
      {
        "time": 88711,
        "key": "1Key8"
      },
      {
        "time": 88977,
        "key": "1Key6"
      },
      {
        "time": 89243,
        "key": "1Key4"
      },
      {
        "time": 89509,
        "key": "1Key6"
      },
      {
        "time": 89775,
        "key": "1Key7"
      },
      {
        "time": 90041,
        "key": "1Key0"
      },
      {
        "time": 90041,
        "key": "1Key7"
      },
      {
        "time": 90307,
        "key": "1Key6"
      },
      {
        "time": 90573,
        "key": "1Key4"
      },
      {
        "time": 90839,
        "key": "1Key6"
      },
      {
        "time": 91105,
        "key": "1Key7"
      },
      {
        "time": 91371,
        "key": "1Key6"
      },
      {
        "time": 91637,
        "key": "1Key4"
      },
      {
        "time": 91903,
        "key": "1Key6"
      },
      {
        "time": 92169,
        "key": "1Key6"
      },
      {
        "time": 92435,
        "key": "1Key4"
      },
      {
        "time": 92701,
        "key": "1Key2"
      },
      {
        "time": 92967,
        "key": "1Key4"
      },
      {
        "time": 93233,
        "key": "1Key6"
      },
      {
        "time": 93233,
        "key": "1Key13"
      },
      {
        "time": 93499,
        "key": "1Key4"
      },
      {
        "time": 93765,
        "key": "1Key2"
      },
      {
        "time": 93765,
        "key": "1Key12"
      },
      {
        "time": 94031,
        "key": "1Key4"
      },
      {
        "time": 94297,
        "key": "1Key9"
      },
      {
        "time": 94297,
        "key": "1Key13"
      },
      {
        "time": 94563,
        "key": "1Key6"
      },
      {
        "time": 94829,
        "key": "1Key4"
      },
      {
        "time": 95095,
        "key": "1Key6"
      },
      {
        "time": 95361,
        "key": "1Key9"
      },
      {
        "time": 95627,
        "key": "1Key6"
      },
      {
        "time": 95893,
        "key": "1Key4"
      },
      {
        "time": 96159,
        "key": "1Key6"
      },
      {
        "time": 96425,
        "key": "1Key8"
      },
      {
        "time": 96425,
        "key": "1Key12"
      },
      {
        "time": 96691,
        "key": "1Key6"
      },
      {
        "time": 96957,
        "key": "1Key4"
      },
      {
        "time": 97223,
        "key": "1Key6"
      },
      {
        "time": 97489,
        "key": "1Key8"
      },
      {
        "time": 97489,
        "key": "1Key13"
      },
      {
        "time": 97755,
        "key": "1Key6"
      },
      {
        "time": 98021,
        "key": "1Key4"
      },
      {
        "time": 98287,
        "key": "1Key6"
      },
      {
        "time": 98553,
        "key": "1Key7"
      },
      {
        "time": 98553,
        "key": "1Key9"
      },
      {
        "time": 98819,
        "key": "1Key6"
      },
      {
        "time": 99085,
        "key": "1Key4"
      },
      {
        "time": 99351,
        "key": "1Key6"
      },
      {
        "time": 99617,
        "key": "1Key7"
      },
      {
        "time": 99617,
        "key": "1Key10"
      },
      {
        "time": 99883,
        "key": "1Key6"
      },
      {
        "time": 100149,
        "key": "1Key4"
      },
      {
        "time": 100415,
        "key": "1Key6"
      },
      {
        "time": 100681,
        "key": "1Key6"
      },
      {
        "time": 100681,
        "key": "1Key11"
      },
      {
        "time": 100947,
        "key": "1Key4"
      },
      {
        "time": 101213,
        "key": "1Key2"
      },
      {
        "time": 101479,
        "key": "1Key4"
      },
      {
        "time": 101745,
        "key": "1Key6"
      },
      {
        "time": 101745,
        "key": "1Key10"
      },
      {
        "time": 102011,
        "key": "1Key4"
      },
      {
        "time": 102277,
        "key": "1Key2"
      },
      {
        "time": 102543,
        "key": "1Key4"
      },
      {
        "time": 102809,
        "key": "1Key2"
      },
      {
        "time": 103075,
        "key": "1Key4"
      },
      {
        "time": 103341,
        "key": "1Key6"
      },
      {
        "time": 103607,
        "key": "1Key9"
      }
    ]
  }
]