[
  {
    "name": "Dumb Ways To Die - OST",
    "bpm": 760,
    "songNotes": [
      {
        "key": "1Key1",
        "time": 490
      },
      {
        "key": "1Key4",
        "time": 646
      },
      {
        "key": "1Key8",
        "time": 646
      },
      {
        "key": "1Key0",
        "time": 1114
      },
      {
        "key": "1Key2",
        "time": 1426
      },
      {
        "key": "1Key4",
        "time": 1582
      },
      {
        "key": "1Key8",
        "time": 1582
      },
      {
        "key": "1Key1",
        "time": 2362
      },
      {
        "key": "1Key4",
        "time": 2518
      },
      {
        "key": "1Key8",
        "time": 2518
      },
      {
        "key": "1Key0",
        "time": 2986
      },
      {
        "key": "1Key2",
        "time": 3298
      },
      {
        "key": "1Key4",
        "time": 3454
      },
      {
        "key": "1Key8",
        "time": 3454
      },
      {
        "key": "1Key11",
        "time": 3454
      },
      {
        "key": "1Key11",
        "time": 3922
      },
      {
        "key": "1Key1",
        "time": 4234
      },
      {
        "key": "1Key4",
        "time": 4390
      },
      {
        "key": "1Key8",
        "time": 4390
      },
      {
        "key": "1Key9",
        "time": 4390
      },
      {
        "key": "1Key0",
        "time": 4858
      },
      {
        "key": "1Key11",
        "time": 4858
      },
      {
        "key": "1Key2",
        "time": 5170
      },
      {
        "key": "1Key4",
        "time": 5326
      },
      {
        "key": "1Key8",
        "time": 5326
      },
      {
        "key": "1Key9",
        "time": 5326
      },
      {
        "key": "1Key12",
        "time": 5638
      },
      {
        "key": "1Key13",
        "time": 5716
      },
      {
        "key": "1Key1",
        "time": 6106
      },
      {
        "key": "1Key4",
        "time": 6262
      },
      {
        "key": "1Key8",
        "time": 6262
      },
      {
        "key": "1Key0",
        "time": 6730
      },
      {
        "key": "1Key2",
        "time": 7042
      },
      {
        "key": "1Key4",
        "time": 7198
      },
      {
        "key": "1Key8",
        "time": 7198
      },
      {
        "key": "1Key11",
        "time": 7198
      },
      {
        "key": "1Key9",
        "time": 7510
      },
      {
        "key": "1Key11",
        "time": 7666
      },
      {
        "key": "1Key1",
        "time": 7978
      },
      {
        "key": "1Key4",
        "time": 8134
      },
      {
        "key": "1Key8",
        "time": 8134
      },
      {
        "key": "1Key11",
        "time": 8134
      },
      {
        "key": "1Key9",
        "time": 8446
      },
      {
        "key": "1Key0",
        "time": 8602
      },
      {
        "key": "1Key13",
        "time": 8602
      },
      {
        "key": "1Key2",
        "time": 8914
      },
      {
        "key": "1Key9",
        "time": 8914
      },
      {
        "key": "1Key4",
        "time": 9070
      },
      {
        "key": "1Key9",
        "time": 9070
      },
      {
        "key": "1Key9",
        "time": 9382
      },
      {
        "key": "1Key8",
        "time": 9460
      },
      {
        "key": "1Key1",
        "time": 9850
      },
      {
        "key": "1Key4",
        "time": 10006
      },
      {
        "key": "1Key8",
        "time": 10006
      },
      {
        "key": "1Key0",
        "time": 10474
      },
      {
        "key": "1Key2",
        "time": 10786
      },
      {
        "key": "1Key4",
        "time": 10942
      },
      {
        "key": "1Key8",
        "time": 10942
      },
      {
        "key": "1Key11",
        "time": 10942
      },
      {
        "key": "1Key11",
        "time": 11410
      },
      {
        "key": "1Key1",
        "time": 11722
      },
      {
        "key": "1Key4",
        "time": 11878
      },
      {
        "key": "1Key8",
        "time": 11878
      },
      {
        "key": "1Key9",
        "time": 11878
      },
      {
        "key": "1Key11",
        "time": 12190
      },
      {
        "key": "1Key0",
        "time": 12346
      },
      {
        "key": "1Key2",
        "time": 12658
      },
      {
        "key": "1Key4",
        "time": 12814
      },
      {
        "key": "1Key8",
        "time": 12814
      },
      {
        "key": "1Key9",
        "time": 13126
      },
      {
        "key": "1Key11",
        "time": 13282
      },
      {
        "key": "1Key1",
        "time": 13594
      },
      {
        "key": "1Key4",
        "time": 13750
      },
      {
        "key": "1Key8",
        "time": 13750
      },
      {
        "key": "1Key9",
        "time": 13750
      },
      {
        "key": "1Key11",
        "time": 14062
      },
      {
        "key": "1Key0",
        "time": 14218
      },
      {
        "key": "1Key2",
        "time": 14530
      },
      {
        "key": "1Key4",
        "time": 14686
      },
      {
        "key": "1Key8",
        "time": 14686
      },
      {
        "key": "1Key11",
        "time": 14686
      },
      {
        "key": "1Key9",
        "time": 14998
      },
      {
        "key": "1Key11",
        "time": 15154
      },
      {
        "key": "1Key1",
        "time": 15466
      },
      {
        "key": "1Key4",
        "time": 15622
      },
      {
        "key": "1Key8",
        "time": 15622
      },
      {
        "key": "1Key9",
        "time": 15622
      },
      {
        "key": "1Key11",
        "time": 15934
      },
      {
        "key": "1Key0",
        "time": 16090
      },
      {
        "key": "1Key2",
        "time": 16402
      },
      {
        "key": "1Key11",
        "time": 16402
      },
      {
        "key": "1Key4",
        "time": 16558
      },
      {
        "key": "1Key8",
        "time": 16558
      },
      {
        "key": "1Key9",
        "time": 16870
      },
      {
        "key": "1Key12",
        "time": 17026
      },
      {
        "key": "1Key13",
        "time": 17104
      },
      {
        "key": "1Key1",
        "time": 17338
      },
      {
        "key": "1Key4",
        "time": 17494
      },
      {
        "key": "1Key9",
        "time": 17494
      },
      {
        "key": "1Key8",
        "time": 17806
      },
      {
        "key": "1Key0",
        "time": 17962
      },
      {
        "key": "1Key2",
        "time": 18274
      },
      {
        "key": "1Key8",
        "time": 18430
      },
      {
        "key": "1Key4",
        "time": 18586
      },
      {
        "key": "1Key1",
        "time": 18742
      },
      {
        "key": "1Key13",
        "time": 18898
      },
      {
        "key": "1Key1",
        "time": 19366
      },
      {
        "key": "1Key4",
        "time": 19366
      },
      {
        "key": "1Key6",
        "time": 19366
      },
      {
        "key": "1Key1",
        "time": 20302
      },
      {
        "key": "1Key3",
        "time": 20302
      },
      {
        "key": "1Key5",
        "time": 20302
      },
      {
        "key": "1Key11",
        "time": 21082
      },
      {
        "key": "1Key2",
        "time": 21238
      },
      {
        "key": "1Key4",
        "time": 21238
      },
      {
        "key": "1Key6",
        "time": 21238
      },
      {
        "key": "1Key1",
        "time": 22174
      },
      {
        "key": "1Key3",
        "time": 22174
      },
      {
        "key": "1Key5",
        "time": 22174
      },
      {
        "key": "1Key12",
        "time": 22174
      },
      {
        "key": "1Key12",
        "time": 22486
      },
      {
        "key": "1Key11",
        "time": 22954
      },
      {
        "key": "1Key0",
        "time": 23110
      },
      {
        "key": "1Key2",
        "time": 23110
      },
      {
        "key": "1Key4",
        "time": 23110
      },
      {
        "key": "1Key7",
        "time": 23110
      },
      {
        "key": "1Key11",
        "time": 23110
      },
      {
        "key": "1Key11",
        "time": 23578
      },
      {
        "key": "1Key0",
        "time": 24046
      },
      {
        "key": "1Key2",
        "time": 24046
      },
      {
        "key": "1Key5",
        "time": 24046
      },
      {
        "key": "1Key12",
        "time": 24046
      },
      {
        "key": "1Key12",
        "time": 24358
      },
      {
        "key": "1Key8",
        "time": 24826
      },
      {
        "key": "1Key1",
        "time": 24982
      },
      {
        "key": "1Key3",
        "time": 24982
      },
      {
        "key": "1Key5",
        "time": 24982
      },
      {
        "key": "1Key0",
        "time": 25918
      },
      {
        "key": "1Key4",
        "time": 25918
      },
      {
        "key": "1Key8",
        "time": 25918
      },
      {
        "key": "1Key13",
        "time": 26386
      },
      {
        "key": "1Key1",
        "time": 26854
      },
      {
        "key": "1Key4",
        "time": 26854
      },
      {
        "key": "1Key6",
        "time": 26854
      },
      {
        "key": "1Key1",
        "time": 27790
      },
      {
        "key": "1Key3",
        "time": 27790
      },
      {
        "key": "1Key5",
        "time": 27790
      },
      {
        "key": "1Key13",
        "time": 28102
      },
      {
        "key": "1Key13",
        "time": 28570
      },
      {
        "key": "1Key2",
        "time": 28726
      },
      {
        "key": "1Key4",
        "time": 28726
      },
      {
        "key": "1Key6",
        "time": 28726
      },
      {
        "key": "1Key13",
        "time": 29038
      },
      {
        "key": "1Key1",
        "time": 29662
      },
      {
        "key": "1Key3",
        "time": 29662
      },
      {
        "key": "1Key5",
        "time": 29662
      },
      {
        "key": "1Key12",
        "time": 29662
      },
      {
        "key": "1Key12",
        "time": 29974
      },
      {
        "key": "1Key11",
        "time": 30442
      },
      {
        "key": "1Key0",
        "time": 30598
      },
      {
        "key": "1Key2",
        "time": 30598
      },
      {
        "key": "1Key4",
        "time": 30598
      },
      {
        "key": "1Key7",
        "time": 30598
      },
      {
        "key": "1Key11",
        "time": 30598
      },
      {
        "key": "1Key11",
        "time": 31066
      },
      {
        "key": "1Key1",
        "time": 31534
      },
      {
        "key": "1Key3",
        "time": 31534
      },
      {
        "key": "1Key5",
        "time": 31534
      },
      {
        "key": "1Key8",
        "time": 31534
      },
      {
        "key": "1Key12",
        "time": 31534
      },
      {
        "key": "1Key12",
        "time": 31846
      },
      {
        "key": "1Key11",
        "time": 31924
      },
      {
        "key": "1Key1",
        "time": 32314
      },
      {
        "key": "1Key4",
        "time": 32470
      },
      {
        "key": "1Key8",
        "time": 32470
      },
      {
        "key": "1Key2",
        "time": 33250
      },
      {
        "key": "1Key8",
        "time": 33406
      },
      {
        "key": "1Key1",
        "time": 34186
      },
      {
        "key": "1Key4",
        "time": 34342
      },
      {
        "key": "1Key2",
        "time": 35122
      },
      {
        "key": "1Key8",
        "time": 35278
      },
      {
        "key": "1Key11",
        "time": 35278
      },
      {
        "key": "1Key9",
        "time": 35590
      },
      {
        "key": "1Key6",
        "time": 35746
      },
      {
        "key": "1Key11",
        "time": 35746
      },
      {
        "key": "1Key1",
        "time": 36058
      },
      {
        "key": "1Key4",
        "time": 36214
      },
      {
        "key": "1Key6",
        "time": 36214
      },
      {
        "key": "1Key8",
        "time": 36214
      },
      {
        "key": "1Key11",
        "time": 36214
      },
      {
        "key": "1Key0",
        "time": 36682
      },
      {
        "key": "1Key7",
        "time": 36682
      },
      {
        "key": "1Key2",
        "time": 36994
      },
      {
        "key": "1Key11",
        "time": 36994
      },
      {
        "key": "1Key4",
        "time": 37150
      },
      {
        "key": "1Key7",
        "time": 37150
      },
      {
        "key": "1Key8",
        "time": 37150
      },
      {
        "key": "1Key9",
        "time": 37150
      },
      {
        "key": "1Key13",
        "time": 37462
      },
      {
        "key": "1Key6",
        "time": 37618
      },
      {
        "key": "1Key1",
        "time": 37930
      },
      {
        "key": "1Key4",
        "time": 38086
      },
      {
        "key": "1Key6",
        "time": 38086
      },
      {
        "key": "1Key8",
        "time": 38086
      },
      {
        "key": "1Key0",
        "time": 38554
      },
      {
        "key": "1Key7",
        "time": 38554
      },
      {
        "key": "1Key2",
        "time": 38866
      },
      {
        "key": "1Key4",
        "time": 39022
      },
      {
        "key": "1Key7",
        "time": 39022
      },
      {
        "key": "1Key8",
        "time": 39022
      },
      {
        "key": "1Key11",
        "time": 39022
      },
      {
        "key": "1Key9",
        "time": 39334
      },
      {
        "key": "1Key6",
        "time": 39490
      },
      {
        "key": "1Key11",
        "time": 39490
      },
      {
        "key": "1Key1",
        "time": 39802
      },
      {
        "key": "1Key4",
        "time": 39958
      },
      {
        "key": "1Key6",
        "time": 39958
      },
      {
        "key": "1Key8",
        "time": 39958
      },
      {
        "key": "1Key9",
        "time": 40270
      },
      {
        "key": "1Key0",
        "time": 40426
      },
      {
        "key": "1Key7",
        "time": 40426
      },
      {
        "key": "1Key13",
        "time": 40426
      },
      {
        "key": "1Key2",
        "time": 40738
      },
      {
        "key": "1Key9",
        "time": 40738
      },
      {
        "key": "1Key4",
        "time": 40894
      },
      {
        "key": "1Key7",
        "time": 40894
      },
      {
        "key": "1Key9",
        "time": 40894
      },
      {
        "key": "1Key9",
        "time": 41206
      },
      {
        "key": "1Key8",
        "time": 41284
      },
      {
        "key": "1Key6",
        "time": 41362
      },
      {
        "key": "1Key1",
        "time": 41674
      },
      {
        "key": "1Key4",
        "time": 41830
      },
      {
        "key": "1Key6",
        "time": 41830
      },
      {
        "key": "1Key8",
        "time": 41830
      },
      {
        "key": "1Key0",
        "time": 42298
      },
      {
        "key": "1Key7",
        "time": 42298
      },
      {
        "key": "1Key2",
        "time": 42610
      },
      {
        "key": "1Key4",
        "time": 42766
      },
      {
        "key": "1Key7",
        "time": 42766
      },
      {
        "key": "1Key8",
        "time": 42766
      },
      {
        "key": "1Key6",
        "time": 43234
      },
      {
        "key": "1Key11",
        "time": 43234
      },
      {
        "key": "1Key1",
        "time": 43546
      },
      {
        "key": "1Key4",
        "time": 43702
      },
      {
        "key": "1Key6",
        "time": 43702
      },
      {
        "key": "1Key8",
        "time": 43702
      },
      {
        "key": "1Key9",
        "time": 43702
      },
      {
        "key": "1Key11",
        "time": 44014
      },
      {
        "key": "1Key0",
        "time": 44170
      },
      {
        "key": "1Key7",
        "time": 44170
      },
      {
        "key": "1Key2",
        "time": 44482
      },
      {
        "key": "1Key11",
        "time": 44482
      },
      {
        "key": "1Key4",
        "time": 44638
      },
      {
        "key": "1Key7",
        "time": 44638
      },
      {
        "key": "1Key8",
        "time": 44638
      },
      {
        "key": "1Key9",
        "time": 44638
      },
      {
        "key": "1Key12",
        "time": 44950
      },
      {
        "key": "1Key13",
        "time": 45028
      },
      {
        "key": "1Key1",
        "time": 45418
      },
      {
        "key": "1Key4",
        "time": 45574
      },
      {
        "key": "1Key0",
        "time": 46042
      },
      {
        "key": "1Key2",
        "time": 46354
      },
      {
        "key": "1Key4",
        "time": 46510
      },
      {
        "key": "1Key7",
        "time": 46510
      },
      {
        "key": "1Key8",
        "time": 46510
      },
      {
        "key": "1Key11",
        "time": 46510
      },
      {
        "key": "1Key9",
        "time": 46822
      },
      {
        "key": "1Key6",
        "time": 46978
      },
      {
        "key": "1Key11",
        "time": 46978
      },
      {
        "key": "1Key1",
        "time": 47290
      },
      {
        "key": "1Key4",
        "time": 47446
      },
      {
        "key": "1Key6",
        "time": 47446
      },
      {
        "key": "1Key8",
        "time": 47446
      },
      {
        "key": "1Key11",
        "time": 47446
      },
      {
        "key": "1Key0",
        "time": 47914
      },
      {
        "key": "1Key7",
        "time": 47914
      },
      {
        "key": "1Key11",
        "time": 47914
      },
      {
        "key": "1Key2",
        "time": 48226
      },
      {
        "key": "1Key4",
        "time": 48382
      },
      {
        "key": "1Key7",
        "time": 48382
      },
      {
        "key": "1Key8",
        "time": 48382
      },
      {
        "key": "1Key11",
        "time": 48382
      },
      {
        "key": "1Key9",
        "time": 48694
      },
      {
        "key": "1Key6",
        "time": 48850
      },
      {
        "key": "1Key13",
        "time": 48850
      },
      {
        "key": "1Key1",
        "time": 49162
      },
      {
        "key": "1Key9",
        "time": 49162
      },
      {
        "key": "1Key4",
        "time": 49318
      },
      {
        "key": "1Key6",
        "time": 49318
      },
      {
        "key": "1Key8",
        "time": 49318
      },
      {
        "key": "1Key9",
        "time": 49318
      },
      {
        "key": "1Key8",
        "time": 49630
      },
      {
        "key": "1Key0",
        "time": 49786
      },
      {
        "key": "1Key7",
        "time": 49786
      },
      {
        "key": "1Key9",
        "time": 49786
      },
      {
        "key": "1Key8",
        "time": 50098
      },
      {
        "key": "1Key4",
        "time": 50410
      },
      {
        "key": "1Key1",
        "time": 50566
      },
      {
        "key": "1Key8",
        "time": 50722
      },
      {
        "key": "1Key11",
        "time": 50722
      },
      {
        "key": "1Key13",
        "time": 50722
      },
      {
        "key": "1Key1",
        "time": 51190
      },
      {
        "key": "1Key4",
        "time": 51190
      },
      {
        "key": "1Key6",
        "time": 51190
      },
      {
        "key": "1Key8",
        "time": 51658
      },
      {
        "key": "1Key10",
        "time": 51658
      },
      {
        "key": "1Key1",
        "time": 52126
      },
      {
        "key": "1Key3",
        "time": 52126
      },
      {
        "key": "1Key5",
        "time": 52126
      },
      {
        "key": "1Key9",
        "time": 52126
      },
      {
        "key": "1Key9",
        "time": 52438
      },
      {
        "key": "1Key11",
        "time": 52438
      },
      {
        "key": "1Key13",
        "time": 52438
      },
      {
        "key": "1Key11",
        "time": 52906
      },
      {
        "key": "1Key2",
        "time": 53062
      },
      {
        "key": "1Key4",
        "time": 53062
      },
      {
        "key": "1Key6",
        "time": 53062
      },
      {
        "key": "1Key1",
        "time": 53998
      },
      {
        "key": "1Key3",
        "time": 53998
      },
      {
        "key": "1Key5",
        "time": 53998
      },
      {
        "key": "1Key8",
        "time": 53998
      },
      {
        "key": "1Key12",
        "time": 53998
      },
      {
        "key": "1Key5",
        "time": 54310
      },
      {
        "key": "1Key8",
        "time": 54310
      },
      {
        "key": "1Key12",
        "time": 54310
      },
      {
        "key": "1Key9",
        "time": 54466
      },
      {
        "key": "1Key4",
        "time": 54778
      },
      {
        "key": "1Key11",
        "time": 54778
      },
      {
        "key": "1Key0",
        "time": 54934
      },
      {
        "key": "1Key2",
        "time": 54934
      },
      {
        "key": "1Key4",
        "time": 54934
      },
      {
        "key": "1Key9",
        "time": 54934
      },
      {
        "key": "1Key11",
        "time": 54934
      },
      {
        "key": "1Key4",
        "time": 55402
      },
      {
        "key": "1Key9",
        "time": 55402
      },
      {
        "key": "1Key11",
        "time": 55402
      },
      {
        "key": "1Key0",
        "time": 55870
      },
      {
        "key": "1Key2",
        "time": 55870
      },
      {
        "key": "1Key5",
        "time": 55870
      },
      {
        "key": "1Key12",
        "time": 55870
      },
      {
        "key": "1Key5",
        "time": 56182
      },
      {
        "key": "1Key10",
        "time": 56182
      },
      {
        "key": "1Key12",
        "time": 56182
      },
      {
        "key": "1Key10",
        "time": 56260
      },
      {
        "key": "1Key8",
        "time": 56650
      },
      {
        "key": "1Key1",
        "time": 56806
      },
      {
        "key": "1Key3",
        "time": 56806
      },
      {
        "key": "1Key5",
        "time": 56806
      },
      {
        "key": "1Key0",
        "time": 57742
      },
      {
        "key": "1Key4",
        "time": 57742
      },
      {
        "key": "1Key8",
        "time": 57742
      },
      {
        "key": "1Key6",
        "time": 58210
      },
      {
        "key": "1Key8",
        "time": 58210
      },
      {
        "key": "1Key11",
        "time": 58210
      },
      {
        "key": "1Key13",
        "time": 58210
      },
      {
        "key": "1Key1",
        "time": 58678
      },
      {
        "key": "1Key4",
        "time": 58678
      },
      {
        "key": "1Key6",
        "time": 58678
      },
      {
        "key": "1Key8",
        "time": 59146
      },
      {
        "key": "1Key13",
        "time": 59146
      },
      {
        "key": "1Key1",
        "time": 59614
      },
      {
        "key": "1Key3",
        "time": 59614
      },
      {
        "key": "1Key5",
        "time": 59614
      },
      {
        "key": "1Key9",
        "time": 59614
      },
      {
        "key": "1Key11",
        "time": 59926
      },
      {
        "key": "1Key13",
        "time": 59926
      },
      {
        "key": "1Key9",
        "time": 60394
      },
      {
        "key": "1Key12",
        "time": 60394
      },
      {
        "key": "1Key13",
        "time": 60394
      },
      {
        "key": "1Key2",
        "time": 60550
      },
      {
        "key": "1Key4",
        "time": 60550
      },
      {
        "key": "1Key6",
        "time": 60550
      },
      {
        "key": "1Key8",
        "time": 60862
      },
      {
        "key": "1Key11",
        "time": 60862
      },
      {
        "key": "1Key13",
        "time": 60862
      },
      {
        "key": "1Key5",
        "time": 61330
      },
      {
        "key": "1Key1",
        "time": 61486
      },
      {
        "key": "1Key3",
        "time": 61486
      },
      {
        "key": "1Key5",
        "time": 61486
      },
      {
        "key": "1Key8",
        "time": 61486
      },
      {
        "key": "1Key10",
        "time": 61486
      },
      {
        "key": "1Key12",
        "time": 61486
      },
      {
        "key": "1Key5",
        "time": 61798
      },
      {
        "key": "1Key8",
        "time": 61798
      },
      {
        "key": "1Key12",
        "time": 61798
      },
      {
        "key": "1Key9",
        "time": 61954
      },
      {
        "key": "1Key4",
        "time": 62266
      },
      {
        "key": "1Key11",
        "time": 62266
      },
      {
        "key": "1Key0",
        "time": 62422
      },
      {
        "key": "1Key2",
        "time": 62422
      },
      {
        "key": "1Key4",
        "time": 62422
      },
      {
        "key": "1Key9",
        "time": 62422
      },
      {
        "key": "1Key11",
        "time": 62422
      },
      {
        "key": "1Key4",
        "time": 62890
      },
      {
        "key": "1Key8",
        "time": 62890
      },
      {
        "key": "1Key11",
        "time": 62890
      },
      {
        "key": "1Key1",
        "time": 63358
      },
      {
        "key": "1Key3",
        "time": 63358
      },
      {
        "key": "1Key5",
        "time": 63358
      },
      {
        "key": "1Key8",
        "time": 63358
      },
      {
        "key": "1Key9",
        "time": 63358
      },
      {
        "key": "1Key12",
        "time": 63358
      },
      {
        "key": "1Key12",
        "time": 63670
      },
      {
        "key": "1Key11",
        "time": 63748
      },
      {
        "key": "1Key6",
        "time": 63826
      },
      {
        "key": "1Key1",
        "time": 64138
      },
      {
        "key": "1Key4",
        "time": 64294
      },
      {
        "key": "1Key6",
        "time": 64294
      },
      {
        "key": "1Key8",
        "time": 64294
      },
      {
        "key": "1Key7",
        "time": 64762
      },
      {
        "key": "1Key2",
        "time": 65074
      },
      {
        "key": "1Key7",
        "time": 65230
      },
      {
        "key": "1Key8",
        "time": 65230
      },
      {
        "key": "1Key11",
        "time": 65230
      },
      {
        "key": "1Key9",
        "time": 65542
      },
      {
        "key": "1Key12",
        "time": 65542
      },
      {
        "key": "1Key6",
        "time": 65698
      },
      {
        "key": "1Key11",
        "time": 65698
      },
      {
        "key": "1Key13",
        "time": 65698
      },
      {
        "key": "1Key1",
        "time": 66010
      },
      {
        "key": "1Key9",
        "time": 66010
      },
      {
        "key": "1Key4",
        "time": 66166
      },
      {
        "key": "1Key6",
        "time": 66166
      },
      {
        "key": "1Key8",
        "time": 66166
      },
      {
        "key": "1Key11",
        "time": 66478
      },
      {
        "key": "1Key7",
        "time": 66634
      },
      {
        "key": "1Key9",
        "time": 66634
      },
      {
        "key": "1Key2",
        "time": 66946
      },
      {
        "key": "1Key11",
        "time": 66946
      },
      {
        "key": "1Key7",
        "time": 67102
      },
      {
        "key": "1Key8",
        "time": 67102
      },
      {
        "key": "1Key12",
        "time": 67414
      },
      {
        "key": "1Key6",
        "time": 67570
      },
      {
        "key": "1Key13",
        "time": 67570
      },
      {
        "key": "1Key1",
        "time": 67882
      },
      {
        "key": "1Key4",
        "time": 68038
      },
      {
        "key": "1Key6",
        "time": 68038
      },
      {
        "key": "1Key8",
        "time": 68038
      },
      {
        "key": "1Key7",
        "time": 68506
      },
      {
        "key": "1Key2",
        "time": 68818
      },
      {
        "key": "1Key7",
        "time": 68974
      },
      {
        "key": "1Key8",
        "time": 68974
      },
      {
        "key": "1Key11",
        "time": 68974
      },
      {
        "key": "1Key9",
        "time": 69286
      },
      {
        "key": "1Key6",
        "time": 69442
      },
      {
        "key": "1Key11",
        "time": 69442
      },
      {
        "key": "1Key1",
        "time": 69754
      },
      {
        "key": "1Key4",
        "time": 69910
      },
      {
        "key": "1Key6",
        "time": 69910
      },
      {
        "key": "1Key8",
        "time": 69910
      },
      {
        "key": "1Key11",
        "time": 69910
      },
      {
        "key": "1Key9",
        "time": 70222
      },
      {
        "key": "1Key7",
        "time": 70378
      },
      {
        "key": "1Key13",
        "time": 70378
      },
      {
        "key": "1Key2",
        "time": 70690
      },
      {
        "key": "1Key7",
        "time": 70846
      },
      {
        "key": "1Key9",
        "time": 70846
      },
      {
        "key": "1Key9",
        "time": 71158
      },
      {
        "key": "1Key8",
        "time": 71236
      },
      {
        "key": "1Key6",
        "time": 71314
      },
      {
        "key": "1Key1",
        "time": 71626
      },
      {
        "key": "1Key4",
        "time": 71782
      },
      {
        "key": "1Key6",
        "time": 71782
      },
      {
        "key": "1Key8",
        "time": 71782
      },
      {
        "key": "1Key7",
        "time": 72250
      },
      {
        "key": "1Key2",
        "time": 72562
      },
      {
        "key": "1Key7",
        "time": 72718
      },
      {
        "key": "1Key11",
        "time": 72718
      },
      {
        "key": "1Key9",
        "time": 73030
      },
      {
        "key": "1Key6",
        "time": 73186
      },
      {
        "key": "1Key11",
        "time": 73186
      },
      {
        "key": "1Key1",
        "time": 73498
      },
      {
        "key": "1Key12",
        "time": 73498
      },
      {
        "key": "1Key4",
        "time": 73654
      },
      {
        "key": "1Key6",
        "time": 73654
      },
      {
        "key": "1Key8",
        "time": 73654
      },
      {
        "key": "1Key13",
        "time": 73966
      },
      {
        "key": "1Key7",
        "time": 74122
      },
      {
        "key": "1Key2",
        "time": 74434
      },
      {
        "key": "1Key7",
        "time": 74590
      },
      {
        "key": "1Key8",
        "time": 74590
      },
      {
        "key": "1Key1",
        "time": 75370
      },
      {
        "key": "1Key4",
        "time": 75526
      },
      {
        "key": "1Key2",
        "time": 76306
      },
      {
        "key": "1Key1",
        "time": 77242
      },
      {
        "key": "1Key4",
        "time": 77398
      },
      {
        "key": "1Key13",
        "time": 77866
      },
      {
        "key": "1Key2",
        "time": 78178
      },
      {
        "key": "1Key12",
        "time": 78178
      },
      {
        "key": "1Key8",
        "time": 78334
      },
      {
        "key": "1Key13",
        "time": 78334
      },
      {
        "key": "1Key9",
        "time": 78646
      },
      {
        "key": "1Key13",
        "time": 78802
      },
      {
        "key": "1Key1",
        "time": 79114
      },
      {
        "key": "1Key9",
        "time": 79114
      },
      {
        "key": "1Key4",
        "time": 79270
      },
      {
        "key": "1Key6",
        "time": 79270
      },
      {
        "key": "1Key8",
        "time": 79270
      },
      {
        "key": "1Key8",
        "time": 79582
      },
      {
        "key": "1Key7",
        "time": 79738
      },
      {
        "key": "1Key7",
        "time": 80206
      },
      {
        "key": "1Key8",
        "time": 80206
      },
      {
        "key": "1Key4",
        "time": 80362
      },
      {
        "key": "1Key1",
        "time": 80518
      },
      {
        "key": "1Key12",
        "time": 80674
      },
      {
        "key": "1Key13",
        "time": 80752
      },
      {
        "key": "1Key13",
        "time": 80830
      },
      {
        "key": "1Key13",
        "time": 80908
      },
      {
        "key": "1Key13",
        "time": 80986
      },
      {
        "key": "1Key13",
        "time": 81064
      },
      {
        "key": "1Key13",
        "time": 81142
      },
      {
        "key": "1Key1",
        "time": 81220
      },
      {
        "key": "1Key4",
        "time": 81220
      },
      {
        "key": "1Key6",
        "time": 81220
      },
      {
        "key": "1Key13",
        "time": 81298
      },
      {
        "key": "1Key13",
        "time": 81376
      },
      {
        "key": "1Key13",
        "time": 81454
      },
      {
        "key": "1Key13",
        "time": 81532
      },
      {
        "key": "1Key13",
        "time": 81610
      },
      {
        "key": "1Key13",
        "time": 81688
      },
      {
        "key": "1Key1",
        "time": 82156
      },
      {
        "key": "1Key3",
        "time": 82156
      },
      {
        "key": "1Key5",
        "time": 82156
      },
      {
        "key": "1Key11",
        "time": 82936
      },
      {
        "key": "1Key2",
        "time": 83092
      },
      {
        "key": "1Key4",
        "time": 83092
      },
      {
        "key": "1Key6",
        "time": 83092
      },
      {
        "key": "1Key8",
        "time": 83404
      },
      {
        "key": "1Key1",
        "time": 83560
      },
      {
        "key": "1Key1",
        "time": 84028
      },
      {
        "key": "1Key3",
        "time": 84028
      },
      {
        "key": "1Key5",
        "time": 84028
      },
      {
        "key": "1Key13",
        "time": 84028
      },
      {
        "key": "1Key12",
        "time": 84340
      },
      {
        "key": "1Key14",
        "time": 84340
      },
      {
        "key": "1Key11",
        "time": 84808
      },
      {
        "key": "1Key0",
        "time": 84964
      },
      {
        "key": "1Key2",
        "time": 84964
      },
      {
        "key": "1Key4",
        "time": 84964
      },
      {
        "key": "1Key7",
        "time": 84964
      },
      {
        "key": "1Key12",
        "time": 84964
      },
      {
        "key": "1Key14",
        "time": 84964
      },
      {
        "key": "1Key11",
        "time": 85432
      },
      {
        "key": "1Key12",
        "time": 85432
      },
      {
        "key": "1Key0",
        "time": 85900
      },
      {
        "key": "1Key2",
        "time": 85900
      },
      {
        "key": "1Key5",
        "time": 85900
      },
      {
        "key": "1Key12",
        "time": 85900
      },
      {
        "key": "1Key12",
        "time": 86212
      },
      {
        "key": "1Key8",
        "time": 86680
      },
      {
        "key": "1Key1",
        "time": 86836
      },
      {
        "key": "1Key3",
        "time": 86836
      },
      {
        "key": "1Key5",
        "time": 86836
      },
      {
        "key": "1Key8",
        "time": 86836
      },
      {
        "key": "1Key9",
        "time": 87148
      },
      {
        "key": "1Key0",
        "time": 87304
      },
      {
        "key": "1Key11",
        "time": 87616
      },
      {
        "key": "1Key0",
        "time": 87772
      },
      {
        "key": "1Key4",
        "time": 87772
      },
      {
        "key": "1Key8",
        "time": 87772
      },
      {
        "key": "1Key12",
        "time": 87772
      },
      {
        "key": "1Key12",
        "time": 88084
      },
      {
        "key": "1Key13",
        "time": 88240
      },
      {
        "key": "1Key13",
        "time": 88318
      },
      {
        "key": "1Key13",
        "time": 88396
      },
      {
        "key": "1Key13",
        "time": 88474
      },
      {
        "key": "1Key13",
        "time": 88552
      },
      {
        "key": "1Key13",
        "time": 88630
      },
      {
        "key": "1Key1",
        "time": 88708
      },
      {
        "key": "1Key4",
        "time": 88708
      },
      {
        "key": "1Key6",
        "time": 88708
      },
      {
        "key": "1Key13",
        "time": 88708
      },
      {
        "key": "1Key13",
        "time": 88786
      },
      {
        "key": "1Key13",
        "time": 88864
      },
      {
        "key": "1Key13",
        "time": 88942
      },
      {
        "key": "1Key13",
        "time": 89020
      },
      {
        "key": "1Key13",
        "time": 89098
      },
      {
        "key": "1Key1",
        "time": 89644
      },
      {
        "key": "1Key3",
        "time": 89644
      },
      {
        "key": "1Key5",
        "time": 89644
      },
      {
        "key": "1Key2",
        "time": 90580
      },
      {
        "key": "1Key4",
        "time": 90580
      },
      {
        "key": "1Key6",
        "time": 90580
      },
      {
        "key": "1Key5",
        "time": 91360
      },
      {
        "key": "1Key1",
        "time": 91516
      },
      {
        "key": "1Key3",
        "time": 91516
      },
      {
        "key": "1Key5",
        "time": 91516
      },
      {
        "key": "1Key13",
        "time": 91516
      },
      {
        "key": "1Key12",
        "time": 91828
      },
      {
        "key": "1Key11",
        "time": 92296
      },
      {
        "key": "1Key0",
        "time": 92452
      },
      {
        "key": "1Key2",
        "time": 92452
      },
      {
        "key": "1Key4",
        "time": 92452
      },
      {
        "key": "1Key7",
        "time": 92452
      },
      {
        "key": "1Key11",
        "time": 92452
      },
      {
        "key": "1Key11",
        "time": 92920
      },
      {
        "key": "1Key1",
        "time": 93388
      },
      {
        "key": "1Key3",
        "time": 93388
      },
      {
        "key": "1Key5",
        "time": 93388
      },
      {
        "key": "1Key8",
        "time": 93388
      },
      {
        "key": "1Key12",
        "time": 93388
      },
      {
        "key": "1Key11",
        "time": 93700
      },
      {
        "key": "1Key1",
        "time": 94168
      },
      {
        "key": "1Key4",
        "time": 94324
      },
      {
        "key": "1Key12",
        "time": 94324
      },
      {
        "key": "1Key13",
        "time": 94402
      },
      {
        "key": "1Key13",
        "time": 94792
      },
      {
        "key": "1Key2",
        "time": 95104
      },
      {
        "key": "1Key4",
        "time": 95260
      },
      {
        "key": "1Key12",
        "time": 95260
      },
      {
        "key": "1Key13",
        "time": 95338
      },
      {
        "key": "1Key2",
        "time": 95572
      },
      {
        "key": "1Key4",
        "time": 95728
      },
      {
        "key": "1Key13",
        "time": 95728
      },
      {
        "key": "1Key2",
        "time": 96040
      },
      {
        "key": "1Key12",
        "time": 96196
      },
      {
        "key": "1Key13",
        "time": 96274
      },
      {
        "key": "1Key4",
        "time": 96508
      },
      {
        "key": "1Key13",
        "time": 96664
      },
      {
        "key": "1Key4",
        "time": 96976
      },
      {
        "key": "1Key2",
        "time": 97132
      },
      {
        "key": "1Key12",
        "time": 97132
      },
      {
        "key": "1Key13",
        "time": 97210
      },
      {
        "key": "1Key6",
        "time": 97444
      },
      {
        "key": "1Key13",
        "time": 97600
      },
      {
        "key": "1Key1",
        "time": 97912
      },
      {
        "key": "1Key4",
        "time": 98068
      },
      {
        "key": "1Key12",
        "time": 98068
      },
      {
        "key": "1Key13",
        "time": 98146
      },
      {
        "key": "1Key13",
        "time": 98536
      },
      {
        "key": "1Key2",
        "time": 99004
      },
      {
        "key": "1Key12",
        "time": 99004
      },
      {
        "key": "1Key13",
        "time": 99082
      },
      {
        "key": "1Key7",
        "time": 99316
      },
      {
        "key": "1Key13",
        "time": 99472
      },
      {
        "key": "1Key1",
        "time": 99784
      },
      {
        "key": "1Key6",
        "time": 99784
      },
      {
        "key": "1Key4",
        "time": 99940
      },
      {
        "key": "1Key7",
        "time": 99940
      },
      {
        "key": "1Key12",
        "time": 99940
      },
      {
        "key": "1Key13",
        "time": 100018
      },
      {
        "key": "1Key6",
        "time": 100252
      },
      {
        "key": "1Key7",
        "time": 100408
      },
      {
        "key": "1Key13",
        "time": 100408
      },
      {
        "key": "1Key2",
        "time": 100720
      },
      {
        "key": "1Key8",
        "time": 100876
      },
      {
        "key": "1Key12",
        "time": 100876
      },
      {
        "key": "1Key13",
        "time": 100954
      },
      {
        "key": "1Key5",
        "time": 101188
      },
      {
        "key": "1Key6",
        "time": 101266
      },
      {
        "key": "1Key13",
        "time": 101344
      },
      {
        "key": "1Key4",
        "time": 101500
      },
      {
        "key": "1Key4",
        "time": 101656
      },
      {
        "key": "1Key12",
        "time": 101812
      },
      {
        "key": "1Key13",
        "time": 101890
      },
      {
        "key": "1Key13",
        "time": 102280
      },
      {
        "key": "1Key4",
        "time": 103216
      },
      {
        "key": "1Key13",
        "time": 103216
      },
      {
        "key": "1Key1",
        "time": 103528
      },
      {
        "key": "1Key5",
        "time": 103684
      },
      {
        "key": "1Key12",
        "time": 103684
      },
      {
        "key": "1Key13",
        "time": 103762
      },
      {
        "key": "1Key6",
        "time": 103996
      },
      {
        "key": "1Key13",
        "time": 104152
      },
      {
        "key": "1Key2",
        "time": 104464
      },
      {
        "key": "1Key12",
        "time": 104620
      },
      {
        "key": "1Key13",
        "time": 104698
      },
      {
        "key": "1Key2",
        "time": 104932
      },
      {
        "key": "1Key4",
        "time": 105088
      },
      {
        "key": "1Key13",
        "time": 105088
      },
      {
        "key": "1Key1",
        "time": 105400
      },
      {
        "key": "1Key5",
        "time": 105556
      },
      {
        "key": "1Key12",
        "time": 105556
      },
      {
        "key": "1Key13",
        "time": 105634
      },
      {
        "key": "1Key6",
        "time": 105868
      },
      {
        "key": "1Key13",
        "time": 106024
      },
      {
        "key": "1Key12",
        "time": 106492
      },
      {
        "key": "1Key13",
        "time": 106570
      },
      {
        "key": "1Key14",
        "time": 106648
      },
      {
        "key": "1Key2",
        "time": 107272
      },
      {
        "key": "1Key4",
        "time": 107506
      },
      {
        "key": "1Key2",
        "time": 107740
      },
      {
        "key": "1Key4",
        "time": 107974
      },
      {
        "key": "1Key2",
        "time": 108208
      },
      {
        "key": "1Key4",
        "time": 108442
      },
      {
        "key": "1Key7",
        "time": 108910
      },
      {
        "key": "1Key7",
        "time": 109222
      },
      {
        "key": "1Key8",
        "time": 109534
      },
      {
        "key": "1Key0",
        "time": 109846
      },
      {
        "key": "1Key2",
        "time": 110158
      },
      {
        "key": "1Key12",
        "time": 110158
      },
      {
        "key": "1Key8",
        "time": 110314
      },
      {
        "key": "1Key4",
        "time": 110470
      },
      {
        "key": "1Key1",
        "time": 110626
      },
      {
        "key": "1Key13",
        "time": 110782
      },
      {
        "key": "1Key13",
        "time": 110860
      },
      {
        "key": "1Key13",
        "time": 110938
      },
      {
        "key": "1Key13",
        "time": 111016
      },
      {
        "key": "1Key13",
        "time": 111094
      },
      {
        "key": "1Key13",
        "time": 111172
      },
      {
        "key": "1Key1",
        "time": 111250
      },
      {
        "key": "1Key4",
        "time": 111250
      },
      {
        "key": "1Key6",
        "time": 111250
      },
      {
        "key": "1Key13",
        "time": 111250
      },
      {
        "key": "1Key13",
        "time": 111328
      },
      {
        "key": "1Key13",
        "time": 111406
      },
      {
        "key": "1Key13",
        "time": 111484
      },
      {
        "key": "1Key13",
        "time": 111562
      },
      {
        "key": "1Key13",
        "time": 111640
      },
      {
        "key": "1Key1",
        "time": 112186
      },
      {
        "key": "1Key3",
        "time": 112186
      },
      {
        "key": "1Key5",
        "time": 112186
      },
      {
        "key": "1Key4",
        "time": 112654
      },
      {
        "key": "1Key11",
        "time": 112966
      },
      {
        "key": "1Key2",
        "time": 113122
      },
      {
        "key": "1Key4",
        "time": 113122
      },
      {
        "key": "1Key6",
        "time": 113122
      },
      {
        "key": "1Key3",
        "time": 113590
      },
      {
        "key": "1Key8",
        "time": 113590
      },
      {
        "key": "1Key1",
        "time": 114058
      },
      {
        "key": "1Key3",
        "time": 114058
      },
      {
        "key": "1Key5",
        "time": 114058
      },
      {
        "key": "1Key13",
        "time": 114058
      },
      {
        "key": "1Key12",
        "time": 114370
      },
      {
        "key": "1Key14",
        "time": 114370
      },
      {
        "key": "1Key11",
        "time": 114838
      },
      {
        "key": "1Key0",
        "time": 114994
      },
      {
        "key": "1Key2",
        "time": 114994
      },
      {
        "key": "1Key4",
        "time": 114994
      },
      {
        "key": "1Key7",
        "time": 114994
      },
      {
        "key": "1Key12",
        "time": 114994
      },
      {
        "key": "1Key14",
        "time": 114994
      },
      {
        "key": "1Key11",
        "time": 115462
      },
      {
        "key": "1Key12",
        "time": 115462
      },
      {
        "key": "1Key12",
        "time": 115540
      },
      {
        "key": "1Key0",
        "time": 115930
      },
      {
        "key": "1Key2",
        "time": 115930
      },
      {
        "key": "1Key5",
        "time": 115930
      },
      {
        "key": "1Key12",
        "time": 115930
      },
      {
        "key": "1Key12",
        "time": 116242
      },
      {
        "key": "1Key8",
        "time": 116710
      },
      {
        "key": "1Key1",
        "time": 116866
      },
      {
        "key": "1Key3",
        "time": 116866
      },
      {
        "key": "1Key5",
        "time": 116866
      },
      {
        "key": "1Key8",
        "time": 116866
      },
      {
        "key": "1Key9",
        "time": 117178
      },
      {
        "key": "1Key0",
        "time": 117334
      },
      {
        "key": "1Key11",
        "time": 117334
      },
      {
        "key": "1Key11",
        "time": 117490
      },
      {
        "key": "1Key12",
        "time": 117646
      },
      {
        "key": "1Key0",
        "time": 117802
      },
      {
        "key": "1Key1",
        "time": 117802
      },
      {
        "key": "1Key4",
        "time": 117802
      },
      {
        "key": "1Key12",
        "time": 117802
      },
      {
        "key": "1Key13",
        "time": 118270
      },
      {
        "key": "1Key13",
        "time": 118348
      },
      {
        "key": "1Key13",
        "time": 118426
      },
      {
        "key": "1Key13",
        "time": 118504
      },
      {
        "key": "1Key13",
        "time": 118582
      },
      {
        "key": "1Key13",
        "time": 118660
      },
      {
        "key": "1Key1",
        "time": 118738
      },
      {
        "key": "1Key4",
        "time": 118738
      },
      {
        "key": "1Key6",
        "time": 118738
      },
      {
        "key": "1Key13",
        "time": 118738
      },
      {
        "key": "1Key13",
        "time": 118816
      },
      {
        "key": "1Key13",
        "time": 118894
      },
      {
        "key": "1Key13",
        "time": 118972
      },
      {
        "key": "1Key13",
        "time": 119050
      },
      {
        "key": "1Key13",
        "time": 119128
      },
      {
        "key": "1Key1",
        "time": 119674
      },
      {
        "key": "1Key3",
        "time": 119674
      },
      {
        "key": "1Key5",
        "time": 119674
      },
      {
        "key": "1Key2",
        "time": 120610
      },
      {
        "key": "1Key4",
        "time": 120610
      },
      {
        "key": "1Key6",
        "time": 120610
      },
      {
        "key": "1Key13",
        "time": 121390
      },
      {
        "key": "1Key1",
        "time": 121546
      },
      {
        "key": "1Key3",
        "time": 121546
      },
      {
        "key": "1Key5",
        "time": 121546
      },
      {
        "key": "1Key1",
        "time": 124354
      },
      {
        "key": "1Key3",
        "time": 124354
      },
      {
        "key": "1Key5",
        "time": 124354
      },
      {
        "key": "1Key8",
        "time": 124354
      },
      {
        "key": "1Key12",
        "time": 124354
      },
      {
        "key": "1Key7",
        "time": 124666
      },
      {
        "key": "1Key8",
        "time": 124666
      },
      {
        "key": "1Key12",
        "time": 124666
      },
      {
        "key": "1Key9",
        "time": 124822
      },
      {
        "key": "1Key11",
        "time": 125134
      },
      {
        "key": "1Key0",
        "time": 125290
      },
      {
        "key": "1Key2",
        "time": 125290
      },
      {
        "key": "1Key4",
        "time": 125290
      },
      {
        "key": "1Key7",
        "time": 125290
      },
      {
        "key": "1Key11",
        "time": 125290
      },
      {
        "key": "1Key12",
        "time": 125290
      },
      {
        "key": "1Key8",
        "time": 125758
      },
      {
        "key": "1Key11",
        "time": 125758
      },
      {
        "key": "1Key12",
        "time": 125758
      },
      {
        "key": "1Key1",
        "time": 126226
      },
      {
        "key": "1Key3",
        "time": 126226
      },
      {
        "key": "1Key5",
        "time": 126226
      },
      {
        "key": "1Key8",
        "time": 126226
      },
      {
        "key": "1Key12",
        "time": 126226
      },
      {
        "key": "1Key8",
        "time": 126538
      },
      {
        "key": "1Key9",
        "time": 126538
      },
      {
        "key": "1Key12",
        "time": 126538
      },
      {
        "key": "1Key6",
        "time": 126694
      },
      {
        "key": "1Key11",
        "time": 126694
      },
      {
        "key": "1Key2",
        "time": 128878
      },
      {
        "key": "1Key14",
        "time": 128878
      },
      {
        "key": "1Key3",
        "time": 129502
      },
      {
        "key": "1Key4",
        "time": 130126
      },
      {
        "key": "1Key5",
        "time": 130750
      },
      {
        "key": "1Key1",
        "time": 131218
      },
      {
        "key": "1Key6",
        "time": 131296
      },
      {
        "key": "1Key13",
        "time": 131296
      },
      {
        "key": "1Key5",
        "time": 131686
      },
      {
        "key": "1Key4",
        "time": 132076
      },
      {
        "key": "1Key5",
        "time": 132544
      },
      {
        "key": "1Key13",
        "time": 132544
      },
      {
        "key": "1Key5",
        "time": 133168
      },
      {
        "key": "1Key0",
        "time": 133870
      },
      {
        "key": "1Key5",
        "time": 133870
      },
      {
        "key": "1Key9",
        "time": 133870
      },
      {
        "key": "1Key14",
        "time": 133948
      },
      {
        "key": "1Key2",
        "time": 134104
      },
      {
        "key": "1Key4",
        "time": 134416
      },
      {
        "key": "1Key10",
        "time": 135040
      },
      {
        "key": "1Key1",
        "time": 136132
      },
      {
        "key": "1Key2",
        "time": 136522
      },
      {
        "key": "1Key14",
        "time": 136522
      },
      {
        "key": "1Key3",
        "time": 137146
      },
      {
        "key": "1Key4",
        "time": 137770
      },
      {
        "key": "1Key5",
        "time": 138394
      },
      {
        "key": "1Key1",
        "time": 138862
      },
      {
        "key": "1Key6",
        "time": 138940
      },
      {
        "key": "1Key13",
        "time": 138940
      },
      {
        "key": "1Key5",
        "time": 139564
      },
      {
        "key": "1Key5",
        "time": 140266
      },
      {
        "key": "1Key13",
        "time": 140266
      },
      {
        "key": "1Key5",
        "time": 140890
      },
      {
        "key": "1Key0",
        "time": 141748
      },
      {
        "key": "1Key5",
        "time": 141748
      },
      {
        "key": "1Key11",
        "time": 141748
      },
      {
        "key": "1Key14",
        "time": 141826
      },
      {
        "key": "1Key2",
        "time": 142060
      },
      {
        "key": "1Key4",
        "time": 142372
      },
      {
        "key": "1Key5",
        "time": 148924
      },
      {
        "key": "1Key8",
        "time": 148924
      },
      {
        "key": "1Key10",
        "time": 148924
      },
      {
        "key": "1Key12",
        "time": 148924
      },
      {
        "key": "1Key5",
        "time": 149236
      },
      {
        "key": "1Key8",
        "time": 149236
      },
      {
        "key": "1Key10",
        "time": 149236
      },
      {
        "key": "1Key12",
        "time": 149236
      },
      {
        "key": "1Key1",
        "time": 149392
      },
      {
        "key": "1Key3",
        "time": 149392
      },
      {
        "key": "1Key4",
        "time": 149392
      },
      {
        "key": "1Key5",
        "time": 149392
      },
      {
        "key": "1Key8",
        "time": 149392
      },
      {
        "key": "1Key11",
        "time": 149392
      },
      {
        "key": "1Key5",
        "time": 149704
      },
      {
        "key": "1Key8",
        "time": 149704
      },
      {
        "key": "1Key10",
        "time": 149704
      },
      {
        "key": "1Key12",
        "time": 149704
      },
      {
        "key": "1Key5",
        "time": 150172
      },
      {
        "key": "1Key8",
        "time": 150172
      },
      {
        "key": "1Key10",
        "time": 150172
      },
      {
        "key": "1Key12",
        "time": 150172
      },
      {
        "key": "1Key1",
        "time": 150328
      },
      {
        "key": "1Key3",
        "time": 150328
      },
      {
        "key": "1Key4",
        "time": 150328
      },
      {
        "key": "1Key5",
        "time": 150328
      },
      {
        "key": "1Key8",
        "time": 150328
      },
      {
        "key": "1Key11",
        "time": 150328
      },
      {
        "key": "1Key6",
        "time": 150640
      },
      {
        "key": "1Key9",
        "time": 150640
      },
      {
        "key": "1Key11",
        "time": 150640
      },
      {
        "key": "1Key13",
        "time": 150640
      },
      {
        "key": "1Key8",
        "time": 151108
      },
      {
        "key": "1Key11",
        "time": 151108
      },
      {
        "key": "1Key13",
        "time": 151108
      },
      {
        "key": "1Key2",
        "time": 151264
      },
      {
        "key": "1Key4",
        "time": 151264
      },
      {
        "key": "1Key9",
        "time": 151264
      },
      {
        "key": "1Key11",
        "time": 151264
      },
      {
        "key": "1Key13",
        "time": 151264
      },
      {
        "key": "1Key5",
        "time": 151576
      },
      {
        "key": "1Key6",
        "time": 151576
      },
      {
        "key": "1Key9",
        "time": 151576
      },
      {
        "key": "1Key12",
        "time": 151576
      },
      {
        "key": "1Key12",
        "time": 151654
      },
      {
        "key": "1Key4",
        "time": 152044
      },
      {
        "key": "1Key6",
        "time": 152044
      },
      {
        "key": "1Key9",
        "time": 152044
      },
      {
        "key": "1Key11",
        "time": 152044
      },
      {
        "key": "1Key2",
        "time": 152200
      },
      {
        "key": "1Key5",
        "time": 152668
      },
      {
        "key": "1Key4",
        "time": 152980
      },
      {
        "key": "1Key1",
        "time": 153136
      },
      {
        "key": "1Key3",
        "time": 153136
      },
      {
        "key": "1Key5",
        "time": 153136
      },
      {
        "key": "1Key4",
        "time": 153448
      },
      {
        "key": "1Key5",
        "time": 153604
      },
      {
        "key": "1Key4",
        "time": 153916
      },
      {
        "key": "1Key13",
        "time": 153916
      },
      {
        "key": "1Key1",
        "time": 154072
      },
      {
        "key": "1Key5",
        "time": 154072
      },
      {
        "key": "1Key8",
        "time": 154072
      },
      {
        "key": "1Key4",
        "time": 154384
      },
      {
        "key": "1Key9",
        "time": 154384
      },
      {
        "key": "1Key5",
        "time": 154540
      },
      {
        "key": "1Key5",
        "time": 154852
      },
      {
        "key": "1Key0",
        "time": 155008
      },
      {
        "key": "1Key2",
        "time": 155008
      },
      {
        "key": "1Key5",
        "time": 155320
      },
      {
        "key": "1Key2",
        "time": 155476
      },
      {
        "key": "1Key4",
        "time": 155788
      },
      {
        "key": "1Key0",
        "time": 155944
      },
      {
        "key": "1Key2",
        "time": 155944
      },
      {
        "key": "1Key12",
        "time": 156412
      },
      {
        "key": "1Key11",
        "time": 156724
      },
      {
        "key": "1Key1",
        "time": 156880
      },
      {
        "key": "1Key3",
        "time": 156880
      },
      {
        "key": "1Key5",
        "time": 156880
      },
      {
        "key": "1Key12",
        "time": 156880
      },
      {
        "key": "1Key11",
        "time": 157036
      },
      {
        "key": "1Key12",
        "time": 157192
      },
      {
        "key": "1Key12",
        "time": 157660
      },
      {
        "key": "1Key13",
        "time": 157660
      },
      {
        "key": "1Key3",
        "time": 157816
      },
      {
        "key": "1Key5",
        "time": 157816
      },
      {
        "key": "1Key11",
        "time": 157816
      },
      {
        "key": "1Key13",
        "time": 158128
      },
      {
        "key": "1Key9",
        "time": 158596
      },
      {
        "key": "1Key2",
        "time": 158752
      },
      {
        "key": "1Key4",
        "time": 158752
      },
      {
        "key": "1Key6",
        "time": 158752
      },
      {
        "key": "1Key3",
        "time": 159220
      },
      {
        "key": "1Key5",
        "time": 159220
      },
      {
        "key": "1Key8",
        "time": 159220
      },
      {
        "key": "1Key1",
        "time": 159688
      },
      {
        "key": "1Key3",
        "time": 159688
      },
      {
        "key": "1Key8",
        "time": 160000
      },
      {
        "key": "1Key8",
        "time": 160078
      },
      {
        "key": "1Key9",
        "time": 160156
      },
      {
        "key": "1Key11",
        "time": 160468
      },
      {
        "key": "1Key0",
        "time": 160624
      },
      {
        "key": "1Key2",
        "time": 160624
      },
      {
        "key": "1Key4",
        "time": 160624
      },
      {
        "key": "1Key11",
        "time": 160936
      },
      {
        "key": "1Key12",
        "time": 161404
      },
      {
        "key": "1Key2",
        "time": 161560
      },
      {
        "key": "1Key11",
        "time": 161560
      },
      {
        "key": "1Key8",
        "time": 161872
      },
      {
        "key": "1Key13",
        "time": 161872
      },
      {
        "key": "1Key1",
        "time": 162496
      },
      {
        "key": "1Key3",
        "time": 162496
      },
      {
        "key": "1Key5",
        "time": 162496
      },
      {
        "key": "1Key11",
        "time": 162496
      },
      {
        "key": "1Key12",
        "time": 162652
      },
      {
        "key": "1Key12",
        "time": 162808
      },
      {
        "key": "1Key2",
        "time": 162964
      },
      {
        "key": "1Key13",
        "time": 162964
      },
      {
        "key": "1Key3",
        "time": 163432
      },
      {
        "key": "1Key13",
        "time": 163900
      },
      {
        "key": "1Key13",
        "time": 164212
      },
      {
        "key": "1Key1",
        "time": 164368
      },
      {
        "key": "1Key4",
        "time": 164368
      },
      {
        "key": "1Key6",
        "time": 164368
      },
      {
        "key": "1Key1",
        "time": 165304
      },
      {
        "key": "1Key3",
        "time": 165304
      },
      {
        "key": "1Key5",
        "time": 165304
      },
      {
        "key": "1Key11",
        "time": 166084
      },
      {
        "key": "1Key1",
        "time": 166240
      },
      {
        "key": "1Key4",
        "time": 166240
      },
      {
        "key": "1Key6",
        "time": 166240
      },
      {
        "key": "1Key2",
        "time": 166552
      },
      {
        "key": "1Key5",
        "time": 166708
      },
      {
        "key": "1Key6",
        "time": 166786
      },
      {
        "key": "1Key4",
        "time": 167020
      },
      {
        "key": "1Key1",
        "time": 167176
      },
      {
        "key": "1Key3",
        "time": 167176
      },
      {
        "key": "1Key5",
        "time": 167176
      },
      {
        "key": "1Key1",
        "time": 168112
      },
      {
        "key": "1Key4",
        "time": 168112
      },
      {
        "key": "1Key6",
        "time": 168112
      },
      {
        "key": "1Key1",
        "time": 169048
      },
      {
        "key": "1Key3",
        "time": 169048
      },
      {
        "key": "1Key5",
        "time": 169048
      },
      {
        "key": "1Key4",
        "time": 169984
      },
      {
        "key": "1Key1",
        "time": 170452
      },
      {
        "key": "1Key12",
        "time": 170452
      },
      {
        "key": "1Key13",
        "time": 170530
      },
      {
        "key": "1Key13",
        "time": 171388
      },
      {
        "key": "1Key13",
        "time": 171700
      },
      {
        "key": "1Key1",
        "time": 171856
      },
      {
        "key": "1Key4",
        "time": 171856
      },
      {
        "key": "1Key6",
        "time": 171856
      },
      {
        "key": "1Key1",
        "time": 172792
      },
      {
        "key": "1Key3",
        "time": 172792
      },
      {
        "key": "1Key5",
        "time": 172792
      },
      {
        "key": "1Key2",
        "time": 173728
      },
      {
        "key": "1Key4",
        "time": 173728
      },
      {
        "key": "1Key12",
        "time": 174508
      },
      {
        "key": "1Key1",
        "time": 174664
      },
      {
        "key": "1Key3",
        "time": 174664
      },
      {
        "key": "1Key13",
        "time": 174664
      },
      {
        "key": "1Key13",
        "time": 175288
      },
      {
        "key": "1Key10",
        "time": 175366
      },
      {
        "key": "1Key13",
        "time": 175444
      },
      {
        "key": "1Key1",
        "time": 178954
      },
      {
        "key": "1Key3",
        "time": 178954
      },
      {
        "key": "1Key5",
        "time": 178954
      },
      {
        "key": "1Key6",
        "time": 178954
      },
      {
        "key": "1Key8",
        "time": 178954
      },
      {
        "key": "1Key12",
        "time": 178954
      },
      {
        "key": "1Key7",
        "time": 179266
      },
      {
        "key": "1Key8",
        "time": 179266
      },
      {
        "key": "1Key12",
        "time": 179266
      },
      {
        "key": "1Key9",
        "time": 179422
      },
      {
        "key": "1Key11",
        "time": 179734
      },
      {
        "key": "1Key0",
        "time": 179890
      },
      {
        "key": "1Key2",
        "time": 179890
      },
      {
        "key": "1Key4",
        "time": 179890
      },
      {
        "key": "1Key9",
        "time": 179890
      },
      {
        "key": "1Key11",
        "time": 179890
      },
      {
        "key": "1Key2",
        "time": 180826
      },
      {
        "key": "1Key5",
        "time": 181138
      },
      {
        "key": "1Key5",
        "time": 181294
      },
      {
        "key": "1Key4",
        "time": 181606
      },
      {
        "key": "1Key0",
        "time": 181762
      },
      {
        "key": "1Key2",
        "time": 181762
      },
      {
        "key": "1Key4",
        "time": 181762
      },
      {
        "key": "1Key4",
        "time": 182230
      },
      {
        "key": "1Key5",
        "time": 182698
      },
      {
        "key": "1Key5",
        "time": 183010
      },
      {
        "key": "1Key1",
        "time": 183166
      },
      {
        "key": "1Key2",
        "time": 183166
      },
      {
        "key": "1Key4",
        "time": 183634
      },
      {
        "key": "1Key4",
        "time": 183712
      }
    ]
  }
]