[
  {
    "name": "Gravity Falls - OST",
    "bpm": 610,
    "songNotes": [
      {
        "time": 1568,
        "key": "Key5"
      },
      {
        "time": 1568,
        "key": "Key7"
      },
      {
        "time": 1764,
        "key": "Key5"
      },
      {
        "time": 1960,
        "key": "Key2"
      },
      {
        "time": 2156,
        "key": "Key5"
      },
      {
        "time": 2352,
        "key": "Key7"
      },
      {
        "time": 2548,
        "key": "Key5"
      },
      {
        "time": 2744,
        "key": "Key2"
      },
      {
        "time": 2940,
        "key": "Key5"
      },
      {
        "time": 3136,
        "key": "Key0"
      },
      {
        "time": 3136,
        "key": "Key7"
      },
      {
        "time": 3332,
        "key": "Key5"
      },
      {
        "time": 3528,
        "key": "Key2"
      },
      {
        "time": 3724,
        "key": "Key5"
      },
      {
        "time": 3920,
        "key": "Key7"
      },
      {
        "time": 4116,
        "key": "Key5"
      },
      {
        "time": 4312,
        "key": "Key2"
      },
      {
        "time": 4508,
        "key": "Key5"
      },
      {
        "time": 4704,
        "key": "Key1"
      },
      {
        "time": 4704,
        "key": "Key7"
      },
      {
        "time": 4900,
        "key": "Key4"
      },
      {
        "time": 5096,
        "key": "Key2"
      },
      {
        "time": 5292,
        "key": "Key4"
      },
      {
        "time": 5488,
        "key": "Key7"
      },
      {
        "time": 5684,
        "key": "Key4"
      },
      {
        "time": 5880,
        "key": "Key2"
      },
      {
        "time": 6076,
        "key": "Key4"
      },
      {
        "time": 6272,
        "key": "Key0"
      },
      {
        "time": 6272,
        "key": "Key7"
      },
      {
        "time": 6468,
        "key": "Key4"
      },
      {
        "time": 6664,
        "key": "Key2"
      },
      {
        "time": 6860,
        "key": "Key4"
      },
      {
        "time": 7056,
        "key": "Key7"
      },
      {
        "time": 7252,
        "key": "Key4"
      },
      {
        "time": 7448,
        "key": "Key2"
      },
      {
        "time": 7644,
        "key": "Key4"
      },
      {
        "time": 7840,
        "key": "Key2"
      },
      {
        "time": 7840,
        "key": "Key6"
      },
      {
        "time": 8036,
        "key": "Key4"
      },
      {
        "time": 8232,
        "key": "Key2"
      },
      {
        "time": 8428,
        "key": "Key4"
      },
      {
        "time": 8624,
        "key": "Key6"
      },
      {
        "time": 8820,
        "key": "Key4"
      },
      {
        "time": 9016,
        "key": "Key2"
      },
      {
        "time": 9212,
        "key": "Key4"
      },
      {
        "time": 9408,
        "key": "Key2"
      },
      {
        "time": 9408,
        "key": "Key6"
      },
      {
        "time": 9604,
        "key": "Key4"
      },
      {
        "time": 9800,
        "key": "Key2"
      },
      {
        "time": 9996,
        "key": "Key4"
      },
      {
        "time": 10192,
        "key": "Key2"
      },
      {
        "time": 10192,
        "key": "Key6"
      },
      {
        "time": 10584,
        "key": "Key2"
      },
      {
        "time": 10584,
        "key": "Key9"
      },
      {
        "time": 10976,
        "key": "Key5"
      },
      {
        "time": 10976,
        "key": "Key7"
      },
      {
        "time": 10976,
        "key": "Key12"
      },
      {
        "time": 11172,
        "key": "Key2"
      },
      {
        "time": 11368,
        "key": "Key5"
      },
      {
        "time": 11564,
        "key": "Key2"
      },
      {
        "time": 11760,
        "key": "Key7"
      },
      {
        "time": 11956,
        "key": "Key5"
      },
      {
        "time": 12152,
        "key": "Key2"
      },
      {
        "time": 12152,
        "key": "Key6"
      },
      {
        "time": 12152,
        "key": "Key13"
      },
      {
        "time": 12348,
        "key": "Key5"
      },
      {
        "time": 12544,
        "key": "Key5"
      },
      {
        "time": 12544,
        "key": "Key7"
      },
      {
        "time": 12544,
        "key": "Key14"
      },
      {
        "time": 12740,
        "key": "Key2"
      },
      {
        "time": 12936,
        "key": "Key7"
      },
      {
        "time": 13132,
        "key": "Key2"
      },
      {
        "time": 13328,
        "key": "Key7"
      },
      {
        "time": 13524,
        "key": "Key5"
      },
      {
        "time": 13720,
        "key": "Key2"
      },
      {
        "time": 13916,
        "key": "Key5"
      },
      {
        "time": 14112,
        "key": "Key0"
      },
      {
        "time": 14112,
        "key": "Key2"
      },
      {
        "time": 14112,
        "key": "Key4"
      },
      {
        "time": 14112,
        "key": "Key9"
      },
      {
        "time": 14308,
        "key": "Key4"
      },
      {
        "time": 14504,
        "key": "Key7"
      },
      {
        "time": 14700,
        "key": "Key1"
      },
      {
        "time": 14700,
        "key": "Key4"
      },
      {
        "time": 14700,
        "key": "Key8"
      },
      {
        "time": 14896,
        "key": "Key2"
      },
      {
        "time": 15092,
        "key": "Key0"
      },
      {
        "time": 15288,
        "key": "Key2"
      },
      {
        "time": 15288,
        "key": "Key4"
      },
      {
        "time": 15288,
        "key": "Key9"
      },
      {
        "time": 15484,
        "key": "Key0"
      },
      {
        "time": 15680,
        "key": "Key0"
      },
      {
        "time": 15680,
        "key": "Key4"
      },
      {
        "time": 15680,
        "key": "Key7"
      },
      {
        "time": 15680,
        "key": "Key11"
      },
      {
        "time": 15876,
        "key": "Key4"
      },
      {
        "time": 16072,
        "key": "Key7"
      },
      {
        "time": 16268,
        "key": "Key4"
      },
      {
        "time": 16464,
        "key": "Key9"
      },
      {
        "time": 16660,
        "key": "Key7"
      },
      {
        "time": 16856,
        "key": "Key4"
      },
      {
        "time": 17052,
        "key": "Key7"
      },
      {
        "time": 17248,
        "key": "Key3"
      },
      {
        "time": 17248,
        "key": "Key5"
      },
      {
        "time": 17248,
        "key": "Key12"
      },
      {
        "time": 17444,
        "key": "Key7"
      },
      {
        "time": 17640,
        "key": "Key10"
      },
      {
        "time": 17836,
        "key": "Key7"
      },
      {
        "time": 18032,
        "key": "Key5"
      },
      {
        "time": 18228,
        "key": "Key3"
      },
      {
        "time": 18424,
        "key": "Key0"
      },
      {
        "time": 18424,
        "key": "Key6"
      },
      {
        "time": 18424,
        "key": "Key13"
      },
      {
        "time": 18620,
        "key": "Key3"
      },
      {
        "time": 18816,
        "key": "Key3"
      },
      {
        "time": 18816,
        "key": "Key7"
      },
      {
        "time": 18816,
        "key": "Key10"
      },
      {
        "time": 18816,
        "key": "Key14"
      },
      {
        "time": 19012,
        "key": "Key0"
      },
      {
        "time": 19208,
        "key": "Key3"
      },
      {
        "time": 19404,
        "key": "Key0"
      },
      {
        "time": 19600,
        "key": "Key5"
      },
      {
        "time": 19600,
        "key": "Key6"
      },
      {
        "time": 19600,
        "key": "Key13"
      },
      {
        "time": 19796,
        "key": "Key3"
      },
      {
        "time": 19992,
        "key": "Key0"
      },
      {
        "time": 20188,
        "key": "Key3"
      },
      {
        "time": 20384,
        "key": "Key1"
      },
      {
        "time": 20384,
        "key": "Key4"
      },
      {
        "time": 20384,
        "key": "Key8"
      },
      {
        "time": 20580,
        "key": "Key1"
      },
      {
        "time": 20776,
        "key": "Key4"
      },
      {
        "time": 20972,
        "key": "Key1"
      },
      {
        "time": 21168,
        "key": "Key2"
      },
      {
        "time": 21168,
        "key": "Key6"
      },
      {
        "time": 21168,
        "key": "Key9"
      },
      {
        "time": 21364,
        "key": "Key4"
      },
      {
        "time": 21560,
        "key": "Key1"
      },
      {
        "time": 21756,
        "key": "Key4"
      },
      {
        "time": 21952,
        "key": "Key1"
      },
      {
        "time": 21952,
        "key": "Key4"
      },
      {
        "time": 21952,
        "key": "Key8"
      },
      {
        "time": 22148,
        "key": "Key6"
      },
      {
        "time": 22344,
        "key": "Key2"
      },
      {
        "time": 22540,
        "key": "Key6"
      },
      {
        "time": 22736,
        "key": "Key0"
      },
      {
        "time": 22736,
        "key": "Key2"
      },
      {
        "time": 22736,
        "key": "Key7"
      },
      {
        "time": 22932,
        "key": "Key2"
      },
      {
        "time": 23128,
        "key": "Key6"
      },
      {
        "time": 23324,
        "key": "Key2"
      },
      {
        "time": 23520,
        "key": "Key5"
      },
      {
        "time": 23716,
        "key": "Key2"
      },
      {
        "time": 23912,
        "key": "Key0"
      },
      {
        "time": 23912,
        "key": "Key5"
      },
      {
        "time": 23912,
        "key": "Key7"
      },
      {
        "time": 24108,
        "key": "Key2"
      },
      {
        "time": 24304,
        "key": "Key0"
      },
      {
        "time": 24304,
        "key": "Key5"
      },
      {
        "time": 24304,
        "key": "Key7"
      },
      {
        "time": 24500,
        "key": "Key2"
      },
      {
        "time": 24696,
        "key": "Key0"
      },
      {
        "time": 24696,
        "key": "Key5"
      },
      {
        "time": 24696,
        "key": "Key7"
      },
      {
        "time": 24892,
        "key": "Key2"
      },
      {
        "time": 25088,
        "key": "Key2"
      },
      {
        "time": 25088,
        "key": "Key5"
      },
      {
        "time": 25088,
        "key": "Key9"
      },
      {
        "time": 25284,
        "key": "Key2"
      },
      {
        "time": 25480,
        "key": "Key2"
      },
      {
        "time": 25480,
        "key": "Key5"
      },
      {
        "time": 25480,
        "key": "Key9"
      },
      {
        "time": 25676,
        "key": "Key2"
      },
      {
        "time": 25872,
        "key": "Key1"
      },
      {
        "time": 25872,
        "key": "Key5"
      },
      {
        "time": 25872,
        "key": "Key8"
      },
      {
        "time": 26068,
        "key": "Key2"
      },
      {
        "time": 26264,
        "key": "Key0"
      },
      {
        "time": 26264,
        "key": "Key6"
      },
      {
        "time": 26264,
        "key": "Key7"
      },
      {
        "time": 26460,
        "key": "Key2"
      },
      {
        "time": 26656,
        "key": "Key0"
      },
      {
        "time": 26852,
        "key": "Key4"
      },
      {
        "time": 27048,
        "key": "Key2"
      },
      {
        "time": 27048,
        "key": "Key4"
      },
      {
        "time": 27048,
        "key": "Key7"
      },
      {
        "time": 27048,
        "key": "Key9"
      },
      {
        "time": 27244,
        "key": "Key4"
      },
      {
        "time": 27440,
        "key": "Key0"
      },
      {
        "time": 27440,
        "key": "Key2"
      },
      {
        "time": 27440,
        "key": "Key4"
      },
      {
        "time": 27440,
        "key": "Key9"
      },
      {
        "time": 27636,
        "key": "Key4"
      },
      {
        "time": 27832,
        "key": "Key2"
      },
      {
        "time": 27832,
        "key": "Key4"
      },
      {
        "time": 27832,
        "key": "Key7"
      },
      {
        "time": 27832,
        "key": "Key9"
      },
      {
        "time": 28028,
        "key": "Key4"
      },
      {
        "time": 28224,
        "key": "Key0"
      },
      {
        "time": 28224,
        "key": "Key1"
      },
      {
        "time": 28224,
        "key": "Key4"
      },
      {
        "time": 28224,
        "key": "Key8"
      },
      {
        "time": 28420,
        "key": "Key4"
      },
      {
        "time": 28616,
        "key": "Key2"
      },
      {
        "time": 28616,
        "key": "Key7"
      },
      {
        "time": 28616,
        "key": "Key9"
      },
      {
        "time": 28812,
        "key": "Key4"
      },
      {
        "time": 29008,
        "key": "Key0"
      },
      {
        "time": 29008,
        "key": "Key1"
      },
      {
        "time": 29008,
        "key": "Key8"
      },
      {
        "time": 29204,
        "key": "Key4"
      },
      {
        "time": 29400,
        "key": "Key0"
      },
      {
        "time": 29400,
        "key": "Key2"
      },
      {
        "time": 29400,
        "key": "Key7"
      },
      {
        "time": 29596,
        "key": "Key4"
      },
      {
        "time": 29792,
        "key": "Key3"
      },
      {
        "time": 29988,
        "key": "Key0"
      },
      {
        "time": 30184,
        "key": "Key0"
      },
      {
        "time": 30184,
        "key": "Key3"
      },
      {
        "time": 30184,
        "key": "Key7"
      },
      {
        "time": 30380,
        "key": "Key0"
      },
      {
        "time": 30576,
        "key": "Key0"
      },
      {
        "time": 30576,
        "key": "Key3"
      },
      {
        "time": 30576,
        "key": "Key7"
      },
      {
        "time": 30772,
        "key": "Key0"
      },
      {
        "time": 30968,
        "key": "Key0"
      },
      {
        "time": 30968,
        "key": "Key3"
      },
      {
        "time": 30968,
        "key": "Key7"
      },
      {
        "time": 31164,
        "key": "Key0"
      },
      {
        "time": 31360,
        "key": "Key2"
      },
      {
        "time": 31360,
        "key": "Key3"
      },
      {
        "time": 31360,
        "key": "Key7"
      },
      {
        "time": 31360,
        "key": "Key9"
      },
      {
        "time": 31556,
        "key": "Key0"
      },
      {
        "time": 31752,
        "key": "Key2"
      },
      {
        "time": 31752,
        "key": "Key3"
      },
      {
        "time": 31752,
        "key": "Key5"
      },
      {
        "time": 31752,
        "key": "Key9"
      },
      {
        "time": 31948,
        "key": "Key0"
      },
      {
        "time": 32144,
        "key": "Key1"
      },
      {
        "time": 32144,
        "key": "Key3"
      },
      {
        "time": 32144,
        "key": "Key8"
      },
      {
        "time": 32340,
        "key": "Key0"
      },
      {
        "time": 32536,
        "key": "Key0"
      },
      {
        "time": 32536,
        "key": "Key3"
      },
      {
        "time": 32536,
        "key": "Key7"
      },
      {
        "time": 32732,
        "key": "Key0"
      },
      {
        "time": 32928,
        "key": "Key4"
      },
      {
        "time": 33124,
        "key": "Key1"
      },
      {
        "time": 33320,
        "key": "Key2"
      },
      {
        "time": 33320,
        "key": "Key4"
      },
      {
        "time": 33320,
        "key": "Key9"
      },
      {
        "time": 33516,
        "key": "Key1"
      },
      {
        "time": 33712,
        "key": "Key2"
      },
      {
        "time": 33712,
        "key": "Key4"
      },
      {
        "time": 33712,
        "key": "Key9"
      },
      {
        "time": 33908,
        "key": "Key1"
      },
      {
        "time": 34104,
        "key": "Key2"
      },
      {
        "time": 34104,
        "key": "Key3"
      },
      {
        "time": 34104,
        "key": "Key9"
      },
      {
        "time": 34300,
        "key": "Key1"
      },
      {
        "time": 34496,
        "key": "Key2"
      },
      {
        "time": 34692,
        "key": "Key6"
      },
      {
        "time": 34888,
        "key": "Key4"
      },
      {
        "time": 34888,
        "key": "Key6"
      },
      {
        "time": 34888,
        "key": "Key9"
      },
      {
        "time": 34888,
        "key": "Key12"
      },
      {
        "time": 35084,
        "key": "Key6"
      },
      {
        "time": 35280,
        "key": "Key2"
      },
      {
        "time": 35280,
        "key": "Key4"
      },
      {
        "time": 35280,
        "key": "Key6"
      },
      {
        "time": 35280,
        "key": "Key12"
      },
      {
        "time": 35476,
        "key": "Key6"
      },
      {
        "time": 35672,
        "key": "Key4"
      },
      {
        "time": 35672,
        "key": "Key6"
      },
      {
        "time": 35672,
        "key": "Key9"
      },
      {
        "time": 35672,
        "key": "Key12"
      },
      {
        "time": 35868,
        "key": "Key6"
      },
      {
        "time": 36064,
        "key": "Key5"
      },
      {
        "time": 36260,
        "key": "Key2"
      },
      {
        "time": 36456,
        "key": "Key0"
      },
      {
        "time": 36456,
        "key": "Key5"
      },
      {
        "time": 36456,
        "key": "Key7"
      },
      {
        "time": 36652,
        "key": "Key2"
      },
      {
        "time": 36848,
        "key": "Key0"
      },
      {
        "time": 36848,
        "key": "Key5"
      },
      {
        "time": 36848,
        "key": "Key7"
      },
      {
        "time": 37044,
        "key": "Key2"
      },
      {
        "time": 37240,
        "key": "Key0"
      },
      {
        "time": 37240,
        "key": "Key5"
      },
      {
        "time": 37240,
        "key": "Key7"
      },
      {
        "time": 37436,
        "key": "Key2"
      },
      {
        "time": 37632,
        "key": "Key2"
      },
      {
        "time": 37632,
        "key": "Key5"
      },
      {
        "time": 37632,
        "key": "Key9"
      },
      {
        "time": 37828,
        "key": "Key2"
      },
      {
        "time": 38024,
        "key": "Key2"
      },
      {
        "time": 38024,
        "key": "Key5"
      },
      {
        "time": 38024,
        "key": "Key9"
      },
      {
        "time": 38220,
        "key": "Key2"
      },
      {
        "time": 38416,
        "key": "Key1"
      },
      {
        "time": 38416,
        "key": "Key5"
      },
      {
        "time": 38416,
        "key": "Key8"
      },
      {
        "time": 38612,
        "key": "Key2"
      },
      {
        "time": 38808,
        "key": "Key0"
      },
      {
        "time": 38808,
        "key": "Key6"
      },
      {
        "time": 38808,
        "key": "Key7"
      },
      {
        "time": 39004,
        "key": "Key4"
      },
      {
        "time": 39200,
        "key": "Key3"
      },
      {
        "time": 39396,
        "key": "Key0"
      },
      {
        "time": 39592,
        "key": "Key3"
      },
      {
        "time": 39592,
        "key": "Key7"
      },
      {
        "time": 39592,
        "key": "Key10"
      },
      {
        "time": 39788,
        "key": "Key0"
      },
      {
        "time": 39984,
        "key": "Key3"
      },
      {
        "time": 39984,
        "key": "Key7"
      },
      {
        "time": 39984,
        "key": "Key10"
      },
      {
        "time": 40180,
        "key": "Key0"
      },
      {
        "time": 40376,
        "key": "Key3"
      },
      {
        "time": 40376,
        "key": "Key7"
      },
      {
        "time": 40376,
        "key": "Key10"
      },
      {
        "time": 40572,
        "key": "Key0"
      },
      {
        "time": 40768,
        "key": "Key1"
      },
      {
        "time": 40768,
        "key": "Key4"
      },
      {
        "time": 40768,
        "key": "Key8"
      },
      {
        "time": 40964,
        "key": "Key1"
      },
      {
        "time": 41160,
        "key": "Key4"
      },
      {
        "time": 41356,
        "key": "Key1"
      },
      {
        "time": 41552,
        "key": "Key4"
      },
      {
        "time": 41552,
        "key": "Key11"
      },
      {
        "time": 41748,
        "key": "Key1"
      },
      {
        "time": 41944,
        "key": "Key4"
      },
      {
        "time": 42140,
        "key": "Key1"
      },
      {
        "time": 42336,
        "key": "Key2"
      },
      {
        "time": 42336,
        "key": "Key5"
      },
      {
        "time": 42336,
        "key": "Key9"
      },
      {
        "time": 42532,
        "key": "Key6"
      },
      {
        "time": 42728,
        "key": "Key2"
      },
      {
        "time": 42924,
        "key": "Key6"
      },
      {
        "time": 43120,
        "key": "Key2"
      },
      {
        "time": 43120,
        "key": "Key4"
      },
      {
        "time": 43120,
        "key": "Key6"
      },
      {
        "time": 43120,
        "key": "Key12"
      },
      {
        "time": 43316,
        "key": "Key6"
      },
      {
        "time": 43512,
        "key": "Key9"
      },
      {
        "time": 43708,
        "key": "Key2"
      },
      {
        "time": 43806,
        "key": "Key5"
      },
      {
        "time": 43904,
        "key": "Key7"
      },
      {
        "time": 44100,
        "key": "Key5"
      },
      {
        "time": 44296,
        "key": "Key7"
      },
      {
        "time": 44492,
        "key": "Key9"
      },
      {
        "time": 44688,
        "key": "Key6"
      },
      {
        "time": 44884,
        "key": "Key5"
      },
      {
        "time": 45080,
        "key": "Key2"
      },
      {
        "time": 45080,
        "key": "Key9"
      },
      {
        "time": 45276,
        "key": "Key4"
      },
      {
        "time": 45276,
        "key": "Key11"
      },
      {
        "time": 45472,
        "key": "Key5"
      },
      {
        "time": 45472,
        "key": "Key12"
      },
      {
        "time": 46256,
        "key": "Key12"
      },
      {
        "time": 46256,
        "key": "Key14"
      }
    ]
  }
]