[
  {
    "name": "Hocus Pocus - Come Little Children",
    "bpm": 220,
    "songNotes": [
      {
        "time": 939,
        "key": "Key5"
      },
      {
        "time": 1521,
        "key": "Key7"
      },
      {
        "time": 2098,
        "key": "Key8"
      },
      {
        "time": 2697,
        "key": "Key9"
      },
      {
        "time": 3278,
        "key": "Key9"
      },
      {
        "time": 4154,
        "key": "Key9"
      },
      {
        "time": 4677,
        "key": "Key11"
      },
      {
        "time": 5472,
        "key": "Key10"
      },
      {
        "time": 5785,
        "key": "Key9"
      },
      {
        "time": 6295,
        "key": "Key8"
      },
      {
        "time": 8319,
        "key": "Key10"
      },
      {
        "time": 8894,
        "key": "Key9"
      },
      {
        "time": 9442,
        "key": "Key8"
      },
      {
        "time": 9995,
        "key": "Key7"
      },
      {
        "time": 10859,
        "key": "Key8"
      },
      {
        "time": 11106,
        "key": "Key7"
      },
      {
        "time": 11681,
        "key": "Key6"
      },
      {
        "time": 13174,
        "key": "Key9"
      },
      {
        "time": 14824,
        "key": "Key5"
      },
      {
        "time": 15464,
        "key": "Key7"
      },
      {
        "time": 16067,
        "key": "Key8"
      },
      {
        "time": 16683,
        "key": "Key9"
      },
      {
        "time": 17287,
        "key": "Key9"
      },
      {
        "time": 18399,
        "key": "Key9"
      },
      {
        "time": 18973,
        "key": "Key11"
      },
      {
        "time": 19796,
        "key": "Key10"
      },
      {
        "time": 20138,
        "key": "Key9"
      },
      {
        "time": 20725,
        "key": "Key8"
      },
      {
        "time": 22594,
        "key": "Key10"
      },
      {
        "time": 23197,
        "key": "Key9"
      },
      {
        "time": 23976,
        "key": "Key8"
      },
      {
        "time": 24604,
        "key": "Key7"
      },
      {
        "time": 25535,
        "key": "Key8"
      },
      {
        "time": 25843,
        "key": "Key7"
      },
      {
        "time": 26436,
        "key": "Key6"
      },
      {
        "time": 27324,
        "key": "Key6"
      },
      {
        "time": 27595,
        "key": "Key7"
      },
      {
        "time": 28185,
        "key": "Key5"
      }
    ]
  }
]