[
  {
    "name": "Minecraft- Wet Hands",
    "bpm": 110,
    "songNotes": [
      {
        "time": 672,
        "key": "Key0"
      },
      {
        "time": 944,
        "key": "Key4"
      },
      {
        "time": 1216,
        "key": "Key7"
      },
      {
        "time": 1488,
        "key": "Key8"
      },
      {
        "time": 1760,
        "key": "Key9"
      },
      {
        "time": 2032,
        "key": "Key8"
      },
      {
        "time": 2304,
        "key": "Key7"
      },
      {
        "time": 2576,
        "key": "Key4"
      },
      {
        "time": 2848,
        "key": "Key3"
      },
      {
        "time": 3120,
        "key": "Key7"
      },
      {
        "time": 3392,
        "key": "Key9"
      },
      {
        "time": 3664,
        "key": "Key11"
      },
      {
        "time": 3936,
        "key": "Key9"
      },
      {
        "time": 4208,
        "key": "Key7"
      },
      {
        "time": 5024,
        "key": "Key0"
      },
      {
        "time": 5296,
        "key": "Key4"
      },
      {
        "time": 5568,
        "key": "Key7"
      },
      {
        "time": 5840,
        "key": "Key8"
      },
      {
        "time": 6112,
        "key": "Key9"
      },
      {
        "time": 6384,
        "key": "Key8"
      },
      {
        "time": 6656,
        "key": "Key7"
      },
      {
        "time": 6928,
        "key": "Key4"
      },
      {
        "time": 7200,
        "key": "Key3"
      },
      {
        "time": 7472,
        "key": "Key7"
      },
      {
        "time": 7744,
        "key": "Key9"
      },
      {
        "time": 8016,
        "key": "Key11"
      },
      {
        "time": 8288,
        "key": "Key9"
      },
      {
        "time": 8560,
        "key": "Key7"
      },
      {
        "time": 9376,
        "key": "Key0"
      },
      {
        "time": 9376,
        "key": "Key6"
      },
      {
        "time": 9648,
        "key": "Key4"
      },
      {
        "time": 9920,
        "key": "Key7"
      },
      {
        "time": 10192,
        "key": "Key8"
      },
      {
        "time": 10464,
        "key": "Key9"
      },
      {
        "time": 10736,
        "key": "Key8"
      },
      {
        "time": 11008,
        "key": "Key4"
      },
      {
        "time": 11008,
        "key": "Key7"
      },
      {
        "time": 11280,
        "key": "Key4"
      },
      {
        "time": 11280,
        "key": "Key7"
      },
      {
        "time": 11552,
        "key": "Key3"
      },
      {
        "time": 11552,
        "key": "Key5"
      },
      {
        "time": 11824,
        "key": "Key7"
      },
      {
        "time": 12096,
        "key": "Key9"
      },
      {
        "time": 12368,
        "key": "Key11"
      },
      {
        "time": 12640,
        "key": "Key9"
      },
      {
        "time": 12912,
        "key": "Key7"
      },
      {
        "time": 13184,
        "key": "Key4"
      },
      {
        "time": 13456,
        "key": "Key5"
      },
      {
        "time": 13728,
        "key": "Key0"
      },
      {
        "time": 13728,
        "key": "Key6"
      },
      {
        "time": 14000,
        "key": "Key4"
      },
      {
        "time": 14272,
        "key": "Key7"
      },
      {
        "time": 14544,
        "key": "Key8"
      },
      {
        "time": 14816,
        "key": "Key9"
      },
      {
        "time": 15088,
        "key": "Key8"
      },
      {
        "time": 15360,
        "key": "Key4"
      },
      {
        "time": 15360,
        "key": "Key7"
      },
      {
        "time": 15632,
        "key": "Key4"
      },
      {
        "time": 15632,
        "key": "Key8"
      },
      {
        "time": 15904,
        "key": "Key3"
      },
      {
        "time": 15904,
        "key": "Key5"
      },
      {
        "time": 16176,
        "key": "Key7"
      },
      {
        "time": 16448,
        "key": "Key9"
      },
      {
        "time": 16720,
        "key": "Key11"
      },
      {
        "time": 16992,
        "key": "Key9"
      },
      {
        "time": 17264,
        "key": "Key7"
      },
      {
        "time": 18352,
        "key": "Key8"
      },
      {
        "time": 18624,
        "key": "Key9"
      },
      {
        "time": 18896,
        "key": "Key1"
      },
      {
        "time": 18896,
        "key": "Key5"
      },
      {
        "time": 18896,
        "key": "Key10"
      },
      {
        "time": 19441,
        "key": "Key4"
      },
      {
        "time": 19441,
        "key": "Key7"
      },
      {
        "time": 19441,
        "key": "Key9"
      },
      {
        "time": 19986,
        "key": "Key7"
      },
      {
        "time": 20258,
        "key": "Key4"
      },
      {
        "time": 20258,
        "key": "Key6"
      },
      {
        "time": 20258,
        "key": "Key8"
      },
      {
        "time": 21347,
        "key": "Key8"
      },
      {
        "time": 21619,
        "key": "Key9"
      },
      {
        "time": 21891,
        "key": "Key3"
      },
      {
        "time": 21891,
        "key": "Key7"
      },
      {
        "time": 21891,
        "key": "Key12"
      },
      {
        "time": 22436,
        "key": "Key4"
      },
      {
        "time": 22436,
        "key": "Key7"
      },
      {
        "time": 22436,
        "key": "Key9"
      },
      {
        "time": 22981,
        "key": "Key7"
      },
      {
        "time": 23253,
        "key": "Key4"
      },
      {
        "time": 23253,
        "key": "Key6"
      },
      {
        "time": 23253,
        "key": "Key8"
      },
      {
        "time": 24070,
        "key": "Key4"
      },
      {
        "time": 24342,
        "key": "Key6"
      },
      {
        "time": 24614,
        "key": "Key8"
      },
      {
        "time": 24886,
        "key": "Key11"
      },
      {
        "time": 25158,
        "key": "Key11"
      },
      {
        "time": 25975,
        "key": "Key4"
      },
      {
        "time": 26247,
        "key": "Key6"
      },
      {
        "time": 26519,
        "key": "Key8"
      },
      {
        "time": 26791,
        "key": "Key11"
      },
      {
        "time": 27063,
        "key": "Key11"
      },
      {
        "time": 28695,
        "key": "Key0",
        "l": 3
      },
      {
        "time": 28967,
        "key": "Key4"
      },
      {
        "time": 29239,
        "key": "Key7"
      },
      {
        "time": 29511,
        "key": "Key8"
      },
      {
        "time": 29783,
        "key": "Key9"
      },
      {
        "time": 30055,
        "key": "Key8"
      },
      {
        "time": 30327,
        "key": "Key7"
      },
      {
        "time": 30599,
        "key": "Key4"
      },
      {
        "time": 30871,
        "key": "Key3"
      },
      {
        "time": 31143,
        "key": "Key7"
      },
      {
        "time": 31415,
        "key": "Key9"
      },
      {
        "time": 31687,
        "key": "Key11"
      },
      {
        "time": 31959,
        "key": "Key9"
      },
      {
        "time": 32231,
        "key": "Key7"
      },
      {
        "time": 33047,
        "key": "Key0",
        "l": 3
      },
      {
        "time": 33319,
        "key": "Key4"
      },
      {
        "time": 33591,
        "key": "Key7"
      },
      {
        "time": 33863,
        "key": "Key8"
      },
      {
        "time": 34135,
        "key": "Key9"
      },
      {
        "time": 34407,
        "key": "Key8"
      },
      {
        "time": 34679,
        "key": "Key7"
      },
      {
        "time": 34951,
        "key": "Key4"
      },
      {
        "time": 35223,
        "key": "Key3"
      },
      {
        "time": 35495,
        "key": "Key7"
      },
      {
        "time": 35767,
        "key": "Key9"
      },
      {
        "time": 36039,
        "key": "Key11"
      },
      {
        "time": 36311,
        "key": "Key9"
      },
      {
        "time": 36583,
        "key": "Key7"
      },
      {
        "time": 37399,
        "key": "Key0",
        "l": 3
      },
      {
        "time": 37399,
        "key": "Key6"
      },
      {
        "time": 37671,
        "key": "Key4"
      },
      {
        "time": 37943,
        "key": "Key7"
      },
      {
        "time": 38215,
        "key": "Key8"
      },
      {
        "time": 38487,
        "key": "Key9"
      },
      {
        "time": 38759,
        "key": "Key8"
      },
      {
        "time": 39031,
        "key": "Key4",
        "l": 3
      },
      {
        "time": 39031,
        "key": "Key7"
      },
      {
        "time": 39303,
        "key": "Key4"
      },
      {
        "time": 39303,
        "key": "Key7"
      },
      {
        "time": 39575,
        "key": "Key3"
      },
      {
        "time": 39575,
        "key": "Key5"
      },
      {
        "time": 39847,
        "key": "Key7"
      },
      {
        "time": 40119,
        "key": "Key9"
      },
      {
        "time": 40391,
        "key": "Key11"
      },
      {
        "time": 40663,
        "key": "Key9"
      },
      {
        "time": 40935,
        "key": "Key7"
      },
      {
        "time": 41207,
        "key": "Key4",
        "l": 3
      },
      {
        "time": 41479,
        "key": "Key5"
      },
      {
        "time": 41751,
        "key": "Key0",
        "l": 3
      },
      {
        "time": 41751,
        "key": "Key6"
      },
      {
        "time": 42023,
        "key": "Key4"
      },
      {
        "time": 42295,
        "key": "Key7"
      },
      {
        "time": 42567,
        "key": "Key8"
      },
      {
        "time": 42839,
        "key": "Key9"
      },
      {
        "time": 43111,
        "key": "Key8"
      },
      {
        "time": 43383,
        "key": "Key4",
        "l": 3
      },
      {
        "time": 43383,
        "key": "Key7"
      },
      {
        "time": 43655,
        "key": "Key4"
      },
      {
        "time": 43655,
        "key": "Key8"
      },
      {
        "time": 43927,
        "key": "Key3"
      },
      {
        "time": 43927,
        "key": "Key5"
      },
      {
        "time": 44199,
        "key": "Key7"
      },
      {
        "time": 44471,
        "key": "Key9"
      },
      {
        "time": 44743,
        "key": "Key11"
      },
      {
        "time": 45015,
        "key": "Key9"
      },
      {
        "time": 45287,
        "key": "Key7"
      },
      {
        "time": 46375,
        "key": "Key8"
      },
      {
        "time": 46647,
        "key": "Key9"
      },
      {
        "time": 46919,
        "key": "Key1"
      },
      {
        "time": 46919,
        "key": "Key5"
      },
      {
        "time": 46919,
        "key": "Key10"
      },
      {
        "time": 47464,
        "key": "Key4"
      },
      {
        "time": 47464,
        "key": "Key7"
      },
      {
        "time": 47464,
        "key": "Key9"
      },
      {
        "time": 48009,
        "key": "Key7"
      },
      {
        "time": 48281,
        "key": "Key4",
        "l": 3
      },
      {
        "time": 48281,
        "key": "Key6"
      },
      {
        "time": 48281,
        "key": "Key8"
      },
      {
        "time": 49370,
        "key": "Key8"
      },
      {
        "time": 49642,
        "key": "Key9"
      },
      {
        "time": 49914,
        "key": "Key3"
      },
      {
        "time": 49914,
        "key": "Key7"
      },
      {
        "time": 49914,
        "key": "Key12"
      },
      {
        "time": 50459,
        "key": "Key4"
      },
      {
        "time": 50459,
        "key": "Key7"
      },
      {
        "time": 50459,
        "key": "Key9"
      },
      {
        "time": 51004,
        "key": "Key7"
      },
      {
        "time": 51276,
        "key": "Key4",
        "l": 3
      },
      {
        "time": 51276,
        "key": "Key6"
      },
      {
        "time": 51276,
        "key": "Key8"
      },
      {
        "time": 52093,
        "key": "Key4"
      },
      {
        "time": 52365,
        "key": "Key6"
      },
      {
        "time": 52637,
        "key": "Key8"
      },
      {
        "time": 52909,
        "key": "Key11"
      },
      {
        "time": 53181,
        "key": "Key11"
      },
      {
        "time": 53998,
        "key": "Key4"
      },
      {
        "time": 54270,
        "key": "Key6"
      },
      {
        "time": 54542,
        "key": "Key8"
      },
      {
        "time": 54814,
        "key": "Key11"
      },
      {
        "time": 55086,
        "key": "Key11"
      }
    ]
  }
]