[
  {
    "name": "Pirates of the Caribbean - Davy Jones",
    "bpm": 120,
    "songNotes": [
      {
        "key": "1Key5",
        "time": 700
      },
      {
        "key": "1Key6",
        "time": 1200
      },
      {
        "key": "1Key5",
        "time": 1700
      },
      {
        "key": "1Key7",
        "time": 1700
      },
      {
        "key": "1Key8",
        "time": 2700
      },
      {
        "key": "1Key5",
        "time": 3200
      },
      {
        "key": "1Key9",
        "time": 3200
      },
      {
        "key": "1Key10",
        "time": 3700
      },
      {
        "key": "1Key5",
        "time": 4200
      },
      {
        "key": "1Key9",
        "time": 4200
      },
      {
        "key": "1Key5",
        "time": 5200
      },
      {
        "key": "1Key9",
        "time": 5200
      },
      {
        "key": "1Key10",
        "time": 6200
      },
      {
        "key": "1Key6",
        "time": 6700
      },
      {
        "key": "1Key11",
        "time": 6700
      },
      {
        "key": "1Key12",
        "time": 7200
      },
      {
        "key": "1Key10",
        "time": 7700
      },
      {
        "key": "1Key5",
        "time": 8200
      },
      {
        "key": "1Key9",
        "time": 8200
      },
      {
        "key": "1Key8",
        "time": 8700
      },
      {
        "key": "1Key5",
        "time": 9200
      },
      {
        "key": "1Key9",
        "time": 9200
      },
      {
        "key": "1Key6",
        "time": 10200
      },
      {
        "key": "1Key10",
        "time": 10200
      },
      {
        "key": "1Key11",
        "time": 10700
      },
      {
        "key": "1Key5",
        "time": 11200
      },
      {
        "key": "1Key9",
        "time": 11200
      },
      {
        "key": "1Key7",
        "time": 11700
      },
      {
        "key": "1Key6",
        "time": 12200
      },
      {
        "key": "1Key8",
        "time": 12200
      },
      {
        "key": "1Key9",
        "time": 12700
      },
      {
        "key": "1Key5",
        "time": 13200
      },
      {
        "key": "1Key7",
        "time": 13200
      },
      {
        "key": "1Key5",
        "time": 13700
      },
      {
        "key": "1Key6",
        "time": 14200
      },
      {
        "key": "1Key4",
        "time": 14700
      },
      {
        "key": "1Key2",
        "time": 15200
      },
      {
        "key": "1Key6",
        "time": 15200
      },
      {
        "key": "1Key6",
        "time": 15700
      },
      {
        "key": "1Key5",
        "time": 16200
      },
      {
        "key": "1Key5",
        "time": 17200
      },
      {
        "key": "1Key0",
        "time": 18200
      },
      {
        "key": "1Key5",
        "time": 18200
      },
      {
        "key": "1Key0",
        "time": 18700
      },
      {
        "key": "1Key6",
        "time": 19200
      },
      {
        "key": "1Key0",
        "time": 19700
      },
      {
        "key": "1Key5",
        "time": 19700
      },
      {
        "key": "1Key7",
        "time": 19700
      },
      {
        "key": "1Key0",
        "time": 20200
      },
      {
        "key": "1Key8",
        "time": 20700
      },
      {
        "key": "1Key0",
        "time": 21200
      },
      {
        "key": "1Key5",
        "time": 21200
      },
      {
        "key": "1Key9",
        "time": 21200
      },
      {
        "key": "1Key0",
        "time": 21700
      },
      {
        "key": "1Key10",
        "time": 22200
      },
      {
        "key": "1Key0",
        "time": 22700
      },
      {
        "key": "1Key5",
        "time": 22700
      },
      {
        "key": "1Key9",
        "time": 22700
      },
      {
        "key": "1Key0",
        "time": 23200
      },
      {
        "key": "1Key5",
        "time": 23700
      },
      {
        "key": "1Key0",
        "time": 24200
      },
      {
        "key": "1Key5",
        "time": 24200
      },
      {
        "key": "1Key9",
        "time": 24200
      },
      {
        "key": "1Key0",
        "time": 24700
      },
      {
        "key": "1Key10",
        "time": 25200
      },
      {
        "key": "1Key1",
        "time": 25700
      },
      {
        "key": "1Key6",
        "time": 25700
      },
      {
        "key": "1Key11",
        "time": 25700
      },
      {
        "key": "1Key1",
        "time": 26200
      },
      {
        "key": "1Key12",
        "time": 26700
      },
      {
        "key": "1Key10",
        "time": 27200
      },
      {
        "key": "1Key0",
        "time": 27700
      },
      {
        "key": "1Key5",
        "time": 27700
      },
      {
        "key": "1Key9",
        "time": 27700
      },
      {
        "key": "1Key0",
        "time": 28200
      },
      {
        "key": "1Key8",
        "time": 28700
      },
      {
        "key": "1Key0",
        "time": 29200
      },
      {
        "key": "1Key5",
        "time": 29200
      },
      {
        "key": "1Key9",
        "time": 29200
      },
      {
        "key": "1Key0",
        "time": 29700
      },
      {
        "key": "1Key5",
        "time": 30200
      },
      {
        "key": "1Key1",
        "time": 30700
      },
      {
        "key": "1Key6",
        "time": 30700
      },
      {
        "key": "1Key10",
        "time": 30700
      },
      {
        "key": "1Key1",
        "time": 31200
      },
      {
        "key": "1Key11",
        "time": 31700
      },
      {
        "key": "1Key0",
        "time": 32200
      },
      {
        "key": "1Key5",
        "time": 32200
      },
      {
        "key": "1Key9",
        "time": 32200
      },
      {
        "key": "1Key0",
        "time": 32700
      },
      {
        "key": "1Key7",
        "time": 33200
      },
      {
        "key": "1Key1",
        "time": 33700
      },
      {
        "key": "1Key6",
        "time": 33700
      },
      {
        "key": "1Key8",
        "time": 33700
      },
      {
        "key": "1Key1",
        "time": 34200
      },
      {
        "key": "1Key9",
        "time": 34700
      },
      {
        "key": "1Key0",
        "time": 35200
      },
      {
        "key": "1Key5",
        "time": 35200
      },
      {
        "key": "1Key7",
        "time": 35200
      },
      {
        "key": "1Key0",
        "time": 35700
      },
      {
        "key": "1Key5",
        "time": 36200
      },
      {
        "key": "1Key1",
        "time": 36700
      },
      {
        "key": "1Key6",
        "time": 36700
      },
      {
        "key": "1Key1",
        "time": 37200
      },
      {
        "key": "1Key4",
        "time": 37700
      },
      {
        "key": "1Key1",
        "time": 38200
      },
      {
        "key": "1Key2",
        "time": 38200
      },
      {
        "key": "1Key6",
        "time": 38200
      },
      {
        "key": "1Key1",
        "time": 38700
      },
      {
        "key": "1Key6",
        "time": 39200
      },
      {
        "key": "1Key0",
        "time": 39700
      },
      {
        "key": "1Key5",
        "time": 39700
      },
      {
        "key": "1Key7",
        "time": 40200
      },
      {
        "key": "1Key9",
        "time": 40700
      },
      {
        "key": "1Key12",
        "time": 41200
      }
    ]
  }
]