[
  {
    "name": "Resident Evil - OST",
    "bpm": 220,
    "songNotes": [
      {
        "time": 400,
        "key": "1Key1"
      },
      {
        "time": 400,
        "key": "1Key12"
      },
      {
        "time": 672,
        "key": "1Key8"
      },
      {
        "time": 944,
        "key": "1Key5"
      },
      {
        "time": 1216,
        "key": "1Key12"
      },
      {
        "time": 1488,
        "key": "1Key8"
      },
      {
        "time": 1760,
        "key": "1Key5"
      },
      {
        "time": 2032,
        "key": "1Key12"
      },
      {
        "time": 2304,
        "key": "1Key8"
      },
      {
        "time": 2576,
        "key": "1Key1"
      },
      {
        "time": 2576,
        "key": "1Key11"
      },
      {
        "time": 2848,
        "key": "1Key8"
      },
      {
        "time": 3120,
        "key": "1Key5"
      },
      {
        "time": 3392,
        "key": "1Key11"
      },
      {
        "time": 3664,
        "key": "1Key9"
      },
      {
        "time": 3936,
        "key": "1Key8"
      },
      {
        "time": 4208,
        "key": "1Key5"
      },
      {
        "time": 4480,
        "key": "1Key8"
      },
      {
        "time": 4752,
        "key": "1Key10"
      },
      {
        "time": 5024,
        "key": "1Key8"
      },
      {
        "time": 5296,
        "key": "1Key5"
      },
      {
        "time": 5568,
        "key": "1Key10"
      },
      {
        "time": 5840,
        "key": "1Key8"
      },
      {
        "time": 6112,
        "key": "1Key5"
      },
      {
        "time": 6384,
        "key": "1Key10"
      },
      {
        "time": 6656,
        "key": "1Key5"
      },
      {
        "time": 6928,
        "key": "1Key4"
      },
      {
        "time": 6928,
        "key": "1Key8"
      },
      {
        "time": 7200,
        "key": "1Key5"
      },
      {
        "time": 7472,
        "key": "1Key5"
      },
      {
        "time": 7744,
        "key": "1Key8"
      },
      {
        "time": 8016,
        "key": "1Key9"
      },
      {
        "time": 8288,
        "key": "1Key7"
      },
      {
        "time": 8560,
        "key": "1Key5"
      },
      {
        "time": 8832,
        "key": "1Key5"
      },
      {
        "time": 9104,
        "key": "1Key1"
      },
      {
        "time": 9104,
        "key": "1Key12"
      },
      {
        "time": 9376,
        "key": "1Key8"
      },
      {
        "time": 9648,
        "key": "1Key5"
      },
      {
        "time": 9920,
        "key": "1Key12"
      },
      {
        "time": 10192,
        "key": "1Key8"
      },
      {
        "time": 10464,
        "key": "1Key5"
      },
      {
        "time": 10736,
        "key": "1Key12"
      },
      {
        "time": 11008,
        "key": "1Key8"
      },
      {
        "time": 11280,
        "key": "1Key1"
      },
      {
        "time": 11280,
        "key": "1Key11"
      },
      {
        "time": 11552,
        "key": "1Key8"
      },
      {
        "time": 11824,
        "key": "1Key5"
      },
      {
        "time": 12096,
        "key": "1Key11"
      },
      {
        "time": 12368,
        "key": "1Key9"
      },
      {
        "time": 12640,
        "key": "1Key8"
      },
      {
        "time": 12912,
        "key": "1Key5"
      },
      {
        "time": 13184,
        "key": "1Key8"
      },
      {
        "time": 13456,
        "key": "1Key10"
      },
      {
        "time": 13728,
        "key": "1Key8"
      },
      {
        "time": 14000,
        "key": "1Key5"
      },
      {
        "time": 14272,
        "key": "1Key10"
      },
      {
        "time": 14544,
        "key": "1Key8"
      },
      {
        "time": 14816,
        "key": "1Key5"
      },
      {
        "time": 15088,
        "key": "1Key10"
      },
      {
        "time": 15360,
        "key": "1Key5"
      },
      {
        "time": 15632,
        "key": "1Key4"
      },
      {
        "time": 15632,
        "key": "1Key8"
      },
      {
        "time": 15904,
        "key": "1Key5"
      },
      {
        "time": 16176,
        "key": "1Key5"
      },
      {
        "time": 16448,
        "key": "1Key8"
      },
      {
        "time": 16720,
        "key": "1Key9"
      },
      {
        "time": 16992,
        "key": "1Key7"
      },
      {
        "time": 17264,
        "key": "1Key5"
      },
      {
        "time": 17536,
        "key": "1Key5"
      },
      {
        "time": 17808,
        "key": "1Key1"
      },
      {
        "time": 17808,
        "key": "1Key12"
      },
      {
        "time": 18080,
        "key": "1Key8"
      },
      {
        "time": 18352,
        "key": "1Key5"
      },
      {
        "time": 18624,
        "key": "1Key12"
      },
      {
        "time": 18896,
        "key": "1Key8"
      },
      {
        "time": 19168,
        "key": "1Key5"
      },
      {
        "time": 19440,
        "key": "1Key12"
      },
      {
        "time": 19712,
        "key": "1Key8"
      },
      {
        "time": 19984,
        "key": "1Key1"
      },
      {
        "time": 19984,
        "key": "1Key11"
      },
      {
        "time": 20256,
        "key": "1Key8"
      },
      {
        "time": 20528,
        "key": "1Key5"
      },
      {
        "time": 20800,
        "key": "1Key11"
      },
      {
        "time": 21072,
        "key": "1Key9"
      },
      {
        "time": 21344,
        "key": "1Key8"
      },
      {
        "time": 21616,
        "key": "1Key5"
      },
      {
        "time": 21888,
        "key": "1Key8"
      },
      {
        "time": 22160,
        "key": "1Key10"
      },
      {
        "time": 22432,
        "key": "1Key8"
      },
      {
        "time": 22704,
        "key": "1Key5"
      },
      {
        "time": 22976,
        "key": "1Key10"
      },
      {
        "time": 23248,
        "key": "1Key8"
      },
      {
        "time": 23520,
        "key": "1Key5"
      },
      {
        "time": 23792,
        "key": "1Key10"
      },
      {
        "time": 24064,
        "key": "1Key5"
      },
      {
        "time": 24336,
        "key": "1Key4"
      },
      {
        "time": 24336,
        "key": "1Key8"
      },
      {
        "time": 24608,
        "key": "1Key5"
      },
      {
        "time": 24880,
        "key": "1Key5"
      },
      {
        "time": 25152,
        "key": "1Key8"
      },
      {
        "time": 25424,
        "key": "1Key9"
      },
      {
        "time": 25696,
        "key": "1Key7"
      },
      {
        "time": 25968,
        "key": "1Key5"
      },
      {
        "time": 26240,
        "key": "1Key5"
      },
      {
        "time": 26512,
        "key": "1Key1"
      },
      {
        "time": 26512,
        "key": "1Key12"
      },
      {
        "time": 26784,
        "key": "1Key8"
      },
      {
        "time": 27056,
        "key": "1Key5"
      },
      {
        "time": 27328,
        "key": "1Key12"
      },
      {
        "time": 27600,
        "key": "1Key8"
      },
      {
        "time": 27872,
        "key": "1Key5"
      },
      {
        "time": 28144,
        "key": "1Key12"
      },
      {
        "time": 28416,
        "key": "1Key8"
      },
      {
        "time": 28688,
        "key": "1Key1"
      },
      {
        "time": 28688,
        "key": "1Key11"
      },
      {
        "time": 28960,
        "key": "1Key8"
      },
      {
        "time": 29232,
        "key": "1Key5"
      },
      {
        "time": 29504,
        "key": "1Key11"
      },
      {
        "time": 29776,
        "key": "1Key9"
      },
      {
        "time": 30048,
        "key": "1Key8"
      },
      {
        "time": 30320,
        "key": "1Key5"
      },
      {
        "time": 30592,
        "key": "1Key8"
      },
      {
        "time": 30864,
        "key": "1Key10"
      },
      {
        "time": 31136,
        "key": "1Key8"
      },
      {
        "time": 31408,
        "key": "1Key5"
      },
      {
        "time": 31680,
        "key": "1Key10"
      },
      {
        "time": 31952,
        "key": "1Key8"
      },
      {
        "time": 32224,
        "key": "1Key5"
      },
      {
        "time": 32496,
        "key": "1Key10"
      },
      {
        "time": 32768,
        "key": "1Key5"
      },
      {
        "time": 33040,
        "key": "1Key4"
      },
      {
        "time": 33040,
        "key": "1Key8"
      },
      {
        "time": 33312,
        "key": "1Key5"
      },
      {
        "time": 33584,
        "key": "1Key5"
      },
      {
        "time": 33856,
        "key": "1Key8"
      },
      {
        "time": 34128,
        "key": "1Key9"
      },
      {
        "time": 34400,
        "key": "1Key7"
      },
      {
        "time": 34672,
        "key": "1Key5"
      },
      {
        "time": 34944,
        "key": "1Key5"
      },
      {
        "time": 35216,
        "key": "1Key1"
      },
      {
        "time": 35216,
        "key": "1Key12"
      },
      {
        "time": 35488,
        "key": "1Key8"
      },
      {
        "time": 35760,
        "key": "1Key5"
      },
      {
        "time": 36032,
        "key": "1Key12"
      },
      {
        "time": 36304,
        "key": "1Key8"
      },
      {
        "time": 36576,
        "key": "1Key5"
      },
      {
        "time": 36848,
        "key": "1Key12"
      },
      {
        "time": 37120,
        "key": "1Key8"
      },
      {
        "time": 37392,
        "key": "1Key1"
      },
      {
        "time": 37392,
        "key": "1Key11"
      },
      {
        "time": 37664,
        "key": "1Key8"
      },
      {
        "time": 37936,
        "key": "1Key5"
      },
      {
        "time": 38208,
        "key": "1Key11"
      },
      {
        "time": 38480,
        "key": "1Key9"
      },
      {
        "time": 38752,
        "key": "1Key8"
      },
      {
        "time": 39024,
        "key": "1Key5"
      },
      {
        "time": 39296,
        "key": "1Key8"
      },
      {
        "time": 39568,
        "key": "1Key10"
      },
      {
        "time": 39840,
        "key": "1Key8"
      },
      {
        "time": 40112,
        "key": "1Key5"
      },
      {
        "time": 40384,
        "key": "1Key10"
      },
      {
        "time": 40656,
        "key": "1Key8"
      },
      {
        "time": 40928,
        "key": "1Key5"
      },
      {
        "time": 41200,
        "key": "1Key10"
      },
      {
        "time": 41472,
        "key": "1Key5"
      },
      {
        "time": 41744,
        "key": "1Key4"
      },
      {
        "time": 41744,
        "key": "1Key8"
      },
      {
        "time": 42016,
        "key": "1Key5"
      },
      {
        "time": 42288,
        "key": "1Key5"
      },
      {
        "time": 42560,
        "key": "1Key8"
      },
      {
        "time": 42832,
        "key": "1Key9"
      },
      {
        "time": 43104,
        "key": "1Key7"
      },
      {
        "time": 43376,
        "key": "1Key5"
      },
      {
        "time": 43648,
        "key": "1Key5"
      },
      {
        "time": 43920,
        "key": "1Key1"
      },
      {
        "time": 43920,
        "key": "1Key12"
      },
      {
        "time": 44192,
        "key": "1Key8"
      },
      {
        "time": 44464,
        "key": "1Key5"
      },
      {
        "time": 44736,
        "key": "1Key12"
      },
      {
        "time": 45008,
        "key": "1Key8"
      },
      {
        "time": 45280,
        "key": "1Key5"
      },
      {
        "time": 45552,
        "key": "1Key12"
      },
      {
        "time": 45824,
        "key": "1Key8"
      },
      {
        "time": 46096,
        "key": "1Key1"
      },
      {
        "time": 46096,
        "key": "1Key11"
      },
      {
        "time": 46368,
        "key": "1Key8"
      },
      {
        "time": 46640,
        "key": "1Key5"
      },
      {
        "time": 46912,
        "key": "1Key11"
      },
      {
        "time": 47184,
        "key": "1Key9"
      },
      {
        "time": 47456,
        "key": "1Key8"
      },
      {
        "time": 47728,
        "key": "1Key5"
      },
      {
        "time": 48000,
        "key": "1Key8"
      },
      {
        "time": 48272,
        "key": "1Key10"
      },
      {
        "time": 48544,
        "key": "1Key8"
      },
      {
        "time": 48816,
        "key": "1Key5"
      },
      {
        "time": 49088,
        "key": "1Key10"
      },
      {
        "time": 49360,
        "key": "1Key8"
      },
      {
        "time": 49632,
        "key": "1Key5"
      },
      {
        "time": 49904,
        "key": "1Key10"
      },
      {
        "time": 50176,
        "key": "1Key5"
      },
      {
        "time": 50448,
        "key": "1Key4"
      },
      {
        "time": 50448,
        "key": "1Key8"
      },
      {
        "time": 50720,
        "key": "1Key5"
      },
      {
        "time": 50992,
        "key": "1Key5"
      },
      {
        "time": 51264,
        "key": "1Key8"
      },
      {
        "time": 51536,
        "key": "1Key9"
      },
      {
        "time": 51808,
        "key": "1Key7"
      },
      {
        "time": 52080,
        "key": "1Key5"
      },
      {
        "time": 52352,
        "key": "1Key5"
      },
      {
        "time": 52624,
        "key": "1Key1"
      },
      {
        "time": 52624,
        "key": "1Key12"
      },
      {
        "time": 52896,
        "key": "1Key8"
      },
      {
        "time": 53168,
        "key": "1Key5"
      },
      {
        "time": 53440,
        "key": "1Key12"
      },
      {
        "time": 53712,
        "key": "1Key8"
      },
      {
        "time": 53984,
        "key": "1Key5"
      },
      {
        "time": 54256,
        "key": "1Key12"
      },
      {
        "time": 54528,
        "key": "1Key8"
      },
      {
        "time": 54800,
        "key": "1Key1"
      },
      {
        "time": 54800,
        "key": "1Key11"
      },
      {
        "time": 55072,
        "key": "1Key8"
      },
      {
        "time": 55344,
        "key": "1Key5"
      },
      {
        "time": 55616,
        "key": "1Key11"
      },
      {
        "time": 55888,
        "key": "1Key9"
      },
      {
        "time": 56160,
        "key": "1Key8"
      },
      {
        "time": 56432,
        "key": "1Key5"
      },
      {
        "time": 56704,
        "key": "1Key8"
      },
      {
        "time": 56976,
        "key": "1Key10"
      },
      {
        "time": 57248,
        "key": "1Key8"
      },
      {
        "time": 57520,
        "key": "1Key5"
      },
      {
        "time": 57792,
        "key": "1Key10"
      },
      {
        "time": 58064,
        "key": "1Key8"
      },
      {
        "time": 58336,
        "key": "1Key5"
      },
      {
        "time": 58608,
        "key": "1Key10"
      },
      {
        "time": 58880,
        "key": "1Key5"
      },
      {
        "time": 59152,
        "key": "1Key4"
      },
      {
        "time": 59152,
        "key": "1Key8"
      },
      {
        "time": 59424,
        "key": "1Key5"
      },
      {
        "time": 59696,
        "key": "1Key5"
      },
      {
        "time": 59968,
        "key": "1Key8"
      },
      {
        "time": 60240,
        "key": "1Key9"
      },
      {
        "time": 60512,
        "key": "1Key7"
      },
      {
        "time": 60784,
        "key": "1Key5"
      },
      {
        "time": 61056,
        "key": "1Key5"
      },
      {
        "time": 61328,
        "key": "1Key1"
      },
      {
        "time": 61328,
        "key": "1Key12"
      },
      {
        "time": 61600,
        "key": "1Key8"
      },
      {
        "time": 61872,
        "key": "1Key5"
      },
      {
        "time": 62144,
        "key": "1Key12"
      },
      {
        "time": 62416,
        "key": "1Key8"
      },
      {
        "time": 62688,
        "key": "1Key5"
      },
      {
        "time": 62960,
        "key": "1Key12"
      },
      {
        "time": 63232,
        "key": "1Key8"
      },
      {
        "time": 63504,
        "key": "1Key1"
      },
      {
        "time": 63504,
        "key": "1Key11"
      },
      {
        "time": 63776,
        "key": "1Key8"
      },
      {
        "time": 64048,
        "key": "1Key5"
      },
      {
        "time": 64320,
        "key": "1Key11"
      },
      {
        "time": 64592,
        "key": "1Key9"
      },
      {
        "time": 64864,
        "key": "1Key8"
      },
      {
        "time": 65136,
        "key": "1Key5"
      },
      {
        "time": 65408,
        "key": "1Key8"
      },
      {
        "time": 65680,
        "key": "1Key10"
      },
      {
        "time": 65952,
        "key": "1Key8"
      },
      {
        "time": 66224,
        "key": "1Key5"
      },
      {
        "time": 66496,
        "key": "1Key10"
      },
      {
        "time": 66768,
        "key": "1Key8"
      },
      {
        "time": 67040,
        "key": "1Key5"
      },
      {
        "time": 67312,
        "key": "1Key10"
      },
      {
        "time": 67584,
        "key": "1Key5"
      },
      {
        "time": 67856,
        "key": "1Key4"
      },
      {
        "time": 67856,
        "key": "1Key8"
      },
      {
        "time": 68128,
        "key": "1Key5"
      },
      {
        "time": 68400,
        "key": "1Key5"
      },
      {
        "time": 68672,
        "key": "1Key8"
      },
      {
        "time": 68944,
        "key": "1Key9"
      },
      {
        "time": 69216,
        "key": "1Key7"
      },
      {
        "time": 69488,
        "key": "1Key5"
      },
      {
        "time": 69760,
        "key": "1Key5"
      },
      {
        "time": 70032,
        "key": "1Key1"
      },
      {
        "time": 70032,
        "key": "1Key12"
      },
      {
        "time": 70304,
        "key": "1Key8"
      },
      {
        "time": 70576,
        "key": "1Key5"
      },
      {
        "time": 70848,
        "key": "1Key12"
      },
      {
        "time": 71120,
        "key": "1Key8"
      },
      {
        "time": 71392,
        "key": "1Key5"
      },
      {
        "time": 71664,
        "key": "1Key12"
      },
      {
        "time": 71936,
        "key": "1Key8"
      },
      {
        "time": 72208,
        "key": "1Key1"
      },
      {
        "time": 72208,
        "key": "1Key11"
      },
      {
        "time": 72480,
        "key": "1Key8"
      },
      {
        "time": 72752,
        "key": "1Key5"
      },
      {
        "time": 73024,
        "key": "1Key11"
      },
      {
        "time": 73296,
        "key": "1Key9"
      },
      {
        "time": 73568,
        "key": "1Key8"
      },
      {
        "time": 73840,
        "key": "1Key5"
      },
      {
        "time": 74112,
        "key": "1Key8"
      },
      {
        "time": 74384,
        "key": "1Key10"
      },
      {
        "time": 74656,
        "key": "1Key8"
      },
      {
        "time": 74928,
        "key": "1Key5"
      },
      {
        "time": 75200,
        "key": "1Key10"
      },
      {
        "time": 75472,
        "key": "1Key8"
      },
      {
        "time": 75744,
        "key": "1Key5"
      },
      {
        "time": 76016,
        "key": "1Key10"
      },
      {
        "time": 76288,
        "key": "1Key5"
      },
      {
        "time": 76560,
        "key": "1Key4"
      },
      {
        "time": 76560,
        "key": "1Key8"
      },
      {
        "time": 76832,
        "key": "1Key5"
      },
      {
        "time": 77104,
        "key": "1Key5"
      },
      {
        "time": 77376,
        "key": "1Key8"
      },
      {
        "time": 77648,
        "key": "1Key9"
      },
      {
        "time": 77920,
        "key": "1Key7"
      },
      {
        "time": 78192,
        "key": "1Key5"
      },
      {
        "time": 78464,
        "key": "1Key5"
      },
      {
        "time": 78736,
        "key": "1Key1"
      },
      {
        "time": 78736,
        "key": "1Key12"
      },
      {
        "time": 79008,
        "key": "1Key8"
      },
      {
        "time": 79280,
        "key": "1Key5"
      },
      {
        "time": 79552,
        "key": "1Key12"
      },
      {
        "time": 79824,
        "key": "1Key8"
      },
      {
        "time": 80096,
        "key": "1Key5"
      },
      {
        "time": 80368,
        "key": "1Key12"
      },
      {
        "time": 80640,
        "key": "1Key8"
      },
      {
        "time": 80912,
        "key": "1Key1"
      },
      {
        "time": 80912,
        "key": "1Key11"
      },
      {
        "time": 81184,
        "key": "1Key8"
      },
      {
        "time": 81456,
        "key": "1Key5"
      },
      {
        "time": 81728,
        "key": "1Key11"
      },
      {
        "time": 82000,
        "key": "1Key9"
      },
      {
        "time": 82272,
        "key": "1Key8"
      },
      {
        "time": 82544,
        "key": "1Key5"
      },
      {
        "time": 82816,
        "key": "1Key8"
      },
      {
        "time": 83088,
        "key": "1Key10"
      },
      {
        "time": 83360,
        "key": "1Key8"
      },
      {
        "time": 83632,
        "key": "1Key5"
      },
      {
        "time": 83904,
        "key": "1Key10"
      },
      {
        "time": 84176,
        "key": "1Key8"
      },
      {
        "time": 84448,
        "key": "1Key5"
      },
      {
        "time": 84720,
        "key": "1Key10"
      },
      {
        "time": 84992,
        "key": "1Key5"
      },
      {
        "time": 85264,
        "key": "1Key4"
      },
      {
        "time": 85264,
        "key": "1Key8"
      },
      {
        "time": 85536,
        "key": "1Key5"
      },
      {
        "time": 85808,
        "key": "1Key5"
      },
      {
        "time": 86080,
        "key": "1Key8"
      },
      {
        "time": 86352,
        "key": "1Key9"
      },
      {
        "time": 86624,
        "key": "1Key7"
      },
      {
        "time": 86896,
        "key": "1Key5"
      },
      {
        "time": 87168,
        "key": "1Key5"
      },
      {
        "time": 87440,
        "key": "1Key1"
      },
      {
        "time": 87440,
        "key": "1Key12"
      },
      {
        "time": 87712,
        "key": "1Key8"
      },
      {
        "time": 87984,
        "key": "1Key5"
      },
      {
        "time": 88256,
        "key": "1Key12"
      },
      {
        "time": 88528,
        "key": "1Key8"
      },
      {
        "time": 88800,
        "key": "1Key5"
      },
      {
        "time": 89072,
        "key": "1Key12"
      },
      {
        "time": 89344,
        "key": "1Key8"
      },
      {
        "time": 89616,
        "key": "1Key1"
      },
      {
        "time": 89616,
        "key": "1Key11"
      },
      {
        "time": 89888,
        "key": "1Key8"
      },
      {
        "time": 90160,
        "key": "1Key5"
      },
      {
        "time": 90432,
        "key": "1Key11"
      },
      {
        "time": 90704,
        "key": "1Key9"
      },
      {
        "time": 90976,
        "key": "1Key8"
      },
      {
        "time": 91248,
        "key": "1Key5"
      },
      {
        "time": 91520,
        "key": "1Key8"
      },
      {
        "time": 91792,
        "key": "1Key10"
      },
      {
        "time": 92064,
        "key": "1Key8"
      },
      {
        "time": 92336,
        "key": "1Key5"
      },
      {
        "time": 92608,
        "key": "1Key10"
      },
      {
        "time": 92880,
        "key": "1Key8"
      },
      {
        "time": 93152,
        "key": "1Key5"
      },
      {
        "time": 93424,
        "key": "1Key10"
      },
      {
        "time": 93696,
        "key": "1Key5"
      },
      {
        "time": 93968,
        "key": "1Key4"
      },
      {
        "time": 93968,
        "key": "1Key8"
      },
      {
        "time": 94240,
        "key": "1Key5"
      },
      {
        "time": 94512,
        "key": "1Key5"
      },
      {
        "time": 94784,
        "key": "1Key8"
      },
      {
        "time": 95056,
        "key": "1Key9"
      },
      {
        "time": 95328,
        "key": "1Key7"
      },
      {
        "time": 95600,
        "key": "1Key5"
      },
      {
        "time": 95872,
        "key": "1Key5"
      },
      {
        "time": 96144,
        "key": "1Key1"
      },
      {
        "time": 96144,
        "key": "1Key12"
      },
      {
        "time": 96416,
        "key": "1Key8"
      },
      {
        "time": 96688,
        "key": "1Key5"
      },
      {
        "time": 96960,
        "key": "1Key12"
      },
      {
        "time": 97232,
        "key": "1Key8"
      },
      {
        "time": 97504,
        "key": "1Key5"
      },
      {
        "time": 97776,
        "key": "1Key12"
      },
      {
        "time": 98048,
        "key": "1Key8"
      },
      {
        "time": 98320,
        "key": "1Key1"
      },
      {
        "time": 98320,
        "key": "1Key11"
      },
      {
        "time": 98592,
        "key": "1Key8"
      },
      {
        "time": 98864,
        "key": "1Key5"
      },
      {
        "time": 99136,
        "key": "1Key11"
      },
      {
        "time": 99408,
        "key": "1Key9"
      },
      {
        "time": 99680,
        "key": "1Key8"
      },
      {
        "time": 99952,
        "key": "1Key5"
      },
      {
        "time": 100224,
        "key": "1Key8"
      },
      {
        "time": 100496,
        "key": "1Key10"
      },
      {
        "time": 100768,
        "key": "1Key8"
      },
      {
        "time": 101040,
        "key": "1Key5"
      },
      {
        "time": 101312,
        "key": "1Key10"
      },
      {
        "time": 101584,
        "key": "1Key8"
      },
      {
        "time": 101856,
        "key": "1Key5"
      },
      {
        "time": 102128,
        "key": "1Key10"
      },
      {
        "time": 102400,
        "key": "1Key5"
      },
      {
        "time": 102672,
        "key": "1Key4"
      },
      {
        "time": 102672,
        "key": "1Key8"
      },
      {
        "time": 102944,
        "key": "1Key5"
      },
      {
        "time": 103216,
        "key": "1Key5"
      },
      {
        "time": 103488,
        "key": "1Key8"
      },
      {
        "time": 103760,
        "key": "1Key9"
      },
      {
        "time": 104032,
        "key": "1Key7"
      },
      {
        "time": 104304,
        "key": "1Key5"
      },
      {
        "time": 104576,
        "key": "1Key5"
      }
    ]
  }
]