[
    {
      "name": "Resident Evil 4 - Theme Save",
      "bpm": 220,
      "songNotes": [
        {
          "time": 400,
          "key": "1Key10"
        },
        {
          "time": 672,
          "key": "1Key1"
        },
        {
          "time": 944,
          "key": "1Key9"
        },
        {
          "time": 1216,
          "key": "1Key2"
        },
        {
          "time": 1216,
          "key": "1Key3"
        },
        {
          "time": 1216,
          "key": "1Key5"
        },
        {
          "time": 1216,
          "key": "1Key12"
        },
        {
          "time": 1828,
          "key": "1Key5"
        },
        {
          "time": 2100,
          "key": "1Key11"
        },
        {
          "time": 2916,
          "key": "1Key5"
        },
        {
          "time": 2916,
          "key": "1Key10"
        },
        {
          "time": 3732,
          "key": "1Key9"
        },
        {
          "time": 4344,
          "key": "1Key7"
        },
        {
          "time": 4956,
          "key": "1Key10"
        },
        {
          "time": 5228,
          "key": "1Key1"
        },
        {
          "time": 5500,
          "key": "1Key9"
        },
        {
          "time": 5772,
          "key": "1Key1"
        },
        {
          "time": 5772,
          "key": "1Key3"
        },
        {
          "time": 5772,
          "key": "1Key5"
        },
        {
          "time": 5772,
          "key": "1Key12"
        },
        {
          "time": 6384,
          "key": "1Key5"
        },
        {
          "time": 6656,
          "key": "1Key11"
        },
        {
          "time": 7472,
          "key": "1Key10"
        },
        {
          "time": 8288,
          "key": "1Key9"
        },
        {
          "time": 8900,
          "key": "1Key7"
        },
        {
          "time": 9512,
          "key": "1Key10"
        },
        {
          "time": 9784,
          "key": "1Key1"
        },
        {
          "time": 10056,
          "key": "1Key9"
        },
        {
          "time": 10328,
          "key": "1Key2"
        },
        {
          "time": 10328,
          "key": "1Key3"
        },
        {
          "time": 10328,
          "key": "1Key5"
        },
        {
          "time": 10328,
          "key": "1Key12"
        },
        {
          "time": 10940,
          "key": "1Key5"
        },
        {
          "time": 11212,
          "key": "1Key11"
        },
        {
          "time": 12028,
          "key": "1Key10"
        },
        {
          "time": 12844,
          "key": "1Key9"
        },
        {
          "time": 13456,
          "key": "1Key7"
        },
        {
          "time": 14068,
          "key": "1Key10"
        },
        {
          "time": 14340,
          "key": "1Key1"
        },
        {
          "time": 14612,
          "key": "1Key9"
        },
        {
          "time": 14884,
          "key": "1Key1"
        },
        {
          "time": 14884,
          "key": "1Key3"
        },
        {
          "time": 14884,
          "key": "1Key5"
        },
        {
          "time": 14884,
          "key": "1Key12"
        },
        {
          "time": 15496,
          "key": "1Key5"
        },
        {
          "time": 15768,
          "key": "1Key11"
        },
        {
          "time": 16584,
          "key": "1Key10"
        },
        {
          "time": 17400,
          "key": "1Key9"
        },
        {
          "time": 18012,
          "key": "1Key7"
        },
        {
          "time": 18624,
          "key": "1Key10"
        },
        {
          "time": 18896,
          "key": "1Key1"
        },
        {
          "time": 19168,
          "key": "1Key9"
        },
        {
          "time": 19440,
          "key": "1Key2"
        },
        {
          "time": 19440,
          "key": "1Key3"
        },
        {
          "time": 19440,
          "key": "1Key5"
        },
        {
          "time": 19440,
          "key": "1Key12"
        },
        {
          "time": 20052,
          "key": "1Key5"
        },
        {
          "time": 20324,
          "key": "1Key1"
        },
        {
          "time": 20324,
          "key": "1Key11"
        },
        {
          "time": 21140,
          "key": "1Key10"
        },
        {
          "time": 21956,
          "key": "1Key9"
        },
        {
          "time": 22568,
          "key": "1Key7"
        },
        {
          "time": 23180,
          "key": "1Key10"
        },
        {
          "time": 23452,
          "key": "1Key1"
        },
        {
          "time": 23724,
          "key": "1Key9"
        },
        {
          "time": 23996,
          "key": "1Key1"
        },
        {
          "time": 23996,
          "key": "1Key3"
        },
        {
          "time": 23996,
          "key": "1Key5"
        },
        {
          "time": 23996,
          "key": "1Key12"
        },
        {
          "time": 24608,
          "key": "1Key5"
        },
        {
          "time": 24880,
          "key": "1Key11"
        },
        {
          "time": 25696,
          "key": "1Key10"
        },
        {
          "time": 26512,
          "key": "1Key9"
        },
        {
          "time": 27124,
          "key": "1Key7"
        },
        {
          "time": 27736,
          "key": "1Key10"
        },
        {
          "time": 28008,
          "key": "1Key1"
        },
        {
          "time": 28280,
          "key": "1Key9"
        },
        {
          "time": 28552,
          "key": "1Key2"
        },
        {
          "time": 28552,
          "key": "1Key3"
        },
        {
          "time": 28552,
          "key": "1Key5"
        },
        {
          "time": 28552,
          "key": "1Key12"
        },
        {
          "time": 29164,
          "key": "1Key5"
        },
        {
          "time": 29436,
          "key": "1Key11"
        },
        {
          "time": 30252,
          "key": "1Key10"
        },
        {
          "time": 31068,
          "key": "1Key9"
        },
        {
          "time": 31680,
          "key": "1Key7"
        },
        {
          "time": 32292,
          "key": "1Key10"
        },
        {
          "time": 32564,
          "key": "1Key1"
        },
        {
          "time": 32836,
          "key": "1Key9"
        },
        {
          "time": 33108,
          "key": "1Key1"
        },
        {
          "time": 33108,
          "key": "1Key3"
        },
        {
          "time": 33108,
          "key": "1Key5"
        },
        {
          "time": 33108,
          "key": "1Key12"
        },
        {
          "time": 33720,
          "key": "1Key5"
        },
        {
          "time": 33992,
          "key": "1Key11"
        },
        {
          "time": 34808,
          "key": "1Key10"
        },
        {
          "time": 35624,
          "key": "1Key9"
        },
        {
          "time": 36236,
          "key": "1Key7"
        },
        {
          "time": 36848,
          "key": "1Key10"
        },
        {
          "time": 37120,
          "key": "1Key1"
        },
        {
          "time": 37392,
          "key": "1Key9"
        },
        {
          "time": 37664,
          "key": "1Key1"
        },
        {
          "time": 37664,
          "key": "1Key2"
        },
        {
          "time": 37664,
          "key": "1Key3"
        },
        {
          "time": 37664,
          "key": "1Key5"
        },
        {
          "time": 37664,
          "key": "1Key12"
        },
        {
          "time": 38276,
          "key": "1Key5"
        },
        {
          "time": 38548,
          "key": "1Key11"
        },
        {
          "time": 39364,
          "key": "1Key10"
        },
        {
          "time": 40180,
          "key": "1Key9"
        },
        {
          "time": 40792,
          "key": "1Key7"
        },
        {
          "time": 41404,
          "key": "1Key10"
        },
        {
          "time": 41676,
          "key": "1Key1"
        },
        {
          "time": 41948,
          "key": "1Key9"
        },
        {
          "time": 42220,
          "key": "1Key1"
        },
        {
          "time": 42220,
          "key": "1Key3"
        },
        {
          "time": 42220,
          "key": "1Key5"
        },
        {
          "time": 42220,
          "key": "1Key12"
        },
        {
          "time": 42832,
          "key": "1Key5"
        },
        {
          "time": 43104,
          "key": "1Key11"
        },
        {
          "time": 43920,
          "key": "1Key10"
        },
        {
          "time": 44736,
          "key": "1Key9"
        },
        {
          "time": 45348,
          "key": "1Key7"
        },
        {
          "time": 45960,
          "key": "1Key10"
        },
        {
          "time": 46232,
          "key": "1Key1"
        },
        {
          "time": 46504,
          "key": "1Key9"
        },
        {
          "time": 46776,
          "key": "1Key2"
        },
        {
          "time": 46776,
          "key": "1Key3"
        },
        {
          "time": 46776,
          "key": "1Key5"
        },
        {
          "time": 46776,
          "key": "1Key12"
        },
        {
          "time": 47388,
          "key": "1Key5"
        },
        {
          "time": 47660,
          "key": "1Key11"
        },
        {
          "time": 48476,
          "key": "1Key10"
        },
        {
          "time": 49292,
          "key": "1Key9"
        },
        {
          "time": 49904,
          "key": "1Key7"
        },
        {
          "time": 50516,
          "key": "1Key10"
        },
        {
          "time": 50788,
          "key": "1Key1"
        },
        {
          "time": 51060,
          "key": "1Key9"
        },
        {
          "time": 51332,
          "key": "1Key1"
        },
        {
          "time": 51332,
          "key": "1Key3"
        },
        {
          "time": 51332,
          "key": "1Key5"
        },
        {
          "time": 51332,
          "key": "1Key12"
        },
        {
          "time": 51944,
          "key": "1Key5"
        },
        {
          "time": 52216,
          "key": "1Key11"
        },
        {
          "time": 53032,
          "key": "1Key10"
        },
        {
          "time": 53848,
          "key": "1Key9"
        },
        {
          "time": 54460,
          "key": "1Key7"
        },
        {
          "time": 55072,
          "key": "1Key10"
        },
        {
          "time": 55344,
          "key": "1Key1"
        },
        {
          "time": 55616,
          "key": "1Key9"
        },
        {
          "time": 55888,
          "key": "1Key2"
        },
        {
          "time": 55888,
          "key": "1Key3"
        },
        {
          "time": 55888,
          "key": "1Key5"
        },
        {
          "time": 55888,
          "key": "1Key12"
        },
        {
          "time": 56500,
          "key": "1Key5"
        },
        {
          "time": 56772,
          "key": "1Key1"
        },
        {
          "time": 56772,
          "key": "1Key11"
        },
        {
          "time": 57588,
          "key": "1Key10"
        },
        {
          "time": 58404,
          "key": "1Key9"
        },
        {
          "time": 59016,
          "key": "1Key7"
        },
        {
          "time": 59628,
          "key": "1Key10"
        },
        {
          "time": 59900,
          "key": "1Key1"
        },
        {
          "time": 60172,
          "key": "1Key9"
        },
        {
          "time": 60444,
          "key": "1Key1"
        },
        {
          "time": 60444,
          "key": "1Key3"
        },
        {
          "time": 60444,
          "key": "1Key5"
        },
        {
          "time": 60444,
          "key": "1Key12"
        },
        {
          "time": 61056,
          "key": "1Key5"
        },
        {
          "time": 61328,
          "key": "1Key11"
        },
        {
          "time": 62144,
          "key": "1Key10"
        },
        {
          "time": 62960,
          "key": "1Key9"
        },
        {
          "time": 63572,
          "key": "1Key7"
        },
        {
          "time": 64184,
          "key": "1Key10"
        },
        {
          "time": 64456,
          "key": "1Key1"
        },
        {
          "time": 64728,
          "key": "1Key9"
        },
        {
          "time": 65000,
          "key": "1Key2"
        },
        {
          "time": 65000,
          "key": "1Key3"
        },
        {
          "time": 65000,
          "key": "1Key5"
        },
        {
          "time": 65000,
          "key": "1Key12"
        },
        {
          "time": 65612,
          "key": "1Key5"
        },
        {
          "time": 65884,
          "key": "1Key11"
        },
        {
          "time": 66700,
          "key": "1Key10"
        },
        {
          "time": 67516,
          "key": "1Key9"
        },
        {
          "time": 68128,
          "key": "1Key7"
        },
        {
          "time": 68740,
          "key": "1Key10"
        },
        {
          "time": 69012,
          "key": "1Key1"
        },
        {
          "time": 69284,
          "key": "1Key9"
        },
        {
          "time": 69556,
          "key": "1Key1"
        },
        {
          "time": 69556,
          "key": "1Key3"
        },
        {
          "time": 69556,
          "key": "1Key5"
        },
        {
          "time": 69556,
          "key": "1Key12"
        },
        {
          "time": 70168,
          "key": "1Key5"
        },
        {
          "time": 70440,
          "key": "1Key11"
        },
        {
          "time": 71256,
          "key": "1Key10"
        },
        {
          "time": 72072,
          "key": "1Key9"
        },
        {
          "time": 72684,
          "key": "1Key7"
        },
        {
          "time": 73296,
          "key": "1Key10"
        },
        {
          "time": 73568,
          "key": "1Key1"
        },
        {
          "time": 73840,
          "key": "1Key9"
        },
        {
          "time": 74112,
          "key": "1Key1"
        },
        {
          "time": 74112,
          "key": "1Key2"
        },
        {
          "time": 74112,
          "key": "1Key3"
        },
        {
          "time": 74112,
          "key": "1Key5"
        },
        {
          "time": 74112,
          "key": "1Key12"
        },
        {
          "time": 74724,
          "key": "1Key5"
        },
        {
          "time": 74996,
          "key": "1Key11"
        },
        {
          "time": 75812,
          "key": "1Key10"
        },
        {
          "time": 76628,
          "key": "1Key9"
        },
        {
          "time": 77240,
          "key": "1Key7"
        },
        {
          "time": 77852,
          "key": "1Key10"
        },
        {
          "time": 78124,
          "key": "1Key1"
        },
        {
          "time": 78396,
          "key": "1Key9"
        },
        {
          "time": 78668,
          "key": "1Key1"
        },
        {
          "time": 78668,
          "key": "1Key3"
        },
        {
          "time": 78668,
          "key": "1Key5"
        },
        {
          "time": 78668,
          "key": "1Key12"
        },
        {
          "time": 79280,
          "key": "1Key5"
        },
        {
          "time": 79552,
          "key": "1Key11"
        },
        {
          "time": 80368,
          "key": "1Key10"
        },
        {
          "time": 81184,
          "key": "1Key9"
        },
        {
          "time": 81796,
          "key": "1Key7"
        },
        {
          "time": 82408,
          "key": "1Key10"
        },
        {
          "time": 82680,
          "key": "1Key1"
        },
        {
          "time": 82952,
          "key": "1Key9"
        },
        {
          "time": 83224,
          "key": "1Key2"
        },
        {
          "time": 83224,
          "key": "1Key3"
        },
        {
          "time": 83224,
          "key": "1Key5"
        },
        {
          "time": 83224,
          "key": "1Key12"
        },
        {
          "time": 83836,
          "key": "1Key5"
        },
        {
          "time": 84108,
          "key": "1Key11"
        },
        {
          "time": 84924,
          "key": "1Key10"
        },
        {
          "time": 85740,
          "key": "1Key9"
        },
        {
          "time": 86352,
          "key": "1Key7"
        },
        {
          "time": 86964,
          "key": "1Key10"
        },
        {
          "time": 87236,
          "key": "1Key1"
        },
        {
          "time": 87508,
          "key": "1Key9"
        },
        {
          "time": 87780,
          "key": "1Key1"
        },
        {
          "time": 87780,
          "key": "1Key3"
        },
        {
          "time": 87780,
          "key": "1Key5"
        },
        {
          "time": 87780,
          "key": "1Key12"
        },
        {
          "time": 88392,
          "key": "1Key5"
        },
        {
          "time": 88664,
          "key": "1Key11"
        },
        {
          "time": 89480,
          "key": "1Key10"
        },
        {
          "time": 90296,
          "key": "1Key9"
        },
        {
          "time": 90908,
          "key": "1Key7"
        }
      ]
    }
  ]