[
  {
    "name": "Stranger Things - OST",
    "bpm": 351,
    "songNotes": [
      {
        "time": 0,
        "key": "1Key3"
      },
      {
        "time": 0,
        "key": "1Key10"
      },
      {
        "time": 170,
        "key": "1Key5"
      },
      {
        "time": 340,
        "key": "1Key7"
      },
      {
        "time": 510,
        "key": "1Key9"
      },
      {
        "time": 680,
        "key": "1Key10"
      },
      {
        "time": 850,
        "key": "1Key9"
      },
      {
        "time": 1020,
        "key": "1Key7"
      },
      {
        "time": 1190,
        "key": "1Key5"
      },
      {
        "time": 1360,
        "key": "1Key3"
      },
      {
        "time": 1360,
        "key": "1Key10"
      },
      {
        "time": 1530,
        "key": "1Key5"
      },
      {
        "time": 1700,
        "key": "1Key7"
      },
      {
        "time": 1870,
        "key": "1Key9"
      },
      {
        "time": 2040,
        "key": "1Key10"
      },
      {
        "time": 2210,
        "key": "1Key9"
      },
      {
        "time": 2380,
        "key": "1Key7"
      },
      {
        "time": 2550,
        "key": "1Key5"
      },
      {
        "time": 2720,
        "key": "1Key3"
      },
      {
        "time": 2720,
        "key": "1Key10"
      },
      {
        "time": 2890,
        "key": "1Key5"
      },
      {
        "time": 3060,
        "key": "1Key7"
      },
      {
        "time": 3230,
        "key": "1Key9"
      },
      {
        "time": 3400,
        "key": "1Key10"
      },
      {
        "time": 3570,
        "key": "1Key9"
      },
      {
        "time": 3740,
        "key": "1Key7"
      },
      {
        "time": 3910,
        "key": "1Key5"
      },
      {
        "time": 4080,
        "key": "1Key3"
      },
      {
        "time": 4080,
        "key": "1Key10"
      },
      {
        "time": 4250,
        "key": "1Key5"
      },
      {
        "time": 4420,
        "key": "1Key7"
      },
      {
        "time": 4590,
        "key": "1Key9"
      },
      {
        "time": 4760,
        "key": "1Key4"
      },
      {
        "time": 4760,
        "key": "1Key11"
      },
      {
        "time": 4930,
        "key": "1Key9"
      },
      {
        "time": 5100,
        "key": "1Key7"
      },
      {
        "time": 5270,
        "key": "1Key5"
      },
      {
        "time": 5440,
        "key": "1Key5"
      },
      {
        "time": 5440,
        "key": "1Key12"
      },
      {
        "time": 5610,
        "key": "1Key5"
      },
      {
        "time": 5780,
        "key": "1Key7"
      },
      {
        "time": 5950,
        "key": "1Key9"
      },
      {
        "time": 6120,
        "key": "1Key10"
      },
      {
        "time": 6290,
        "key": "1Key9"
      },
      {
        "time": 6460,
        "key": "1Key7"
      },
      {
        "time": 6630,
        "key": "1Key5"
      },
      {
        "time": 6800,
        "key": "1Key5"
      },
      {
        "time": 6800,
        "key": "1Key12"
      },
      {
        "time": 6970,
        "key": "1Key5"
      },
      {
        "time": 7140,
        "key": "1Key7"
      },
      {
        "time": 7310,
        "key": "1Key9"
      },
      {
        "time": 7480,
        "key": "1Key10"
      },
      {
        "time": 7650,
        "key": "1Key9"
      },
      {
        "time": 7820,
        "key": "1Key7"
      },
      {
        "time": 7990,
        "key": "1Key5"
      },
      {
        "time": 8160,
        "key": "1Key5"
      },
      {
        "time": 8160,
        "key": "1Key12"
      },
      {
        "time": 8330,
        "key": "1Key5"
      },
      {
        "time": 8500,
        "key": "1Key7"
      },
      {
        "time": 8670,
        "key": "1Key9"
      },
      {
        "time": 8840,
        "key": "1Key10"
      },
      {
        "time": 9010,
        "key": "1Key9"
      },
      {
        "time": 9180,
        "key": "1Key7"
      },
      {
        "time": 9350,
        "key": "1Key5"
      },
      {
        "time": 9520,
        "key": "1Key5"
      },
      {
        "time": 9520,
        "key": "1Key12"
      },
      {
        "time": 9690,
        "key": "1Key5"
      },
      {
        "time": 9860,
        "key": "1Key7"
      },
      {
        "time": 10030,
        "key": "1Key9"
      },
      {
        "time": 10200,
        "key": "1Key4"
      },
      {
        "time": 10200,
        "key": "1Key11"
      },
      {
        "time": 10370,
        "key": "1Key9"
      },
      {
        "time": 10540,
        "key": "1Key7"
      },
      {
        "time": 10710,
        "key": "1Key5"
      },
      {
        "time": 10880,
        "key": "1Key3"
      },
      {
        "time": 10880,
        "key": "1Key10"
      },
      {
        "time": 11050,
        "key": "1Key5"
      },
      {
        "time": 11220,
        "key": "1Key7"
      },
      {
        "time": 11390,
        "key": "1Key9"
      },
      {
        "time": 11560,
        "key": "1Key10"
      },
      {
        "time": 11730,
        "key": "1Key9"
      },
      {
        "time": 11900,
        "key": "1Key7"
      },
      {
        "time": 12070,
        "key": "1Key5"
      },
      {
        "time": 12240,
        "key": "1Key3"
      },
      {
        "time": 12240,
        "key": "1Key10"
      },
      {
        "time": 12410,
        "key": "1Key5"
      },
      {
        "time": 12580,
        "key": "1Key7"
      },
      {
        "time": 12750,
        "key": "1Key9"
      },
      {
        "time": 12920,
        "key": "1Key10"
      },
      {
        "time": 13090,
        "key": "1Key9"
      },
      {
        "time": 13260,
        "key": "1Key7"
      },
      {
        "time": 13430,
        "key": "1Key5"
      },
      {
        "time": 13600,
        "key": "1Key3"
      },
      {
        "time": 13600,
        "key": "1Key10"
      },
      {
        "time": 13770,
        "key": "1Key5"
      },
      {
        "time": 13940,
        "key": "1Key7"
      },
      {
        "time": 14110,
        "key": "1Key9"
      },
      {
        "time": 14280,
        "key": "1Key10"
      },
      {
        "time": 14450,
        "key": "1Key9"
      },
      {
        "time": 14620,
        "key": "1Key7"
      },
      {
        "time": 14790,
        "key": "1Key5"
      },
      {
        "time": 14960,
        "key": "1Key4"
      },
      {
        "time": 14960,
        "key": "1Key11"
      },
      {
        "time": 15130,
        "key": "1Key5"
      },
      {
        "time": 15300,
        "key": "1Key7"
      },
      {
        "time": 15470,
        "key": "1Key9"
      },
      {
        "time": 15640,
        "key": "1Key10"
      },
      {
        "time": 15810,
        "key": "1Key9"
      },
      {
        "time": 15980,
        "key": "1Key7"
      },
      {
        "time": 16150,
        "key": "1Key5"
      },
      {
        "time": 16320,
        "key": "1Key2"
      },
      {
        "time": 16320,
        "key": "1Key9"
      },
      {
        "time": 16490,
        "key": "1Key5"
      },
      {
        "time": 16660,
        "key": "1Key7"
      },
      {
        "time": 16830,
        "key": "1Key9"
      },
      {
        "time": 17000,
        "key": "1Key10"
      },
      {
        "time": 17170,
        "key": "1Key9"
      },
      {
        "time": 17340,
        "key": "1Key7"
      },
      {
        "time": 17510,
        "key": "1Key5"
      },
      {
        "time": 17680,
        "key": "1Key2"
      },
      {
        "time": 17680,
        "key": "1Key9"
      },
      {
        "time": 17850,
        "key": "1Key5"
      },
      {
        "time": 18020,
        "key": "1Key7"
      },
      {
        "time": 18190,
        "key": "1Key9"
      },
      {
        "time": 18360,
        "key": "1Key10"
      },
      {
        "time": 18530,
        "key": "1Key9"
      },
      {
        "time": 18700,
        "key": "1Key7"
      },
      {
        "time": 18870,
        "key": "1Key5"
      },
      {
        "time": 19040,
        "key": "1Key2"
      },
      {
        "time": 19040,
        "key": "1Key9"
      },
      {
        "time": 19210,
        "key": "1Key5"
      },
      {
        "time": 19380,
        "key": "1Key7"
      },
      {
        "time": 19550,
        "key": "1Key9"
      },
      {
        "time": 19720,
        "key": "1Key10"
      },
      {
        "time": 19890,
        "key": "1Key9"
      },
      {
        "time": 20060,
        "key": "1Key7"
      },
      {
        "time": 20230,
        "key": "1Key5"
      },
      {
        "time": 20400,
        "key": "1Key2"
      },
      {
        "time": 20400,
        "key": "1Key9"
      },
      {
        "time": 20570,
        "key": "1Key5"
      },
      {
        "time": 20740,
        "key": "1Key7"
      },
      {
        "time": 20910,
        "key": "1Key9"
      },
      {
        "time": 21080,
        "key": "1Key10"
      },
      {
        "time": 21250,
        "key": "1Key9"
      },
      {
        "time": 21420,
        "key": "1Key7"
      },
      {
        "time": 21590,
        "key": "1Key5"
      },
      {
        "time": 21760,
        "key": "1Key3"
      },
      {
        "time": 21760,
        "key": "1Key10"
      },
      {
        "time": 24480,
        "key": "1Key5"
      },
      {
        "time": 24480,
        "key": "1Key6"
      },
      {
        "time": 24480,
        "key": "1Key7"
      },
      {
        "time": 24480,
        "key": "1Key8"
      },
      {
        "time": 24480,
        "key": "1Key9"
      },
      {
        "time": 24650,
        "key": "1Key7"
      },
      {
        "time": 24650,
        "key": "1Key9"
      },
      {
        "time": 24820,
        "key": "1Key6"
      },
      {
        "time": 24820,
        "key": "1Key7"
      },
      {
        "time": 24820,
        "key": "1Key9"
      },
      {
        "time": 24990,
        "key": "1Key5"
      },
      {
        "time": 24990,
        "key": "1Key7"
      },
      {
        "time": 24990,
        "key": "1Key8"
      },
      {
        "time": 25330,
        "key": "1Key5"
      },
      {
        "time": 25330,
        "key": "1Key6"
      },
      {
        "time": 25330,
        "key": "1Key7"
      },
      {
        "time": 25330,
        "key": "1Key8"
      },
      {
        "time": 25330,
        "key": "1Key9"
      },
      {
        "time": 25500,
        "key": "1Key5"
      },
      {
        "time": 25500,
        "key": "1Key7"
      },
      {
        "time": 25500,
        "key": "1Key9"
      },
      {
        "time": 25670,
        "key": "1Key5"
      },
      {
        "time": 25670,
        "key": "1Key7"
      },
      {
        "time": 25670,
        "key": "1Key9"
      },
      {
        "time": 25840,
        "key": "1Key5"
      },
      {
        "time": 25840,
        "key": "1Key7"
      },
      {
        "time": 25840,
        "key": "1Key9"
      },
      {
        "time": 26180,
        "key": "1Key5"
      },
      {
        "time": 26180,
        "key": "1Key6"
      },
      {
        "time": 26180,
        "key": "1Key7"
      },
      {
        "time": 26180,
        "key": "1Key8"
      },
      {
        "time": 26180,
        "key": "1Key9"
      },
      {
        "time": 26350,
        "key": "1Key7"
      },
      {
        "time": 26350,
        "key": "1Key9"
      },
      {
        "time": 26520,
        "key": "1Key7"
      },
      {
        "time": 26520,
        "key": "1Key9"
      },
      {
        "time": 26690,
        "key": "1Key8"
      },
      {
        "time": 27030,
        "key": "1Key5"
      },
      {
        "time": 27030,
        "key": "1Key6"
      },
      {
        "time": 27030,
        "key": "1Key7"
      },
      {
        "time": 27030,
        "key": "1Key8"
      },
      {
        "time": 27030,
        "key": "1Key9"
      },
      {
        "time": 27200,
        "key": "1Key5"
      },
      {
        "time": 27200,
        "key": "1Key7"
      },
      {
        "time": 27200,
        "key": "1Key9"
      },
      {
        "time": 27370,
        "key": "1Key5"
      },
      {
        "time": 27370,
        "key": "1Key7"
      },
      {
        "time": 27370,
        "key": "1Key9"
      },
      {
        "time": 27540,
        "key": "1Key5"
      },
      {
        "time": 27540,
        "key": "1Key7"
      },
      {
        "time": 27540,
        "key": "1Key9"
      },
      {
        "time": 27880,
        "key": "1Key5"
      },
      {
        "time": 27880,
        "key": "1Key6"
      },
      {
        "time": 27880,
        "key": "1Key7"
      },
      {
        "time": 27880,
        "key": "1Key8"
      },
      {
        "time": 28050,
        "key": "1Key7"
      },
      {
        "time": 28050,
        "key": "1Key9"
      },
      {
        "time": 28220,
        "key": "1Key7"
      },
      {
        "time": 28220,
        "key": "1Key9"
      },
      {
        "time": 28390,
        "key": "1Key5"
      },
      {
        "time": 28390,
        "key": "1Key6"
      },
      {
        "time": 28390,
        "key": "1Key7"
      },
      {
        "time": 28390,
        "key": "1Key8"
      },
      {
        "time": 28730,
        "key": "1Key9"
      },
      {
        "time": 28900,
        "key": "1Key5"
      },
      {
        "time": 28900,
        "key": "1Key6"
      },
      {
        "time": 28900,
        "key": "1Key7"
      },
      {
        "time": 28900,
        "key": "1Key8"
      },
      {
        "time": 28900,
        "key": "1Key9"
      },
      {
        "time": 29070,
        "key": "1Key5"
      },
      {
        "time": 29070,
        "key": "1Key6"
      },
      {
        "time": 29070,
        "key": "1Key7"
      },
      {
        "time": 29070,
        "key": "1Key8"
      },
      {
        "time": 29070,
        "key": "1Key9"
      },
      {
        "time": 29240,
        "key": "1Key9"
      },
      {
        "time": 29750,
        "key": "1Key6"
      },
      {
        "time": 29750,
        "key": "1Key7"
      },
      {
        "time": 29750,
        "key": "1Key8"
      },
      {
        "time": 29920,
        "key": "1Key5"
      },
      {
        "time": 29920,
        "key": "1Key9"
      },
      {
        "time": 30090,
        "key": "1Key5"
      },
      {
        "time": 30090,
        "key": "1Key9"
      },
      {
        "time": 30260,
        "key": "1Key6"
      },
      {
        "time": 30260,
        "key": "1Key8"
      },
      {
        "time": 30430,
        "key": "1Key7"
      },
      {
        "time": 30600,
        "key": "1Key6"
      },
      {
        "time": 30600,
        "key": "1Key8"
      },
      {
        "time": 30770,
        "key": "1Key5"
      },
      {
        "time": 30770,
        "key": "1Key9"
      },
      {
        "time": 30940,
        "key": "1Key5"
      },
      {
        "time": 30940,
        "key": "1Key9"
      },
      {
        "time": 31110,
        "key": "1Key6"
      },
      {
        "time": 31110,
        "key": "1Key7"
      },
      {
        "time": 31110,
        "key": "1Key8"
      }
    ]
  }
]