[
  {
    "name": "The Little Mermaid - Under The Sea",
    "bpm": 610,
    "songNotes": [
      {
        "time": 400,
        "key": "Key0"
      },
      {
        "time": 550,
        "key": "Key4"
      },
      {
        "time": 700,
        "key": "Key7"
      },
      {
        "time": 850,
        "key": "Key9"
      },
      {
        "time": 1150,
        "key": "Key9"
      },
      {
        "time": 1450,
        "key": "Key9"
      },
      {
        "time": 1600,
        "key": "Key8"
      },
      {
        "time": 1900,
        "key": "Key10"
      },
      {
        "time": 2200,
        "key": "Key9"
      },
      {
        "time": 2500,
        "key": "Key7"
      },
      {
        "time": 2800,
        "key": "Key0"
      },
      {
        "time": 2950,
        "key": "Key2"
      },
      {
        "time": 3100,
        "key": "Key4"
      },
      {
        "time": 3250,
        "key": "Key7"
      },
      {
        "time": 3550,
        "key": "Key7"
      },
      {
        "time": 3850,
        "key": "Key7"
      },
      {
        "time": 4000,
        "key": "Key6"
      },
      {
        "time": 4300,
        "key": "Key8"
      },
      {
        "time": 4600,
        "key": "Key7"
      },
      {
        "time": 4900,
        "key": "Key4"
      },
      {
        "time": 5200,
        "key": "Key0"
      },
      {
        "time": 5350,
        "key": "Key4"
      },
      {
        "time": 5500,
        "key": "Key7"
      },
      {
        "time": 5650,
        "key": "Key9"
      },
      {
        "time": 5950,
        "key": "Key9"
      },
      {
        "time": 6250,
        "key": "Key9"
      },
      {
        "time": 6400,
        "key": "Key8"
      },
      {
        "time": 6700,
        "key": "Key10"
      },
      {
        "time": 7000,
        "key": "Key9"
      },
      {
        "time": 7300,
        "key": "Key7"
      },
      {
        "time": 7600,
        "key": "Key0"
      },
      {
        "time": 7750,
        "key": "Key2"
      },
      {
        "time": 7900,
        "key": "Key4"
      },
      {
        "time": 8050,
        "key": "Key7"
      },
      {
        "time": 8350,
        "key": "Key7"
      },
      {
        "time": 8650,
        "key": "Key7"
      },
      {
        "time": 8800,
        "key": "Key6"
      },
      {
        "time": 9100,
        "key": "Key8"
      },
      {
        "time": 9400,
        "key": "Key7"
      },
      {
        "time": 9700,
        "key": "Key4"
      },
      {
        "time": 10300,
        "key": "Key4"
      },
      {
        "time": 10450,
        "key": "Key7"
      },
      {
        "time": 10750,
        "key": "Key7"
      },
      {
        "time": 11050,
        "key": "Key7"
      },
      {
        "time": 11200,
        "key": "Key6"
      },
      {
        "time": 11500,
        "key": "Key8"
      },
      {
        "time": 11800,
        "key": "Key7"
      },
      {
        "time": 12100,
        "key": "Key4"
      },
      {
        "time": 12700,
        "key": "Key0"
      },
      {
        "time": 12850,
        "key": "Key4"
      },
      {
        "time": 13150,
        "key": "Key4"
      },
      {
        "time": 13450,
        "key": "Key4"
      },
      {
        "time": 13600,
        "key": "Key1"
      },
      {
        "time": 13900,
        "key": "Key4"
      },
      {
        "time": 14200,
        "key": "Key2"
      },
      {
        "time": 15100,
        "key": "Key4"
      },
      {
        "time": 15250,
        "key": "Key7"
      },
      {
        "time": 15550,
        "key": "Key7"
      },
      {
        "time": 15850,
        "key": "Key7"
      },
      {
        "time": 16000,
        "key": "Key6"
      },
      {
        "time": 16300,
        "key": "Key8"
      },
      {
        "time": 16600,
        "key": "Key7"
      },
      {
        "time": 16900,
        "key": "Key4"
      },
      {
        "time": 17500,
        "key": "Key0"
      },
      {
        "time": 17650,
        "key": "Key4"
      },
      {
        "time": 17950,
        "key": "Key4"
      },
      {
        "time": 18250,
        "key": "Key4"
      },
      {
        "time": 18400,
        "key": "Key1"
      },
      {
        "time": 18700,
        "key": "Key4"
      },
      {
        "time": 19000,
        "key": "Key2"
      },
      {
        "time": 19900,
        "key": "Key3"
      },
      {
        "time": 20050,
        "key": "Key5"
      },
      {
        "time": 20350,
        "key": "Key5"
      },
      {
        "time": 20650,
        "key": "Key5"
      },
      {
        "time": 20800,
        "key": "Key4"
      },
      {
        "time": 21100,
        "key": "Key7"
      },
      {
        "time": 21400,
        "key": "Key4"
      },
      {
        "time": 21700,
        "key": "Key7"
      },
      {
        "time": 22300,
        "key": "Key6"
      },
      {
        "time": 22450,
        "key": "Key8"
      },
      {
        "time": 22750,
        "key": "Key8"
      },
      {
        "time": 23050,
        "key": "Key7"
      },
      {
        "time": 23200,
        "key": "Key9"
      },
      {
        "time": 23500,
        "key": "Key8"
      },
      {
        "time": 23800,
        "key": "Key7"
      },
      {
        "time": 24700,
        "key": "Key5"
      },
      {
        "time": 24850,
        "key": "Key12"
      },
      {
        "time": 25150,
        "key": "Key11"
      },
      {
        "time": 25300,
        "key": "Key9"
      },
      {
        "time": 25600,
        "key": "Key4"
      },
      {
        "time": 25900,
        "key": "Key7"
      },
      {
        "time": 26200,
        "key": "Key4"
      },
      {
        "time": 26500,
        "key": "Key7"
      },
      {
        "time": 27100,
        "key": "Key10"
      },
      {
        "time": 27400,
        "key": "Key9"
      },
      {
        "time": 27700,
        "key": "Key8"
      },
      {
        "time": 27850,
        "key": "Key7"
      },
      {
        "time": 28000,
        "key": "Key9"
      },
      {
        "time": 28300,
        "key": "Key8"
      },
      {
        "time": 28600,
        "key": "Key7"
      },
      {
        "time": 29650,
        "key": "Key9"
      },
      {
        "time": 29950,
        "key": "Key8"
      },
      {
        "time": 30100,
        "key": "Key7"
      },
      {
        "time": 30400,
        "key": "Key5"
      },
      {
        "time": 32050,
        "key": "Key9"
      },
      {
        "time": 32350,
        "key": "Key8"
      },
      {
        "time": 32500,
        "key": "Key7"
      },
      {
        "time": 32800,
        "key": "Key9"
      },
      {
        "time": 34450,
        "key": "Key9"
      },
      {
        "time": 34750,
        "key": "Key8"
      },
      {
        "time": 34900,
        "key": "Key7"
      },
      {
        "time": 35200,
        "key": "Key5"
      },
      {
        "time": 35350,
        "key": "Key3"
      },
      {
        "time": 35650,
        "key": "Key9"
      },
      {
        "time": 35950,
        "key": "Key8"
      },
      {
        "time": 36100,
        "key": "Key7"
      },
      {
        "time": 36400,
        "key": "Key6"
      },
      {
        "time": 36550,
        "key": "Key4"
      },
      {
        "time": 36850,
        "key": "Key9"
      },
      {
        "time": 37150,
        "key": "Key8"
      },
      {
        "time": 37300,
        "key": "Key7"
      },
      {
        "time": 37600,
        "key": "Key9"
      },
      {
        "time": 39250,
        "key": "Key9"
      },
      {
        "time": 39550,
        "key": "Key8"
      },
      {
        "time": 39700,
        "key": "Key7"
      },
      {
        "time": 40000,
        "key": "Key5"
      },
      {
        "time": 40300,
        "key": "Key7"
      },
      {
        "time": 40450,
        "key": "Key7"
      },
      {
        "time": 40750,
        "key": "Key5"
      },
      {
        "time": 40900,
        "key": "Key8"
      },
      {
        "time": 41650,
        "key": "Key8"
      },
      {
        "time": 41950,
        "key": "Key7"
      },
      {
        "time": 42250,
        "key": "Key8"
      },
      {
        "time": 42400,
        "key": "Key9"
      },
      {
        "time": 42700,
        "key": "Key9"
      },
      {
        "time": 42850,
        "key": "Key8"
      },
      {
        "time": 43150,
        "key": "Key8"
      },
      {
        "time": 43300,
        "key": "Key7"
      },
      {
        "time": 44200,
        "key": "Key9"
      },
      {
        "time": 44350,
        "key": "Key8"
      },
      {
        "time": 44650,
        "key": "Key7"
      },
      {
        "time": 44800,
        "key": "Key5"
      },
      {
        "time": 44950,
        "key": "Key3"
      },
      {
        "time": 45250,
        "key": "Key9"
      },
      {
        "time": 45550,
        "key": "Key8"
      },
      {
        "time": 45850,
        "key": "Key7"
      },
      {
        "time": 46000,
        "key": "Key11"
      },
      {
        "time": 46150,
        "key": "Key10"
      },
      {
        "time": 46450,
        "key": "Key9"
      },
      {
        "time": 46750,
        "key": "Key8"
      },
      {
        "time": 47050,
        "key": "Key7"
      },
      {
        "time": 47200,
        "key": "Key0"
      },
      {
        "time": 47200,
        "key": "Key7"
      },
      {
        "time": 47350,
        "key": "Key4"
      },
      {
        "time": 47500,
        "key": "Key7"
      },
      {
        "time": 47650,
        "key": "Key9"
      },
      {
        "time": 47950,
        "key": "Key9"
      },
      {
        "time": 48250,
        "key": "Key9"
      },
      {
        "time": 48400,
        "key": "Key8"
      },
      {
        "time": 48700,
        "key": "Key10"
      },
      {
        "time": 49000,
        "key": "Key9"
      },
      {
        "time": 49300,
        "key": "Key7"
      },
      {
        "time": 49600,
        "key": "Key0"
      },
      {
        "time": 49750,
        "key": "Key2"
      },
      {
        "time": 49900,
        "key": "Key4"
      },
      {
        "time": 50050,
        "key": "Key7"
      },
      {
        "time": 50350,
        "key": "Key7"
      },
      {
        "time": 50650,
        "key": "Key7"
      },
      {
        "time": 50800,
        "key": "Key6"
      },
      {
        "time": 51100,
        "key": "Key8"
      },
      {
        "time": 51400,
        "key": "Key7"
      },
      {
        "time": 51700,
        "key": "Key14"
      }
    ]
  }
]