[
  {
    "name": "Titanic - My Heart Will Go On",
    "bpm": 200,
    "songNotes": [
      {
        "key": "1Key0",
        "time": 500
      },
      {
        "key": "1Key2",
        "time": 500
      },
      {
        "key": "1Key7",
        "time": 500
      },
      {
        "key": "1Key7",
        "time": 800
      },
      {
        "key": "1Key7",
        "time": 1100
      },
      {
        "key": "1Key7",
        "time": 1400
      },
      {
        "key": "1Key1",
        "time": 1700
      },
      {
        "key": "1Key6",
        "time": 1700
      },
      {
        "key": "1Key7",
        "time": 2000
      },
      {
        "key": "1Key7",
        "time": 2600
      },
      {
        "key": "1Key3",
        "time": 2900
      },
      {
        "key": "1Key6",
        "time": 2900
      },
      {
        "key": "1Key7",
        "time": 3200
      },
      {
        "key": "1Key8",
        "time": 3800
      },
      {
        "key": "1Key0",
        "time": 4100
      },
      {
        "key": "1Key4",
        "time": 4100
      },
      {
        "key": "1Key9",
        "time": 4100
      },
      {
        "key": "1Key1",
        "time": 4400
      },
      {
        "key": "1Key4",
        "time": 4400
      },
      {
        "key": "1Key8",
        "time": 4400
      },
      {
        "key": "1Key0",
        "time": 5000
      },
      {
        "key": "1Key2",
        "time": 5000
      },
      {
        "key": "1Key7",
        "time": 5000
      },
      {
        "key": "1Key7",
        "time": 5300
      },
      {
        "key": "1Key7",
        "time": 5600
      },
      {
        "key": "1Key7",
        "time": 5900
      },
      {
        "key": "1Key1",
        "time": 6200
      },
      {
        "key": "1Key6",
        "time": 6200
      },
      {
        "key": "1Key7",
        "time": 6500
      },
      {
        "key": "1Key7",
        "time": 7100
      },
      {
        "key": "1Key0",
        "time": 7400
      },
      {
        "key": "1Key4",
        "time": 7400
      },
      {
        "key": "1Key0",
        "time": 8300
      },
      {
        "key": "1Key2",
        "time": 8300
      },
      {
        "key": "1Key7",
        "time": 8300
      },
      {
        "key": "1Key7",
        "time": 8600
      },
      {
        "key": "1Key7",
        "time": 8900
      },
      {
        "key": "1Key7",
        "time": 9200
      },
      {
        "key": "1Key1",
        "time": 9500
      },
      {
        "key": "1Key6",
        "time": 9500
      },
      {
        "key": "1Key7",
        "time": 9800
      },
      {
        "key": "1Key7",
        "time": 10400
      },
      {
        "key": "1Key3",
        "time": 10700
      },
      {
        "key": "1Key6",
        "time": 10700
      },
      {
        "key": "1Key7",
        "time": 11000
      },
      {
        "key": "1Key8",
        "time": 11600
      },
      {
        "key": "1Key0",
        "time": 11900
      },
      {
        "key": "1Key4",
        "time": 11900
      },
      {
        "key": "1Key9",
        "time": 11900
      },
      {
        "key": "1Key1",
        "time": 12200
      },
      {
        "key": "1Key4",
        "time": 12200
      },
      {
        "key": "1Key8",
        "time": 12200
      },
      {
        "key": "1Key2",
        "time": 12800
      },
      {
        "key": "1Key5",
        "time": 12800
      },
      {
        "key": "1Key7",
        "time": 12800
      },
      {
        "key": "1Key7",
        "time": 13100
      },
      {
        "key": "1Key7",
        "time": 13400
      },
      {
        "key": "1Key7",
        "time": 13700
      },
      {
        "key": "1Key2",
        "time": 14000
      },
      {
        "key": "1Key6",
        "time": 14000
      },
      {
        "key": "1Key7",
        "time": 14300
      },
      {
        "key": "1Key7",
        "time": 14900
      },
      {
        "key": "1Key0",
        "time": 15200
      },
      {
        "key": "1Key4",
        "time": 15200
      },
      {
        "key": "1Key5",
        "time": 16100
      },
      {
        "key": "1Key7",
        "time": 16100
      },
      {
        "key": "1Key2",
        "time": 16400
      },
      {
        "key": "1Key5",
        "time": 16700
      },
      {
        "key": "1Key7",
        "time": 17000
      },
      {
        "key": "1Key6",
        "time": 17300
      },
      {
        "key": "1Key8",
        "time": 17300
      },
      {
        "key": "1Key4",
        "time": 17600
      },
      {
        "key": "1Key6",
        "time": 17900
      },
      {
        "key": "1Key4",
        "time": 18200
      },
      {
        "key": "1Key3",
        "time": 18500
      },
      {
        "key": "1Key7",
        "time": 18500
      },
      {
        "key": "1Key11",
        "time": 18500
      },
      {
        "key": "1Key10",
        "time": 19100
      },
      {
        "key": "1Key9",
        "time": 19400
      },
      {
        "key": "1Key1",
        "time": 19700
      },
      {
        "key": "1Key4",
        "time": 19700
      },
      {
        "key": "1Key8",
        "time": 19700
      },
      {
        "key": "1Key9",
        "time": 20300
      },
      {
        "key": "1Key10",
        "time": 20600
      },
      {
        "key": "1Key5",
        "time": 20900
      },
      {
        "key": "1Key7",
        "time": 20900
      },
      {
        "key": "1Key9",
        "time": 20900
      },
      {
        "key": "1Key8",
        "time": 21500
      },
      {
        "key": "1Key7",
        "time": 21800
      },
      {
        "key": "1Key2",
        "time": 22100
      },
      {
        "key": "1Key6",
        "time": 22100
      },
      {
        "key": "1Key7",
        "time": 22400
      },
      {
        "key": "1Key6",
        "time": 23000
      },
      {
        "key": "1Key3",
        "time": 23300
      },
      {
        "key": "1Key5",
        "time": 23300
      },
      {
        "key": "1Key0",
        "time": 23900
      },
      {
        "key": "1Key4",
        "time": 23900
      },
      {
        "key": "1Key5",
        "time": 24500
      },
      {
        "key": "1Key7",
        "time": 24500
      },
      {
        "key": "1Key2",
        "time": 24800
      },
      {
        "key": "1Key5",
        "time": 25100
      },
      {
        "key": "1Key7",
        "time": 25400
      },
      {
        "key": "1Key6",
        "time": 25700
      },
      {
        "key": "1Key8",
        "time": 25700
      },
      {
        "key": "1Key4",
        "time": 26000
      },
      {
        "key": "1Key6",
        "time": 26300
      },
      {
        "key": "1Key4",
        "time": 26600
      },
      {
        "key": "1Key3",
        "time": 26900
      },
      {
        "key": "1Key7",
        "time": 26900
      },
      {
        "key": "1Key11",
        "time": 26900
      },
      {
        "key": "1Key10",
        "time": 27500
      },
      {
        "key": "1Key9",
        "time": 27800
      },
      {
        "key": "1Key1",
        "time": 28100
      },
      {
        "key": "1Key4",
        "time": 28100
      },
      {
        "key": "1Key8",
        "time": 28100
      },
      {
        "key": "1Key9",
        "time": 28700
      },
      {
        "key": "1Key10",
        "time": 29000
      },
      {
        "key": "1Key5",
        "time": 29300
      },
      {
        "key": "1Key7",
        "time": 29300
      },
      {
        "key": "1Key9",
        "time": 29300
      },
      {
        "key": "1Key8",
        "time": 29900
      },
      {
        "key": "1Key7",
        "time": 30200
      },
      {
        "key": "1Key2",
        "time": 30500
      },
      {
        "key": "1Key6",
        "time": 30500
      },
      {
        "key": "1Key7",
        "time": 30800
      },
      {
        "key": "1Key6",
        "time": 31400
      },
      {
        "key": "1Key1",
        "time": 31700
      },
      {
        "key": "1Key6",
        "time": 31700
      },
      {
        "key": "1Key7",
        "time": 32000
      },
      {
        "key": "1Key8",
        "time": 32300
      },
      {
        "key": "1Key0",
        "time": 32600
      },
      {
        "key": "1Key4",
        "time": 32600
      },
      {
        "key": "1Key9",
        "time": 32600
      },
      {
        "key": "1Key1",
        "time": 33200
      },
      {
        "key": "1Key4",
        "time": 33200
      },
      {
        "key": "1Key8",
        "time": 33200
      },
      {
        "key": "1Key0",
        "time": 33800
      },
      {
        "key": "1Key2",
        "time": 33800
      },
      {
        "key": "1Key7",
        "time": 33800
      }
    ]
  }
]