[
  {
    "name": "Marshmello - Friends",
    "bpm": 732,
    "songNotes": [
      {
        "key": "2Key9",
        "time": 100
      },
      {
        "key": "1Key0",
        "time": 262
      },
      {
        "key": "2Key14",
        "time": 424
      },
      {
        "key": "1Key5",
        "time": 424
      },
      {
        "key": "1Key0",
        "time": 586
      },
      {
        "key": "1Key7",
        "time": 586
      },
      {
        "key": "2Key13",
        "time": 748
      },
      {
        "key": "2Key12",
        "time": 1072
      },
      {
        "key": "2Key9",
        "time": 1396
      },
      {
        "key": "1Key0",
        "time": 1396
      },
      {
        "key": "1Key2",
        "time": 1558
      },
      {
        "key": "1Key0",
        "time": 1720
      },
      {
        "key": "1Key7",
        "time": 1720
      },
      {
        "key": "1Key2",
        "time": 1882
      },
      {
        "key": "1Key9",
        "time": 1882
      },
      {
        "key": "2Key9",
        "time": 2044
      },
      {
        "key": "2Key14",
        "time": 2368
      },
      {
        "key": "2Key13",
        "time": 2692
      },
      {
        "key": "1Key0",
        "time": 2854
      },
      {
        "key": "2Key12",
        "time": 3016
      },
      {
        "key": "1Key3",
        "time": 3016
      },
      {
        "key": "1Key5",
        "time": 3178
      },
      {
        "key": "2Key8",
        "time": 3340
      },
      {
        "key": "1Key0",
        "time": 4312
      },
      {
        "key": "1Key3",
        "time": 4474
      },
      {
        "key": "1Key2",
        "time": 5122
      },
      {
        "key": "2Key9",
        "time": 5284
      },
      {
        "key": "1Key0",
        "time": 5446
      },
      {
        "key": "2Key14",
        "time": 5608
      },
      {
        "key": "1Key5",
        "time": 5608
      },
      {
        "key": "1Key0",
        "time": 5770
      },
      {
        "key": "1Key7",
        "time": 5770
      },
      {
        "key": "2Key13",
        "time": 5932
      },
      {
        "key": "2Key12",
        "time": 6256
      },
      {
        "key": "2Key9",
        "time": 6580
      },
      {
        "key": "1Key0",
        "time": 6580
      },
      {
        "key": "1Key2",
        "time": 6742
      },
      {
        "key": "1Key0",
        "time": 6904
      },
      {
        "key": "1Key7",
        "time": 6904
      },
      {
        "key": "1Key2",
        "time": 7066
      },
      {
        "key": "1Key9",
        "time": 7066
      },
      {
        "key": "2Key9",
        "time": 7228
      },
      {
        "key": "2Key14",
        "time": 7552
      },
      {
        "key": "2Key13",
        "time": 7876
      },
      {
        "key": "1Key0",
        "time": 8038
      },
      {
        "key": "2Key12",
        "time": 8200
      },
      {
        "key": "1Key3",
        "time": 8200
      },
      {
        "key": "1Key5",
        "time": 8362
      },
      {
        "key": "2Key8",
        "time": 8524
      },
      {
        "key": "1Key0",
        "time": 9496
      },
      {
        "key": "2Key9",
        "time": 10468
      },
      {
        "key": "2Key9",
        "time": 10630
      },
      {
        "key": "1Key0",
        "time": 10630
      },
      {
        "key": "1Key5",
        "time": 10792
      },
      {
        "key": "1Key0",
        "time": 10954
      },
      {
        "key": "2Key8",
        "time": 10954
      },
      {
        "key": "1Key7",
        "time": 10954
      },
      {
        "key": "2Key9",
        "time": 11116
      },
      {
        "key": "2Key8",
        "time": 11440
      },
      {
        "key": "2Key8",
        "time": 11764
      },
      {
        "key": "1Key0",
        "time": 11764
      },
      {
        "key": "2Key8",
        "time": 11926
      },
      {
        "key": "1Key2",
        "time": 11926
      },
      {
        "key": "1Key0",
        "time": 12088
      },
      {
        "key": "1Key7",
        "time": 12088
      },
      {
        "key": "1Key2",
        "time": 12250
      },
      {
        "key": "2Key7",
        "time": 12250
      },
      {
        "key": "1Key9",
        "time": 12250
      },
      {
        "key": "2Key8",
        "time": 12412
      },
      {
        "key": "2Key7",
        "time": 12736
      },
      {
        "key": "2Key7",
        "time": 13060
      },
      {
        "key": "2Key7",
        "time": 13222
      },
      {
        "key": "1Key0",
        "time": 13222
      },
      {
        "key": "1Key3",
        "time": 13384
      },
      {
        "key": "2Key5",
        "time": 13546,
        "l": 3
      },
      {
        "key": "2Key7",
        "time": 13708
      },
      {
        "key": "2Key8",
        "time": 14032
      },
      {
        "key": "2Key6",
        "time": 14356
      },
      {
        "key": "1Key0",
        "time": 14680
      },
      {
        "key": "1Key3",
        "time": 14842
      },
      {
        "key": "1Key2",
        "time": 15490
      },
      {
        "key": "2Key9",
        "time": 15652
      },
      {
        "key": "2Key9",
        "time": 15814
      },
      {
        "key": "1Key0",
        "time": 15814
      },
      {
        "key": "1Key5",
        "time": 15976
      },
      {
        "key": "1Key0",
        "time": 16138
      },
      {
        "key": "2Key8",
        "time": 16138
      },
      {
        "key": "1Key7",
        "time": 16138
      },
      {
        "key": "2Key9",
        "time": 16300
      },
      {
        "key": "2Key8",
        "time": 16624
      },
      {
        "key": "2Key8",
        "time": 16948
      },
      {
        "key": "1Key0",
        "time": 16948
      },
      {
        "key": "2Key8",
        "time": 17110
      },
      {
        "key": "1Key2",
        "time": 17110
      },
      {
        "key": "1Key0",
        "time": 17272
      },
      {
        "key": "1Key7",
        "time": 17272
      },
      {
        "key": "1Key2",
        "time": 17434
      },
      {
        "key": "2Key7",
        "time": 17434
      },
      {
        "key": "1Key9",
        "time": 17434
      },
      {
        "key": "2Key8",
        "time": 17596
      },
      {
        "key": "2Key7",
        "time": 17920
      },
      {
        "key": "2Key7",
        "time": 18082
      },
      {
        "key": "2Key7",
        "time": 18244
      },
      {
        "key": "1Key0",
        "time": 18406
      },
      {
        "key": "2Key5",
        "time": 18568
      },
      {
        "key": "1Key3",
        "time": 18568
      },
      {
        "key": "2Key5",
        "time": 18730,
        "l": 3
      },
      {
        "key": "2Key7",
        "time": 18892
      },
      {
        "key": "2Key7",
        "time": 19054
      },
      {
        "key": "2Key8",
        "time": 19378
      },
      {
        "key": "2Key6",
        "time": 19702
      },
      {
        "key": "1Key0",
        "time": 19864
      },
      {
        "key": "2Key9",
        "time": 20836
      },
      {
        "key": "1Key0",
        "time": 20998
      },
      {
        "key": "2Key9",
        "time": 21160
      },
      {
        "key": "1Key5",
        "time": 21160
      },
      {
        "key": "1Key0",
        "time": 21322
      },
      {
        "key": "2Key9",
        "time": 21322
      },
      {
        "key": "1Key7",
        "time": 21322
      },
      {
        "key": "2Key9",
        "time": 21484
      },
      {
        "key": "2Key8",
        "time": 22132
      },
      {
        "key": "1Key0",
        "time": 22132
      },
      {
        "key": "2Key8",
        "time": 22294
      },
      {
        "key": "1Key2",
        "time": 22294
      },
      {
        "key": "1Key0",
        "time": 22456
      },
      {
        "key": "2Key8",
        "time": 22456
      },
      {
        "key": "1Key7",
        "time": 22456
      },
      {
        "key": "1Key2",
        "time": 22618
      },
      {
        "key": "1Key9",
        "time": 22618
      },
      {
        "key": "2Key8",
        "time": 22780
      },
      {
        "key": "2Key7",
        "time": 23428
      },
      {
        "key": "2Key7",
        "time": 23590
      },
      {
        "key": "1Key0",
        "time": 23590
      },
      {
        "key": "2Key7",
        "time": 23752
      },
      {
        "key": "1Key3",
        "time": 23752
      },
      {
        "key": "2Key7",
        "time": 23914
      },
      {
        "key": "1Key5",
        "time": 23914
      },
      {
        "key": "2Key7",
        "time": 24076
      },
      {
        "key": "2Key7",
        "time": 24400
      },
      {
        "key": "2Key7",
        "time": 24562
      },
      {
        "key": "2Key6",
        "time": 24724
      },
      {
        "key": "2Key6",
        "time": 25048
      },
      {
        "key": "1Key0",
        "time": 25048
      },
      {
        "key": "2Key4",
        "time": 25372
      },
      {
        "key": "2Key4",
        "time": 25696
      },
      {
        "key": "2Key9",
        "time": 25858
      },
      {
        "key": "2Key9",
        "time": 26182
      },
      {
        "key": "1Key0",
        "time": 26182
      },
      {
        "key": "1Key5",
        "time": 26344
      },
      {
        "key": "1Key0",
        "time": 26506
      },
      {
        "key": "2Key8",
        "time": 26506
      },
      {
        "key": "1Key7",
        "time": 26506
      },
      {
        "key": "2Key9",
        "time": 26668
      },
      {
        "key": "2Key8",
        "time": 26992
      },
      {
        "key": "2Key8",
        "time": 27316
      },
      {
        "key": "1Key0",
        "time": 27316
      },
      {
        "key": "2Key8",
        "time": 27478
      },
      {
        "key": "1Key2",
        "time": 27478
      },
      {
        "key": "1Key0",
        "time": 27640
      },
      {
        "key": "1Key7",
        "time": 27640
      },
      {
        "key": "1Key2",
        "time": 27802
      },
      {
        "key": "2Key7",
        "time": 27802
      },
      {
        "key": "1Key9",
        "time": 27802
      },
      {
        "key": "2Key8",
        "time": 27964
      },
      {
        "key": "2Key7",
        "time": 28288
      },
      {
        "key": "2Key7",
        "time": 28612
      },
      {
        "key": "2Key7",
        "time": 28774
      },
      {
        "key": "1Key0",
        "time": 28774
      },
      {
        "key": "1Key3",
        "time": 28936
      },
      {
        "key": "1Key5",
        "time": 29098
      },
      {
        "key": "2Key7",
        "time": 29260
      },
      {
        "key": "2Key8",
        "time": 29422
      },
      {
        "key": "2Key6",
        "time": 29908
      },
      {
        "key": "2Key12",
        "time": 30556
      },
      {
        "key": "2Key12",
        "time": 30880
      },
      {
        "key": "2Key12",
        "time": 31204
      },
      {
        "key": "1Key0",
        "time": 31366
      },
      {
        "key": "2Key9",
        "time": 31528
      },
      {
        "key": "1Key5",
        "time": 31528
      },
      {
        "key": "1Key0",
        "time": 31690
      },
      {
        "key": "1Key7",
        "time": 31690
      },
      {
        "key": "2Key8",
        "time": 31852
      },
      {
        "key": "2Key9",
        "time": 32176
      },
      {
        "key": "2Key11",
        "time": 32500
      },
      {
        "key": "1Key0",
        "time": 32500
      },
      {
        "key": "1Key2",
        "time": 32662
      },
      {
        "key": "1Key0",
        "time": 32824
      },
      {
        "key": "2Key9",
        "time": 32824
      },
      {
        "key": "1Key7",
        "time": 32824
      },
      {
        "key": "1Key2",
        "time": 32986
      },
      {
        "key": "1Key9",
        "time": 32986
      },
      {
        "key": "2Key9",
        "time": 33148
      },
      {
        "key": "2Key11",
        "time": 33472
      },
      {
        "key": "2Key10",
        "time": 33796
      },
      {
        "key": "1Key0",
        "time": 33958
      },
      {
        "key": "1Key3",
        "time": 34120
      },
      {
        "key": "1Key5",
        "time": 34282
      },
      {
        "key": "2Key9",
        "time": 34444
      },
      {
        "key": "2Key8",
        "time": 34768
      },
      {
        "key": "2Key12",
        "time": 35416
      },
      {
        "key": "1Key0",
        "time": 35416
      },
      {
        "key": "1Key3",
        "time": 35578
      },
      {
        "key": "2Key12",
        "time": 35740
      },
      {
        "key": "2Key12",
        "time": 36064
      },
      {
        "key": "1Key2",
        "time": 36226
      },
      {
        "key": "2Key12",
        "time": 36388
      },
      {
        "key": "1Key0",
        "time": 36550
      },
      {
        "key": "2Key9",
        "time": 36712
      },
      {
        "key": "1Key5",
        "time": 36712
      },
      {
        "key": "1Key0",
        "time": 36874
      },
      {
        "key": "1Key7",
        "time": 36874
      },
      {
        "key": "2Key8",
        "time": 37036
      },
      {
        "key": "2Key9",
        "time": 37360
      },
      {
        "key": "2Key11",
        "time": 37684
      },
      {
        "key": "1Key0",
        "time": 37684
      },
      {
        "key": "1Key2",
        "time": 37846
      },
      {
        "key": "1Key0",
        "time": 38008
      },
      {
        "key": "2Key9",
        "time": 38008
      },
      {
        "key": "1Key7",
        "time": 38008
      },
      {
        "key": "1Key2",
        "time": 38170
      },
      {
        "key": "1Key9",
        "time": 38170
      },
      {
        "key": "2Key9",
        "time": 38332
      },
      {
        "key": "2Key11",
        "time": 38656
      },
      {
        "key": "2Key10",
        "time": 38980
      },
      {
        "key": "1Key0",
        "time": 39142
      },
      {
        "key": "1Key3",
        "time": 39304
      },
      {
        "key": "1Key5",
        "time": 39466
      },
      {
        "key": "2Key9",
        "time": 39628
      },
      {
        "key": "2Key8",
        "time": 39952
      },
      {
        "key": "2Key12",
        "time": 40600
      },
      {
        "key": "1Key0",
        "time": 40600
      },
      {
        "key": "2Key12",
        "time": 40924
      },
      {
        "key": "2Key12",
        "time": 41248
      },
      {
        "key": "2Key12",
        "time": 41572
      },
      {
        "key": "1Key0",
        "time": 41734
      },
      {
        "key": "2Key13",
        "time": 41896
      },
      {
        "key": "1Key5",
        "time": 41896
      },
      {
        "key": "1Key0",
        "time": 42058
      },
      {
        "key": "1Key7",
        "time": 42058
      },
      {
        "key": "2Key14",
        "time": 42220
      },
      {
        "key": "2Key13",
        "time": 42544
      },
      {
        "key": "2Key12",
        "time": 42868
      },
      {
        "key": "1Key0",
        "time": 42868
      },
      {
        "key": "1Key2",
        "time": 43030
      },
      {
        "key": "1Key0",
        "time": 43192
      },
      {
        "key": "2Key9",
        "time": 43192
      },
      {
        "key": "1Key7",
        "time": 43192
      },
      {
        "key": "1Key2",
        "time": 43354
      },
      {
        "key": "1Key9",
        "time": 43354
      },
      {
        "key": "2Key8",
        "time": 43516
      },
      {
        "key": "2Key8",
        "time": 43840
      },
      {
        "key": "2Key8",
        "time": 44164
      },
      {
        "key": "1Key0",
        "time": 44326
      },
      {
        "key": "1Key3",
        "time": 44488
      },
      {
        "key": "1Key5",
        "time": 44650
      },
      {
        "key": "2Key10",
        "time": 44812
      },
      {
        "key": "2Key9",
        "time": 45136
      },
      {
        "key": "2Key12",
        "time": 45784
      },
      {
        "key": "1Key0",
        "time": 45784
      },
      {
        "key": "1Key3",
        "time": 45946
      },
      {
        "key": "2Key12",
        "time": 46108
      },
      {
        "key": "2Key12",
        "time": 46432
      },
      {
        "key": "1Key2",
        "time": 46594
      },
      {
        "key": "2Key12",
        "time": 46756
      },
      {
        "key": "1Key0",
        "time": 46918
      },
      {
        "key": "2Key9",
        "time": 47080
      },
      {
        "key": "1Key5",
        "time": 47080
      },
      {
        "key": "1Key0",
        "time": 47242
      },
      {
        "key": "1Key7",
        "time": 47242
      },
      {
        "key": "2Key8",
        "time": 47404
      },
      {
        "key": "2Key9",
        "time": 47728
      },
      {
        "key": "2Key11",
        "time": 48052
      },
      {
        "key": "1Key0",
        "time": 48052
      },
      {
        "key": "1Key2",
        "time": 48214
      },
      {
        "key": "1Key0",
        "time": 48376
      },
      {
        "key": "2Key9",
        "time": 48376
      },
      {
        "key": "1Key7",
        "time": 48376
      },
      {
        "key": "1Key2",
        "time": 48538
      },
      {
        "key": "1Key9",
        "time": 48538
      },
      {
        "key": "2Key9",
        "time": 48700
      },
      {
        "key": "2Key11",
        "time": 49024
      },
      {
        "key": "2Key10",
        "time": 49348
      },
      {
        "key": "1Key0",
        "time": 49510
      },
      {
        "key": "1Key3",
        "time": 49672
      },
      {
        "key": "1Key5",
        "time": 49834
      },
      {
        "key": "2Key9",
        "time": 49996
      },
      {
        "key": "2Key8",
        "time": 50320
      },
      {
        "key": "2Key8",
        "time": 50806
      },
      {
        "key": "2Key8",
        "time": 50968
      },
      {
        "key": "1Key0",
        "time": 50968
      },
      {
        "key": "2Key8",
        "time": 51130
      },
      {
        "key": "2Key8",
        "time": 51292
      },
      {
        "key": "2Key8",
        "time": 51616
      },
      {
        "key": "2Key8",
        "time": 51940
      },
      {
        "key": "1Key0",
        "time": 52102
      },
      {
        "key": "2Key7",
        "time": 52264
      },
      {
        "key": "1Key5",
        "time": 52264
      },
      {
        "key": "1Key0",
        "time": 52426
      },
      {
        "key": "2Key5",
        "time": 52426
      },
      {
        "key": "1Key7",
        "time": 52426
      },
      {
        "key": "1Key0",
        "time": 53236
      },
      {
        "key": "2Key9",
        "time": 53398
      },
      {
        "key": "1Key2",
        "time": 53398
      },
      {
        "key": "1Key0",
        "time": 53560
      },
      {
        "key": "2Key8",
        "time": 53560
      },
      {
        "key": "1Key7",
        "time": 53560
      },
      {
        "key": "1Key2",
        "time": 53722
      },
      {
        "key": "2Key8",
        "time": 53722
      },
      {
        "key": "1Key9",
        "time": 53722
      },
      {
        "key": "2Key8",
        "time": 53884
      },
      {
        "key": "2Key8",
        "time": 54208
      },
      {
        "key": "2Key8",
        "time": 54532
      },
      {
        "key": "1Key0",
        "time": 54694
      },
      {
        "key": "1Key3",
        "time": 54856
      },
      {
        "key": "1Key5",
        "time": 55018
      },
      {
        "key": "2Key8",
        "time": 55990
      },
      {
        "key": "2Key8",
        "time": 56152
      },
      {
        "key": "1Key0",
        "time": 56152
      },
      {
        "key": "2Key8",
        "time": 56314
      },
      {
        "key": "1Key3",
        "time": 56314
      },
      {
        "key": "2Key8",
        "time": 56476
      },
      {
        "key": "2Key8",
        "time": 56800
      },
      {
        "key": "1Key2",
        "time": 56962
      },
      {
        "key": "2Key8",
        "time": 57124
      },
      {
        "key": "1Key0",
        "time": 57286
      },
      {
        "key": "2Key7",
        "time": 57448
      },
      {
        "key": "1Key5",
        "time": 57448
      },
      {
        "key": "1Key0",
        "time": 57610
      },
      {
        "key": "2Key5",
        "time": 57610
      },
      {
        "key": "1Key7",
        "time": 57610
      },
      {
        "key": "2Key5",
        "time": 58258
      },
      {
        "key": "1Key0",
        "time": 58420
      },
      {
        "key": "2Key8",
        "time": 58582
      },
      {
        "key": "1Key2",
        "time": 58582
      },
      {
        "key": "1Key0",
        "time": 58744
      },
      {
        "key": "2Key9",
        "time": 58744
      },
      {
        "key": "1Key7",
        "time": 58744
      },
      {
        "key": "1Key2",
        "time": 58906
      },
      {
        "key": "2Key9",
        "time": 58906,
        "l": 3
      },
      {
        "key": "2Key8",
        "time": 59068
      },
      {
        "key": "2Key8",
        "time": 59392
      },
      {
        "key": "2Key8",
        "time": 59554
      },
      {
        "key": "1Key0",
        "time": 59878
      },
      {
        "key": "1Key3",
        "time": 60040
      },
      {
        "key": "1Key5",
        "time": 60202
      },
      {
        "key": "2Key8",
        "time": 61174
      },
      {
        "key": "2Key8",
        "time": 61336
      },
      {
        "key": "1Key0",
        "time": 61336
      },
      {
        "key": "2Key8",
        "time": 61498
      },
      {
        "key": "2Key8",
        "time": 61660
      },
      {
        "key": "2Key8",
        "time": 61984
      },
      {
        "key": "2Key8",
        "time": 62308
      },
      {
        "key": "1Key0",
        "time": 62470
      },
      {
        "key": "2Key7",
        "time": 62632
      },
      {
        "key": "1Key5",
        "time": 62632
      },
      {
        "key": "1Key0",
        "time": 62794
      },
      {
        "key": "2Key5",
        "time": 62794
      },
      {
        "key": "1Key7",
        "time": 62794
      },
      {
        "key": "1Key0",
        "time": 63604
      },
      {
        "key": "2Key9",
        "time": 63766
      },
      {
        "key": "1Key2",
        "time": 63766
      },
      {
        "key": "1Key0",
        "time": 63928
      },
      {
        "key": "2Key8",
        "time": 63928
      },
      {
        "key": "1Key7",
        "time": 63928
      },
      {
        "key": "1Key2",
        "time": 64090
      },
      {
        "key": "2Key8",
        "time": 64090
      },
      {
        "key": "1Key9",
        "time": 64090
      },
      {
        "key": "2Key8",
        "time": 64252
      },
      {
        "key": "2Key8",
        "time": 64576
      },
      {
        "key": "2Key8",
        "time": 64900
      },
      {
        "key": "1Key0",
        "time": 65062
      },
      {
        "key": "1Key3",
        "time": 65224
      },
      {
        "key": "1Key5",
        "time": 65386
      },
      {
        "key": "2Key8",
        "time": 66358
      },
      {
        "key": "2Key8",
        "time": 66520
      },
      {
        "key": "1Key0",
        "time": 66520
      },
      {
        "key": "2Key8",
        "time": 66682
      },
      {
        "key": "1Key3",
        "time": 66682
      },
      {
        "key": "2Key8",
        "time": 66844
      },
      {
        "key": "2Key8",
        "time": 67168
      },
      {
        "key": "1Key2",
        "time": 67330
      },
      {
        "key": "2Key8",
        "time": 67492
      },
      {
        "key": "1Key0",
        "time": 67654
      },
      {
        "key": "2Key7",
        "time": 67816
      },
      {
        "key": "1Key5",
        "time": 67816
      },
      {
        "key": "1Key0",
        "time": 67978
      },
      {
        "key": "2Key5",
        "time": 67978
      },
      {
        "key": "1Key7",
        "time": 67978
      },
      {
        "key": "2Key5",
        "time": 68626
      },
      {
        "key": "1Key0",
        "time": 68788
      },
      {
        "key": "2Key8",
        "time": 68950
      },
      {
        "key": "1Key2",
        "time": 68950
      },
      {
        "key": "1Key0",
        "time": 69112
      },
      {
        "key": "2Key9",
        "time": 69112
      },
      {
        "key": "1Key7",
        "time": 69112
      },
      {
        "key": "1Key2",
        "time": 69274
      },
      {
        "key": "2Key9",
        "time": 69274,
        "l": 3
      },
      {
        "key": "2Key8",
        "time": 69436
      },
      {
        "key": "2Key8",
        "time": 69760
      },
      {
        "key": "2Key8",
        "time": 69922
      },
      {
        "key": "1Key0",
        "time": 70246
      },
      {
        "key": "1Key3",
        "time": 70408
      },
      {
        "key": "1Key5",
        "time": 70570
      },
      {
        "key": "2Key5",
        "time": 71218
      },
      {
        "key": "2Key8",
        "time": 71542
      },
      {
        "key": "2Key9",
        "time": 71704
      },
      {
        "key": "1Key0",
        "time": 71704
      },
      {
        "key": "2Key9",
        "time": 71866
      },
      {
        "key": "2Key8",
        "time": 72028
      },
      {
        "key": "2Key7",
        "time": 72352
      },
      {
        "key": "2Key5",
        "time": 72514
      },
      {
        "key": "2Key9",
        "time": 72676
      },
      {
        "key": "2Key9",
        "time": 72838
      },
      {
        "key": "1Key0",
        "time": 72838
      },
      {
        "key": "1Key5",
        "time": 73000
      },
      {
        "key": "1Key0",
        "time": 73162
      },
      {
        "key": "2Key9",
        "time": 73162
      },
      {
        "key": "1Key7",
        "time": 73162
      },
      {
        "key": "2Key8",
        "time": 73324
      },
      {
        "key": "2Key8",
        "time": 73648
      },
      {
        "key": "2Key8",
        "time": 73972
      },
      {
        "key": "1Key0",
        "time": 73972
      },
      {
        "key": "2Key8",
        "time": 74134
      },
      {
        "key": "1Key2",
        "time": 74134
      },
      {
        "key": "1Key0",
        "time": 74296
      },
      {
        "key": "1Key7",
        "time": 74296
      },
      {
        "key": "1Key2",
        "time": 74458
      },
      {
        "key": "2Key7",
        "time": 74458
      },
      {
        "key": "1Key9",
        "time": 74458
      },
      {
        "key": "2Key8",
        "time": 74620
      },
      {
        "key": "2Key7",
        "time": 74944
      },
      {
        "key": "2Key7",
        "time": 75268
      },
      {
        "key": "2Key7",
        "time": 75430
      },
      {
        "key": "1Key0",
        "time": 75430
      },
      {
        "key": "1Key3",
        "time": 75592
      },
      {
        "key": "2Key5",
        "time": 75754,
        "l": 3
      },
      {
        "key": "2Key7",
        "time": 75916
      },
      {
        "key": "2Key8",
        "time": 76240
      },
      {
        "key": "2Key6",
        "time": 76564
      },
      {
        "key": "1Key0",
        "time": 76888
      },
      {
        "key": "1Key3",
        "time": 77050
      },
      {
        "key": "2Key5",
        "time": 77698
      },
      {
        "key": "1Key2",
        "time": 77698
      },
      {
        "key": "2Key9",
        "time": 77860
      },
      {
        "key": "2Key9",
        "time": 78022
      },
      {
        "key": "1Key0",
        "time": 78022
      },
      {
        "key": "1Key5",
        "time": 78184
      },
      {
        "key": "1Key0",
        "time": 78346
      },
      {
        "key": "2Key8",
        "time": 78346
      },
      {
        "key": "1Key7",
        "time": 78346
      },
      {
        "key": "2Key9",
        "time": 78508
      },
      {
        "key": "2Key8",
        "time": 78832
      },
      {
        "key": "2Key8",
        "time": 79156
      },
      {
        "key": "1Key0",
        "time": 79156
      },
      {
        "key": "2Key8",
        "time": 79318
      },
      {
        "key": "1Key2",
        "time": 79318
      },
      {
        "key": "1Key0",
        "time": 79480
      },
      {
        "key": "1Key7",
        "time": 79480
      },
      {
        "key": "1Key2",
        "time": 79642
      },
      {
        "key": "2Key7",
        "time": 79642
      },
      {
        "key": "1Key9",
        "time": 79642
      },
      {
        "key": "2Key8",
        "time": 79804
      },
      {
        "key": "2Key7",
        "time": 80128
      },
      {
        "key": "2Key5",
        "time": 80452
      },
      {
        "key": "2Key10",
        "time": 80614
      },
      {
        "key": "1Key0",
        "time": 80614
      },
      {
        "key": "1Key3",
        "time": 80776
      },
      {
        "key": "2Key9",
        "time": 80938
      },
      {
        "key": "1Key5",
        "time": 80938
      },
      {
        "key": "2Key9",
        "time": 81262
      },
      {
        "key": "2Key9",
        "time": 81586
      },
      {
        "key": "2Key8",
        "time": 81910
      },
      {
        "key": "2Key9",
        "time": 82072
      },
      {
        "key": "1Key0",
        "time": 82072
      },
      {
        "key": "2Key8",
        "time": 82396
      },
      {
        "key": "2Key9",
        "time": 83044
      },
      {
        "key": "1Key0",
        "time": 83206
      },
      {
        "key": "2Key9",
        "time": 83368
      },
      {
        "key": "1Key5",
        "time": 83368
      },
      {
        "key": "1Key0",
        "time": 83530
      },
      {
        "key": "2Key9",
        "time": 83530
      },
      {
        "key": "1Key7",
        "time": 83530
      },
      {
        "key": "2Key9",
        "time": 83692
      },
      {
        "key": "2Key8",
        "time": 84340
      },
      {
        "key": "1Key0",
        "time": 84340
      },
      {
        "key": "2Key8",
        "time": 84502
      },
      {
        "key": "1Key2",
        "time": 84502
      },
      {
        "key": "1Key0",
        "time": 84664
      },
      {
        "key": "2Key8",
        "time": 84664
      },
      {
        "key": "1Key7",
        "time": 84664
      },
      {
        "key": "1Key2",
        "time": 84826
      },
      {
        "key": "1Key9",
        "time": 84826
      },
      {
        "key": "2Key8",
        "time": 84988
      },
      {
        "key": "2Key7",
        "time": 85636
      },
      {
        "key": "2Key7",
        "time": 85798
      },
      {
        "key": "1Key0",
        "time": 85798
      },
      {
        "key": "2Key7",
        "time": 85960
      },
      {
        "key": "1Key3",
        "time": 85960
      },
      {
        "key": "2Key7",
        "time": 86122
      },
      {
        "key": "1Key5",
        "time": 86122
      },
      {
        "key": "2Key7",
        "time": 86284
      },
      {
        "key": "2Key7",
        "time": 86608
      },
      {
        "key": "2Key7",
        "time": 86770
      },
      {
        "key": "2Key6",
        "time": 86932
      },
      {
        "key": "2Key6",
        "time": 87256
      },
      {
        "key": "1Key0",
        "time": 87256
      },
      {
        "key": "2Key4",
        "time": 87580
      },
      {
        "key": "2Key9",
        "time": 88228
      },
      {
        "key": "2Key9",
        "time": 88390
      },
      {
        "key": "1Key0",
        "time": 88390
      },
      {
        "key": "1Key5",
        "time": 88552
      },
      {
        "key": "1Key0",
        "time": 88714
      },
      {
        "key": "2Key8",
        "time": 88714
      },
      {
        "key": "1Key7",
        "time": 88714
      },
      {
        "key": "2Key9",
        "time": 88876
      },
      {
        "key": "2Key8",
        "time": 89200
      },
      {
        "key": "2Key8",
        "time": 89524
      },
      {
        "key": "1Key0",
        "time": 89524
      },
      {
        "key": "2Key8",
        "time": 89686
      },
      {
        "key": "1Key2",
        "time": 89686
      },
      {
        "key": "1Key0",
        "time": 89848
      },
      {
        "key": "1Key7",
        "time": 89848
      },
      {
        "key": "1Key2",
        "time": 90010
      },
      {
        "key": "2Key7",
        "time": 90010
      },
      {
        "key": "1Key9",
        "time": 90010
      },
      {
        "key": "2Key8",
        "time": 90172
      },
      {
        "key": "2Key7",
        "time": 90496
      },
      {
        "key": "2Key7",
        "time": 90820
      },
      {
        "key": "2Key7",
        "time": 90982
      },
      {
        "key": "1Key0",
        "time": 90982
      },
      {
        "key": "1Key3",
        "time": 91144
      },
      {
        "key": "1Key5",
        "time": 91306
      },
      {
        "key": "2Key7",
        "time": 91468
      },
      {
        "key": "2Key8",
        "time": 91630
      },
      {
        "key": "2Key6",
        "time": 92116
      },
      {
        "key": "2Key12",
        "time": 92764
      },
      {
        "key": "2Key12",
        "time": 93088
      },
      {
        "key": "2Key12",
        "time": 93412
      },
      {
        "key": "1Key0",
        "time": 93574
      },
      {
        "key": "2Key9",
        "time": 93736
      },
      {
        "key": "1Key5",
        "time": 93736
      },
      {
        "key": "1Key0",
        "time": 93898
      },
      {
        "key": "1Key7",
        "time": 93898
      },
      {
        "key": "2Key8",
        "time": 94060
      },
      {
        "key": "2Key9",
        "time": 94384
      },
      {
        "key": "2Key11",
        "time": 94708
      },
      {
        "key": "1Key0",
        "time": 94708
      },
      {
        "key": "1Key2",
        "time": 94870
      },
      {
        "key": "1Key0",
        "time": 95032
      },
      {
        "key": "2Key9",
        "time": 95032
      },
      {
        "key": "1Key7",
        "time": 95032
      },
      {
        "key": "1Key2",
        "time": 95194
      },
      {
        "key": "1Key9",
        "time": 95194
      },
      {
        "key": "2Key9",
        "time": 95356
      },
      {
        "key": "2Key11",
        "time": 95680
      },
      {
        "key": "2Key10",
        "time": 96004
      },
      {
        "key": "1Key0",
        "time": 96166
      },
      {
        "key": "1Key3",
        "time": 96328
      },
      {
        "key": "1Key5",
        "time": 96490
      },
      {
        "key": "2Key9",
        "time": 96652
      },
      {
        "key": "2Key8",
        "time": 96976
      },
      {
        "key": "2Key12",
        "time": 97624
      },
      {
        "key": "1Key0",
        "time": 97624
      },
      {
        "key": "1Key3",
        "time": 97786
      },
      {
        "key": "2Key12",
        "time": 97948
      },
      {
        "key": "2Key12",
        "time": 98272
      },
      {
        "key": "1Key2",
        "time": 98434
      },
      {
        "key": "2Key12",
        "time": 98596
      },
      {
        "key": "1Key0",
        "time": 98758
      },
      {
        "key": "2Key9",
        "time": 98920
      },
      {
        "key": "1Key5",
        "time": 98920
      },
      {
        "key": "1Key0",
        "time": 99082
      },
      {
        "key": "1Key7",
        "time": 99082
      },
      {
        "key": "2Key8",
        "time": 99244
      },
      {
        "key": "2Key9",
        "time": 99568
      },
      {
        "key": "2Key11",
        "time": 99892
      },
      {
        "key": "1Key0",
        "time": 99892
      },
      {
        "key": "1Key2",
        "time": 100054
      },
      {
        "key": "1Key0",
        "time": 100216
      },
      {
        "key": "2Key9",
        "time": 100216
      },
      {
        "key": "1Key7",
        "time": 100216
      },
      {
        "key": "1Key2",
        "time": 100378
      },
      {
        "key": "1Key9",
        "time": 100378
      },
      {
        "key": "2Key9",
        "time": 100540
      },
      {
        "key": "2Key11",
        "time": 100864
      },
      {
        "key": "2Key10",
        "time": 101188
      },
      {
        "key": "1Key0",
        "time": 101350
      },
      {
        "key": "1Key3",
        "time": 101512
      },
      {
        "key": "1Key5",
        "time": 101674
      },
      {
        "key": "2Key9",
        "time": 101836
      },
      {
        "key": "2Key8",
        "time": 102160
      },
      {
        "key": "2Key12",
        "time": 102808
      },
      {
        "key": "1Key0",
        "time": 102808
      },
      {
        "key": "2Key12",
        "time": 103132
      },
      {
        "key": "2Key12",
        "time": 103456
      },
      {
        "key": "2Key12",
        "time": 103780
      },
      {
        "key": "1Key0",
        "time": 103942
      },
      {
        "key": "2Key13",
        "time": 104104
      },
      {
        "key": "1Key5",
        "time": 104104
      },
      {
        "key": "1Key0",
        "time": 104266
      },
      {
        "key": "1Key7",
        "time": 104266
      },
      {
        "key": "2Key14",
        "time": 104428
      },
      {
        "key": "2Key13",
        "time": 104752
      },
      {
        "key": "2Key12",
        "time": 105076
      },
      {
        "key": "1Key0",
        "time": 105076
      },
      {
        "key": "1Key2",
        "time": 105238
      },
      {
        "key": "1Key0",
        "time": 105400
      },
      {
        "key": "2Key9",
        "time": 105400
      },
      {
        "key": "1Key7",
        "time": 105400
      },
      {
        "key": "1Key2",
        "time": 105562
      },
      {
        "key": "1Key9",
        "time": 105562
      },
      {
        "key": "2Key8",
        "time": 105724
      },
      {
        "key": "2Key8",
        "time": 106048
      },
      {
        "key": "2Key8",
        "time": 106372
      },
      {
        "key": "1Key0",
        "time": 106534
      },
      {
        "key": "1Key3",
        "time": 106696
      },
      {
        "key": "1Key5",
        "time": 106858
      },
      {
        "key": "2Key10",
        "time": 107020
      },
      {
        "key": "2Key9",
        "time": 107344
      },
      {
        "key": "2Key12",
        "time": 107992
      },
      {
        "key": "1Key0",
        "time": 107992
      },
      {
        "key": "1Key3",
        "time": 108154
      },
      {
        "key": "2Key12",
        "time": 108316
      },
      {
        "key": "2Key12",
        "time": 108640
      },
      {
        "key": "1Key2",
        "time": 108802
      },
      {
        "key": "2Key12",
        "time": 108964
      },
      {
        "key": "1Key0",
        "time": 109126
      },
      {
        "key": "2Key9",
        "time": 109288
      },
      {
        "key": "1Key5",
        "time": 109288
      },
      {
        "key": "1Key0",
        "time": 109450
      },
      {
        "key": "1Key7",
        "time": 109450
      },
      {
        "key": "2Key8",
        "time": 109612
      },
      {
        "key": "2Key9",
        "time": 109936
      },
      {
        "key": "2Key11",
        "time": 110260
      },
      {
        "key": "1Key0",
        "time": 110260
      },
      {
        "key": "1Key2",
        "time": 110422
      },
      {
        "key": "1Key0",
        "time": 110584
      },
      {
        "key": "2Key9",
        "time": 110584
      },
      {
        "key": "1Key7",
        "time": 110584
      },
      {
        "key": "1Key2",
        "time": 110746
      },
      {
        "key": "1Key9",
        "time": 110746
      },
      {
        "key": "2Key9",
        "time": 110908
      },
      {
        "key": "2Key11",
        "time": 111232
      },
      {
        "key": "2Key10",
        "time": 111556
      },
      {
        "key": "1Key0",
        "time": 111718
      },
      {
        "key": "1Key3",
        "time": 111880
      },
      {
        "key": "1Key5",
        "time": 112042
      },
      {
        "key": "2Key9",
        "time": 112204
      },
      {
        "key": "2Key8",
        "time": 112528
      },
      {
        "key": "2Key8",
        "time": 113014
      },
      {
        "key": "2Key8",
        "time": 113176
      },
      {
        "key": "1Key0",
        "time": 113176
      },
      {
        "key": "2Key8",
        "time": 113338
      },
      {
        "key": "2Key8",
        "time": 113500
      },
      {
        "key": "2Key8",
        "time": 113824
      },
      {
        "key": "2Key8",
        "time": 114148
      },
      {
        "key": "1Key0",
        "time": 114310
      },
      {
        "key": "2Key7",
        "time": 114472
      },
      {
        "key": "1Key5",
        "time": 114472
      },
      {
        "key": "1Key0",
        "time": 114634
      },
      {
        "key": "2Key5",
        "time": 114634
      },
      {
        "key": "1Key7",
        "time": 114634
      },
      {
        "key": "1Key0",
        "time": 115444
      },
      {
        "key": "2Key9",
        "time": 115606
      },
      {
        "key": "1Key2",
        "time": 115606
      },
      {
        "key": "1Key0",
        "time": 115768
      },
      {
        "key": "2Key8",
        "time": 115768
      },
      {
        "key": "1Key7",
        "time": 115768
      },
      {
        "key": "1Key2",
        "time": 115930
      },
      {
        "key": "2Key8",
        "time": 115930
      },
      {
        "key": "1Key9",
        "time": 115930
      },
      {
        "key": "2Key8",
        "time": 116092
      },
      {
        "key": "2Key8",
        "time": 116416
      },
      {
        "key": "2Key8",
        "time": 116740
      },
      {
        "key": "1Key0",
        "time": 116902
      },
      {
        "key": "1Key3",
        "time": 117064
      },
      {
        "key": "1Key5",
        "time": 117226
      },
      {
        "key": "2Key8",
        "time": 118198
      },
      {
        "key": "2Key8",
        "time": 118360
      },
      {
        "key": "1Key0",
        "time": 118360
      },
      {
        "key": "2Key8",
        "time": 118522
      },
      {
        "key": "1Key3",
        "time": 118522
      },
      {
        "key": "2Key8",
        "time": 118684
      },
      {
        "key": "2Key8",
        "time": 119008
      },
      {
        "key": "1Key2",
        "time": 119170
      },
      {
        "key": "2Key8",
        "time": 119332
      },
      {
        "key": "1Key0",
        "time": 119494
      },
      {
        "key": "2Key7",
        "time": 119656
      },
      {
        "key": "1Key5",
        "time": 119656
      },
      {
        "key": "1Key0",
        "time": 119818
      },
      {
        "key": "2Key5",
        "time": 119818
      },
      {
        "key": "1Key7",
        "time": 119818
      },
      {
        "key": "2Key5",
        "time": 120466
      },
      {
        "key": "1Key0",
        "time": 120628
      },
      {
        "key": "2Key8",
        "time": 120790
      },
      {
        "key": "1Key2",
        "time": 120790
      },
      {
        "key": "1Key0",
        "time": 120952
      },
      {
        "key": "2Key9",
        "time": 120952
      },
      {
        "key": "1Key7",
        "time": 120952
      },
      {
        "key": "1Key2",
        "time": 121114
      },
      {
        "key": "2Key9",
        "time": 121114,
        "l": 3
      },
      {
        "key": "2Key8",
        "time": 121276
      },
      {
        "key": "2Key8",
        "time": 121600
      },
      {
        "key": "2Key8",
        "time": 121762
      },
      {
        "key": "1Key0",
        "time": 122086
      },
      {
        "key": "1Key3",
        "time": 122248
      },
      {
        "key": "1Key5",
        "time": 122410
      },
      {
        "key": "2Key8",
        "time": 123382
      },
      {
        "key": "2Key8",
        "time": 123544
      },
      {
        "key": "1Key0",
        "time": 123544
      },
      {
        "key": "2Key8",
        "time": 123706
      },
      {
        "key": "2Key8",
        "time": 123868
      },
      {
        "key": "2Key8",
        "time": 124192
      },
      {
        "key": "2Key8",
        "time": 124516
      },
      {
        "key": "1Key0",
        "time": 124678
      },
      {
        "key": "2Key7",
        "time": 124840
      },
      {
        "key": "1Key5",
        "time": 124840
      },
      {
        "key": "1Key0",
        "time": 125002
      },
      {
        "key": "2Key5",
        "time": 125002
      },
      {
        "key": "1Key7",
        "time": 125002
      },
      {
        "key": "1Key0",
        "time": 125812
      },
      {
        "key": "2Key9",
        "time": 125974
      },
      {
        "key": "1Key2",
        "time": 125974
      },
      {
        "key": "1Key0",
        "time": 126136
      },
      {
        "key": "2Key8",
        "time": 126136
      },
      {
        "key": "1Key7",
        "time": 126136
      },
      {
        "key": "1Key2",
        "time": 126298
      },
      {
        "key": "2Key8",
        "time": 126298
      },
      {
        "key": "1Key9",
        "time": 126298
      },
      {
        "key": "2Key8",
        "time": 126460
      },
      {
        "key": "2Key8",
        "time": 126784
      },
      {
        "key": "2Key8",
        "time": 127108
      },
      {
        "key": "1Key0",
        "time": 127270
      },
      {
        "key": "1Key3",
        "time": 127432
      },
      {
        "key": "1Key5",
        "time": 127594
      },
      {
        "key": "2Key8",
        "time": 128566
      },
      {
        "key": "2Key8",
        "time": 128728
      },
      {
        "key": "1Key0",
        "time": 128728
      },
      {
        "key": "2Key8",
        "time": 128890
      },
      {
        "key": "1Key3",
        "time": 128890
      },
      {
        "key": "2Key8",
        "time": 129052
      },
      {
        "key": "2Key8",
        "time": 129376
      },
      {
        "key": "1Key2",
        "time": 129538
      },
      {
        "key": "2Key8",
        "time": 129700
      },
      {
        "key": "1Key0",
        "time": 129862
      },
      {
        "key": "2Key7",
        "time": 130024
      },
      {
        "key": "1Key5",
        "time": 130024
      },
      {
        "key": "1Key0",
        "time": 130186
      },
      {
        "key": "2Key5",
        "time": 130186
      },
      {
        "key": "1Key7",
        "time": 130186
      },
      {
        "key": "2Key5",
        "time": 130834
      },
      {
        "key": "1Key0",
        "time": 130996
      },
      {
        "key": "2Key8",
        "time": 131158
      },
      {
        "key": "1Key2",
        "time": 131158
      },
      {
        "key": "1Key0",
        "time": 131320
      },
      {
        "key": "2Key9",
        "time": 131320
      },
      {
        "key": "1Key7",
        "time": 131320
      },
      {
        "key": "1Key2",
        "time": 131482
      },
      {
        "key": "2Key9",
        "time": 131482,
        "l": 3
      },
      {
        "key": "2Key8",
        "time": 131644
      },
      {
        "key": "2Key8",
        "time": 131968
      },
      {
        "key": "2Key8",
        "time": 132130
      },
      {
        "key": "1Key0",
        "time": 132454
      },
      {
        "key": "1Key3",
        "time": 132616
      },
      {
        "key": "1Key5",
        "time": 132778
      },
      {
        "key": "2Key5",
        "time": 133426
      },
      {
        "key": "2Key8",
        "time": 133750
      },
      {
        "key": "2Key9",
        "time": 133912
      },
      {
        "key": "1Key0",
        "time": 133912
      },
      {
        "key": "2Key9",
        "time": 134074
      },
      {
        "key": "2Key8",
        "time": 134236
      },
      {
        "key": "2Key7",
        "time": 134560
      },
      {
        "key": "2Key5",
        "time": 134722
      },
      {
        "key": "2Key5",
        "time": 134884
      },
      {
        "key": "2Key9",
        "time": 135208
      },
      {
        "key": "2Key8",
        "time": 135532
      },
      {
        "key": "2Key8",
        "time": 135856
      },
      {
        "key": "2Key8",
        "time": 136180
      },
      {
        "key": "2Key8",
        "time": 136504
      },
      {
        "key": "2Key5",
        "time": 136828
      },
      {
        "key": "2Key5",
        "time": 137476
      },
      {
        "key": "2Key9",
        "time": 137800
      },
      {
        "key": "2Key8",
        "time": 138124
      },
      {
        "key": "2Key8",
        "time": 138448
      },
      {
        "key": "2Key8",
        "time": 138772
      },
      {
        "key": "1Key0",
        "time": 138772
      },
      {
        "key": "2Key8",
        "time": 139096
      },
      {
        "key": "2Key5",
        "time": 139420
      },
      {
        "key": "2Key5",
        "time": 140068
      },
      {
        "key": "2Key9",
        "time": 140392
      },
      {
        "key": "2Key8",
        "time": 140716
      },
      {
        "key": "2Key8",
        "time": 141040
      },
      {
        "key": "2Key8",
        "time": 141364
      },
      {
        "key": "2Key8",
        "time": 141688
      },
      {
        "key": "2Key5",
        "time": 142012
      },
      {
        "key": "2Key5",
        "time": 142660
      },
      {
        "key": "2Key9",
        "time": 142984
      },
      {
        "key": "2Key8",
        "time": 143308
      },
      {
        "key": "2Key8",
        "time": 143632
      },
      {
        "key": "2Key8",
        "time": 143956
      },
      {
        "key": "2Key7",
        "time": 144280
      },
      {
        "key": "2Key10",
        "time": 144604
      },
      {
        "key": "2Key9",
        "time": 144766
      },
      {
        "key": "2Key12",
        "time": 145576
      },
      {
        "key": "2Key11",
        "time": 145738
      },
      {
        "key": "2Key9",
        "time": 145900
      },
      {
        "key": "2Key8",
        "time": 146224
      },
      {
        "key": "2Key10",
        "time": 146872
      },
      {
        "key": "2Key9",
        "time": 147034
      },
      {
        "key": "2Key8",
        "time": 147196
      },
      {
        "key": "2Key8",
        "time": 148168
      },
      {
        "key": "2Key6",
        "time": 148816
      },
      {
        "key": "1Key0",
        "time": 149140
      },
      {
        "key": "2Key5",
        "time": 149464
      },
      {
        "key": "2Key7",
        "time": 149626
      },
      {
        "key": "2Key10",
        "time": 149788
      },
      {
        "key": "2Key9",
        "time": 149950
      },
      {
        "key": "2Key5",
        "time": 150436
      },
      {
        "key": "2Key9",
        "time": 150760
      },
      {
        "key": "2Key8",
        "time": 151084
      },
      {
        "key": "2Key8",
        "time": 151408
      },
      {
        "key": "2Key8",
        "time": 151732
      },
      {
        "key": "2Key8",
        "time": 152056
      },
      {
        "key": "2Key5",
        "time": 152380
      },
      {
        "key": "2Key5",
        "time": 153838
      },
      {
        "key": "2Key5",
        "time": 154000
      },
      {
        "key": "2Key5",
        "time": 154324
      },
      {
        "key": "2Key12",
        "time": 154648
      },
      {
        "key": "2Key12",
        "time": 154972
      },
      {
        "key": "2Key12",
        "time": 155296
      },
      {
        "key": "2Key12",
        "time": 155620
      },
      {
        "key": "2Key9",
        "time": 155944
      },
      {
        "key": "2Key8",
        "time": 156268
      },
      {
        "key": "2Key9",
        "time": 156592
      },
      {
        "key": "2Key11",
        "time": 156916
      },
      {
        "key": "2Key9",
        "time": 157240
      },
      {
        "key": "2Key9",
        "time": 157564
      },
      {
        "key": "2Key11",
        "time": 157888
      },
      {
        "key": "2Key10",
        "time": 158212
      },
      {
        "key": "2Key9",
        "time": 158860
      },
      {
        "key": "2Key8",
        "time": 159184
      },
      {
        "key": "2Key12",
        "time": 159832
      },
      {
        "key": "2Key12",
        "time": 160156
      },
      {
        "key": "2Key12",
        "time": 160480
      },
      {
        "key": "2Key12",
        "time": 160804
      },
      {
        "key": "2Key9",
        "time": 161128
      },
      {
        "key": "2Key8",
        "time": 161452
      },
      {
        "key": "2Key9",
        "time": 161776
      },
      {
        "key": "2Key11",
        "time": 162100
      },
      {
        "key": "2Key9",
        "time": 162424
      },
      {
        "key": "2Key9",
        "time": 162748
      },
      {
        "key": "2Key11",
        "time": 163072
      },
      {
        "key": "2Key10",
        "time": 163396
      },
      {
        "key": "2Key9",
        "time": 164044
      },
      {
        "key": "2Key8",
        "time": 164368
      },
      {
        "key": "2Key12",
        "time": 165016
      },
      {
        "key": "2Key12",
        "time": 165340
      },
      {
        "key": "2Key12",
        "time": 165664
      },
      {
        "key": "2Key12",
        "time": 165988
      },
      {
        "key": "1Key5",
        "time": 165988
      },
      {
        "key": "2Key13",
        "time": 166312
      },
      {
        "key": "2Key14",
        "time": 166636
      },
      {
        "key": "2Key13",
        "time": 166960
      },
      {
        "key": "2Key12",
        "time": 167284
      },
      {
        "key": "1Key0",
        "time": 167284
      },
      {
        "key": "2Key9",
        "time": 167608
      },
      {
        "key": "2Key8",
        "time": 167932
      },
      {
        "key": "2Key8",
        "time": 168256
      },
      {
        "key": "2Key8",
        "time": 168580
      },
      {
        "key": "1Key3",
        "time": 168580
      },
      {
        "key": "2Key10",
        "time": 169228
      },
      {
        "key": "2Key9",
        "time": 169552
      },
      {
        "key": "2Key12",
        "time": 170200
      },
      {
        "key": "1Key3",
        "time": 170200
      },
      {
        "key": "2Key12",
        "time": 170524
      },
      {
        "key": "1Key3",
        "time": 170524
      },
      {
        "key": "2Key12",
        "time": 170848
      },
      {
        "key": "1Key4",
        "time": 170848
      },
      {
        "key": "2Key12",
        "time": 171172
      },
      {
        "key": "1Key2",
        "time": 171172
      },
      {
        "key": "1Key5",
        "time": 171172
      },
      {
        "key": "2Key9",
        "time": 171496
      },
      {
        "key": "2Key8",
        "time": 171820
      },
      {
        "key": "2Key9",
        "time": 172144
      },
      {
        "key": "2Key11",
        "time": 172468
      },
      {
        "key": "1Key0",
        "time": 172468
      },
      {
        "key": "2Key9",
        "time": 172792
      },
      {
        "key": "2Key9",
        "time": 173116
      },
      {
        "key": "2Key11",
        "time": 173440
      },
      {
        "key": "2Key10",
        "time": 173764
      },
      {
        "key": "1Key0",
        "time": 173764
      },
      {
        "key": "1Key3",
        "time": 173764
      },
      {
        "key": "2Key9",
        "time": 174412
      },
      {
        "key": "2Key8",
        "time": 174736
      },
      {
        "key": "2Key8",
        "time": 175222
      },
      {
        "key": "1Key0",
        "time": 175222
      },
      {
        "key": "2Key8",
        "time": 175384
      },
      {
        "key": "1Key3",
        "time": 175384
      },
      {
        "key": "2Key8",
        "time": 175546
      },
      {
        "key": "2Key8",
        "time": 175708
      },
      {
        "key": "2Key8",
        "time": 176032
      },
      {
        "key": "1Key2",
        "time": 176032
      },
      {
        "key": "2Key8",
        "time": 176356
      },
      {
        "key": "1Key0",
        "time": 176518
      },
      {
        "key": "2Key7",
        "time": 176680
      },
      {
        "key": "1Key5",
        "time": 176680
      },
      {
        "key": "1Key0",
        "time": 176842
      },
      {
        "key": "2Key5",
        "time": 176842
      },
      {
        "key": "1Key7",
        "time": 176842
      },
      {
        "key": "1Key0",
        "time": 177652
      },
      {
        "key": "2Key9",
        "time": 177814
      },
      {
        "key": "1Key2",
        "time": 177814
      },
      {
        "key": "1Key0",
        "time": 177976
      },
      {
        "key": "2Key8",
        "time": 177976
      },
      {
        "key": "1Key7",
        "time": 177976
      },
      {
        "key": "1Key2",
        "time": 178138
      },
      {
        "key": "2Key8",
        "time": 178138
      },
      {
        "key": "1Key9",
        "time": 178138
      },
      {
        "key": "2Key8",
        "time": 178300
      },
      {
        "key": "2Key8",
        "time": 178624
      },
      {
        "key": "2Key8",
        "time": 178948
      },
      {
        "key": "1Key0",
        "time": 179110
      },
      {
        "key": "1Key3",
        "time": 179272
      },
      {
        "key": "1Key5",
        "time": 179434
      },
      {
        "key": "2Key8",
        "time": 180406
      },
      {
        "key": "2Key8",
        "time": 180568
      },
      {
        "key": "1Key0",
        "time": 180568
      },
      {
        "key": "2Key8",
        "time": 180730
      },
      {
        "key": "1Key3",
        "time": 180730
      },
      {
        "key": "2Key8",
        "time": 180892
      },
      {
        "key": "2Key8",
        "time": 181216
      },
      {
        "key": "1Key2",
        "time": 181378
      },
      {
        "key": "2Key8",
        "time": 181540
      },
      {
        "key": "1Key0",
        "time": 181702
      },
      {
        "key": "2Key7",
        "time": 181864
      },
      {
        "key": "1Key5",
        "time": 181864
      },
      {
        "key": "1Key0",
        "time": 182026
      },
      {
        "key": "2Key5",
        "time": 182026
      },
      {
        "key": "1Key7",
        "time": 182026
      },
      {
        "key": "2Key5",
        "time": 182674
      },
      {
        "key": "1Key0",
        "time": 182836
      },
      {
        "key": "2Key8",
        "time": 182998
      },
      {
        "key": "1Key2",
        "time": 182998
      },
      {
        "key": "1Key0",
        "time": 183160
      },
      {
        "key": "2Key9",
        "time": 183160
      },
      {
        "key": "1Key7",
        "time": 183160
      },
      {
        "key": "1Key2",
        "time": 183322
      },
      {
        "key": "2Key9",
        "time": 183322,
        "l": 3
      },
      {
        "key": "2Key8",
        "time": 183484
      },
      {
        "key": "2Key8",
        "time": 183808
      },
      {
        "key": "2Key8",
        "time": 183970
      },
      {
        "key": "1Key0",
        "time": 184294
      },
      {
        "key": "1Key3",
        "time": 184456
      },
      {
        "key": "1Key5",
        "time": 184618
      },
      {
        "key": "2Key8",
        "time": 185590
      },
      {
        "key": "2Key8",
        "time": 185752
      },
      {
        "key": "1Key0",
        "time": 185752
      },
      {
        "key": "2Key8",
        "time": 185914
      },
      {
        "key": "2Key8",
        "time": 186076
      },
      {
        "key": "2Key8",
        "time": 186400
      },
      {
        "key": "2Key8",
        "time": 186724
      },
      {
        "key": "1Key0",
        "time": 186886
      },
      {
        "key": "2Key7",
        "time": 187048
      },
      {
        "key": "1Key5",
        "time": 187048
      },
      {
        "key": "1Key0",
        "time": 187210
      },
      {
        "key": "2Key5",
        "time": 187210
      },
      {
        "key": "1Key7",
        "time": 187210
      },
      {
        "key": "1Key0",
        "time": 188020
      },
      {
        "key": "2Key9",
        "time": 188182
      },
      {
        "key": "1Key2",
        "time": 188182
      },
      {
        "key": "1Key0",
        "time": 188344
      },
      {
        "key": "2Key8",
        "time": 188344
      },
      {
        "key": "1Key7",
        "time": 188344
      },
      {
        "key": "1Key2",
        "time": 188506
      },
      {
        "key": "2Key8",
        "time": 188506
      },
      {
        "key": "1Key9",
        "time": 188506
      },
      {
        "key": "2Key8",
        "time": 188668
      },
      {
        "key": "2Key8",
        "time": 188992
      },
      {
        "key": "2Key8",
        "time": 189316
      },
      {
        "key": "1Key0",
        "time": 189478
      },
      {
        "key": "1Key3",
        "time": 189640
      },
      {
        "key": "1Key5",
        "time": 189802
      },
      {
        "key": "2Key8",
        "time": 190774
      },
      {
        "key": "2Key8",
        "time": 190936
      },
      {
        "key": "1Key0",
        "time": 190936
      },
      {
        "key": "2Key8",
        "time": 191098
      },
      {
        "key": "1Key3",
        "time": 191098
      },
      {
        "key": "2Key8",
        "time": 191260
      },
      {
        "key": "2Key8",
        "time": 191584
      },
      {
        "key": "1Key2",
        "time": 191746
      },
      {
        "key": "2Key8",
        "time": 191908
      },
      {
        "key": "1Key0",
        "time": 192070
      },
      {
        "key": "2Key7",
        "time": 192232
      },
      {
        "key": "1Key5",
        "time": 192232
      },
      {
        "key": "1Key0",
        "time": 192394
      },
      {
        "key": "2Key5",
        "time": 192394
      },
      {
        "key": "1Key7",
        "time": 192394
      },
      {
        "key": "2Key5",
        "time": 193042
      },
      {
        "key": "1Key0",
        "time": 193204
      },
      {
        "key": "2Key8",
        "time": 193366
      },
      {
        "key": "1Key2",
        "time": 193366
      },
      {
        "key": "1Key0",
        "time": 193528
      },
      {
        "key": "2Key9",
        "time": 193528
      },
      {
        "key": "1Key7",
        "time": 193528
      },
      {
        "key": "1Key2",
        "time": 193690
      },
      {
        "key": "2Key9",
        "time": 193690,
        "l": 3
      },
      {
        "key": "2Key8",
        "time": 193852
      },
      {
        "key": "2Key8",
        "time": 194176
      },
      {
        "key": "2Key8",
        "time": 194338
      },
      {
        "key": "1Key0",
        "time": 194662
      },
      {
        "key": "1Key3",
        "time": 194824
      },
      {
        "key": "1Key5",
        "time": 194986
      },
      {
        "key": "2Key5",
        "time": 195634
      },
      {
        "key": "2Key8",
        "time": 195958
      },
      {
        "key": "2Key9",
        "time": 196120
      },
      {
        "key": "1Key0",
        "time": 196120
      },
      {
        "key": "2Key9",
        "time": 196282
      },
      {
        "key": "2Key8",
        "time": 196444
      },
      {
        "key": "2Key7",
        "time": 196768
      },
      {
        "key": "2Key5",
        "time": 196930
      },
      {
        "key": "2Key11",
        "time": 197092
      },
      {
        "key": "1Key0",
        "time": 197254
      },
      {
        "key": "1Key5",
        "time": 197416
      },
      {
        "key": "1Key0",
        "time": 197578
      },
      {
        "key": "1Key7",
        "time": 197578
      },
      {
        "key": "2Key12",
        "time": 198064
      },
      {
        "key": "2Key9",
        "time": 198388
      },
      {
        "key": "1Key0",
        "time": 198388
      },
      {
        "key": "1Key2",
        "time": 198550
      },
      {
        "key": "1Key0",
        "time": 198712
      },
      {
        "key": "1Key7",
        "time": 198712
      },
      {
        "key": "1Key2",
        "time": 198874
      },
      {
        "key": "1Key9",
        "time": 198874
      },
      {
        "key": "2Key11",
        "time": 199360
      },
      {
        "key": "2Key10",
        "time": 199684
      },
      {
        "key": "1Key0",
        "time": 199846
      },
      {
        "key": "1Key3",
        "time": 200008
      },
      {
        "key": "1Key5",
        "time": 200170
      },
      {
        "key": "2Key9",
        "time": 200656
      },
      {
        "key": "2Key8",
        "time": 200980
      },
      {
        "key": "1Key0",
        "time": 201304
      },
      {
        "key": "1Key3",
        "time": 201466
      },
      {
        "key": "2Key12",
        "time": 201952
      },
      {
        "key": "1Key2",
        "time": 202114
      },
      {
        "key": "2Key9",
        "time": 202276
      },
      {
        "key": "1Key0",
        "time": 202438
      },
      {
        "key": "1Key5",
        "time": 202600
      },
      {
        "key": "1Key0",
        "time": 202762
      },
      {
        "key": "1Key7",
        "time": 202762
      },
      {
        "key": "2Key11",
        "time": 203248
      },
      {
        "key": "2Key8",
        "time": 203572
      },
      {
        "key": "1Key0",
        "time": 203572
      },
      {
        "key": "1Key2",
        "time": 203734
      },
      {
        "key": "1Key0",
        "time": 203896
      },
      {
        "key": "1Key7",
        "time": 203896
      },
      {
        "key": "1Key2",
        "time": 204058
      },
      {
        "key": "1Key9",
        "time": 204058
      },
      {
        "key": "2Key8",
        "time": 204544
      },
      {
        "key": "2Key7",
        "time": 204706
      },
      {
        "key": "2Key6",
        "time": 204868
      }
    ]
  }
]