[
  {
    "name": "Marshmello ft. Bastille - Happier",
    "bpm": 400,
    "songNotes": [
      {
        "key": "1Key0",
        "time": 100
      },
      {
        "key": "1Key2",
        "time": 100
      },
      {
        "key": "1Key9",
        "time": 100
      },
      {
        "key": "1Key8",
        "time": 250
      },
      {
        "key": "1Key9",
        "time": 850
      },
      {
        "key": "1Key8",
        "time": 1150
      },
      {
        "key": "1Key1",
        "time": 1750
      },
      {
        "key": "1Key4",
        "time": 1750
      },
      {
        "key": "1Key9",
        "time": 1750
      },
      {
        "key": "1Key8",
        "time": 2050
      },
      {
        "key": "1Key0",
        "time": 2350
      },
      {
        "key": "1Key2",
        "time": 2350
      },
      {
        "key": "1Key4",
        "time": 2350
      },
      {
        "key": "1Key8",
        "time": 2350
      },
      {
        "key": "1Key7",
        "time": 2650
      },
      {
        "key": "1Key12",
        "time": 3250
      },
      {
        "key": "1Key11",
        "time": 3550
      },
      {
        "key": "1Key9",
        "time": 3850
      },
      {
        "key": "1Key8",
        "time": 4150
      },
      {
        "key": "1Key7",
        "time": 4450
      },
      {
        "key": "1Key0",
        "time": 4750
      },
      {
        "key": "1Key3",
        "time": 4750
      },
      {
        "key": "1Key5",
        "time": 4750
      },
      {
        "key": "1Key8",
        "time": 4750
      },
      {
        "key": "1Key9",
        "time": 4900
      },
      {
        "key": "1Key9",
        "time": 5050
      },
      {
        "key": "1Key12",
        "time": 5650
      },
      {
        "key": "1Key11",
        "time": 5950
      },
      {
        "key": "1Key9",
        "time": 6250
      },
      {
        "key": "1Key8",
        "time": 6550
      },
      {
        "key": "1Key7",
        "time": 6850
      },
      {
        "key": "1Key0",
        "time": 7150
      },
      {
        "key": "1Key3",
        "time": 7150
      },
      {
        "key": "1Key5",
        "time": 7150
      },
      {
        "key": "1Key8",
        "time": 7150
      },
      {
        "key": "1Key9",
        "time": 7300
      },
      {
        "key": "1Key9",
        "time": 7450
      },
      {
        "key": "1Key7",
        "time": 8050
      },
      {
        "key": "1Key7",
        "time": 8650
      },
      {
        "key": "1Key7",
        "time": 8800
      },
      {
        "key": "1Key7",
        "time": 8950
      },
      {
        "key": "1Key8",
        "time": 9250
      },
      {
        "key": "1Key0",
        "time": 9550
      },
      {
        "key": "1Key2",
        "time": 9550
      },
      {
        "key": "1Key7",
        "time": 9550
      },
      {
        "key": "1Key7",
        "time": 10450
      },
      {
        "key": "1Key7",
        "time": 10600
      },
      {
        "key": "1Key7",
        "time": 10750
      },
      {
        "key": "1Key7",
        "time": 11050
      },
      {
        "key": "1Key1",
        "time": 11350
      },
      {
        "key": "1Key4",
        "time": 11350
      },
      {
        "key": "1Key7",
        "time": 11350
      },
      {
        "key": "1Key8",
        "time": 11650
      },
      {
        "key": "1Key0",
        "time": 11950
      },
      {
        "key": "1Key2",
        "time": 11950
      },
      {
        "key": "1Key4",
        "time": 11950
      },
      {
        "key": "1Key6",
        "time": 11950
      },
      {
        "key": "1Key11",
        "time": 12700
      },
      {
        "key": "1Key11",
        "time": 12850
      },
      {
        "key": "1Key11",
        "time": 13000
      },
      {
        "key": "1Key9",
        "time": 13150
      },
      {
        "key": "1Key9",
        "time": 13300
      },
      {
        "key": "1Key9",
        "time": 13450
      },
      {
        "key": "1Key8",
        "time": 13600
      },
      {
        "key": "1Key8",
        "time": 13750
      },
      {
        "key": "1Key0",
        "time": 13900
      },
      {
        "key": "1Key3",
        "time": 13900
      },
      {
        "key": "1Key5",
        "time": 13900
      },
      {
        "key": "1Key8",
        "time": 13900
      },
      {
        "key": "1Key7",
        "time": 14050
      },
      {
        "key": "1Key7",
        "time": 14200
      },
      {
        "key": "1Key7",
        "time": 14350
      },
      {
        "key": "1Key7",
        "time": 14500
      },
      {
        "key": "1Key5",
        "time": 14650
      },
      {
        "key": "1Key7",
        "time": 14800
      },
      {
        "key": "1Key5",
        "time": 15100
      },
      {
        "key": "1Key7",
        "time": 15400
      },
      {
        "key": "1Key8",
        "time": 15700
      },
      {
        "key": "1Key0",
        "time": 16000
      },
      {
        "key": "1Key3",
        "time": 16000
      },
      {
        "key": "1Key5",
        "time": 16000
      },
      {
        "key": "1Key7",
        "time": 16300
      },
      {
        "key": "1Key7",
        "time": 17500
      },
      {
        "key": "1Key7",
        "time": 17650
      },
      {
        "key": "1Key1",
        "time": 17800
      },
      {
        "key": "1Key4",
        "time": 17800
      },
      {
        "key": "1Key7",
        "time": 17800
      },
      {
        "key": "1Key8",
        "time": 18100
      },
      {
        "key": "1Key0",
        "time": 18400
      },
      {
        "key": "1Key2",
        "time": 18400
      },
      {
        "key": "1Key7",
        "time": 18400
      },
      {
        "key": "1Key7",
        "time": 19300
      },
      {
        "key": "1Key7",
        "time": 19450
      },
      {
        "key": "1Key7",
        "time": 19600
      },
      {
        "key": "1Key7",
        "time": 19900
      },
      {
        "key": "1Key1",
        "time": 20200
      },
      {
        "key": "1Key4",
        "time": 20200
      },
      {
        "key": "1Key7",
        "time": 20200
      },
      {
        "key": "1Key8",
        "time": 20500
      },
      {
        "key": "1Key0",
        "time": 20800
      },
      {
        "key": "1Key2",
        "time": 20800
      },
      {
        "key": "1Key4",
        "time": 20800
      },
      {
        "key": "1Key6",
        "time": 20800
      },
      {
        "key": "1Key11",
        "time": 21550
      },
      {
        "key": "1Key11",
        "time": 21700
      },
      {
        "key": "1Key11",
        "time": 21850
      },
      {
        "key": "1Key9",
        "time": 22000
      },
      {
        "key": "1Key9",
        "time": 22150
      },
      {
        "key": "1Key9",
        "time": 22300
      },
      {
        "key": "1Key8",
        "time": 22450
      },
      {
        "key": "1Key8",
        "time": 22600
      },
      {
        "key": "1Key0",
        "time": 22750
      },
      {
        "key": "1Key3",
        "time": 22750
      },
      {
        "key": "1Key5",
        "time": 22750
      },
      {
        "key": "1Key8",
        "time": 22750
      },
      {
        "key": "1Key7",
        "time": 22900
      },
      {
        "key": "1Key7",
        "time": 23050
      },
      {
        "key": "1Key7",
        "time": 23200
      },
      {
        "key": "1Key7",
        "time": 23350
      },
      {
        "key": "1Key5",
        "time": 23500
      },
      {
        "key": "1Key7",
        "time": 23650
      },
      {
        "key": "1Key5",
        "time": 23950
      },
      {
        "key": "1Key7",
        "time": 24250
      },
      {
        "key": "1Key8",
        "time": 24550
      },
      {
        "key": "1Key0",
        "time": 24850
      },
      {
        "key": "1Key3",
        "time": 24850
      },
      {
        "key": "1Key5",
        "time": 24850
      },
      {
        "key": "1Key7",
        "time": 25150
      },
      {
        "key": "1Key1",
        "time": 26650
      },
      {
        "key": "1Key4",
        "time": 26650
      },
      {
        "key": "1Key11",
        "time": 26950
      },
      {
        "key": "1Key0",
        "time": 27250
      },
      {
        "key": "1Key2",
        "time": 27250
      },
      {
        "key": "1Key12",
        "time": 27250
      },
      {
        "key": "1Key11",
        "time": 27550
      },
      {
        "key": "1Key0",
        "time": 27700
      },
      {
        "key": "1Key2",
        "time": 27700
      },
      {
        "key": "1Key12",
        "time": 27700
      },
      {
        "key": "1Key11",
        "time": 28000
      },
      {
        "key": "1Key0",
        "time": 28150
      },
      {
        "key": "1Key2",
        "time": 28150
      },
      {
        "key": "1Key12",
        "time": 28150
      },
      {
        "key": "1Key11",
        "time": 28450
      },
      {
        "key": "1Key1",
        "time": 28750
      },
      {
        "key": "1Key4",
        "time": 28750
      },
      {
        "key": "1Key0",
        "time": 29350
      },
      {
        "key": "1Key2",
        "time": 29350
      },
      {
        "key": "1Key4",
        "time": 29350
      },
      {
        "key": "1Key0",
        "time": 29950
      },
      {
        "key": "1Key2",
        "time": 29950
      },
      {
        "key": "1Key4",
        "time": 29950
      },
      {
        "key": "1Key11",
        "time": 30250
      },
      {
        "key": "1Key0",
        "time": 30550
      },
      {
        "key": "1Key2",
        "time": 30550
      },
      {
        "key": "1Key4",
        "time": 30550
      },
      {
        "key": "1Key12",
        "time": 30550
      },
      {
        "key": "1Key13",
        "time": 30850
      },
      {
        "key": "1Key0",
        "time": 31150
      },
      {
        "key": "1Key2",
        "time": 31150
      },
      {
        "key": "1Key4",
        "time": 31150
      },
      {
        "key": "1Key12",
        "time": 31150
      },
      {
        "key": "1Key11",
        "time": 31450
      },
      {
        "key": "1Key0",
        "time": 31750
      },
      {
        "key": "1Key3",
        "time": 31750
      },
      {
        "key": "1Key5",
        "time": 31750
      },
      {
        "key": "1Key9",
        "time": 31750
      },
      {
        "key": "1Key0",
        "time": 32350
      },
      {
        "key": "1Key3",
        "time": 32350
      },
      {
        "key": "1Key5",
        "time": 32350
      },
      {
        "key": "1Key8",
        "time": 32350
      },
      {
        "key": "1Key0",
        "time": 32950
      },
      {
        "key": "1Key3",
        "time": 32950
      },
      {
        "key": "1Key5",
        "time": 32950
      },
      {
        "key": "1Key12",
        "time": 32950
      },
      {
        "key": "1Key13",
        "time": 33250
      },
      {
        "key": "1Key0",
        "time": 33550
      },
      {
        "key": "1Key3",
        "time": 33550
      },
      {
        "key": "1Key5",
        "time": 33550
      },
      {
        "key": "1Key12",
        "time": 33550
      },
      {
        "key": "1Key11",
        "time": 33850
      },
      {
        "key": "1Key0",
        "time": 34150
      },
      {
        "key": "1Key3",
        "time": 34150
      },
      {
        "key": "1Key5",
        "time": 34150
      },
      {
        "key": "1Key9",
        "time": 34150
      },
      {
        "key": "1Key0",
        "time": 34750
      },
      {
        "key": "1Key3",
        "time": 34750
      },
      {
        "key": "1Key5",
        "time": 34750
      },
      {
        "key": "1Key8",
        "time": 34750
      },
      {
        "key": "1Key0",
        "time": 35350
      },
      {
        "key": "1Key3",
        "time": 35350
      },
      {
        "key": "1Key5",
        "time": 35350
      },
      {
        "key": "1Key7",
        "time": 35350
      },
      {
        "key": "1Key1",
        "time": 35950
      },
      {
        "key": "1Key4",
        "time": 35950
      },
      {
        "key": "1Key11",
        "time": 36250
      },
      {
        "key": "1Key0",
        "time": 36550
      },
      {
        "key": "1Key2",
        "time": 36550
      },
      {
        "key": "1Key12",
        "time": 36550
      },
      {
        "key": "1Key11",
        "time": 36850
      },
      {
        "key": "1Key0",
        "time": 37000
      },
      {
        "key": "1Key2",
        "time": 37000
      },
      {
        "key": "1Key12",
        "time": 37000
      },
      {
        "key": "1Key11",
        "time": 37300
      },
      {
        "key": "1Key0",
        "time": 37600
      },
      {
        "key": "1Key2",
        "time": 37600
      },
      {
        "key": "1Key12",
        "time": 37600
      },
      {
        "key": "1Key11",
        "time": 37900
      },
      {
        "key": "1Key1",
        "time": 38200
      },
      {
        "key": "1Key4",
        "time": 38200
      },
      {
        "key": "1Key0",
        "time": 38800
      },
      {
        "key": "1Key2",
        "time": 38800
      },
      {
        "key": "1Key4",
        "time": 38800
      },
      {
        "key": "1Key0",
        "time": 39400
      },
      {
        "key": "1Key2",
        "time": 39400
      },
      {
        "key": "1Key4",
        "time": 39400
      },
      {
        "key": "1Key11",
        "time": 39700
      },
      {
        "key": "1Key0",
        "time": 40000
      },
      {
        "key": "1Key2",
        "time": 40000
      },
      {
        "key": "1Key4",
        "time": 40000
      },
      {
        "key": "1Key12",
        "time": 40000
      },
      {
        "key": "1Key13",
        "time": 40300
      },
      {
        "key": "1Key0",
        "time": 40600
      },
      {
        "key": "1Key2",
        "time": 40600
      },
      {
        "key": "1Key4",
        "time": 40600
      },
      {
        "key": "1Key12",
        "time": 40600
      },
      {
        "key": "1Key11",
        "time": 40900
      },
      {
        "key": "1Key0",
        "time": 41200
      },
      {
        "key": "1Key3",
        "time": 41200
      },
      {
        "key": "1Key5",
        "time": 41200
      },
      {
        "key": "1Key9",
        "time": 41200
      },
      {
        "key": "1Key0",
        "time": 41800
      },
      {
        "key": "1Key3",
        "time": 41800
      },
      {
        "key": "1Key5",
        "time": 41800
      },
      {
        "key": "1Key8",
        "time": 41800
      },
      {
        "key": "1Key0",
        "time": 42400
      },
      {
        "key": "1Key3",
        "time": 42400
      },
      {
        "key": "1Key5",
        "time": 42400
      },
      {
        "key": "1Key12",
        "time": 42400
      },
      {
        "key": "1Key13",
        "time": 42700
      },
      {
        "key": "1Key0",
        "time": 43000
      },
      {
        "key": "1Key3",
        "time": 43000
      },
      {
        "key": "1Key5",
        "time": 43000
      },
      {
        "key": "1Key12",
        "time": 43000
      },
      {
        "key": "1Key11",
        "time": 43300
      },
      {
        "key": "1Key0",
        "time": 43600
      },
      {
        "key": "1Key3",
        "time": 43600
      },
      {
        "key": "1Key5",
        "time": 43600
      },
      {
        "key": "1Key9",
        "time": 43600
      },
      {
        "key": "1Key0",
        "time": 44200
      },
      {
        "key": "1Key3",
        "time": 44200
      },
      {
        "key": "1Key5",
        "time": 44200
      },
      {
        "key": "1Key8",
        "time": 44200
      },
      {
        "key": "1Key0",
        "time": 44800
      },
      {
        "key": "1Key3",
        "time": 44800
      },
      {
        "key": "1Key5",
        "time": 44800
      },
      {
        "key": "1Key7",
        "time": 44800
      },
      {
        "key": "1Key0",
        "time": 46300
      },
      {
        "key": "1Key2",
        "time": 46300
      },
      {
        "key": "1Key7",
        "time": 46300
      },
      {
        "key": "1Key0",
        "time": 46750
      },
      {
        "key": "1Key2",
        "time": 46750
      },
      {
        "key": "1Key7",
        "time": 46750
      },
      {
        "key": "1Key0",
        "time": 47200
      },
      {
        "key": "1Key2",
        "time": 47200
      },
      {
        "key": "1Key7",
        "time": 47200
      },
      {
        "key": "1Key1",
        "time": 47650
      },
      {
        "key": "1Key8",
        "time": 47650
      },
      {
        "key": "1Key9",
        "time": 48100
      },
      {
        "key": "1Key0",
        "time": 48700
      },
      {
        "key": "1Key7",
        "time": 48700
      },
      {
        "key": "1Key0",
        "time": 49150
      },
      {
        "key": "1Key7",
        "time": 49150
      },
      {
        "key": "1Key0",
        "time": 49600
      },
      {
        "key": "1Key7",
        "time": 49600
      },
      {
        "key": "1Key0",
        "time": 50050
      },
      {
        "key": "1Key4",
        "time": 50050
      },
      {
        "key": "1Key11",
        "time": 50050
      },
      {
        "key": "1Key2",
        "time": 50500
      },
      {
        "key": "1Key9",
        "time": 50500
      },
      {
        "key": "1Key0",
        "time": 51100
      },
      {
        "key": "1Key3",
        "time": 51100
      },
      {
        "key": "1Key7",
        "time": 51100
      },
      {
        "key": "1Key0",
        "time": 51550
      },
      {
        "key": "1Key3",
        "time": 51550
      },
      {
        "key": "1Key7",
        "time": 51550
      },
      {
        "key": "1Key0",
        "time": 52000
      },
      {
        "key": "1Key3",
        "time": 52000
      },
      {
        "key": "1Key7",
        "time": 52000
      },
      {
        "key": "1Key12",
        "time": 52000
      },
      {
        "key": "1Key13",
        "time": 52300
      },
      {
        "key": "1Key1",
        "time": 52450
      },
      {
        "key": "1Key3",
        "time": 52450
      },
      {
        "key": "1Key12",
        "time": 52600
      },
      {
        "key": "1Key2",
        "time": 52900
      },
      {
        "key": "1Key11",
        "time": 52900
      },
      {
        "key": "1Key9",
        "time": 53200
      },
      {
        "key": "1Key0",
        "time": 53500
      },
      {
        "key": "1Key3",
        "time": 53500
      },
      {
        "key": "1Key8",
        "time": 53800
      },
      {
        "key": "1Key0",
        "time": 53950
      },
      {
        "key": "1Key3",
        "time": 53950
      },
      {
        "key": "1Key0",
        "time": 54400
      },
      {
        "key": "1Key3",
        "time": 54400
      },
      {
        "key": "1Key7",
        "time": 54400
      },
      {
        "key": "1Key0",
        "time": 54850
      },
      {
        "key": "1Key3",
        "time": 54850
      },
      {
        "key": "1Key6",
        "time": 54850
      },
      {
        "key": "1Key2",
        "time": 55300
      },
      {
        "key": "1Key4",
        "time": 55300
      },
      {
        "key": "1Key9",
        "time": 55600
      },
      {
        "key": "1Key0",
        "time": 55900
      },
      {
        "key": "1Key2",
        "time": 55900
      },
      {
        "key": "1Key8",
        "time": 55900
      },
      {
        "key": "1Key0",
        "time": 56350
      },
      {
        "key": "1Key2",
        "time": 56350
      },
      {
        "key": "1Key9",
        "time": 56500
      },
      {
        "key": "1Key0",
        "time": 56800
      },
      {
        "key": "1Key2",
        "time": 56800
      },
      {
        "key": "1Key8",
        "time": 56800
      },
      {
        "key": "1Key1",
        "time": 57250
      },
      {
        "key": "1Key9",
        "time": 57400
      },
      {
        "key": "1Key8",
        "time": 57700
      },
      {
        "key": "1Key8",
        "time": 58000
      },
      {
        "key": "1Key0",
        "time": 58300
      },
      {
        "key": "1Key7",
        "time": 58300
      },
      {
        "key": "1Key0",
        "time": 58750
      },
      {
        "key": "1Key12",
        "time": 58900
      },
      {
        "key": "1Key0",
        "time": 59200
      },
      {
        "key": "1Key11",
        "time": 59200
      },
      {
        "key": "1Key9",
        "time": 59500
      },
      {
        "key": "1Key0",
        "time": 59650
      },
      {
        "key": "1Key4",
        "time": 59650
      },
      {
        "key": "1Key8",
        "time": 59800
      },
      {
        "key": "1Key2",
        "time": 60100
      },
      {
        "key": "1Key7",
        "time": 60100
      },
      {
        "key": "1Key8",
        "time": 60400
      },
      {
        "key": "1Key9",
        "time": 60550
      },
      {
        "key": "1Key0",
        "time": 60700
      },
      {
        "key": "1Key3",
        "time": 60700
      },
      {
        "key": "1Key9",
        "time": 60700
      },
      {
        "key": "1Key0",
        "time": 61150
      },
      {
        "key": "1Key3",
        "time": 61150
      },
      {
        "key": "1Key12",
        "time": 61300
      },
      {
        "key": "1Key0",
        "time": 61600
      },
      {
        "key": "1Key3",
        "time": 61600
      },
      {
        "key": "1Key11",
        "time": 61600
      },
      {
        "key": "1Key9",
        "time": 61900
      },
      {
        "key": "1Key1",
        "time": 62050
      },
      {
        "key": "1Key3",
        "time": 62050
      },
      {
        "key": "1Key8",
        "time": 62200
      },
      {
        "key": "1Key2",
        "time": 62500
      },
      {
        "key": "1Key7",
        "time": 62500
      },
      {
        "key": "1Key8",
        "time": 62800
      },
      {
        "key": "1Key9",
        "time": 62950
      },
      {
        "key": "1Key0",
        "time": 63100
      },
      {
        "key": "1Key3",
        "time": 63100
      },
      {
        "key": "1Key9",
        "time": 63100
      },
      {
        "key": "1Key0",
        "time": 63550
      },
      {
        "key": "1Key3",
        "time": 63550
      },
      {
        "key": "1Key7",
        "time": 63700
      },
      {
        "key": "1Key0",
        "time": 64000
      },
      {
        "key": "1Key3",
        "time": 64000
      },
      {
        "key": "1Key7",
        "time": 64300
      },
      {
        "key": "1Key0",
        "time": 64450
      },
      {
        "key": "1Key3",
        "time": 64450
      },
      {
        "key": "1Key7",
        "time": 64450
      },
      {
        "key": "1Key7",
        "time": 64600
      },
      {
        "key": "1Key2",
        "time": 64900
      },
      {
        "key": "1Key8",
        "time": 64900
      },
      {
        "key": "1Key7",
        "time": 65200
      },
      {
        "key": "1Key7",
        "time": 66100
      },
      {
        "key": "1Key7",
        "time": 66250
      },
      {
        "key": "1Key7",
        "time": 66400
      },
      {
        "key": "1Key7",
        "time": 66700
      },
      {
        "key": "1Key7",
        "time": 67000
      },
      {
        "key": "1Key8",
        "time": 67300
      },
      {
        "key": "1Key0",
        "time": 67600
      },
      {
        "key": "1Key6",
        "time": 67600
      },
      {
        "key": "1Key11",
        "time": 68350
      },
      {
        "key": "1Key11",
        "time": 68500
      },
      {
        "key": "1Key11",
        "time": 68650
      },
      {
        "key": "1Key9",
        "time": 68800
      },
      {
        "key": "1Key9",
        "time": 68950
      },
      {
        "key": "1Key2",
        "time": 69100
      },
      {
        "key": "1Key9",
        "time": 69100
      },
      {
        "key": "1Key8",
        "time": 69250
      },
      {
        "key": "1Key8",
        "time": 69400
      },
      {
        "key": "1Key3",
        "time": 69550
      },
      {
        "key": "1Key8",
        "time": 69550
      },
      {
        "key": "1Key7",
        "time": 69700
      },
      {
        "key": "1Key7",
        "time": 69850
      },
      {
        "key": "1Key7",
        "time": 70000
      },
      {
        "key": "1Key7",
        "time": 70150
      },
      {
        "key": "1Key5",
        "time": 70300
      },
      {
        "key": "1Key7",
        "time": 70450
      },
      {
        "key": "1Key5",
        "time": 70750
      },
      {
        "key": "1Key3",
        "time": 71050
      },
      {
        "key": "1Key7",
        "time": 71050
      },
      {
        "key": "1Key8",
        "time": 71350
      },
      {
        "key": "1Key3",
        "time": 71650
      },
      {
        "key": "1Key7",
        "time": 71950
      },
      {
        "key": "1Key7",
        "time": 73150
      },
      {
        "key": "1Key7",
        "time": 73300
      },
      {
        "key": "1Key7",
        "time": 73450
      },
      {
        "key": "1Key8",
        "time": 73750
      },
      {
        "key": "1Key7",
        "time": 74050
      },
      {
        "key": "1Key7",
        "time": 74950
      },
      {
        "key": "1Key7",
        "time": 75100
      },
      {
        "key": "1Key7",
        "time": 75250
      },
      {
        "key": "1Key7",
        "time": 75550
      },
      {
        "key": "1Key7",
        "time": 75850
      },
      {
        "key": "1Key8",
        "time": 76150
      },
      {
        "key": "1Key0",
        "time": 76450
      },
      {
        "key": "1Key7",
        "time": 76450
      },
      {
        "key": "1Key11",
        "time": 77200
      },
      {
        "key": "1Key11",
        "time": 77350
      },
      {
        "key": "1Key11",
        "time": 77500
      },
      {
        "key": "1Key9",
        "time": 77650
      },
      {
        "key": "1Key9",
        "time": 77800
      },
      {
        "key": "1Key2",
        "time": 77950
      },
      {
        "key": "1Key9",
        "time": 77950
      },
      {
        "key": "1Key8",
        "time": 78100
      },
      {
        "key": "1Key8",
        "time": 78250
      },
      {
        "key": "1Key3",
        "time": 78400
      },
      {
        "key": "1Key8",
        "time": 78400
      },
      {
        "key": "1Key7",
        "time": 78550
      },
      {
        "key": "1Key7",
        "time": 78700
      },
      {
        "key": "1Key7",
        "time": 78850
      },
      {
        "key": "1Key7",
        "time": 79000
      },
      {
        "key": "1Key5",
        "time": 79150
      },
      {
        "key": "1Key7",
        "time": 79300
      },
      {
        "key": "1Key5",
        "time": 79600
      },
      {
        "key": "1Key3",
        "time": 79900
      },
      {
        "key": "1Key7",
        "time": 79900
      },
      {
        "key": "1Key8",
        "time": 80200
      },
      {
        "key": "1Key3",
        "time": 80500
      },
      {
        "key": "1Key7",
        "time": 80800
      },
      {
        "key": "1Key4",
        "time": 82300
      },
      {
        "key": "1Key4",
        "time": 82600
      },
      {
        "key": "1Key0",
        "time": 82900
      },
      {
        "key": "1Key2",
        "time": 82900
      },
      {
        "key": "1Key12",
        "time": 82900
      },
      {
        "key": "1Key11",
        "time": 83200
      },
      {
        "key": "1Key0",
        "time": 83350
      },
      {
        "key": "1Key2",
        "time": 83350
      },
      {
        "key": "1Key12",
        "time": 83350
      },
      {
        "key": "1Key11",
        "time": 83650
      },
      {
        "key": "1Key0",
        "time": 83800
      },
      {
        "key": "1Key2",
        "time": 83800
      },
      {
        "key": "1Key12",
        "time": 83800
      },
      {
        "key": "1Key11",
        "time": 84100
      },
      {
        "key": "1Key1",
        "time": 84400
      },
      {
        "key": "1Key4",
        "time": 84400
      },
      {
        "key": "1Key0",
        "time": 85000
      },
      {
        "key": "1Key2",
        "time": 85000
      },
      {
        "key": "1Key4",
        "time": 85000
      },
      {
        "key": "1Key0",
        "time": 85600
      },
      {
        "key": "1Key2",
        "time": 85600
      },
      {
        "key": "1Key4",
        "time": 85600
      },
      {
        "key": "1Key11",
        "time": 85900
      },
      {
        "key": "1Key0",
        "time": 86200
      },
      {
        "key": "1Key2",
        "time": 86200
      },
      {
        "key": "1Key4",
        "time": 86200
      },
      {
        "key": "1Key12",
        "time": 86200
      },
      {
        "key": "1Key13",
        "time": 86500
      },
      {
        "key": "1Key0",
        "time": 86800
      },
      {
        "key": "1Key2",
        "time": 86800
      },
      {
        "key": "1Key4",
        "time": 86800
      },
      {
        "key": "1Key12",
        "time": 86800
      },
      {
        "key": "1Key11",
        "time": 87100
      },
      {
        "key": "1Key0",
        "time": 87400
      },
      {
        "key": "1Key3",
        "time": 87400
      },
      {
        "key": "1Key5",
        "time": 87400
      },
      {
        "key": "1Key9",
        "time": 87400
      },
      {
        "key": "1Key0",
        "time": 88000
      },
      {
        "key": "1Key3",
        "time": 88000
      },
      {
        "key": "1Key5",
        "time": 88000
      },
      {
        "key": "1Key8",
        "time": 88000
      },
      {
        "key": "1Key0",
        "time": 88600
      },
      {
        "key": "1Key3",
        "time": 88600
      },
      {
        "key": "1Key5",
        "time": 88600
      },
      {
        "key": "1Key12",
        "time": 88600
      },
      {
        "key": "1Key13",
        "time": 88900
      },
      {
        "key": "1Key0",
        "time": 89200
      },
      {
        "key": "1Key3",
        "time": 89200
      },
      {
        "key": "1Key5",
        "time": 89200
      },
      {
        "key": "1Key12",
        "time": 89200
      },
      {
        "key": "1Key11",
        "time": 89500
      },
      {
        "key": "1Key0",
        "time": 89800
      },
      {
        "key": "1Key3",
        "time": 89800
      },
      {
        "key": "1Key5",
        "time": 89800
      },
      {
        "key": "1Key9",
        "time": 89800
      },
      {
        "key": "1Key0",
        "time": 90400
      },
      {
        "key": "1Key3",
        "time": 90400
      },
      {
        "key": "1Key5",
        "time": 90400
      },
      {
        "key": "1Key8",
        "time": 90400
      },
      {
        "key": "1Key0",
        "time": 91000
      },
      {
        "key": "1Key3",
        "time": 91000
      },
      {
        "key": "1Key5",
        "time": 91000
      },
      {
        "key": "1Key7",
        "time": 91000
      },
      {
        "key": "1Key1",
        "time": 91600
      },
      {
        "key": "1Key4",
        "time": 91600
      },
      {
        "key": "1Key11",
        "time": 91900
      },
      {
        "key": "1Key0",
        "time": 92200
      },
      {
        "key": "1Key2",
        "time": 92200
      },
      {
        "key": "1Key12",
        "time": 92200
      },
      {
        "key": "1Key11",
        "time": 92500
      },
      {
        "key": "1Key0",
        "time": 92650
      },
      {
        "key": "1Key2",
        "time": 92650
      },
      {
        "key": "1Key12",
        "time": 92650
      },
      {
        "key": "1Key11",
        "time": 92950
      },
      {
        "key": "1Key0",
        "time": 93250
      },
      {
        "key": "1Key2",
        "time": 93250
      },
      {
        "key": "1Key12",
        "time": 93250
      },
      {
        "key": "1Key11",
        "time": 93550
      },
      {
        "key": "1Key1",
        "time": 93850
      },
      {
        "key": "1Key4",
        "time": 93850
      },
      {
        "key": "1Key0",
        "time": 94450
      },
      {
        "key": "1Key2",
        "time": 94450
      },
      {
        "key": "1Key4",
        "time": 94450
      },
      {
        "key": "1Key0",
        "time": 95050
      },
      {
        "key": "1Key2",
        "time": 95050
      },
      {
        "key": "1Key4",
        "time": 95050
      },
      {
        "key": "1Key11",
        "time": 95350
      },
      {
        "key": "1Key0",
        "time": 95650
      },
      {
        "key": "1Key2",
        "time": 95650
      },
      {
        "key": "1Key4",
        "time": 95650
      },
      {
        "key": "1Key12",
        "time": 95650
      },
      {
        "key": "1Key13",
        "time": 95950
      },
      {
        "key": "1Key0",
        "time": 96250
      },
      {
        "key": "1Key2",
        "time": 96250
      },
      {
        "key": "1Key4",
        "time": 96250
      },
      {
        "key": "1Key12",
        "time": 96250
      },
      {
        "key": "1Key11",
        "time": 96550
      },
      {
        "key": "1Key0",
        "time": 96850
      },
      {
        "key": "1Key3",
        "time": 96850
      },
      {
        "key": "1Key5",
        "time": 96850
      },
      {
        "key": "1Key9",
        "time": 96850
      },
      {
        "key": "1Key0",
        "time": 97450
      },
      {
        "key": "1Key3",
        "time": 97450
      },
      {
        "key": "1Key5",
        "time": 97450
      },
      {
        "key": "1Key8",
        "time": 97450
      },
      {
        "key": "1Key0",
        "time": 98050
      },
      {
        "key": "1Key3",
        "time": 98050
      },
      {
        "key": "1Key5",
        "time": 98050
      },
      {
        "key": "1Key12",
        "time": 98050
      },
      {
        "key": "1Key13",
        "time": 98350
      },
      {
        "key": "1Key0",
        "time": 98650
      },
      {
        "key": "1Key3",
        "time": 98650
      },
      {
        "key": "1Key5",
        "time": 98650
      },
      {
        "key": "1Key12",
        "time": 98650
      },
      {
        "key": "1Key11",
        "time": 98950
      },
      {
        "key": "1Key0",
        "time": 99250
      },
      {
        "key": "1Key3",
        "time": 99250
      },
      {
        "key": "1Key5",
        "time": 99250
      },
      {
        "key": "1Key9",
        "time": 99250
      },
      {
        "key": "1Key0",
        "time": 99850
      },
      {
        "key": "1Key3",
        "time": 99850
      },
      {
        "key": "1Key5",
        "time": 99850
      },
      {
        "key": "1Key8",
        "time": 99850
      },
      {
        "key": "1Key0",
        "time": 100450
      },
      {
        "key": "1Key3",
        "time": 100450
      },
      {
        "key": "1Key5",
        "time": 100450
      },
      {
        "key": "1Key7",
        "time": 100450
      },
      {
        "key": "1Key0",
        "time": 101950
      },
      {
        "key": "1Key2",
        "time": 101950
      },
      {
        "key": "1Key7",
        "time": 101950
      },
      {
        "key": "1Key0",
        "time": 102400
      },
      {
        "key": "1Key2",
        "time": 102400
      },
      {
        "key": "1Key7",
        "time": 102400
      },
      {
        "key": "1Key0",
        "time": 102850
      },
      {
        "key": "1Key2",
        "time": 102850
      },
      {
        "key": "1Key7",
        "time": 102850
      },
      {
        "key": "1Key1",
        "time": 103300
      },
      {
        "key": "1Key8",
        "time": 103300
      },
      {
        "key": "1Key9",
        "time": 103750
      },
      {
        "key": "1Key0",
        "time": 104350
      },
      {
        "key": "1Key7",
        "time": 104350
      },
      {
        "key": "1Key0",
        "time": 104800
      },
      {
        "key": "1Key7",
        "time": 104800
      },
      {
        "key": "1Key0",
        "time": 105250
      },
      {
        "key": "1Key7",
        "time": 105250
      },
      {
        "key": "1Key0",
        "time": 105700
      },
      {
        "key": "1Key4",
        "time": 105700
      },
      {
        "key": "1Key11",
        "time": 105700
      },
      {
        "key": "1Key2",
        "time": 106150
      },
      {
        "key": "1Key9",
        "time": 106150
      },
      {
        "key": "1Key0",
        "time": 106750
      },
      {
        "key": "1Key3",
        "time": 106750
      },
      {
        "key": "1Key7",
        "time": 106750
      },
      {
        "key": "1Key0",
        "time": 107200
      },
      {
        "key": "1Key3",
        "time": 107200
      },
      {
        "key": "1Key7",
        "time": 107200
      },
      {
        "key": "1Key0",
        "time": 107650
      },
      {
        "key": "1Key3",
        "time": 107650
      },
      {
        "key": "1Key7",
        "time": 107650
      },
      {
        "key": "1Key12",
        "time": 107650
      },
      {
        "key": "1Key13",
        "time": 107950
      },
      {
        "key": "1Key1",
        "time": 108100
      },
      {
        "key": "1Key3",
        "time": 108100
      },
      {
        "key": "1Key12",
        "time": 108250
      },
      {
        "key": "1Key2",
        "time": 108550
      },
      {
        "key": "1Key11",
        "time": 108550
      },
      {
        "key": "1Key9",
        "time": 108850
      },
      {
        "key": "1Key0",
        "time": 109150
      },
      {
        "key": "1Key3",
        "time": 109150
      },
      {
        "key": "1Key8",
        "time": 109450
      },
      {
        "key": "1Key0",
        "time": 109600
      },
      {
        "key": "1Key3",
        "time": 109600
      },
      {
        "key": "1Key0",
        "time": 110050
      },
      {
        "key": "1Key3",
        "time": 110050
      },
      {
        "key": "1Key7",
        "time": 110050
      },
      {
        "key": "1Key0",
        "time": 110500
      },
      {
        "key": "1Key3",
        "time": 110500
      },
      {
        "key": "1Key6",
        "time": 110500
      },
      {
        "key": "1Key2",
        "time": 110950
      },
      {
        "key": "1Key4",
        "time": 110950
      },
      {
        "key": "1Key9",
        "time": 111250
      },
      {
        "key": "1Key0",
        "time": 111550
      },
      {
        "key": "1Key2",
        "time": 111550
      },
      {
        "key": "1Key8",
        "time": 111550
      },
      {
        "key": "1Key0",
        "time": 112000
      },
      {
        "key": "1Key2",
        "time": 112000
      },
      {
        "key": "1Key9",
        "time": 112150
      },
      {
        "key": "1Key0",
        "time": 112450
      },
      {
        "key": "1Key2",
        "time": 112450
      },
      {
        "key": "1Key8",
        "time": 112450
      },
      {
        "key": "1Key1",
        "time": 112900
      },
      {
        "key": "1Key9",
        "time": 113050
      },
      {
        "key": "1Key8",
        "time": 113350
      },
      {
        "key": "1Key8",
        "time": 113650
      },
      {
        "key": "1Key0",
        "time": 113950
      },
      {
        "key": "1Key7",
        "time": 113950
      },
      {
        "key": "1Key0",
        "time": 114400
      },
      {
        "key": "1Key12",
        "time": 114550
      },
      {
        "key": "1Key0",
        "time": 114850
      },
      {
        "key": "1Key11",
        "time": 114850
      },
      {
        "key": "1Key9",
        "time": 115150
      },
      {
        "key": "1Key0",
        "time": 115300
      },
      {
        "key": "1Key4",
        "time": 115300
      },
      {
        "key": "1Key8",
        "time": 115450
      },
      {
        "key": "1Key2",
        "time": 115750
      },
      {
        "key": "1Key7",
        "time": 115750
      },
      {
        "key": "1Key8",
        "time": 116050
      },
      {
        "key": "1Key9",
        "time": 116200
      },
      {
        "key": "1Key0",
        "time": 116350
      },
      {
        "key": "1Key3",
        "time": 116350
      },
      {
        "key": "1Key9",
        "time": 116350
      },
      {
        "key": "1Key0",
        "time": 116800
      },
      {
        "key": "1Key3",
        "time": 116800
      },
      {
        "key": "1Key12",
        "time": 116950
      },
      {
        "key": "1Key0",
        "time": 117250
      },
      {
        "key": "1Key3",
        "time": 117250
      },
      {
        "key": "1Key11",
        "time": 117250
      },
      {
        "key": "1Key9",
        "time": 117550
      },
      {
        "key": "1Key1",
        "time": 117700
      },
      {
        "key": "1Key3",
        "time": 117700
      },
      {
        "key": "1Key8",
        "time": 117850
      },
      {
        "key": "1Key2",
        "time": 118150
      },
      {
        "key": "1Key7",
        "time": 118150
      },
      {
        "key": "1Key8",
        "time": 118450
      },
      {
        "key": "1Key9",
        "time": 118600
      },
      {
        "key": "1Key0",
        "time": 118750
      },
      {
        "key": "1Key3",
        "time": 118750
      },
      {
        "key": "1Key9",
        "time": 118750
      },
      {
        "key": "1Key0",
        "time": 119200
      },
      {
        "key": "1Key3",
        "time": 119200
      },
      {
        "key": "1Key7",
        "time": 119350
      },
      {
        "key": "1Key0",
        "time": 119650
      },
      {
        "key": "1Key3",
        "time": 119650
      },
      {
        "key": "1Key5",
        "time": 119950
      },
      {
        "key": "1Key12",
        "time": 119950
      },
      {
        "key": "1Key0",
        "time": 120100
      },
      {
        "key": "1Key3",
        "time": 120100
      },
      {
        "key": "1Key6",
        "time": 120250
      },
      {
        "key": "1Key13",
        "time": 120250
      },
      {
        "key": "1Key0",
        "time": 120850
      },
      {
        "key": "1Key3",
        "time": 120850
      },
      {
        "key": "1Key5",
        "time": 120850
      },
      {
        "key": "1Key7",
        "time": 120850
      },
      {
        "key": "1Key14",
        "time": 120850
      },
      {
        "key": "1Key12",
        "time": 121450
      },
      {
        "key": "1Key8",
        "time": 122650
      },
      {
        "key": "1Key0",
        "time": 123250
      },
      {
        "key": "1Key2",
        "time": 123250
      },
      {
        "key": "1Key4",
        "time": 123250
      },
      {
        "key": "1Key6",
        "time": 123250
      },
      {
        "key": "1Key13",
        "time": 123250
      },
      {
        "key": "1Key12",
        "time": 123700
      },
      {
        "key": "1Key13",
        "time": 123850
      },
      {
        "key": "1Key12",
        "time": 124000
      },
      {
        "key": "1Key11",
        "time": 124150
      },
      {
        "key": "1Key7",
        "time": 125050
      },
      {
        "key": "1Key14",
        "time": 125050
      },
      {
        "key": "1Key7",
        "time": 125350
      },
      {
        "key": "1Key14",
        "time": 125350
      },
      {
        "key": "1Key1",
        "time": 125650
      },
      {
        "key": "1Key4",
        "time": 125650
      },
      {
        "key": "1Key9",
        "time": 125650
      },
      {
        "key": "1Key8",
        "time": 126850
      },
      {
        "key": "1Key0",
        "time": 128050
      },
      {
        "key": "1Key2",
        "time": 128050
      },
      {
        "key": "1Key7",
        "time": 128050
      },
      {
        "key": "1Key14",
        "time": 128050
      },
      {
        "key": "1Key12",
        "time": 128350
      },
      {
        "key": "1Key1",
        "time": 129250
      },
      {
        "key": "1Key4",
        "time": 129250
      },
      {
        "key": "1Key5",
        "time": 129550
      },
      {
        "key": "1Key12",
        "time": 129550
      },
      {
        "key": "1Key6",
        "time": 129850
      },
      {
        "key": "1Key13",
        "time": 129850
      },
      {
        "key": "1Key0",
        "time": 130450
      },
      {
        "key": "1Key3",
        "time": 130450
      },
      {
        "key": "1Key5",
        "time": 130450
      },
      {
        "key": "1Key7",
        "time": 130450
      },
      {
        "key": "1Key14",
        "time": 130450
      },
      {
        "key": "1Key12",
        "time": 131050
      },
      {
        "key": "1Key8",
        "time": 132250
      },
      {
        "key": "1Key0",
        "time": 132850
      },
      {
        "key": "1Key2",
        "time": 132850
      },
      {
        "key": "1Key4",
        "time": 132850
      },
      {
        "key": "1Key6",
        "time": 132850
      },
      {
        "key": "1Key13",
        "time": 132850
      },
      {
        "key": "1Key12",
        "time": 133300
      },
      {
        "key": "1Key13",
        "time": 133450
      },
      {
        "key": "1Key12",
        "time": 133600
      },
      {
        "key": "1Key11",
        "time": 133750
      },
      {
        "key": "1Key7",
        "time": 134650
      },
      {
        "key": "1Key14",
        "time": 134650
      },
      {
        "key": "1Key7",
        "time": 134950
      },
      {
        "key": "1Key14",
        "time": 134950
      },
      {
        "key": "1Key1",
        "time": 135250
      },
      {
        "key": "1Key4",
        "time": 135250
      },
      {
        "key": "1Key9",
        "time": 135250
      },
      {
        "key": "1Key8",
        "time": 136450
      },
      {
        "key": "1Key14",
        "time": 137650
      },
      {
        "key": "1Key12",
        "time": 137950
      },
      {
        "key": "1Key9",
        "time": 140050
      },
      {
        "key": "1Key0",
        "time": 140350
      },
      {
        "key": "1Key2",
        "time": 140350
      },
      {
        "key": "1Key8",
        "time": 140350
      },
      {
        "key": "1Key0",
        "time": 140950
      },
      {
        "key": "1Key2",
        "time": 140950
      },
      {
        "key": "1Key9",
        "time": 140950
      },
      {
        "key": "1Key8",
        "time": 141250
      },
      {
        "key": "1Key0",
        "time": 141550
      },
      {
        "key": "1Key2",
        "time": 141550
      },
      {
        "key": "1Key9",
        "time": 141850
      },
      {
        "key": "1Key0",
        "time": 142150
      },
      {
        "key": "1Key2",
        "time": 142150
      },
      {
        "key": "1Key8",
        "time": 142150
      },
      {
        "key": "1Key0",
        "time": 142450
      },
      {
        "key": "1Key8",
        "time": 142450
      },
      {
        "key": "1Key2",
        "time": 142750
      },
      {
        "key": "1Key4",
        "time": 142750
      },
      {
        "key": "1Key7",
        "time": 142750
      },
      {
        "key": "1Key0",
        "time": 143050
      },
      {
        "key": "1Key2",
        "time": 143350
      },
      {
        "key": "1Key4",
        "time": 143350
      },
      {
        "key": "1Key12",
        "time": 143350
      },
      {
        "key": "1Key0",
        "time": 143650
      },
      {
        "key": "1Key11",
        "time": 143650
      },
      {
        "key": "1Key2",
        "time": 143950
      },
      {
        "key": "1Key4",
        "time": 143950
      },
      {
        "key": "1Key9",
        "time": 143950
      },
      {
        "key": "1Key0",
        "time": 144250
      },
      {
        "key": "1Key8",
        "time": 144250
      },
      {
        "key": "1Key2",
        "time": 144550
      },
      {
        "key": "1Key4",
        "time": 144550
      },
      {
        "key": "1Key7",
        "time": 144550
      },
      {
        "key": "1Key8",
        "time": 144850
      },
      {
        "key": "1Key9",
        "time": 145000
      },
      {
        "key": "1Key0",
        "time": 145150
      },
      {
        "key": "1Key3",
        "time": 145150
      },
      {
        "key": "1Key9",
        "time": 145150
      },
      {
        "key": "1Key0",
        "time": 145750
      },
      {
        "key": "1Key3",
        "time": 145750
      },
      {
        "key": "1Key12",
        "time": 145750
      },
      {
        "key": "1Key11",
        "time": 146050
      },
      {
        "key": "1Key0",
        "time": 146350
      },
      {
        "key": "1Key3",
        "time": 146350
      },
      {
        "key": "1Key9",
        "time": 146350
      },
      {
        "key": "1Key8",
        "time": 146650
      },
      {
        "key": "1Key0",
        "time": 146950
      },
      {
        "key": "1Key3",
        "time": 146950
      },
      {
        "key": "1Key7",
        "time": 146950
      },
      {
        "key": "1Key8",
        "time": 147250
      },
      {
        "key": "1Key9",
        "time": 147400
      },
      {
        "key": "1Key0",
        "time": 147550
      },
      {
        "key": "1Key3",
        "time": 147550
      },
      {
        "key": "1Key8",
        "time": 147550
      },
      {
        "key": "1Key0",
        "time": 148150
      },
      {
        "key": "1Key3",
        "time": 148150
      },
      {
        "key": "1Key7",
        "time": 148150
      },
      {
        "key": "1Key0",
        "time": 148750
      },
      {
        "key": "1Key3",
        "time": 148750
      },
      {
        "key": "1Key1",
        "time": 149350
      },
      {
        "key": "1Key9",
        "time": 149650
      },
      {
        "key": "1Key0",
        "time": 149950
      },
      {
        "key": "1Key2",
        "time": 149950
      },
      {
        "key": "1Key8",
        "time": 149950
      },
      {
        "key": "1Key0",
        "time": 150550
      },
      {
        "key": "1Key2",
        "time": 150550
      },
      {
        "key": "1Key9",
        "time": 150550
      },
      {
        "key": "1Key8",
        "time": 150850
      },
      {
        "key": "1Key0",
        "time": 151150
      },
      {
        "key": "1Key2",
        "time": 151150
      },
      {
        "key": "1Key9",
        "time": 151450
      },
      {
        "key": "1Key0",
        "time": 151750
      },
      {
        "key": "1Key2",
        "time": 151750
      },
      {
        "key": "1Key8",
        "time": 151750
      },
      {
        "key": "1Key0",
        "time": 152050
      },
      {
        "key": "1Key8",
        "time": 152050
      },
      {
        "key": "1Key2",
        "time": 152350
      },
      {
        "key": "1Key4",
        "time": 152350
      },
      {
        "key": "1Key7",
        "time": 152350
      },
      {
        "key": "1Key0",
        "time": 152650
      },
      {
        "key": "1Key2",
        "time": 152950
      },
      {
        "key": "1Key4",
        "time": 152950
      },
      {
        "key": "1Key12",
        "time": 152950
      },
      {
        "key": "1Key0",
        "time": 153250
      },
      {
        "key": "1Key11",
        "time": 153250
      },
      {
        "key": "1Key2",
        "time": 153550
      },
      {
        "key": "1Key4",
        "time": 153550
      },
      {
        "key": "1Key9",
        "time": 153550
      },
      {
        "key": "1Key0",
        "time": 153850
      },
      {
        "key": "1Key8",
        "time": 153850
      },
      {
        "key": "1Key2",
        "time": 154150
      },
      {
        "key": "1Key4",
        "time": 154150
      },
      {
        "key": "1Key7",
        "time": 154150
      },
      {
        "key": "1Key8",
        "time": 154450
      },
      {
        "key": "1Key9",
        "time": 154600
      },
      {
        "key": "1Key0",
        "time": 154750
      },
      {
        "key": "1Key3",
        "time": 154750
      },
      {
        "key": "1Key9",
        "time": 154750
      },
      {
        "key": "1Key0",
        "time": 155350
      },
      {
        "key": "1Key3",
        "time": 155350
      },
      {
        "key": "1Key12",
        "time": 155350
      },
      {
        "key": "1Key11",
        "time": 155650
      },
      {
        "key": "1Key0",
        "time": 155950
      },
      {
        "key": "1Key3",
        "time": 155950
      },
      {
        "key": "1Key9",
        "time": 155950
      },
      {
        "key": "1Key8",
        "time": 156250
      },
      {
        "key": "1Key0",
        "time": 156550
      },
      {
        "key": "1Key3",
        "time": 156550
      },
      {
        "key": "1Key7",
        "time": 156550
      },
      {
        "key": "1Key8",
        "time": 156850
      },
      {
        "key": "1Key9",
        "time": 157000
      },
      {
        "key": "1Key0",
        "time": 157150
      },
      {
        "key": "1Key3",
        "time": 157150
      },
      {
        "key": "1Key8",
        "time": 157150
      },
      {
        "key": "1Key0",
        "time": 157750
      },
      {
        "key": "1Key3",
        "time": 157750
      },
      {
        "key": "1Key7",
        "time": 157750
      },
      {
        "key": "1Key0",
        "time": 158350
      },
      {
        "key": "1Key3",
        "time": 158350
      },
      {
        "key": "1Key1",
        "time": 158950
      },
      {
        "key": "1Key13",
        "time": 158950
      },
      {
        "key": "1Key12",
        "time": 159250
      },
      {
        "key": "1Key0",
        "time": 159550
      },
      {
        "key": "1Key2",
        "time": 159550
      },
      {
        "key": "1Key11",
        "time": 159550
      },
      {
        "key": "1Key12",
        "time": 159850
      },
      {
        "key": "1Key0",
        "time": 160150
      },
      {
        "key": "1Key2",
        "time": 160150
      },
      {
        "key": "1Key11",
        "time": 160150
      },
      {
        "key": "1Key12",
        "time": 160450
      },
      {
        "key": "1Key0",
        "time": 160750
      },
      {
        "key": "1Key2",
        "time": 160750
      },
      {
        "key": "1Key11",
        "time": 160750
      },
      {
        "key": "1Key1",
        "time": 161350
      },
      {
        "key": "1Key4",
        "time": 161350
      },
      {
        "key": "1Key0",
        "time": 161650
      },
      {
        "key": "1Key2",
        "time": 161950
      },
      {
        "key": "1Key4",
        "time": 161950
      },
      {
        "key": "1Key0",
        "time": 162250
      },
      {
        "key": "1Key2",
        "time": 162550
      },
      {
        "key": "1Key4",
        "time": 162550
      },
      {
        "key": "1Key11",
        "time": 162550
      },
      {
        "key": "1Key0",
        "time": 162850
      },
      {
        "key": "1Key12",
        "time": 162850
      },
      {
        "key": "1Key2",
        "time": 163150
      },
      {
        "key": "1Key4",
        "time": 163150
      },
      {
        "key": "1Key13",
        "time": 163150
      },
      {
        "key": "1Key0",
        "time": 163450
      },
      {
        "key": "1Key12",
        "time": 163450
      },
      {
        "key": "1Key2",
        "time": 163750
      },
      {
        "key": "1Key4",
        "time": 163750
      },
      {
        "key": "1Key11",
        "time": 163750
      },
      {
        "key": "1Key9",
        "time": 164050
      },
      {
        "key": "1Key0",
        "time": 164350
      },
      {
        "key": "1Key3",
        "time": 164350
      },
      {
        "key": "1Key8",
        "time": 164650
      },
      {
        "key": "1Key0",
        "time": 164950
      },
      {
        "key": "1Key3",
        "time": 164950
      },
      {
        "key": "1Key12",
        "time": 165250
      },
      {
        "key": "1Key0",
        "time": 165550
      },
      {
        "key": "1Key3",
        "time": 165550
      },
      {
        "key": "1Key13",
        "time": 165550
      },
      {
        "key": "1Key12",
        "time": 165850
      },
      {
        "key": "1Key0",
        "time": 166150
      },
      {
        "key": "1Key3",
        "time": 166150
      },
      {
        "key": "1Key11",
        "time": 166150
      },
      {
        "key": "1Key9",
        "time": 166450
      },
      {
        "key": "1Key0",
        "time": 166750
      },
      {
        "key": "1Key3",
        "time": 166750
      },
      {
        "key": "1Key8",
        "time": 167050
      },
      {
        "key": "1Key0",
        "time": 167350
      },
      {
        "key": "1Key3",
        "time": 167350
      },
      {
        "key": "1Key7",
        "time": 167650
      },
      {
        "key": "1Key0",
        "time": 167950
      },
      {
        "key": "1Key3",
        "time": 167950
      },
      {
        "key": "1Key1",
        "time": 168550
      },
      {
        "key": "1Key11",
        "time": 168550
      },
      {
        "key": "1Key12",
        "time": 168850
      },
      {
        "key": "1Key0",
        "time": 169150
      },
      {
        "key": "1Key2",
        "time": 169150
      },
      {
        "key": "1Key11",
        "time": 169150
      },
      {
        "key": "1Key12",
        "time": 169450
      },
      {
        "key": "1Key0",
        "time": 169750
      },
      {
        "key": "1Key2",
        "time": 169750
      },
      {
        "key": "1Key11",
        "time": 169750
      },
      {
        "key": "1Key12",
        "time": 170050
      },
      {
        "key": "1Key0",
        "time": 170350
      },
      {
        "key": "1Key2",
        "time": 170350
      },
      {
        "key": "1Key11",
        "time": 170350
      },
      {
        "key": "1Key1",
        "time": 170950
      },
      {
        "key": "1Key4",
        "time": 170950
      },
      {
        "key": "1Key0",
        "time": 171250
      },
      {
        "key": "1Key2",
        "time": 171550
      },
      {
        "key": "1Key4",
        "time": 171550
      },
      {
        "key": "1Key0",
        "time": 171850
      },
      {
        "key": "1Key2",
        "time": 172150
      },
      {
        "key": "1Key4",
        "time": 172150
      },
      {
        "key": "1Key11",
        "time": 172150
      },
      {
        "key": "1Key0",
        "time": 172450
      },
      {
        "key": "1Key12",
        "time": 172450
      },
      {
        "key": "1Key2",
        "time": 172750
      },
      {
        "key": "1Key4",
        "time": 172750
      },
      {
        "key": "1Key13",
        "time": 172750
      },
      {
        "key": "1Key0",
        "time": 173050
      },
      {
        "key": "1Key12",
        "time": 173050
      },
      {
        "key": "1Key2",
        "time": 173350
      },
      {
        "key": "1Key4",
        "time": 173350
      },
      {
        "key": "1Key11",
        "time": 173350
      },
      {
        "key": "1Key9",
        "time": 173650
      },
      {
        "key": "1Key0",
        "time": 173950
      },
      {
        "key": "1Key3",
        "time": 173950
      },
      {
        "key": "1Key8",
        "time": 174250
      },
      {
        "key": "1Key0",
        "time": 174550
      },
      {
        "key": "1Key3",
        "time": 174550
      },
      {
        "key": "1Key12",
        "time": 174850
      },
      {
        "key": "1Key0",
        "time": 175150
      },
      {
        "key": "1Key3",
        "time": 175150
      },
      {
        "key": "1Key13",
        "time": 175150
      },
      {
        "key": "1Key12",
        "time": 175450
      },
      {
        "key": "1Key0",
        "time": 175750
      },
      {
        "key": "1Key3",
        "time": 175750
      },
      {
        "key": "1Key11",
        "time": 175750
      },
      {
        "key": "1Key9",
        "time": 176050
      },
      {
        "key": "1Key0",
        "time": 176350
      },
      {
        "key": "1Key3",
        "time": 176350
      },
      {
        "key": "1Key8",
        "time": 176650
      },
      {
        "key": "1Key0",
        "time": 176950
      },
      {
        "key": "1Key3",
        "time": 176950
      },
      {
        "key": "1Key7",
        "time": 177250
      },
      {
        "key": "1Key0",
        "time": 178750
      },
      {
        "key": "1Key2",
        "time": 178750
      },
      {
        "key": "1Key7",
        "time": 178750
      },
      {
        "key": "1Key0",
        "time": 179200
      },
      {
        "key": "1Key2",
        "time": 179200
      },
      {
        "key": "1Key7",
        "time": 179200
      },
      {
        "key": "1Key0",
        "time": 179650
      },
      {
        "key": "1Key2",
        "time": 179650
      },
      {
        "key": "1Key7",
        "time": 179650
      },
      {
        "key": "1Key1",
        "time": 180100
      },
      {
        "key": "1Key8",
        "time": 180100
      },
      {
        "key": "1Key9",
        "time": 180550
      },
      {
        "key": "1Key0",
        "time": 181150
      },
      {
        "key": "1Key7",
        "time": 181150
      },
      {
        "key": "1Key0",
        "time": 181600
      },
      {
        "key": "1Key7",
        "time": 181600
      },
      {
        "key": "1Key0",
        "time": 182050
      },
      {
        "key": "1Key7",
        "time": 182050
      },
      {
        "key": "1Key0",
        "time": 182500
      },
      {
        "key": "1Key4",
        "time": 182500
      },
      {
        "key": "1Key11",
        "time": 182500
      },
      {
        "key": "1Key2",
        "time": 182950
      },
      {
        "key": "1Key9",
        "time": 182950
      },
      {
        "key": "1Key0",
        "time": 183550
      },
      {
        "key": "1Key3",
        "time": 183550
      },
      {
        "key": "1Key7",
        "time": 183550
      },
      {
        "key": "1Key0",
        "time": 184000
      },
      {
        "key": "1Key3",
        "time": 184000
      },
      {
        "key": "1Key7",
        "time": 184000
      },
      {
        "key": "1Key0",
        "time": 184450
      },
      {
        "key": "1Key3",
        "time": 184450
      },
      {
        "key": "1Key7",
        "time": 184450
      },
      {
        "key": "1Key12",
        "time": 184450
      },
      {
        "key": "1Key13",
        "time": 184750
      },
      {
        "key": "1Key1",
        "time": 184900
      },
      {
        "key": "1Key3",
        "time": 184900
      },
      {
        "key": "1Key12",
        "time": 185050
      },
      {
        "key": "1Key2",
        "time": 185350
      },
      {
        "key": "1Key11",
        "time": 185350
      },
      {
        "key": "1Key9",
        "time": 185650
      },
      {
        "key": "1Key0",
        "time": 185950
      },
      {
        "key": "1Key3",
        "time": 185950
      },
      {
        "key": "1Key8",
        "time": 186250
      },
      {
        "key": "1Key0",
        "time": 186400
      },
      {
        "key": "1Key3",
        "time": 186400
      },
      {
        "key": "1Key0",
        "time": 186850
      },
      {
        "key": "1Key3",
        "time": 186850
      },
      {
        "key": "1Key7",
        "time": 186850
      },
      {
        "key": "1Key0",
        "time": 187300
      },
      {
        "key": "1Key3",
        "time": 187300
      },
      {
        "key": "1Key6",
        "time": 187300
      },
      {
        "key": "1Key2",
        "time": 187750
      },
      {
        "key": "1Key4",
        "time": 187750
      },
      {
        "key": "1Key9",
        "time": 188050
      },
      {
        "key": "1Key0",
        "time": 188350
      },
      {
        "key": "1Key2",
        "time": 188350
      },
      {
        "key": "1Key8",
        "time": 188350
      },
      {
        "key": "1Key0",
        "time": 188800
      },
      {
        "key": "1Key2",
        "time": 188800
      },
      {
        "key": "1Key9",
        "time": 188950
      },
      {
        "key": "1Key0",
        "time": 189250
      },
      {
        "key": "1Key2",
        "time": 189250
      },
      {
        "key": "1Key8",
        "time": 189250
      },
      {
        "key": "1Key1",
        "time": 189700
      },
      {
        "key": "1Key9",
        "time": 189850
      },
      {
        "key": "1Key8",
        "time": 190150
      },
      {
        "key": "1Key8",
        "time": 190450
      },
      {
        "key": "1Key0",
        "time": 190750
      },
      {
        "key": "1Key7",
        "time": 190750
      },
      {
        "key": "1Key0",
        "time": 191200
      },
      {
        "key": "1Key12",
        "time": 191350
      },
      {
        "key": "1Key0",
        "time": 191650
      },
      {
        "key": "1Key11",
        "time": 191650
      },
      {
        "key": "1Key9",
        "time": 191950
      },
      {
        "key": "1Key0",
        "time": 192100
      },
      {
        "key": "1Key4",
        "time": 192100
      },
      {
        "key": "1Key8",
        "time": 192250
      },
      {
        "key": "1Key2",
        "time": 192550
      },
      {
        "key": "1Key7",
        "time": 192550
      },
      {
        "key": "1Key8",
        "time": 192850
      },
      {
        "key": "1Key9",
        "time": 193000
      },
      {
        "key": "1Key0",
        "time": 193150
      },
      {
        "key": "1Key3",
        "time": 193150
      },
      {
        "key": "1Key9",
        "time": 193150
      },
      {
        "key": "1Key0",
        "time": 193600
      },
      {
        "key": "1Key3",
        "time": 193600
      },
      {
        "key": "1Key12",
        "time": 193750
      },
      {
        "key": "1Key0",
        "time": 194050
      },
      {
        "key": "1Key3",
        "time": 194050
      },
      {
        "key": "1Key11",
        "time": 194050
      },
      {
        "key": "1Key9",
        "time": 194350
      },
      {
        "key": "1Key1",
        "time": 194500
      },
      {
        "key": "1Key3",
        "time": 194500
      },
      {
        "key": "1Key8",
        "time": 194650
      },
      {
        "key": "1Key2",
        "time": 194950
      },
      {
        "key": "1Key7",
        "time": 194950
      },
      {
        "key": "1Key8",
        "time": 195250
      },
      {
        "key": "1Key9",
        "time": 195400
      },
      {
        "key": "1Key0",
        "time": 195550
      },
      {
        "key": "1Key3",
        "time": 195550
      },
      {
        "key": "1Key9",
        "time": 195550
      },
      {
        "key": "1Key0",
        "time": 196000
      },
      {
        "key": "1Key3",
        "time": 196000
      },
      {
        "key": "1Key7",
        "time": 196150
      },
      {
        "key": "1Key0",
        "time": 196450
      },
      {
        "key": "1Key3",
        "time": 196450
      },
      {
        "key": "1Key5",
        "time": 196750
      },
      {
        "key": "1Key12",
        "time": 196750
      },
      {
        "key": "1Key0",
        "time": 196900
      },
      {
        "key": "1Key3",
        "time": 196900
      },
      {
        "key": "1Key6",
        "time": 197050
      },
      {
        "key": "1Key13",
        "time": 197050
      },
      {
        "key": "1Key0",
        "time": 197650
      },
      {
        "key": "1Key2",
        "time": 197650
      },
      {
        "key": "1Key7",
        "time": 197650
      },
      {
        "key": "1Key14",
        "time": 197650
      },
      {
        "key": "1Key12",
        "time": 198250
      },
      {
        "key": "1Key1",
        "time": 199450
      },
      {
        "key": "1Key4",
        "time": 199450
      },
      {
        "key": "1Key8",
        "time": 199450
      },
      {
        "key": "1Key0",
        "time": 200050
      },
      {
        "key": "1Key2",
        "time": 200050
      },
      {
        "key": "1Key4",
        "time": 200050
      },
      {
        "key": "1Key6",
        "time": 200050
      },
      {
        "key": "1Key13",
        "time": 200050
      },
      {
        "key": "1Key12",
        "time": 200500
      },
      {
        "key": "1Key13",
        "time": 200650
      },
      {
        "key": "1Key12",
        "time": 200800
      },
      {
        "key": "1Key11",
        "time": 200950
      },
      {
        "key": "1Key7",
        "time": 201850
      },
      {
        "key": "1Key14",
        "time": 201850
      },
      {
        "key": "1Key7",
        "time": 202150
      },
      {
        "key": "1Key14",
        "time": 202150
      },
      {
        "key": "1Key0",
        "time": 202450
      },
      {
        "key": "1Key3",
        "time": 202450
      },
      {
        "key": "1Key5",
        "time": 202450
      },
      {
        "key": "1Key9",
        "time": 202450
      },
      {
        "key": "1Key8",
        "time": 203650
      },
      {
        "key": "1Key0",
        "time": 204850
      },
      {
        "key": "1Key3",
        "time": 204850
      },
      {
        "key": "1Key5",
        "time": 204850
      },
      {
        "key": "1Key7",
        "time": 204850
      },
      {
        "key": "1Key14",
        "time": 204850
      },
      {
        "key": "1Key12",
        "time": 205150
      }
    ]
  }
]